"Visual Arts and Visual Communications Design","199901","199902","199903","200001","200002","200003","200101","200102","200103","200201","200202","200203","200301","200302","200303","200401","200402","200403","200501","200502","200503","200601","200602","200603","200701","200702","200703","200801","200802","200803","200901","200902","200903","201001","201002","201003","201101","201102","201103","201201","201202","201203","201301","201302","201303","201401","201402","201403","201501","201502","201503","201601","201602","201603","201701","201702","201703","201801","201802","201803","201901","201902","201903","202001","202002","202003","202101","202102","202103","202201","202202","202203","202301","202302","202303","202401","202402","202403","202501","202502","202503","202601"
Requirement:facultyCourses,5,5,5,5,5,5,5,5,5,5,5,5,5,5,5,5,5,5,5,5,5,5,5,5,5,5,5,5,5,5,5,5,5,5,5,5,5,5,5,5,5,5,5,5,5,5,5,5,5,5,5,5,5,5,5,5,5,5,5,5,5,5,5,5,5,5,5,5,5,5,5,5,5,5,5,5,5,5,5,5,5,5
Requirement:credits,124,124,124,124,124,124,124,124,124,124,124,124,124,124,124,124,124,124,124,124,124,124,124,124,124,124,124,124,124,124,124,124,124,124,124,124,124,124,124,124,124,124,127,127,127,127,127,127,127,127,127,127,127,127,125,125,125,125,125,125,125,125,125,125,125,125,125,125,125,125,125,125,125,125,125,125,125,125,125,125,125,125
Requirement:ECTS,240,240,240,240,240,240,240,240,240,240,240,240,240,240,240,240,240,240,240,240,240,240,240,240,240,240,240,240,240,240,240,240,240,240,240,240,240,240,240,240,240,240,240,240,240,240,240,240,240,240,240,240,240,240,240,240,240,240,240,240,240,240,240,240,240,240,240,240,240,240,240,240,240,240,240,240,240,240,240,240,240,240
CIP 101,D1st Year Foundation,D1st Year Foundation,D1st Year Foundation,D1st Year Foundation,D1st Year Foundation,D1st Year Foundation,D1st Year Foundation,D1st Year Foundation,D1st Year Foundation,D1st Year Foundation,D1st Year Foundation,D1st Year Foundation,D1st Year Foundation,D1st Year Foundation,D1st Year Foundation,D1st Year Foundation,D1st Year Foundation,D1st Year Foundation,D1st Year Foundation,D1st Year Foundation,D1st Year Foundation,D1st Year Foundation,D1st Year Foundation,D1st Year Foundation,D1st Year Foundation,D1st Year Foundation,D1st Year Foundation,D1st Year Foundation,D1st Year Foundation,D1st Year Foundation,D1st Year Foundation,D1st Year Foundation,D1st Year Foundation,D1st Year Foundation,D1st Year Foundation,D1st Year Foundation,D1st Year Foundation,D1st Year Foundation,D1st Year Foundation,D1st Year Foundation,D1st Year Foundation,D1st Year Foundation,D1st Year Foundation,D1st Year Foundation,D1st Year Foundation,D1st Year Foundation,D1st Year Foundation,D1st Year Foundation,D1st Year Foundation,D1st Year Foundation,D1st Year Foundation,D1st Year Foundation,D1st Year Foundation,D1st Year Foundation,,,,,,,,,,,,,,,,,,,,,,,,,,,,
ENG 101,D1st Year Foundation,D1st Year Foundation,D1st Year Foundation,D1st Year Foundation,D1st Year Foundation,D1st Year Foundation,D1st Year Foundation,D1st Year Foundation,D1st Year Foundation,D1st Year Foundation,D1st Year Foundation,D1st Year Foundation,D1st Year Foundation,D1st Year Foundation,D1st Year Foundation,D1st Year Foundation,D1st Year Foundation,D1st Year Foundation,D1st Year Foundation,D1st Year Foundation,D1st Year Foundation,D1st Year Foundation,D1st Year Foundation,D1st Year Foundation,D1st Year Foundation,D1st Year Foundation,D1st Year Foundation,D1st Year Foundation,D1st Year Foundation,D1st Year Foundation,D1st Year Foundation,D1st Year Foundation,D1st Year Foundation,D1st Year Foundation,D1st Year Foundation,D1st Year Foundation,D1st Year Foundation,D1st Year Foundation,D1st Year Foundation,D1st Year Foundation,D1st Year Foundation,D1st Year Foundation,D1st Year Foundation,D1st Year Foundation,D1st Year Foundation,D1st Year Foundation,D1st Year Foundation,D1st Year Foundation,D1st Year Foundation,D1st Year Foundation,D1st Year Foundation,D1st Year Foundation,D1st Year Foundation,D1st Year Foundation,,,,,,,,,,,,,,,,,,,,,,,,,,,,
MATH 101,D1st Year Foundation,D1st Year Foundation,D1st Year Foundation,D1st Year Foundation,D1st Year Foundation,D1st Year Foundation,D1st Year Foundation,D1st Year Foundation,D1st Year Foundation,D1st Year Foundation,D1st Year Foundation,D1st Year Foundation,D1st Year Foundation,D1st Year Foundation,D1st Year Foundation,D1st Year Foundation,D1st Year Foundation,D1st Year Foundation,D1st Year Foundation,D1st Year Foundation,D1st Year Foundation,D1st Year Foundation,D1st Year Foundation,D1st Year Foundation,D1st Year Foundation,D1st Year Foundation,D1st Year Foundation,D1st Year Foundation,D1st Year Foundation,D1st Year Foundation,D1st Year Foundation,D1st Year Foundation,D1st Year Foundation,D1st Year Foundation,D1st Year Foundation,D1st Year Foundation,D1st Year Foundation,D1st Year Foundation,D1st Year Foundation,D1st Year Foundation,D1st Year Foundation,D1st Year Foundation,D1st Year Foundation,D1st Year Foundation,D1st Year Foundation,D1st Year Foundation,D1st Year Foundation,D1st Year Foundation,D1st Year Foundation,D1st Year Foundation,D1st Year Foundation,D1st Year Foundation,D1st Year Foundation,D1st Year Foundation,D1st Year Foundation,D1st Year Foundation,D1st Year Foundation,D1st Year Foundation,D1st Year Foundation,D1st Year Foundation,D1st Year Foundation,D1st Year Foundation,D1st Year Foundation,D1st Year Foundation,D1st Year Foundation,D1st Year Foundation,D1st Year Foundation,D1st Year Foundation,D1st Year Foundation,D1st Year Foundation,D1st Year Foundation,D1st Year Foundation,D1st Year Foundation,D1st Year Foundation,D1st Year Foundation,D1st Year Foundation,D1st Year Foundation,D1st Year Foundation,D1st Year Foundation,D1st Year Foundation,D1st Year Foundation,D1st Year Foundation
NS 101,D1st Year Foundation,D1st Year Foundation,D1st Year Foundation,D1st Year Foundation,D1st Year Foundation,D1st Year Foundation,D1st Year Foundation,D1st Year Foundation,D1st Year Foundation,D1st Year Foundation,D1st Year Foundation,D1st Year Foundation,D1st Year Foundation,D1st Year Foundation,D1st Year Foundation,D1st Year Foundation,D1st Year Foundation,D1st Year Foundation,D1st Year Foundation,D1st Year Foundation,D1st Year Foundation,D1st Year Foundation,D1st Year Foundation,D1st Year Foundation,D1st Year Foundation,D1st Year Foundation,D1st Year Foundation,D1st Year Foundation,D1st Year Foundation,D1st Year Foundation,D1st Year Foundation,D1st Year Foundation,D1st Year Foundation,D1st Year Foundation,D1st Year Foundation,D1st Year Foundation,D1st Year Foundation,D1st Year Foundation,D1st Year Foundation,D1st Year Foundation,D1st Year Foundation,D1st Year Foundation,D1st Year Foundation,D1st Year Foundation,D1st Year Foundation,D1st Year Foundation,D1st Year Foundation,D1st Year Foundation,D1st Year Foundation,D1st Year Foundation,D1st Year Foundation,D1st Year Foundation,D1st Year Foundation,D1st Year Foundation,D1st Year Foundation,D1st Year Foundation,D1st Year Foundation,D1st Year Foundation,D1st Year Foundation,D1st Year Foundation,D1st Year Foundation,D1st Year Foundation,D1st Year Foundation,D1st Year Foundation,D1st Year Foundation,D1st Year Foundation,D1st Year Foundation,D1st Year Foundation,D1st Year Foundation,D1st Year Foundation,D1st Year Foundation,D1st Year Foundation,D1st Year Foundation,D1st Year Foundation,D1st Year Foundation,D1st Year Foundation,D1st Year Foundation,D1st Year Foundation,D1st Year Foundation,D1st Year Foundation,D1st Year Foundation,D1st Year Foundation
SPS 101,D1st Year Foundation,D1st Year Foundation,D1st Year Foundation,D1st Year Foundation,D1st Year Foundation,D1st Year Foundation,D1st Year Foundation,D1st Year Foundation,D1st Year Foundation,D1st Year Foundation,D1st Year Foundation,D1st Year Foundation,D1st Year Foundation,D1st Year Foundation,D1st Year Foundation,D1st Year Foundation,D1st Year Foundation,D1st Year Foundation,D1st Year Foundation,D1st Year Foundation,D1st Year Foundation,D1st Year Foundation,D1st Year Foundation,D1st Year Foundation,D1st Year Foundation,D1st Year Foundation,D1st Year Foundation,D1st Year Foundation,D1st Year Foundation,D1st Year Foundation,D1st Year Foundation,D1st Year Foundation,D1st Year Foundation,D1st Year Foundation,D1st Year Foundation,D1st Year Foundation,D1st Year Foundation,D1st Year Foundation,D1st Year Foundation,D1st Year Foundation,D1st Year Foundation,D1st Year Foundation,D1st Year Foundation,D1st Year Foundation,D1st Year Foundation,D1st Year Foundation,D1st Year Foundation,D1st Year Foundation,D1st Year Foundation,D1st Year Foundation,D1st Year Foundation,D1st Year Foundation,D1st Year Foundation,D1st Year Foundation,D1st Year Foundation,D1st Year Foundation,D1st Year Foundation,D1st Year Foundation,D1st Year Foundation,D1st Year Foundation,D1st Year Foundation,D1st Year Foundation,D1st Year Foundation,D1st Year Foundation,D1st Year Foundation,D1st Year Foundation,D1st Year Foundation,D1st Year Foundation,D1st Year Foundation,D1st Year Foundation,D1st Year Foundation,D1st Year Foundation,D1st Year Foundation,D1st Year Foundation,D1st Year Foundation,D1st Year Foundation,D1st Year Foundation,D1st Year Foundation,D1st Year Foundation,D1st Year Foundation,D1st Year Foundation,D1st Year Foundation
TLL 101,D1st Year Foundation,D1st Year Foundation,D1st Year Foundation,D1st Year Foundation,D1st Year Foundation,D1st Year Foundation,D1st Year Foundation,D1st Year Foundation,D1st Year Foundation,D1st Year Foundation,D1st Year Foundation,D1st Year Foundation,D1st Year Foundation,D1st Year Foundation,D1st Year Foundation,D1st Year Foundation,D1st Year Foundation,D1st Year Foundation,D1st Year Foundation,D1st Year Foundation,D1st Year Foundation,D1st Year Foundation,D1st Year Foundation,D1st Year Foundation,D1st Year Foundation,D1st Year Foundation,D1st Year Foundation,D1st Year Foundation,D1st Year Foundation,D1st Year Foundation,D1st Year Foundation,D1st Year Foundation,D1st Year Foundation,D1st Year Foundation,D1st Year Foundation,D1st Year Foundation,D1st Year Foundation,D1st Year Foundation,D1st Year Foundation,D1st Year Foundation,D1st Year Foundation,D1st Year Foundation,D1st Year Foundation,D1st Year Foundation,D1st Year Foundation,D1st Year Foundation,D1st Year Foundation,D1st Year Foundation,D1st Year Foundation,D1st Year Foundation,D1st Year Foundation,D1st Year Foundation,D1st Year Foundation,D1st Year Foundation,D1st Year Foundation,D1st Year Foundation,D1st Year Foundation,D1st Year Foundation,D1st Year Foundation,D1st Year Foundation,D1st Year Foundation,D1st Year Foundation,D1st Year Foundation,D1st Year Foundation,D1st Year Foundation,D1st Year Foundation,D1st Year Foundation,D1st Year Foundation,D1st Year Foundation,D1st Year Foundation,D1st Year Foundation,D1st Year Foundation,D1st Year Foundation,D1st Year Foundation,D1st Year Foundation,D1st Year Foundation,D1st Year Foundation,D1st Year Foundation,D1st Year Foundation,D1st Year Foundation,D1st Year Foundation,D1st Year Foundation
ENG 102,D1st Year Foundation,D1st Year Foundation,D1st Year Foundation,D1st Year Foundation,D1st Year Foundation,D1st Year Foundation,D1st Year Foundation,D1st Year Foundation,D1st Year Foundation,D1st Year Foundation,D1st Year Foundation,D1st Year Foundation,D1st Year Foundation,D1st Year Foundation,D1st Year Foundation,D1st Year Foundation,D1st Year Foundation,D1st Year Foundation,D1st Year Foundation,D1st Year Foundation,D1st Year Foundation,D1st Year Foundation,D1st Year Foundation,D1st Year Foundation,D1st Year Foundation,D1st Year Foundation,D1st Year Foundation,D1st Year Foundation,D1st Year Foundation,D1st Year Foundation,D1st Year Foundation,D1st Year Foundation,D1st Year Foundation,D1st Year Foundation,D1st Year Foundation,D1st Year Foundation,D1st Year Foundation,D1st Year Foundation,D1st Year Foundation,D1st Year Foundation,D1st Year Foundation,D1st Year Foundation,D1st Year Foundation,D1st Year Foundation,D1st Year Foundation,D1st Year Foundation,D1st Year Foundation,D1st Year Foundation,D1st Year Foundation,D1st Year Foundation,D1st Year Foundation,D1st Year Foundation,D1st Year Foundation,D1st Year Foundation,,,,,,,,,,,,,,,,,,,,,,,,,,,,
MATH 102,D1st Year Foundation,D1st Year Foundation,D1st Year Foundation,D1st Year Foundation,D1st Year Foundation,D1st Year Foundation,D1st Year Foundation,D1st Year Foundation,D1st Year Foundation,D1st Year Foundation,D1st Year Foundation,D1st Year Foundation,D1st Year Foundation,D1st Year Foundation,D1st Year Foundation,D1st Year Foundation,D1st Year Foundation,D1st Year Foundation,D1st Year Foundation,D1st Year Foundation,D1st Year Foundation,D1st Year Foundation,D1st Year Foundation,D1st Year Foundation,D1st Year Foundation,D1st Year Foundation,D1st Year Foundation,D1st Year Foundation,D1st Year Foundation,D1st Year Foundation,D1st Year Foundation,D1st Year Foundation,D1st Year Foundation,D1st Year Foundation,D1st Year Foundation,D1st Year Foundation,D1st Year Foundation,D1st Year Foundation,D1st Year Foundation,D1st Year Foundation,D1st Year Foundation,D1st Year Foundation,D1st Year Foundation,D1st Year Foundation,D1st Year Foundation,D1st Year Foundation,D1st Year Foundation,D1st Year Foundation,D1st Year Foundation,D1st Year Foundation,D1st Year Foundation,D1st Year Foundation,D1st Year Foundation,D1st Year Foundation,D1st Year Foundation,D1st Year Foundation,D1st Year Foundation,D1st Year Foundation,D1st Year Foundation,D1st Year Foundation,D1st Year Foundation,D1st Year Foundation,D1st Year Foundation,D1st Year Foundation,D1st Year Foundation,D1st Year Foundation,D1st Year Foundation,D1st Year Foundation,D1st Year Foundation,D1st Year Foundation,D1st Year Foundation,D1st Year Foundation,D1st Year Foundation,D1st Year Foundation,D1st Year Foundation,D1st Year Foundation,D1st Year Foundation,D1st Year Foundation,D1st Year Foundation,D1st Year Foundation,D1st Year Foundation,D1st Year Foundation
NS 102,D1st Year Foundation,D1st Year Foundation,D1st Year Foundation,D1st Year Foundation,D1st Year Foundation,D1st Year Foundation,D1st Year Foundation,D1st Year Foundation,D1st Year Foundation,D1st Year Foundation,D1st Year Foundation,D1st Year Foundation,D1st Year Foundation,D1st Year Foundation,D1st Year Foundation,D1st Year Foundation,D1st Year Foundation,D1st Year Foundation,D1st Year Foundation,D1st Year Foundation,D1st Year Foundation,D1st Year Foundation,D1st Year Foundation,D1st Year Foundation,D1st Year Foundation,D1st Year Foundation,D1st Year Foundation,D1st Year Foundation,D1st Year Foundation,D1st Year Foundation,D1st Year Foundation,D1st Year Foundation,D1st Year Foundation,D1st Year Foundation,D1st Year Foundation,D1st Year Foundation,D1st Year Foundation,D1st Year Foundation,D1st Year Foundation,D1st Year Foundation,D1st Year Foundation,D1st Year Foundation,D1st Year Foundation,D1st Year Foundation,D1st Year Foundation,D1st Year Foundation,D1st Year Foundation,D1st Year Foundation,D1st Year Foundation,D1st Year Foundation,D1st Year Foundation,D1st Year Foundation,D1st Year Foundation,D1st Year Foundation,D1st Year Foundation,D1st Year Foundation,D1st Year Foundation,D1st Year Foundation,D1st Year Foundation,D1st Year Foundation,D1st Year Foundation,D1st Year Foundation,D1st Year Foundation,D1st Year Foundation,D1st Year Foundation,D1st Year Foundation,D1st Year Foundation,D1st Year Foundation,D1st Year Foundation,D1st Year Foundation,D1st Year Foundation,D1st Year Foundation,D1st Year Foundation,D1st Year Foundation,D1st Year Foundation,D1st Year Foundation,D1st Year Foundation,D1st Year Foundation,D1st Year Foundation,D1st Year Foundation,D1st Year Foundation,D1st Year Foundation
SPS 102,D1st Year Foundation,D1st Year Foundation,D1st Year Foundation,D1st Year Foundation,D1st Year Foundation,D1st Year Foundation,D1st Year Foundation,D1st Year Foundation,D1st Year Foundation,D1st Year Foundation,D1st Year Foundation,D1st Year Foundation,D1st Year Foundation,D1st Year Foundation,D1st Year Foundation,D1st Year Foundation,D1st Year Foundation,D1st Year Foundation,D1st Year Foundation,D1st Year Foundation,D1st Year Foundation,D1st Year Foundation,D1st Year Foundation,D1st Year Foundation,D1st Year Foundation,D1st Year Foundation,D1st Year Foundation,D1st Year Foundation,D1st Year Foundation,D1st Year Foundation,D1st Year Foundation,D1st Year Foundation,D1st Year Foundation,D1st Year Foundation,D1st Year Foundation,D1st Year Foundation,D1st Year Foundation,D1st Year Foundation,D1st Year Foundation,D1st Year Foundation,D1st Year Foundation,D1st Year Foundation,D1st Year Foundation,D1st Year Foundation,D1st Year Foundation,D1st Year Foundation,D1st Year Foundation,D1st Year Foundation,D1st Year Foundation,D1st Year Foundation,D1st Year Foundation,D1st Year Foundation,D1st Year Foundation,D1st Year Foundation,D1st Year Foundation,D1st Year Foundation,D1st Year Foundation,D1st Year Foundation,D1st Year Foundation,D1st Year Foundation,D1st Year Foundation,D1st Year Foundation,D1st Year Foundation,D1st Year Foundation,D1st Year Foundation,D1st Year Foundation,D1st Year Foundation,D1st Year Foundation,D1st Year Foundation,D1st Year Foundation,D1st Year Foundation,D1st Year Foundation,D1st Year Foundation,D1st Year Foundation,D1st Year Foundation,D1st Year Foundation,D1st Year Foundation,D1st Year Foundation,D1st Year Foundation,D1st Year Foundation,D1st Year Foundation,D1st Year Foundation
TLL 102,D1st Year Foundation,D1st Year Foundation,D1st Year Foundation,D1st Year Foundation,D1st Year Foundation,D1st Year Foundation,D1st Year Foundation,D1st Year Foundation,D1st Year Foundation,D1st Year Foundation,D1st Year Foundation,D1st Year Foundation,D1st Year Foundation,D1st Year Foundation,D1st Year Foundation,D1st Year Foundation,D1st Year Foundation,D1st Year Foundation,D1st Year Foundation,D1st Year Foundation,D1st Year Foundation,D1st Year Foundation,D1st Year Foundation,D1st Year Foundation,D1st Year Foundation,D1st Year Foundation,D1st Year Foundation,D1st Year Foundation,D1st Year Foundation,D1st Year Foundation,D1st Year Foundation,D1st Year Foundation,D1st Year Foundation,D1st Year Foundation,D1st Year Foundation,D1st Year Foundation,D1st Year Foundation,D1st Year Foundation,D1st Year Foundation,D1st Year Foundation,D1st Year Foundation,D1st Year Foundation,D1st Year Foundation,D1st Year Foundation,D1st Year Foundation,D1st Year Foundation,D1st Year Foundation,D1st Year Foundation,D1st Year Foundation,D1st Year Foundation,D1st Year Foundation,D1st Year Foundation,D1st Year Foundation,D1st Year Foundation,D1st Year Foundation,D1st Year Foundation,D1st Year Foundation,D1st Year Foundation,D1st Year Foundation,D1st Year Foundation,D1st Year Foundation,D1st Year Foundation,D1st Year Foundation,D1st Year Foundation,D1st Year Foundation,D1st Year Foundation,D1st Year Foundation,D1st Year Foundation,D1st Year Foundation,D1st Year Foundation,D1st Year Foundation,D1st Year Foundation,D1st Year Foundation,D1st Year Foundation,D1st Year Foundation,D1st Year Foundation,D1st Year Foundation,D1st Year Foundation,D1st Year Foundation,D1st Year Foundation,D1st Year Foundation,D1st Year Foundation
HIST 191,D1st Year Foundation,D1st Year Foundation,D1st Year Foundation,D1st Year Foundation,D1st Year Foundation,D1st Year Foundation,D1st Year Foundation,D1st Year Foundation,D1st Year Foundation,D1st Year Foundation,D1st Year Foundation,D1st Year Foundation,D1st Year Foundation,D1st Year Foundation,D1st Year Foundation,D1st Year Foundation,D1st Year Foundation,D1st Year Foundation,D1st Year Foundation,D1st Year Foundation,D1st Year Foundation,D1st Year Foundation,D1st Year Foundation,D1st Year Foundation,D1st Year Foundation,D1st Year Foundation,D1st Year Foundation,D1st Year Foundation,D1st Year Foundation,D1st Year Foundation,D1st Year Foundation,D1st Year Foundation,D1st Year Foundation,D1st Year Foundation,D1st Year Foundation,D1st Year Foundation,D1st Year Foundation,D1st Year Foundation,D1st Year Foundation,D1st Year Foundation,D1st Year Foundation,D1st Year Foundation,D1st Year Foundation,D1st Year Foundation,D1st Year Foundation,D1st Year Foundation,D1st Year Foundation,D1st Year Foundation,D1st Year Foundation,D1st Year Foundation,D1st Year Foundation,D1st Year Foundation,D1st Year Foundation,D1st Year Foundation,D1st Year Foundation,D1st Year Foundation,D1st Year Foundation,D1st Year Foundation,D1st Year Foundation,D1st Year Foundation,D1st Year Foundation,D1st Year Foundation,D1st Year Foundation,D1st Year Foundation,D1st Year Foundation,D1st Year Foundation,D1st Year Foundation,D1st Year Foundation,D1st Year Foundation,D1st Year Foundation,D1st Year Foundation,D1st Year Foundation,D1st Year Foundation,D1st Year Foundation,D1st Year Foundation,D1st Year Foundation,D1st Year Foundation,D1st Year Foundation,D1st Year Foundation,D1st Year Foundation,D1st Year Foundation,D1st Year Foundation
HIST 192,D1st Year Foundation,D1st Year Foundation,D1st Year Foundation,D1st Year Foundation,D1st Year Foundation,D1st Year Foundation,D1st Year Foundation,D1st Year Foundation,D1st Year Foundation,D1st Year Foundation,D1st Year Foundation,D1st Year Foundation,D1st Year Foundation,D1st Year Foundation,D1st Year Foundation,D1st Year Foundation,D1st Year Foundation,D1st Year Foundation,D1st Year Foundation,D1st Year Foundation,D1st Year Foundation,D1st Year Foundation,D1st Year Foundation,D1st Year Foundation,D1st Year Foundation,D1st Year Foundation,D1st Year Foundation,D1st Year Foundation,D1st Year Foundation,D1st Year Foundation,D1st Year Foundation,D1st Year Foundation,D1st Year Foundation,D1st Year Foundation,D1st Year Foundation,D1st Year Foundation,D1st Year Foundation,D1st Year Foundation,D1st Year Foundation,D1st Year Foundation,D1st Year Foundation,D1st Year Foundation,D1st Year Foundation,D1st Year Foundation,D1st Year Foundation,D1st Year Foundation,D1st Year Foundation,D1st Year Foundation,D1st Year Foundation,D1st Year Foundation,D1st Year Foundation,D1st Year Foundation,D1st Year Foundation,D1st Year Foundation,D1st Year Foundation,D1st Year Foundation,D1st Year Foundation,D1st Year Foundation,D1st Year Foundation,D1st Year Foundation,D1st Year Foundation,D1st Year Foundation,D1st Year Foundation,D1st Year Foundation,D1st Year Foundation,D1st Year Foundation,D1st Year Foundation,D1st Year Foundation,D1st Year Foundation,D1st Year Foundation,D1st Year Foundation,D1st Year Foundation,D1st Year Foundation,D1st Year Foundation,D1st Year Foundation,D1st Year Foundation,D1st Year Foundation,D1st Year Foundation,D1st Year Foundation,D1st Year Foundation,D1st Year Foundation,D1st Year Foundation
HUM 201,D1st Year Foundation,D1st Year Foundation,D1st Year Foundation,D1st Year Foundation,D1st Year Foundation,D1st Year Foundation,D1st Year Foundation,D1st Year Foundation,D1st Year Foundation,D1st Year Foundation,D1st Year Foundation,D1st Year Foundation,D1st Year Foundation,D1st Year Foundation,D1st Year Foundation,D1st Year Foundation,D1st Year Foundation,D1st Year Foundation,D1st Year Foundation,D1st Year Foundation,D1st Year Foundation,D1st Year Foundation,D1st Year Foundation,D1st Year Foundation,D1st Year Foundation,D1st Year Foundation,D1st Year Foundation,D1st Year Foundation,D1st Year Foundation,D1st Year Foundation,D1st Year Foundation,D1st Year Foundation,D1st Year Foundation,D1st Year Foundation,D1st Year Foundation,D1st Year Foundation,D1st Year Foundation,D1st Year Foundation,D1st Year Foundation,D1st Year Foundation,D1st Year Foundation,D1st Year Foundation,D1st Year Foundation,D1st Year Foundation,D1st Year Foundation,D1st Year Foundation,D1st Year Foundation,D1st Year Foundation,D1st Year Foundation,D1st Year Foundation,D1st Year Foundation,D1st Year Foundation,D1st Year Foundation,D1st Year Foundation,D1st Year Foundation,D1st Year Foundation,D1st Year Foundation,D1st Year Foundation,D1st Year Foundation,D1st Year Foundation,D1st Year Foundation,D1st Year Foundation,D1st Year Foundation,D1st Year Foundation,D1st Year Foundation,D1st Year Foundation,D1st Year Foundation,D1st Year Foundation,D1st Year Foundation,D1st Year Foundation,D1st Year Foundation,D1st Year Foundation,D1st Year Foundation,D1st Year Foundation,D1st Year Foundation,D1st Year Foundation,D1st Year Foundation,D1st Year Foundation,D1st Year Foundation,D1st Year Foundation,D1st Year Foundation,D1st Year Foundation
HUM 202,D1st Year Foundation,D1st Year Foundation,D1st Year Foundation,D1st Year Foundation,D1st Year Foundation,D1st Year Foundation,D1st Year Foundation,D1st Year Foundation,D1st Year Foundation,D1st Year Foundation,D1st Year Foundation,D1st Year Foundation,D1st Year Foundation,D1st Year Foundation,D1st Year Foundation,D1st Year Foundation,D1st Year Foundation,D1st Year Foundation,D1st Year Foundation,D1st Year Foundation,D1st Year Foundation,D1st Year Foundation,D1st Year Foundation,D1st Year Foundation,D1st Year Foundation,D1st Year Foundation,D1st Year Foundation,D1st Year Foundation,D1st Year Foundation,D1st Year Foundation,D1st Year Foundation,D1st Year Foundation,D1st Year Foundation,D1st Year Foundation,D1st Year Foundation,D1st Year Foundation,D1st Year Foundation,D1st Year Foundation,D1st Year Foundation,D1st Year Foundation,D1st Year Foundation,D1st Year Foundation,D1st Year Foundation,D1st Year Foundation,D1st Year Foundation,D1st Year Foundation,D1st Year Foundation,D1st Year Foundation,D1st Year Foundation,D1st Year Foundation,D1st Year Foundation,D1st Year Foundation,D1st Year Foundation,D1st Year Foundation,D1st Year Foundation,D1st Year Foundation,D1st Year Foundation,D1st Year Foundation,D1st Year Foundation,D1st Year Foundation,D1st Year Foundation,D1st Year Foundation,D1st Year Foundation,D1st Year Foundation,D1st Year Foundation,D1st Year Foundation,D1st Year Foundation,D1st Year Foundation,D1st Year Foundation,D1st Year Foundation,D1st Year Foundation,D1st Year Foundation,D1st Year Foundation,D1st Year Foundation,D1st Year Foundation,D1st Year Foundation,D1st Year Foundation,D1st Year Foundation,D1st Year Foundation,D1st Year Foundation,D1st Year Foundation,D1st Year Foundation
HUM 203,D1st Year Foundation,D1st Year Foundation,D1st Year Foundation,D1st Year Foundation,D1st Year Foundation,D1st Year Foundation,D1st Year Foundation,D1st Year Foundation,D1st Year Foundation,D1st Year Foundation,D1st Year Foundation,D1st Year Foundation,D1st Year Foundation,D1st Year Foundation,D1st Year Foundation,D1st Year Foundation,D1st Year Foundation,D1st Year Foundation,D1st Year Foundation,D1st Year Foundation,D1st Year Foundation,D1st Year Foundation,D1st Year Foundation,D1st Year Foundation,D1st Year Foundation,D1st Year Foundation,D1st Year Foundation,D1st Year Foundation,D1st Year Foundation,D1st Year Foundation,D1st Year Foundation,D1st Year Foundation,D1st Year Foundation,D1st Year Foundation,D1st Year Foundation,D1st Year Foundation,D1st Year Foundation,D1st Year Foundation,D1st Year Foundation,D1st Year Foundation,D1st Year Foundation,D1st Year Foundation,D1st Year Foundation,D1st Year Foundation,D1st Year Foundation,D1st Year Foundation,D1st Year Foundation,D1st Year Foundation,D1st Year Foundation,D1st Year Foundation,D1st Year Foundation,D1st Year Foundation,D1st Year Foundation,D1st Year Foundation,D1st Year Foundation,D1st Year Foundation,D1st Year Foundation,D1st Year Foundation,D1st Year Foundation,D1st Year Foundation,D1st Year Foundation,D1st Year Foundation,D1st Year Foundation,,,,,,,,,,,,,,,,,,,
HUM 204,D1st Year Foundation,D1st Year Foundation,D1st Year Foundation,D1st Year Foundation,D1st Year Foundation,D1st Year Foundation,D1st Year Foundation,D1st Year Foundation,D1st Year Foundation,D1st Year Foundation,D1st Year Foundation,D1st Year Foundation,D1st Year Foundation,D1st Year Foundation,D1st Year Foundation,D1st Year Foundation,D1st Year Foundation,D1st Year Foundation,D1st Year Foundation,D1st Year Foundation,D1st Year Foundation,D1st Year Foundation,D1st Year Foundation,D1st Year Foundation,D1st Year Foundation,D1st Year Foundation,D1st Year Foundation,D1st Year Foundation,D1st Year Foundation,D1st Year Foundation,D1st Year Foundation,D1st Year Foundation,D1st Year Foundation,D1st Year Foundation,D1st Year Foundation,D1st Year Foundation,D1st Year Foundation,D1st Year Foundation,D1st Year Foundation,D1st Year Foundation,D1st Year Foundation,D1st Year Foundation,D1st Year Foundation,D1st Year Foundation,D1st Year Foundation,D1st Year Foundation,D1st Year Foundation,D1st Year Foundation,D1st Year Foundation,D1st Year Foundation,D1st Year Foundation,D1st Year Foundation,D1st Year Foundation,D1st Year Foundation,D1st Year Foundation,D1st Year Foundation,D1st Year Foundation,D1st Year Foundation,D1st Year Foundation,D1st Year Foundation,D1st Year Foundation,D1st Year Foundation,D1st Year Foundation,,,,,,,,,,,,,,,,,,,
HUM 205,D1st Year Foundation,D1st Year Foundation,D1st Year Foundation,D1st Year Foundation,D1st Year Foundation,D1st Year Foundation,D1st Year Foundation,D1st Year Foundation,D1st Year Foundation,D1st Year Foundation,D1st Year Foundation,D1st Year Foundation,D1st Year Foundation,D1st Year Foundation,D1st Year Foundation,D1st Year Foundation,D1st Year Foundation,D1st Year Foundation,D1st Year Foundation,D1st Year Foundation,D1st Year Foundation,D1st Year Foundation,D1st Year Foundation,D1st Year Foundation,D1st Year Foundation,D1st Year Foundation,D1st Year Foundation,D1st Year Foundation,D1st Year Foundation,D1st Year Foundation,D1st Year Foundation,D1st Year Foundation,D1st Year Foundation,D1st Year Foundation,D1st Year Foundation,D1st Year Foundation,D1st Year Foundation,D1st Year Foundation,D1st Year Foundation,D1st Year Foundation,D1st Year Foundation,D1st Year Foundation,D1st Year Foundation,D1st Year Foundation,D1st Year Foundation,,,,,,,,,,,,,,,,,,,,,,,,,,,,,,,,,,,,,
HUM 206,D1st Year Foundation,D1st Year Foundation,D1st Year Foundation,D1st Year Foundation,D1st Year Foundation,D1st Year Foundation,D1st Year Foundation,D1st Year Foundation,D1st Year Foundation,D1st Year Foundation,D1st Year Foundation,D1st Year Foundation,D1st Year Foundation,D1st Year Foundation,D1st Year Foundation,D1st Year Foundation,D1st Year Foundation,D1st Year Foundation,D1st Year Foundation,D1st Year Foundation,D1st Year Foundation,D1st Year Foundation,D1st Year Foundation,D1st Year Foundation,D1st Year Foundation,D1st Year Foundation,D1st Year Foundation,D1st Year Foundation,D1st Year Foundation,D1st Year Foundation,D1st Year Foundation,D1st Year Foundation,D1st Year Foundation,D1st Year Foundation,D1st Year Foundation,D1st Year Foundation,D1st Year Foundation,D1st Year Foundation,D1st Year Foundation,D1st Year Foundation,D1st Year Foundation,D1st Year Foundation,D1st Year Foundation,D1st Year Foundation,D1st Year Foundation,D1st Year Foundation,D1st Year Foundation,D1st Year Foundation,D1st Year Foundation,D1st Year Foundation,D1st Year Foundation,D1st Year Foundation,D1st Year Foundation,D1st Year Foundation,D1st Year Foundation,D1st Year Foundation,D1st Year Foundation,D1st Year Foundation,D1st Year Foundation,D1st Year Foundation,D1st Year Foundation,D1st Year Foundation,D1st Year Foundation,,,,,,,,,,,,,,,,,,,
HUM 207,D1st Year Foundation,D1st Year Foundation,D1st Year Foundation,D1st Year Foundation,D1st Year Foundation,D1st Year Foundation,D1st Year Foundation,D1st Year Foundation,D1st Year Foundation,D1st Year Foundation,D1st Year Foundation,D1st Year Foundation,D1st Year Foundation,D1st Year Foundation,D1st Year Foundation,D1st Year Foundation,D1st Year Foundation,D1st Year Foundation,D1st Year Foundation,D1st Year Foundation,D1st Year Foundation,D1st Year Foundation,D1st Year Foundation,D1st Year Foundation,D1st Year Foundation,D1st Year Foundation,D1st Year Foundation,D1st Year Foundation,D1st Year Foundation,D1st Year Foundation,D1st Year Foundation,D1st Year Foundation,D1st Year Foundation,D1st Year Foundation,D1st Year Foundation,D1st Year Foundation,D1st Year Foundation,D1st Year Foundation,D1st Year Foundation,D1st Year Foundation,D1st Year Foundation,D1st Year Foundation,D1st Year Foundation,D1st Year Foundation,D1st Year Foundation,D1st Year Foundation,D1st Year Foundation,D1st Year Foundation,D1st Year Foundation,D1st Year Foundation,D1st Year Foundation,D1st Year Foundation,D1st Year Foundation,D1st Year Foundation,D1st Year Foundation,D1st Year Foundation,D1st Year Foundation,D1st Year Foundation,D1st Year Foundation,D1st Year Foundation,D1st Year Foundation,D1st Year Foundation,D1st Year Foundation,D1st Year Foundation,D1st Year Foundation,D1st Year Foundation,D1st Year Foundation,D1st Year Foundation,D1st Year Foundation,D1st Year Foundation,D1st Year Foundation,D1st Year Foundation,D1st Year Foundation,D1st Year Foundation,D1st Year Foundation,D1st Year Foundation,D1st Year Foundation,D1st Year Foundation,D1st Year Foundation,D1st Year Foundation,D1st Year Foundation,D1st Year Foundation
HUM 211,D1st Year Foundation,D1st Year Foundation,D1st Year Foundation,D1st Year Foundation,D1st Year Foundation,D1st Year Foundation,D1st Year Foundation,D1st Year Foundation,D1st Year Foundation,D1st Year Foundation,D1st Year Foundation,D1st Year Foundation,D1st Year Foundation,D1st Year Foundation,D1st Year Foundation,D1st Year Foundation,D1st Year Foundation,D1st Year Foundation,D1st Year Foundation,D1st Year Foundation,D1st Year Foundation,D1st Year Foundation,D1st Year Foundation,D1st Year Foundation,D1st Year Foundation,D1st Year Foundation,D1st Year Foundation,D1st Year Foundation,D1st Year Foundation,D1st Year Foundation,D1st Year Foundation,D1st Year Foundation,D1st Year Foundation,D1st Year Foundation,D1st Year Foundation,D1st Year Foundation,D1st Year Foundation,D1st Year Foundation,D1st Year Foundation,D1st Year Foundation,D1st Year Foundation,D1st Year Foundation,D1st Year Foundation,D1st Year Foundation,D1st Year Foundation,D1st Year Foundation,D1st Year Foundation,D1st Year Foundation,D1st Year Foundation,D1st Year Foundation,D1st Year Foundation,D1st Year Foundation,D1st Year Foundation,D1st Year Foundation,D1st Year Foundation,D1st Year Foundation,D1st Year Foundation,D1st Year Foundation,D1st Year Foundation,D1st Year Foundation,D1st Year Foundation,D1st Year Foundation,D1st Year Foundation,,,,,,,,,,,,,,,,,,,
HUM 212,D1st Year Foundation,D1st Year Foundation,D1st Year Foundation,D1st Year Foundation,D1st Year Foundation,D1st Year Foundation,D1st Year Foundation,D1st Year Foundation,D1st Year Foundation,D1st Year Foundation,D1st Year Foundation,D1st Year Foundation,D1st Year Foundation,D1st Year Foundation,D1st Year Foundation,D1st Year Foundation,D1st Year Foundation,D1st Year Foundation,D1st Year Foundation,D1st Year Foundation,D1st Year Foundation,D1st Year Foundation,D1st Year Foundation,D1st Year Foundation,D1st Year Foundation,D1st Year Foundation,D1st Year Foundation,D1st Year Foundation,D1st Year Foundation,D1st Year Foundation,D1st Year Foundation,D1st Year Foundation,D1st Year Foundation,D1st Year Foundation,D1st Year Foundation,D1st Year Foundation,D1st Year Foundation,D1st Year Foundation,D1st Year Foundation,D1st Year Foundation,D1st Year Foundation,D1st Year Foundation,D1st Year Foundation,D1st Year Foundation,D1st Year Foundation,D1st Year Foundation,D1st Year Foundation,D1st Year Foundation,D1st Year Foundation,D1st Year Foundation,D1st Year Foundation,D1st Year Foundation,D1st Year Foundation,D1st Year Foundation,D1st Year Foundation,D1st Year Foundation,D1st Year Foundation,D1st Year Foundation,D1st Year Foundation,D1st Year Foundation,D1st Year Foundation,D1st Year Foundation,D1st Year Foundation,,,,,,,,,,,,,,,,,,,
HUM 214,D1st Year Foundation,D1st Year Foundation,D1st Year Foundation,D1st Year Foundation,D1st Year Foundation,D1st Year Foundation,D1st Year Foundation,D1st Year Foundation,D1st Year Foundation,D1st Year Foundation,D1st Year Foundation,D1st Year Foundation,D1st Year Foundation,D1st Year Foundation,D1st Year Foundation,D1st Year Foundation,D1st Year Foundation,D1st Year Foundation,D1st Year Foundation,D1st Year Foundation,D1st Year Foundation,D1st Year Foundation,D1st Year Foundation,D1st Year Foundation,D1st Year Foundation,D1st Year Foundation,D1st Year Foundation,D1st Year Foundation,D1st Year Foundation,D1st Year Foundation,D1st Year Foundation,D1st Year Foundation,D1st Year Foundation,D1st Year Foundation,D1st Year Foundation,D1st Year Foundation,D1st Year Foundation,D1st Year Foundation,D1st Year Foundation,D1st Year Foundation,D1st Year Foundation,D1st Year Foundation,D1st Year Foundation,D1st Year Foundation,D1st Year Foundation,D1st Year Foundation,D1st Year Foundation,D1st Year Foundation,D1st Year Foundation,D1st Year Foundation,D1st Year Foundation,D1st Year Foundation,D1st Year Foundation,D1st Year Foundation,D1st Year Foundation,D1st Year Foundation,D1st Year Foundation,D1st Year Foundation,D1st Year Foundation,D1st Year Foundation,D1st Year Foundation,D1st Year Foundation,D1st Year Foundation,,,,,,,,,,,,,,,,,,,
HUM 221,D1st Year Foundation,D1st Year Foundation,D1st Year Foundation,D1st Year Foundation,D1st Year Foundation,D1st Year Foundation,D1st Year Foundation,D1st Year Foundation,D1st Year Foundation,D1st Year Foundation,D1st Year Foundation,D1st Year Foundation,D1st Year Foundation,D1st Year Foundation,D1st Year Foundation,D1st Year Foundation,D1st Year Foundation,D1st Year Foundation,D1st Year Foundation,D1st Year Foundation,D1st Year Foundation,D1st Year Foundation,D1st Year Foundation,D1st Year Foundation,D1st Year Foundation,D1st Year Foundation,D1st Year Foundation,D1st Year Foundation,D1st Year Foundation,D1st Year Foundation,D1st Year Foundation,D1st Year Foundation,D1st Year Foundation,D1st Year Foundation,D1st Year Foundation,D1st Year Foundation,D1st Year Foundation,D1st Year Foundation,D1st Year Foundation,D1st Year Foundation,D1st Year Foundation,D1st Year Foundation,D1st Year Foundation,D1st Year Foundation,D1st Year Foundation,D1st Year Foundation,D1st Year Foundation,D1st Year Foundation,D1st Year Foundation,D1st Year Foundation,D1st Year Foundation,D1st Year Foundation,D1st Year Foundation,D1st Year Foundation,D1st Year Foundation,D1st Year Foundation,D1st Year Foundation,D1st Year Foundation,D1st Year Foundation,D1st Year Foundation,D1st Year Foundation,D1st Year Foundation,D1st Year Foundation,,,,,,,,,,,,,,,,,,,
HUM 222,D1st Year Foundation,D1st Year Foundation,D1st Year Foundation,D1st Year Foundation,D1st Year Foundation,D1st Year Foundation,D1st Year Foundation,D1st Year Foundation,D1st Year Foundation,D1st Year Foundation,D1st Year Foundation,D1st Year Foundation,D1st Year Foundation,D1st Year Foundation,D1st Year Foundation,D1st Year Foundation,D1st Year Foundation,D1st Year Foundation,D1st Year Foundation,D1st Year Foundation,D1st Year Foundation,D1st Year Foundation,D1st Year Foundation,D1st Year Foundation,D1st Year Foundation,D1st Year Foundation,D1st Year Foundation,D1st Year Foundation,D1st Year Foundation,D1st Year Foundation,D1st Year Foundation,D1st Year Foundation,D1st Year Foundation,D1st Year Foundation,D1st Year Foundation,D1st Year Foundation,D1st Year Foundation,D1st Year Foundation,D1st Year Foundation,D1st Year Foundation,D1st Year Foundation,D1st Year Foundation,D1st Year Foundation,D1st Year Foundation,D1st Year Foundation,,,,,,,,,,,,,,,,,,,,,,,,,,,,,,,,,,,,,
HUM 224,D1st Year Foundation,D1st Year Foundation,D1st Year Foundation,D1st Year Foundation,D1st Year Foundation,D1st Year Foundation,D1st Year Foundation,D1st Year Foundation,D1st Year Foundation,D1st Year Foundation,D1st Year Foundation,D1st Year Foundation,D1st Year Foundation,D1st Year Foundation,D1st Year Foundation,D1st Year Foundation,D1st Year Foundation,D1st Year Foundation,D1st Year Foundation,D1st Year Foundation,D1st Year Foundation,D1st Year Foundation,D1st Year Foundation,D1st Year Foundation,D1st Year Foundation,D1st Year Foundation,D1st Year Foundation,D1st Year Foundation,D1st Year Foundation,D1st Year Foundation,D1st Year Foundation,D1st Year Foundation,D1st Year Foundation,D1st Year Foundation,D1st Year Foundation,D1st Year Foundation,D1st Year Foundation,D1st Year Foundation,D1st Year Foundation,D1st Year Foundation,D1st Year Foundation,D1st Year Foundation,D1st Year Foundation,D1st Year Foundation,D1st Year Foundation,D1st Year Foundation,D1st Year Foundation,D1st Year Foundation,D1st Year Foundation,D1st Year Foundation,D1st Year Foundation,D1st Year Foundation,D1st Year Foundation,D1st Year Foundation,D1st Year Foundation,D1st Year Foundation,D1st Year Foundation,D1st Year Foundation,D1st Year Foundation,D1st Year Foundation,D1st Year Foundation,D1st Year Foundation,D1st Year Foundation,,,,,,,,,,,,,,,,,,,
HUM 231,D1st Year Foundation,D1st Year Foundation,D1st Year Foundation,D1st Year Foundation,D1st Year Foundation,D1st Year Foundation,D1st Year Foundation,D1st Year Foundation,D1st Year Foundation,D1st Year Foundation,D1st Year Foundation,D1st Year Foundation,D1st Year Foundation,D1st Year Foundation,D1st Year Foundation,D1st Year Foundation,D1st Year Foundation,D1st Year Foundation,D1st Year Foundation,D1st Year Foundation,D1st Year Foundation,D1st Year Foundation,D1st Year Foundation,D1st Year Foundation,D1st Year Foundation,D1st Year Foundation,D1st Year Foundation,D1st Year Foundation,D1st Year Foundation,D1st Year Foundation,D1st Year Foundation,D1st Year Foundation,D1st Year Foundation,D1st Year Foundation,D1st Year Foundation,D1st Year Foundation,D1st Year Foundation,D1st Year Foundation,D1st Year Foundation,D1st Year Foundation,D1st Year Foundation,D1st Year Foundation,D1st Year Foundation,D1st Year Foundation,D1st Year Foundation,D1st Year Foundation,D1st Year Foundation,D1st Year Foundation,D1st Year Foundation,D1st Year Foundation,D1st Year Foundation,D1st Year Foundation,D1st Year Foundation,D1st Year Foundation,D1st Year Foundation,D1st Year Foundation,D1st Year Foundation,D1st Year Foundation,D1st Year Foundation,D1st Year Foundation,D1st Year Foundation,D1st Year Foundation,D1st Year Foundation,,,,,,,,,,,,,,,,,,,
HUM 232,D1st Year Foundation,D1st Year Foundation,D1st Year Foundation,D1st Year Foundation,D1st Year Foundation,D1st Year Foundation,D1st Year Foundation,D1st Year Foundation,D1st Year Foundation,D1st Year Foundation,D1st Year Foundation,D1st Year Foundation,D1st Year Foundation,D1st Year Foundation,D1st Year Foundation,D1st Year Foundation,D1st Year Foundation,D1st Year Foundation,D1st Year Foundation,D1st Year Foundation,D1st Year Foundation,D1st Year Foundation,D1st Year Foundation,D1st Year Foundation,D1st Year Foundation,D1st Year Foundation,D1st Year Foundation,D1st Year Foundation,D1st Year Foundation,D1st Year Foundation,D1st Year Foundation,D1st Year Foundation,D1st Year Foundation,D1st Year Foundation,D1st Year Foundation,D1st Year Foundation,D1st Year Foundation,D1st Year Foundation,D1st Year Foundation,D1st Year Foundation,D1st Year Foundation,D1st Year Foundation,D1st Year Foundation,D1st Year Foundation,D1st Year Foundation,D1st Year Foundation,D1st Year Foundation,D1st Year Foundation,D1st Year Foundation,D1st Year Foundation,D1st Year Foundation,D1st Year Foundation,D1st Year Foundation,D1st Year Foundation,D1st Year Foundation,D1st Year Foundation,D1st Year Foundation,D1st Year Foundation,D1st Year Foundation,D1st Year Foundation,D1st Year Foundation,D1st Year Foundation,D1st Year Foundation,,,,,,,,,,,,,,,,,,,
HUM 241,D1st Year Foundation,D1st Year Foundation,D1st Year Foundation,D1st Year Foundation,D1st Year Foundation,D1st Year Foundation,D1st Year Foundation,D1st Year Foundation,D1st Year Foundation,D1st Year Foundation,D1st Year Foundation,D1st Year Foundation,D1st Year Foundation,D1st Year Foundation,D1st Year Foundation,D1st Year Foundation,D1st Year Foundation,D1st Year Foundation,D1st Year Foundation,D1st Year Foundation,D1st Year Foundation,D1st Year Foundation,D1st Year Foundation,D1st Year Foundation,D1st Year Foundation,D1st Year Foundation,D1st Year Foundation,D1st Year Foundation,D1st Year Foundation,D1st Year Foundation,D1st Year Foundation,D1st Year Foundation,D1st Year Foundation,D1st Year Foundation,D1st Year Foundation,D1st Year Foundation,D1st Year Foundation,D1st Year Foundation,D1st Year Foundation,D1st Year Foundation,D1st Year Foundation,D1st Year Foundation,D1st Year Foundation,D1st Year Foundation,D1st Year Foundation,D1st Year Foundation,D1st Year Foundation,D1st Year Foundation,D1st Year Foundation,D1st Year Foundation,D1st Year Foundation,D1st Year Foundation,D1st Year Foundation,D1st Year Foundation,D1st Year Foundation,D1st Year Foundation,D1st Year Foundation,D1st Year Foundation,D1st Year Foundation,D1st Year Foundation,D1st Year Foundation,D1st Year Foundation,D1st Year Foundation,,,,,,,,,,,,,,,,,,,
HUM 251,D1st Year Foundation,D1st Year Foundation,D1st Year Foundation,D1st Year Foundation,D1st Year Foundation,D1st Year Foundation,D1st Year Foundation,D1st Year Foundation,D1st Year Foundation,D1st Year Foundation,D1st Year Foundation,D1st Year Foundation,D1st Year Foundation,D1st Year Foundation,D1st Year Foundation,D1st Year Foundation,D1st Year Foundation,D1st Year Foundation,D1st Year Foundation,D1st Year Foundation,D1st Year Foundation,D1st Year Foundation,D1st Year Foundation,D1st Year Foundation,D1st Year Foundation,D1st Year Foundation,D1st Year Foundation,D1st Year Foundation,D1st Year Foundation,D1st Year Foundation,D1st Year Foundation,D1st Year Foundation,D1st Year Foundation,D1st Year Foundation,D1st Year Foundation,D1st Year Foundation,D1st Year Foundation,D1st Year Foundation,D1st Year Foundation,D1st Year Foundation,D1st Year Foundation,D1st Year Foundation,D1st Year Foundation,D1st Year Foundation,D1st Year Foundation,,,,,,,,,,,,,,,,,,,,,,,,,,,,,,,,,,,,,
HUM 261,D1st Year Foundation,D1st Year Foundation,D1st Year Foundation,D1st Year Foundation,D1st Year Foundation,D1st Year Foundation,D1st Year Foundation,D1st Year Foundation,D1st Year Foundation,D1st Year Foundation,D1st Year Foundation,D1st Year Foundation,D1st Year Foundation,D1st Year Foundation,D1st Year Foundation,D1st Year Foundation,D1st Year Foundation,D1st Year Foundation,D1st Year Foundation,D1st Year Foundation,D1st Year Foundation,D1st Year Foundation,D1st Year Foundation,D1st Year Foundation,D1st Year Foundation,D1st Year Foundation,D1st Year Foundation,D1st Year Foundation,D1st Year Foundation,D1st Year Foundation,D1st Year Foundation,D1st Year Foundation,D1st Year Foundation,D1st Year Foundation,D1st Year Foundation,D1st Year Foundation,D1st Year Foundation,D1st Year Foundation,D1st Year Foundation,D1st Year Foundation,D1st Year Foundation,D1st Year Foundation,D1st Year Foundation,D1st Year Foundation,D1st Year Foundation,D1st Year Foundation,D1st Year Foundation,D1st Year Foundation,D1st Year Foundation,D1st Year Foundation,D1st Year Foundation,D1st Year Foundation,D1st Year Foundation,D1st Year Foundation,D1st Year Foundation,D1st Year Foundation,D1st Year Foundation,D1st Year Foundation,D1st Year Foundation,D1st Year Foundation,D1st Year Foundation,D1st Year Foundation,D1st Year Foundation,,,,,,,,,,,,,,,,,,,
HUM 271,D1st Year Foundation,D1st Year Foundation,D1st Year Foundation,D1st Year Foundation,D1st Year Foundation,D1st Year Foundation,D1st Year Foundation,D1st Year Foundation,D1st Year Foundation,D1st Year Foundation,D1st Year Foundation,D1st Year Foundation,D1st Year Foundation,D1st Year Foundation,D1st Year Foundation,D1st Year Foundation,D1st Year Foundation,D1st Year Foundation,D1st Year Foundation,D1st Year Foundation,D1st Year Foundation,D1st Year Foundation,D1st Year Foundation,D1st Year Foundation,D1st Year Foundation,D1st Year Foundation,D1st Year Foundation,D1st Year Foundation,D1st Year Foundation,D1st Year Foundation,D1st Year Foundation,D1st Year Foundation,D1st Year Foundation,D1st Year Foundation,D1st Year Foundation,D1st Year Foundation,D1st Year Foundation,D1st Year Foundation,D1st Year Foundation,D1st Year Foundation,D1st Year Foundation,D1st Year Foundation,D1st Year Foundation,D1st Year Foundation,D1st Year Foundation,D1st Year Foundation,D1st Year Foundation,D1st Year Foundation,D1st Year Foundation,D1st Year Foundation,D1st Year Foundation,D1st Year Foundation,D1st Year Foundation,D1st Year Foundation,D1st Year Foundation,D1st Year Foundation,D1st Year Foundation,D1st Year Foundation,D1st Year Foundation,D1st Year Foundation,D1st Year Foundation,D1st Year Foundation,D1st Year Foundation,,,,,,,,,,,,,,,,,,,
SPS 303,D1st Year Foundation,D1st Year Foundation,D1st Year Foundation,D1st Year Foundation,D1st Year Foundation,D1st Year Foundation,D1st Year Foundation,D1st Year Foundation,D1st Year Foundation,D1st Year Foundation,D1st Year Foundation,D1st Year Foundation,D1st Year Foundation,D1st Year Foundation,D1st Year Foundation,D1st Year Foundation,D1st Year Foundation,D1st Year Foundation,D1st Year Foundation,D1st Year Foundation,D1st Year Foundation,D1st Year Foundation,D1st Year Foundation,D1st Year Foundation,D1st Year Foundation,D1st Year Foundation,D1st Year Foundation,D1st Year Foundation,D1st Year Foundation,D1st Year Foundation,D1st Year Foundation,D1st Year Foundation,D1st Year Foundation,D1st Year Foundation,D1st Year Foundation,D1st Year Foundation,D1st Year Foundation,D1st Year Foundation,D1st Year Foundation,D1st Year Foundation,D1st Year Foundation,D1st Year Foundation,D1st Year Foundation,D1st Year Foundation,D1st Year Foundation,D1st Year Foundation,D1st Year Foundation,D1st Year Foundation,D1st Year Foundation,D1st Year Foundation,D1st Year Foundation,D1st Year Foundation,D1st Year Foundation,D1st Year Foundation,D1st Year Foundation,D1st Year Foundation,D1st Year Foundation,D1st Year Foundation,D1st Year Foundation,D1st Year Foundation,D1st Year Foundation,D1st Year Foundation,D1st Year Foundation,D1st Year Foundation,D1st Year Foundation,D1st Year Foundation,D1st Year Foundation,D1st Year Foundation,D1st Year Foundation,D1st Year Foundation,D1st Year Foundation,D1st Year Foundation,D1st Year Foundation,D1st Year Foundation,D1st Year Foundation,D1st Year Foundation,D1st Year Foundation,D1st Year Foundation,D1st Year Foundation,D1st Year Foundation,D1st Year Foundation,D1st Year Foundation
HUM 304,D1st Year Foundation,D1st Year Foundation,D1st Year Foundation,D1st Year Foundation,D1st Year Foundation,D1st Year Foundation,D1st Year Foundation,D1st Year Foundation,D1st Year Foundation,D1st Year Foundation,D1st Year Foundation,D1st Year Foundation,D1st Year Foundation,D1st Year Foundation,D1st Year Foundation,D1st Year Foundation,D1st Year Foundation,D1st Year Foundation,D1st Year Foundation,D1st Year Foundation,D1st Year Foundation,D1st Year Foundation,D1st Year Foundation,D1st Year Foundation,D1st Year Foundation,D1st Year Foundation,D1st Year Foundation,D1st Year Foundation,D1st Year Foundation,D1st Year Foundation,D1st Year Foundation,D1st Year Foundation,D1st Year Foundation,D1st Year Foundation,D1st Year Foundation,D1st Year Foundation,D1st Year Foundation,D1st Year Foundation,D1st Year Foundation,D1st Year Foundation,D1st Year Foundation,D1st Year Foundation,D1st Year Foundation,D1st Year Foundation,D1st Year Foundation,D1st Year Foundation,D1st Year Foundation,D1st Year Foundation,D1st Year Foundation,D1st Year Foundation,D1st Year Foundation,D1st Year Foundation,D1st Year Foundation,D1st Year Foundation,D1st Year Foundation,D1st Year Foundation,D1st Year Foundation,D1st Year Foundation,D1st Year Foundation,D1st Year Foundation,D1st Year Foundation,D1st Year Foundation,D1st Year Foundation,D1st Year Foundation,D1st Year Foundation,D1st Year Foundation,D1st Year Foundation,D1st Year Foundation,D1st Year Foundation,D1st Year Foundation,D1st Year Foundation,,,,,,,,,,,
HUM 311,D1st Year Foundation,D1st Year Foundation,D1st Year Foundation,D1st Year Foundation,D1st Year Foundation,D1st Year Foundation,D1st Year Foundation,D1st Year Foundation,D1st Year Foundation,D1st Year Foundation,D1st Year Foundation,D1st Year Foundation,D1st Year Foundation,D1st Year Foundation,D1st Year Foundation,D1st Year Foundation,D1st Year Foundation,D1st Year Foundation,D1st Year Foundation,D1st Year Foundation,D1st Year Foundation,D1st Year Foundation,D1st Year Foundation,D1st Year Foundation,D1st Year Foundation,D1st Year Foundation,D1st Year Foundation,D1st Year Foundation,D1st Year Foundation,D1st Year Foundation,D1st Year Foundation,D1st Year Foundation,D1st Year Foundation,D1st Year Foundation,D1st Year Foundation,D1st Year Foundation,D1st Year Foundation,D1st Year Foundation,D1st Year Foundation,D1st Year Foundation,D1st Year Foundation,D1st Year Foundation,D1st Year Foundation,D1st Year Foundation,D1st Year Foundation,D1st Year Foundation,D1st Year Foundation,D1st Year Foundation,D1st Year Foundation,D1st Year Foundation,D1st Year Foundation,D1st Year Foundation,D1st Year Foundation,D1st Year Foundation,D1st Year Foundation,D1st Year Foundation,D1st Year Foundation,D1st Year Foundation,D1st Year Foundation,D1st Year Foundation,D1st Year Foundation,D1st Year Foundation,D1st Year Foundation,D1st Year Foundation,D1st Year Foundation,D1st Year Foundation,D1st Year Foundation,D1st Year Foundation,D1st Year Foundation,D1st Year Foundation,D1st Year Foundation,D1st Year Foundation,D1st Year Foundation,D1st Year Foundation,D1st Year Foundation,D1st Year Foundation,D1st Year Foundation,D1st Year Foundation,D1st Year Foundation,D1st Year Foundation,D1st Year Foundation,D1st Year Foundation
HUM 312,D1st Year Foundation,D1st Year Foundation,D1st Year Foundation,D1st Year Foundation,D1st Year Foundation,D1st Year Foundation,D1st Year Foundation,D1st Year Foundation,D1st Year Foundation,D1st Year Foundation,D1st Year Foundation,D1st Year Foundation,D1st Year Foundation,D1st Year Foundation,D1st Year Foundation,D1st Year Foundation,D1st Year Foundation,D1st Year Foundation,D1st Year Foundation,D1st Year Foundation,D1st Year Foundation,D1st Year Foundation,D1st Year Foundation,D1st Year Foundation,D1st Year Foundation,D1st Year Foundation,D1st Year Foundation,D1st Year Foundation,D1st Year Foundation,D1st Year Foundation,D1st Year Foundation,D1st Year Foundation,D1st Year Foundation,D1st Year Foundation,D1st Year Foundation,D1st Year Foundation,D1st Year Foundation,D1st Year Foundation,D1st Year Foundation,D1st Year Foundation,D1st Year Foundation,D1st Year Foundation,D1st Year Foundation,D1st Year Foundation,D1st Year Foundation,D1st Year Foundation,D1st Year Foundation,D1st Year Foundation,D1st Year Foundation,D1st Year Foundation,D1st Year Foundation,D1st Year Foundation,D1st Year Foundation,D1st Year Foundation,D1st Year Foundation,D1st Year Foundation,D1st Year Foundation,D1st Year Foundation,D1st Year Foundation,D1st Year Foundation,D1st Year Foundation,D1st Year Foundation,D1st Year Foundation,D1st Year Foundation,D1st Year Foundation,D1st Year Foundation,D1st Year Foundation,D1st Year Foundation,D1st Year Foundation,D1st Year Foundation,D1st Year Foundation,D1st Year Foundation,D1st Year Foundation,D1st Year Foundation,D1st Year Foundation,D1st Year Foundation,D1st Year Foundation,D1st Year Foundation,D1st Year Foundation,D1st Year Foundation,D1st Year Foundation,D1st Year Foundation
HUM 317,D1st Year Foundation,D1st Year Foundation,D1st Year Foundation,D1st Year Foundation,D1st Year Foundation,D1st Year Foundation,D1st Year Foundation,D1st Year Foundation,D1st Year Foundation,D1st Year Foundation,D1st Year Foundation,D1st Year Foundation,D1st Year Foundation,D1st Year Foundation,D1st Year Foundation,D1st Year Foundation,D1st Year Foundation,D1st Year Foundation,D1st Year Foundation,D1st Year Foundation,D1st Year Foundation,D1st Year Foundation,D1st Year Foundation,D1st Year Foundation,D1st Year Foundation,D1st Year Foundation,D1st Year Foundation,D1st Year Foundation,D1st Year Foundation,D1st Year Foundation,D1st Year Foundation,D1st Year Foundation,D1st Year Foundation,D1st Year Foundation,D1st Year Foundation,D1st Year Foundation,D1st Year Foundation,D1st Year Foundation,D1st Year Foundation,D1st Year Foundation,D1st Year Foundation,D1st Year Foundation,D1st Year Foundation,D1st Year Foundation,D1st Year Foundation,D1st Year Foundation,D1st Year Foundation,D1st Year Foundation,D1st Year Foundation,D1st Year Foundation,D1st Year Foundation,D1st Year Foundation,D1st Year Foundation,D1st Year Foundation,D1st Year Foundation,D1st Year Foundation,D1st Year Foundation,D1st Year Foundation,D1st Year Foundation,D1st Year Foundation,D1st Year Foundation,D1st Year Foundation,D1st Year Foundation,D1st Year Foundation,D1st Year Foundation,D1st Year Foundation,D1st Year Foundation,D1st Year Foundation,D1st Year Foundation,D1st Year Foundation,D1st Year Foundation,D1st Year Foundation,D1st Year Foundation,D1st Year Foundation,D1st Year Foundation,D1st Year Foundation,D1st Year Foundation,D1st Year Foundation,D1st Year Foundation,D1st Year Foundation,D1st Year Foundation,D1st Year Foundation
HUM 321,D1st Year Foundation,D1st Year Foundation,D1st Year Foundation,D1st Year Foundation,D1st Year Foundation,D1st Year Foundation,D1st Year Foundation,D1st Year Foundation,D1st Year Foundation,D1st Year Foundation,D1st Year Foundation,D1st Year Foundation,D1st Year Foundation,D1st Year Foundation,D1st Year Foundation,D1st Year Foundation,D1st Year Foundation,D1st Year Foundation,D1st Year Foundation,D1st Year Foundation,D1st Year Foundation,D1st Year Foundation,D1st Year Foundation,D1st Year Foundation,D1st Year Foundation,D1st Year Foundation,D1st Year Foundation,D1st Year Foundation,D1st Year Foundation,D1st Year Foundation,D1st Year Foundation,D1st Year Foundation,D1st Year Foundation,D1st Year Foundation,D1st Year Foundation,D1st Year Foundation,D1st Year Foundation,D1st Year Foundation,D1st Year Foundation,D1st Year Foundation,D1st Year Foundation,D1st Year Foundation,D1st Year Foundation,D1st Year Foundation,D1st Year Foundation,D1st Year Foundation,D1st Year Foundation,D1st Year Foundation,D1st Year Foundation,D1st Year Foundation,D1st Year Foundation,D1st Year Foundation,D1st Year Foundation,D1st Year Foundation,D1st Year Foundation,D1st Year Foundation,D1st Year Foundation,D1st Year Foundation,D1st Year Foundation,D1st Year Foundation,D1st Year Foundation,D1st Year Foundation,D1st Year Foundation,D1st Year Foundation,D1st Year Foundation,D1st Year Foundation,D1st Year Foundation,D1st Year Foundation,D1st Year Foundation,D1st Year Foundation,D1st Year Foundation,D1st Year Foundation,D1st Year Foundation,D1st Year Foundation,D1st Year Foundation,D1st Year Foundation,D1st Year Foundation,D1st Year Foundation,D1st Year Foundation,D1st Year Foundation,D1st Year Foundation,D1st Year Foundation
HUM 322,D1st Year Foundation,D1st Year Foundation,D1st Year Foundation,D1st Year Foundation,D1st Year Foundation,D1st Year Foundation,D1st Year Foundation,D1st Year Foundation,D1st Year Foundation,D1st Year Foundation,D1st Year Foundation,D1st Year Foundation,D1st Year Foundation,D1st Year Foundation,D1st Year Foundation,D1st Year Foundation,D1st Year Foundation,D1st Year Foundation,D1st Year Foundation,D1st Year Foundation,D1st Year Foundation,D1st Year Foundation,D1st Year Foundation,D1st Year Foundation,D1st Year Foundation,D1st Year Foundation,D1st Year Foundation,D1st Year Foundation,D1st Year Foundation,D1st Year Foundation,D1st Year Foundation,D1st Year Foundation,D1st Year Foundation,D1st Year Foundation,D1st Year Foundation,D1st Year Foundation,D1st Year Foundation,D1st Year Foundation,D1st Year Foundation,D1st Year Foundation,D1st Year Foundation,D1st Year Foundation,D1st Year Foundation,D1st Year Foundation,D1st Year Foundation,D1st Year Foundation,D1st Year Foundation,D1st Year Foundation,D1st Year Foundation,D1st Year Foundation,D1st Year Foundation,D1st Year Foundation,D1st Year Foundation,D1st Year Foundation,D1st Year Foundation,D1st Year Foundation,D1st Year Foundation,D1st Year Foundation,D1st Year Foundation,D1st Year Foundation,D1st Year Foundation,D1st Year Foundation,D1st Year Foundation,D1st Year Foundation,D1st Year Foundation,D1st Year Foundation,D1st Year Foundation,D1st Year Foundation,D1st Year Foundation,D1st Year Foundation,D1st Year Foundation,D1st Year Foundation,D1st Year Foundation,D1st Year Foundation,D1st Year Foundation,D1st Year Foundation,D1st Year Foundation,D1st Year Foundation,D1st Year Foundation,D1st Year Foundation,D1st Year Foundation,D1st Year Foundation
HUM 324,D1st Year Foundation,D1st Year Foundation,D1st Year Foundation,D1st Year Foundation,D1st Year Foundation,D1st Year Foundation,D1st Year Foundation,D1st Year Foundation,D1st Year Foundation,D1st Year Foundation,D1st Year Foundation,D1st Year Foundation,D1st Year Foundation,D1st Year Foundation,D1st Year Foundation,D1st Year Foundation,D1st Year Foundation,D1st Year Foundation,D1st Year Foundation,D1st Year Foundation,D1st Year Foundation,D1st Year Foundation,D1st Year Foundation,D1st Year Foundation,D1st Year Foundation,D1st Year Foundation,D1st Year Foundation,D1st Year Foundation,D1st Year Foundation,D1st Year Foundation,D1st Year Foundation,D1st Year Foundation,D1st Year Foundation,D1st Year Foundation,D1st Year Foundation,D1st Year Foundation,D1st Year Foundation,D1st Year Foundation,D1st Year Foundation,D1st Year Foundation,D1st Year Foundation,D1st Year Foundation,D1st Year Foundation,D1st Year Foundation,D1st Year Foundation,D1st Year Foundation,D1st Year Foundation,D1st Year Foundation,D1st Year Foundation,D1st Year Foundation,D1st Year Foundation,D1st Year Foundation,D1st Year Foundation,D1st Year Foundation,D1st Year Foundation,D1st Year Foundation,D1st Year Foundation,D1st Year Foundation,D1st Year Foundation,D1st Year Foundation,D1st Year Foundation,D1st Year Foundation,D1st Year Foundation,D1st Year Foundation,D1st Year Foundation,D1st Year Foundation,D1st Year Foundation,D1st Year Foundation,D1st Year Foundation,D1st Year Foundation,D1st Year Foundation,,,,,,,,,,,
HUM 371,D1st Year Foundation,D1st Year Foundation,D1st Year Foundation,D1st Year Foundation,D1st Year Foundation,D1st Year Foundation,D1st Year Foundation,D1st Year Foundation,D1st Year Foundation,D1st Year Foundation,D1st Year Foundation,D1st Year Foundation,D1st Year Foundation,D1st Year Foundation,D1st Year Foundation,D1st Year Foundation,D1st Year Foundation,D1st Year Foundation,D1st Year Foundation,D1st Year Foundation,D1st Year Foundation,D1st Year Foundation,D1st Year Foundation,D1st Year Foundation,D1st Year Foundation,D1st Year Foundation,D1st Year Foundation,D1st Year Foundation,D1st Year Foundation,D1st Year Foundation,D1st Year Foundation,D1st Year Foundation,D1st Year Foundation,D1st Year Foundation,D1st Year Foundation,D1st Year Foundation,D1st Year Foundation,D1st Year Foundation,D1st Year Foundation,D1st Year Foundation,D1st Year Foundation,D1st Year Foundation,D1st Year Foundation,D1st Year Foundation,D1st Year Foundation,D1st Year Foundation,D1st Year Foundation,D1st Year Foundation,D1st Year Foundation,D1st Year Foundation,D1st Year Foundation,D1st Year Foundation,D1st Year Foundation,D1st Year Foundation,D1st Year Foundation,D1st Year Foundation,D1st Year Foundation,D1st Year Foundation,D1st Year Foundation,D1st Year Foundation,D1st Year Foundation,D1st Year Foundation,D1st Year Foundation,D1st Year Foundation,D1st Year Foundation,D1st Year Foundation,D1st Year Foundation,D1st Year Foundation,D1st Year Foundation,D1st Year Foundation,D1st Year Foundation,D1st Year Foundation,D1st Year Foundation,D1st Year Foundation,D1st Year Foundation,D1st Year Foundation,D1st Year Foundation,D1st Year Foundation,D1st Year Foundation,D1st Year Foundation,D1st Year Foundation,D1st Year Foundation
VA 201,RRequired:A,RRequired:A,RRequired:A,RRequired:A,RRequired:A,RRequired:A,RRequired:A,RRequired:A,RRequired:A,RRequired:A,RRequired:A,RRequired:A,RRequired:A,RRequired:A,RRequired:A,RRequired:A,RRequired:A,RRequired:A,RRequired:A,RRequired:A,RRequired:A,RRequired:A,RRequired:A,RRequired:A,RRequired:A,RRequired:A,RRequired:A,RRequired:A,RRequired:A,RRequired:A,RRequired:A,RRequired:A,RRequired:A,RRequired:A,RRequired:A,RRequired:A,RRequired:A,RRequired:A,RRequired:A,RRequired:A,RRequired:A,RRequired:A,RRequired:A,RRequired:A,RRequired:A,RRequired:A,RRequired:A,RRequired:A,RRequired:A,RRequired:A,RRequired:A,RRequired:A,RRequired:A,RRequired:A,RRequired:A,RRequired:A,RRequired:A,RRequired:A,RRequired:A,RRequired:A,RRequired:A,RRequired:A,RRequired:A,RRequired:A,RRequired:A,RRequired:A,RRequired:A,RRequired:A,RRequired:A,RRequired:A,RRequired:A,RRequired:A,RRequired:A,RRequired:A,RRequired:A,RRequired:A,RRequired:A,RRequired:A,RRequired:A,RRequired:A,RRequired:A,RRequired:A
VA 202,RRequired:A,RRequired:A,RRequired:A,RRequired:A,RRequired:A,RRequired:A,RRequired:A,RRequired:A,RRequired:A,RRequired:A,RRequired:A,RRequired:A,RRequired:A,RRequired:A,RRequired:A,RRequired:A,RRequired:A,RRequired:A,RRequired:A,RRequired:A,RRequired:A,RRequired:A,RRequired:A,RRequired:A,RRequired:A,RRequired:A,RRequired:A,RRequired:A,RRequired:A,RRequired:A,RRequired,RRequired,RRequired,RRequired,RRequired,RRequired,RRequired,RRequired,RRequired,RRequired,RRequired,RRequired,RRequired,RRequired,RRequired,RRequired,RRequired,RRequired,RRequired,RRequired,RRequired,RRequired,RRequired,RRequired,RRequired,RRequired,RRequired,RRequired,RRequired,RRequired,CCore 2,CCore 2,CCore 2,CCore 2,CCore 2,CCore 2,CCore 2,CCore 2,CCore 2,CCore 2,CCore 2,CCore 2,CCore 2,CCore 2,CCore 2,CCore 2,CCore 2,CCore 2,CCore 2,CCore 2,CCore 2,CCore 2
VA 203,RRequired:A,RRequired:A,RRequired:A,RRequired:A,RRequired:A,RRequired:A,RRequired:A,RRequired:A,RRequired:A,RRequired:A,RRequired:A,RRequired:A,RRequired:A,RRequired:A,RRequired:A,RRequired:A,RRequired:A,RRequired:A,RRequired:A,RRequired:A,RRequired:A,RRequired:A,RRequired:A,RRequired:A,RRequired:A,RRequired:A,RRequired:A,RRequired:A,RRequired:A,RRequired:A,RRequired:A,RRequired:A,RRequired:A,RRequired:A,RRequired:A,RRequired:A,RRequired:A,RRequired:A,RRequired:A,RRequired:A,RRequired:A,RRequired:A,RRequired:A,RRequired:A,RRequired:A,RRequired:A,RRequired:A,RRequired:A,RRequired:A,RRequired:A,RRequired:A,RRequired:A,RRequired:A,RRequired:A,RRequired:A,RRequired:A,RRequired:A,RRequired:A,RRequired:A,RRequired:A,RRequired:A,RRequired:A,RRequired:A,RRequired:A,RRequired:A,RRequired:A,RRequired:A,RRequired:A,RRequired:A,RRequired:A,RRequired:A,RRequired:A,RRequired:A,RRequired:A,RRequired:A,RRequired:A,RRequired:A,RRequired:A,RRequired:A,RRequired:A,RRequired:A,RRequired:A
VA 204,RRequired:A,RRequired:A,RRequired:A,RRequired:A,RRequired:A,RRequired:A,RRequired:A,RRequired:A,RRequired:A,RRequired:A,RRequired:A,RRequired:A,RRequired:A,RRequired:A,RRequired:A,RRequired:A,RRequired:A,RRequired:A,RRequired:A,RRequired:A,RRequired:A,RRequired:A,RRequired:A,RRequired:A,RRequired:A,RRequired:A,RRequired:A,RRequired:A,RRequired:A,RRequired:A,RRequired,RRequired,RRequired,RRequired,RRequired,RRequired,RRequired,RRequired,RRequired,RRequired,RRequired,RRequired,RRequired,RRequired,RRequired,RRequired,RRequired,RRequired,RRequired,RRequired,RRequired,RRequired,RRequired,RRequired,RRequired,RRequired,RRequired,RRequired,RRequired,RRequired,CCore 2,CCore 2,CCore 2,CCore 2,CCore 2,CCore 2,CCore 2,CCore 2,CCore 2,CCore 2,CCore 2,CCore 2,CCore 2,CCore 2,CCore 2,CCore 2,CCore 2,CCore 2,CCore 2,CCore 2,CCore 2,CCore 2
VA 301,RRequired,RRequired,RRequired,RRequired,RRequired,RRequired,RRequired,RRequired,RRequired,RRequired,RRequired,RRequired,RRequired,RRequired,RRequired,RRequired,RRequired,RRequired,RRequired,RRequired,RRequired,RRequired,RRequired,RRequired,RRequired,RRequired,RRequired,RRequired,RRequired,RRequired,RRequired,RRequired,RRequired,RRequired,RRequired,RRequired,RRequired,RRequired,RRequired,RRequired,RRequired,RRequired,RRequired,RRequired,RRequired,RRequired,RRequired,RRequired,RRequired,RRequired,RRequired,RRequired,RRequired,RRequired,RRequired,RRequired,RRequired,RRequired,RRequired,RRequired,RRequired,RRequired,RRequired,RRequired,RRequired,RRequired,RRequired,RRequired,RRequired,RRequired,RRequired,RRequired,RRequired,RRequired,RRequired,RRequired,RRequired,RRequired,RRequired,RRequired,RRequired,RRequired
VA 302,RRequired,RRequired,RRequired,RRequired,RRequired,RRequired,RRequired,RRequired,RRequired,RRequired,RRequired,RRequired,RRequired,RRequired,RRequired,RRequired,RRequired,RRequired,RRequired,RRequired,RRequired,RRequired,RRequired,RRequired,RRequired,RRequired,RRequired,RRequired,RRequired,RRequired,RRequired,RRequired,RRequired,RRequired,RRequired,RRequired,RRequired,RRequired,RRequired,RRequired,RRequired,RRequired,RRequired,RRequired,RRequired,RRequired,RRequired,RRequired,RRequired,RRequired,RRequired,RRequired,RRequired,RRequired,RRequired,RRequired,RRequired,RRequired,RRequired,RRequired,CCore 2,CCore 2,CCore 2,CCore 2,CCore 2,CCore 2,CCore 2,CCore 2,CCore 2,CCore 2,CCore 2,CCore 2,CCore 2,CCore 2,CCore 2,CCore 2,CCore 2,CCore 2,CCore 2,CCore 2,CCore 2,CCore 2
VA 401,RRequired,RRequired,RRequired,RRequired,RRequired,RRequired,RRequired,RRequired,RRequired,RRequired,RRequired,RRequired,RRequired,RRequired,RRequired,RRequired,RRequired,RRequired,RRequired,RRequired,RRequired,RRequired,RRequired,RRequired,RRequired,RRequired,RRequired,RRequired,RRequired,RRequired,RRequired,RRequired,RRequired,RRequired,RRequired,RRequired,RRequired,RRequired,RRequired,RRequired,RRequired,RRequired,RRequired,RRequired,RRequired,RRequired,RRequired,RRequired,RRequired,RRequired,RRequired,RRequired,RRequired,RRequired,RRequired,RRequired,RRequired,RRequired,RRequired,RRequired,RRequired,RRequired,RRequired,RRequired,RRequired,RRequired,RRequired,RRequired,RRequired,RRequired,RRequired,RRequired,RRequired,RRequired,RRequired,RRequired,RRequired,RRequired,RRequired,RRequired,RRequired,RRequired
VA 402,RRequired,RRequired,RRequired,RRequired,RRequired,RRequired,RRequired,RRequired,RRequired,RRequired,RRequired,RRequired,RRequired,RRequired,RRequired,RRequired,RRequired,RRequired,RRequired,RRequired,RRequired,RRequired,RRequired,RRequired,RRequired,RRequired,RRequired,RRequired,RRequired,RRequired,RRequired,RRequired,RRequired,RRequired,RRequired,RRequired,RRequired,RRequired,RRequired,RRequired,RRequired,RRequired,RRequired,RRequired,RRequired,RRequired,RRequired,RRequired,RRequired,RRequired,RRequired,RRequired,RRequired,RRequired,RRequired,RRequired,RRequired,RRequired,RRequired,RRequired,CCore 2,CCore 2,CCore 2,CCore 2,CCore 2,CCore 2,CCore 2,CCore 2,CCore 2,CCore 2,CCore 2,CCore 2,CCore 2,CCore 2,CCore 2,CCore 2,CCore 2,CCore 2,CCore 2,CCore 2,CCore 2,CCore 2
FILM 436,CCore 1,CCore 1,CCore 1,CCore 1,CCore 1,CCore 1,CCore 1,CCore 1,CCore 1,CCore 1,CCore 1,CCore 1,CCore 1,CCore 1,CCore 1,AArea,AArea,AArea,AArea,AArea,AArea,AArea,AArea,AArea,AArea,AArea,AArea,AArea,AArea,AArea,AArea,AArea,AArea,AArea,AArea,AArea,AArea,AArea,AArea,AArea,AArea,AArea,AArea,AArea,AArea,AArea,AArea,AArea,AArea,AArea,AArea,AArea,AArea,AArea,AArea,AArea,AArea,AArea,AArea,AArea,AArea,AArea,AArea,AArea,AArea,AArea,AArea,AArea,AArea,AArea,AArea,AArea,AArea,AArea,,,,,,,,
HART 292,CCore 1:A,CCore 1:A,CCore 1:A,CCore 1:A,CCore 1:A,CCore 1:A,CCore 1:A,CCore 1:A,CCore 1:A,CCore 1:A,CCore 1:A,CCore 1:A,CCore 1:A,CCore 1:A,CCore 1:A,CCore 1:A,CCore 1:A,CCore 1:A,CCore 1:A,CCore 1:A,CCore 1:A,CCore 1:A,CCore 1:A,CCore 1:A,CCore 1:A,CCore 1:A,CCore 1:A,CCore 1:A,CCore 1:A,CCore 1:A,CCore 1:A,CCore 1:A,CCore 1:A,CCore 1:A,CCore 1:A,CCore 1:A,CCore 1:A,CCore 1:A,CCore 1:A,CCore 1:A,CCore 1:A,CCore 1:A,CCore 1:A,CCore 1:A,CCore 1:A,CCore 1:A,CCore 1:A,CCore 1:A,CCore 1:A,CCore 1:A,CCore 1:A,CCore 1:A,CCore 1:A,CCore 1:A,CCore 1:A,CCore 1:A,CCore 1:A,CCore 1:A,CCore 1:A,CCore 1:A,CCore 1:A,CCore 1:A,CCore 1:A,CCore 1:A,CCore 1:A,CCore 1:A,CCore 1:A,CCore 1:A,CCore 1:A,CCore 1:A,CCore 1:A,CCore 1:A,CCore 1:A,CCore 1:A,CCore 1:A,CCore 1:A,CCore 1:A,CCore 1:A,CCore 1:A,CCore 1:A,CCore 1:A,CCore 1:A
HART 293,CCore 1,CCore 1,CCore 1,CCore 1,CCore 1,CCore 1,CCore 1,CCore 1,CCore 1,CCore 1,CCore 1,CCore 1,CCore 1,CCore 1,CCore 1,CCore 1,CCore 1,CCore 1,CCore 1,CCore 1,CCore 1,CCore 1,CCore 1,CCore 1,CCore 1,CCore 1,CCore 1,CCore 1,CCore 1,CCore 1,CCore 1:A,CCore 1:A,CCore 1:A,CCore 1:A,CCore 1:A,CCore 1:A,CCore 1:A,CCore 1:A,CCore 1:A,CCore 1:A,CCore 1:A,CCore 1:A,CCore 1:A,CCore 1:A,CCore 1:A,CCore 1:A,CCore 1:A,CCore 1:A,CCore 1:A,CCore 1:A,CCore 1:A,CCore 1:A,CCore 1:A,CCore 1:A,CCore 1:A,CCore 1:A,CCore 1:A,CCore 1:A,CCore 1:A,CCore 1:A,CCore 1:A,CCore 1:A,CCore 1:A,CCore 1:A,CCore 1:A,CCore 1:A,CCore 1:A,CCore 1:A,CCore 1:A,CCore 1:A,CCore 1:A,CCore 1:A,CCore 1:A,CCore 1:A,CCore 1:A,CCore 1:A,CCore 1:A,CCore 1:A,CCore 1:A,CCore 1:A,CCore 1:A,CCore 1:A
HART 312,CCore 1,CCore 1,CCore 1,CCore 1,CCore 1,CCore 1,CCore 1,CCore 1,CCore 1,CCore 1,CCore 1,CCore 1,CCore 1,CCore 1,CCore 1,CCore 1,CCore 1,CCore 1,CCore 1,CCore 1,CCore 1,CCore 1,CCore 1,CCore 1,CCore 1,CCore 1,CCore 1,CCore 1,CCore 1,CCore 1,CCore 1,CCore 1,CCore 1,CCore 1,CCore 1,CCore 1,CCore 1,CCore 1,CCore 1,CCore 1,CCore 1,CCore 1,CCore 1,CCore 1,CCore 1,,,,,,,,,,,,,,,,,,,,,,,,,,,,,,,,,,,,,
HART 330,CCore 1,CCore 1,CCore 1,CCore 1,CCore 1,CCore 1,CCore 1,CCore 1,CCore 1,CCore 1,CCore 1,CCore 1,CCore 1,CCore 1,CCore 1,CCore 1,CCore 1,CCore 1,CCore 1,CCore 1,CCore 1,CCore 1,CCore 1,CCore 1,CCore 1,CCore 1,CCore 1,CCore 1,CCore 1,CCore 1,CCore 1,CCore 1,CCore 1,CCore 1,CCore 1,CCore 1,CCore 1,CCore 1,CCore 1,,,,,,,,,,,,,,,,,,,,,,,,,,,,,,,,,,,,,,,,,,,
HART 392,CCore 1,CCore 1,CCore 1,CCore 1,CCore 1,CCore 1,CCore 1,CCore 1,CCore 1,CCore 1,CCore 1,CCore 1,CCore 1,CCore 1,CCore 1,CCore 1,CCore 1,CCore 1,CCore 1,CCore 1,CCore 1,CCore 1,CCore 1,CCore 1,CCore 1,CCore 1,CCore 1,CCore 1,CCore 1,CCore 1,CCore 1,CCore 1,CCore 1,CCore 1,CCore 1,CCore 1,CCore 1,CCore 1,CCore 1,CCore 1,CCore 1,CCore 1,CCore 1,CCore 1,CCore 1,CCore 1,CCore 1,CCore 1,CCore 1,CCore 1,CCore 1,CCore 1,CCore 1,CCore 1,CCore 1,CCore 1,CCore 1,CCore 1,CCore 1,CCore 1,CCore 1,CCore 1,CCore 1,CCore 1,CCore 1,CCore 1,CCore 1,CCore 1,CCore 1,CCore 1,CCore 1,CCore 1,CCore 1,CCore 1,,,,,,,,
HART 411,CCore 1,CCore 1,CCore 1,CCore 1,CCore 1,CCore 1,CCore 1,CCore 1,CCore 1,CCore 1,CCore 1,CCore 1,CCore 1,CCore 1,CCore 1,CCore 1,CCore 1,CCore 1,CCore 1,CCore 1,CCore 1,CCore 1,CCore 1,CCore 1,CCore 1,CCore 1,CCore 1,CCore 1,CCore 1,CCore 1,CCore 1,CCore 1,CCore 1,CCore 1,CCore 1,CCore 1,CCore 1,CCore 1,CCore 1,CCore 1,CCore 1,CCore 1,CCore 1,CCore 1,CCore 1,CCore 1,CCore 1,CCore 1,CCore 1,CCore 1,CCore 1,CCore 1,CCore 1,CCore 1,CCore 1,CCore 1,CCore 1,CCore 1,CCore 1,CCore 1,CCore 1,CCore 1,CCore 1,CCore 1,CCore 1,CCore 1,CCore 1,CCore 1,CCore 1,CCore 1,CCore 1,CCore 1,CCore 1,CCore 1,,,,,,,,
HART 413,CCore 1,CCore 1,CCore 1,CCore 1,CCore 1,CCore 1,CCore 1,CCore 1,CCore 1,CCore 1,CCore 1,CCore 1,CCore 1,CCore 1,CCore 1,CCore 1,CCore 1,CCore 1,CCore 1,CCore 1,CCore 1,CCore 1,CCore 1,CCore 1,CCore 1,CCore 1,CCore 1,CCore 1,CCore 1,CCore 1,CCore 1,CCore 1,CCore 1,CCore 1,CCore 1,CCore 1,CCore 1,CCore 1,CCore 1,CCore 1,CCore 1,CCore 1,CCore 1,CCore 1,CCore 1,CCore 1,CCore 1,CCore 1,CCore 1,CCore 1,CCore 1,CCore 1,CCore 1,CCore 1,CCore 1,CCore 1,CCore 1,CCore 1,CCore 1,CCore 1,CCore 1,CCore 1,CCore 1,CCore 1,CCore 1,CCore 1,CCore 1,CCore 1,CCore 1,CCore 1,CCore 1,CCore 1,CCore 1,CCore 1,CCore 1,CCore 1,CCore 1,CCore 1,CCore 1,CCore 1,CCore 1,CCore 1
PSY 301,CCore 1,CCore 1,CCore 1,CCore 1,CCore 1,CCore 1,CCore 1,CCore 1,CCore 1,CCore 1,CCore 1,CCore 1,CCore 1,CCore 1,CCore 1,CCore 1,CCore 1,CCore 1,CCore 1,CCore 1,CCore 1,CCore 1,CCore 1,CCore 1,CCore 1,CCore 1,CCore 1,CCore 1,CCore 1,CCore 1,CCore 1:A,CCore 1:A,CCore 1:A,CCore 1:A,CCore 1:A,CCore 1:A,CCore 1:A,CCore 1:A,CCore 1:A,CCore 1:A,CCore 1:A,CCore 1:A,FFree,FFree,FFree,,,,,,,,,,,,,,,,,,,,,,,,,,,,,,,,,,,,,
PSY 302,CCore 1,CCore 1,CCore 1,CCore 1,CCore 1,CCore 1,CCore 1,CCore 1,CCore 1,CCore 1,CCore 1,CCore 1,CCore 1,CCore 1,CCore 1,CCore 1,CCore 1,CCore 1,CCore 1,CCore 1,CCore 1,CCore 1,CCore 1,CCore 1,CCore 1,CCore 1,CCore 1,CCore 1,CCore 1,CCore 1,CCore 1:A,CCore 1:A,CCore 1:A,CCore 1:A,CCore 1:A,CCore 1:A,CCore 1:A,CCore 1:A,CCore 1:A,CCore 1:A,CCore 1:A,CCore 1:A,FFree,FFree,FFree,,,,,,,,,,,,,,,,,,,,,,,,,,,,,,,,,,,,,
VA 210,CCore 1:A,CCore 1:A,CCore 1:A,CCore 1:A,CCore 1:A,CCore 1:A,CCore 1:A,CCore 1:A,CCore 1:A,CCore 1:A,CCore 1:A,CCore 1:A,CCore 1:A,CCore 1:A,CCore 1:A,CCore 1:A,CCore 1:A,CCore 1:A,CCore 1:A,CCore 1:A,CCore 1:A,CCore 1:A,CCore 1:A,CCore 1:A,CCore 1:A,CCore 1:A,CCore 1:A,CCore 1:A,CCore 1:A,CCore 1:A,CCore 1,CCore 1,CCore 1,CCore 1,CCore 1,CCore 1,CCore 1,CCore 1,CCore 1,CCore 1,CCore 1,CCore 1,CCore 1,CCore 1,CCore 1,CCore 1,CCore 1,CCore 1,,,,,,,,,,,,,,,,,,,,,,,,,,,,,,,,,,
VA 312,CCore 1,CCore 1,CCore 1,CCore 1,CCore 1,CCore 1,CCore 1,CCore 1,CCore 1,CCore 1,CCore 1,CCore 1,CCore 1,CCore 1,CCore 1,CCore 1,CCore 1,CCore 1,CCore 1,CCore 1,CCore 1,CCore 1:A,CCore 1:A,CCore 1:A,CCore 1,CCore 1,CCore 1,CCore 1,CCore 1,CCore 1,CCore 1:A,CCore 1:A,CCore 1:A,CCore 1:A,CCore 1:A,CCore 1:A,CCore 1:A,CCore 1:A,CCore 1:A,CCore 1:A,CCore 1:A,CCore 1:A,CCore 1:A,CCore 1:A,CCore 1:A,CCore 1:A,CCore 1:A,CCore 1:A,CCore 1:A,CCore 1:A,CCore 1:A,CCore 1:A,CCore 1:A,CCore 1:A,CCore 1:A,CCore 1:A,CCore 1:A,CCore 1:A,CCore 1:A,CCore 1:A,AArea:A,AArea:A,AArea:A,AArea:A,AArea:A,AArea:A,AArea:A,AArea:A,AArea:A,AArea:A,AArea:A,AArea:A,AArea:A,AArea:A,AArea:A,AArea:A,AArea:A,AArea:A,AArea:A,AArea:A,AArea:A,AArea:A
VA 413,CCore 1,CCore 1,CCore 1,CCore 1,CCore 1,CCore 1,CCore 1,CCore 1,CCore 1,CCore 1,CCore 1,CCore 1,CCore 1,CCore 1,CCore 1,CCore 1,CCore 1,CCore 1,CCore 1,CCore 1,CCore 1,CCore 1,CCore 1,,,,,,,,,,,,,,,,,,,,,,,,,,,,,,,,,,,,,,,,,,,,,,,,,,,,,,,,,,,
VA 420,CCore 1,CCore 1,CCore 1,CCore 1,CCore 1,CCore 1,CCore 1,CCore 1,CCore 1,CCore 1,CCore 1,CCore 1,CCore 1,CCore 1,CCore 1,CCore 1,CCore 1,CCore 1,CCore 1,CCore 1,CCore 1,CCore 1,CCore 1,CCore 1,CCore 1,CCore 1,CCore 1,CCore 1,CCore 1,CCore 1,CCore 1,CCore 1,CCore 1,CCore 1,CCore 1,CCore 1,CCore 1,CCore 1,CCore 1,CCore 1,CCore 1,CCore 1,CCore 1,CCore 1,CCore 1,CCore 1,CCore 1,CCore 1,CCore 1,CCore 1,CCore 1,CCore 1,CCore 1,CCore 1,CCore 1,CCore 1,CCore 1,CCore 1,CCore 1,CCore 1,CCore 1,CCore 1,CCore 1,CCore 1,CCore 1,CCore 1,CCore 1,CCore 1,CCore 1,CCore 1,CCore 1,CCore 1,CCore 1,CCore 1,CCore 1,CCore 1,CCore 1,CCore 1,CCore 1,CCore 1,CCore 1,CCore 1
VA 430,CCore 1,CCore 1,CCore 1,CCore 1,CCore 1,CCore 1,CCore 1,CCore 1,CCore 1,CCore 1,CCore 1,CCore 1,CCore 1,CCore 1,CCore 1,CCore 1,CCore 1,CCore 1,CCore 1,CCore 1,CCore 1,CCore 1,CCore 1,CCore 1,CCore 1,CCore 1,CCore 1,CCore 1,CCore 1,CCore 1,CCore 1,CCore 1,CCore 1,CCore 1,CCore 1,CCore 1,CCore 1,CCore 1,CCore 1,CCore 1,CCore 1,CCore 1,CCore 1,CCore 1,CCore 1,CCore 1,CCore 1,CCore 1,CCore 1,CCore 1,CCore 1,CCore 1,CCore 1,CCore 1,CCore 1,CCore 1,CCore 1,CCore 1,CCore 1,CCore 1,CCore 1,CCore 1,CCore 1,CCore 1,CCore 1,CCore 1,CCore 1,CCore 1,CCore 1,CCore 1,CCore 1,CCore 1,CCore 1,CCore 1,CCore 1,CCore 1,CCore 1,CCore 1,CCore 1,CCore 1,CCore 1,CCore 1
VA 435,CCore 1,CCore 1,CCore 1,CCore 1,CCore 1,CCore 1,CCore 1,CCore 1,CCore 1,CCore 1,CCore 1,CCore 1,CCore 1,CCore 1,CCore 1,AArea,AArea,AArea,AArea,AArea,AArea,AArea,AArea,,,,,,,,,,,,,,,,,,,,,,,,,,,,,,,,,,,,,,,,,,,,,,,,,,,,,,,,,,,
VIS 412,CCore 1,CCore 1,CCore 1,CCore 1,CCore 1,CCore 1,CCore 1,CCore 1,CCore 1,CCore 1,CCore 1,CCore 1,CCore 1,CCore 1,CCore 1,CCore 1,AArea,AArea,AArea,AArea,AArea,AArea,AArea,AArea,AArea,AArea,AArea,AArea,AArea,AArea,AArea,AArea,AArea,AArea,AArea,AArea,AArea,AArea,AArea,AArea,AArea,AArea,CCore 1,CCore 1,CCore 1,CCore 1,CCore 1,CCore 1,CCore 1,CCore 1,CCore 1,CCore 1,CCore 1,CCore 1,CCore 1,CCore 1,CCore 1,CCore 1,CCore 1,CCore 1,CCore 1,CCore 1,CCore 1,CCore 1,CCore 1,CCore 1,CCore 1,CCore 1,CCore 1,CCore 1,CCore 1,CCore 1,CCore 1,CCore 1,,,,,,,,
VA 234,CCore 2,CCore 2,CCore 2,CCore 2,CCore 2,CCore 2,CCore 2,CCore 2,CCore 2,CCore 2,CCore 2,CCore 2,CCore 2,CCore 2,CCore 2,RRequired,RRequired,RRequired,RRequired,RRequired,RRequired,RRequired,RRequired,RRequired,RRequired,RRequired,RRequired,RRequired,RRequired,RRequired,RRequired,RRequired,RRequired,RRequired,RRequired,RRequired,RRequired,RRequired,RRequired,RRequired,RRequired,RRequired,RRequired,RRequired,RRequired,RRequired,RRequired,RRequired,RRequired,RRequired,RRequired,RRequired,RRequired,RRequired,RRequired,RRequired,RRequired,RRequired,RRequired,RRequired,CCore 2,CCore 2,CCore 2,CCore 2,CCore 2,CCore 2,CCore 2,CCore 2,CCore 2,CCore 2,CCore 2,CCore 2,CCore 2,CCore 2,CCore 2,CCore 2,CCore 2,CCore 2,CCore 2,CCore 2,CCore 2,CCore 2
VA 304,CCore 2,CCore 2,CCore 2,CCore 2,CCore 2,CCore 2,CCore 2,CCore 2,CCore 2,CCore 2,CCore 2,CCore 2,CCore 2,CCore 2,CCore 2,CCore 2,CCore 2,CCore 2,CCore 2,CCore 2,CCore 2,CCore 2,CCore 2,CCore 2,CCore 2,CCore 2,CCore 2,CCore 2,CCore 2,CCore 2,CCore 2,CCore 2,CCore 2,CCore 2,CCore 2,CCore 2,CCore 2,CCore 2,CCore 2,CCore 2,CCore 2,CCore 2,CCore 2,CCore 2,CCore 2,CCore 2,CCore 2,CCore 2,CCore 2,CCore 2,CCore 2,CCore 2,CCore 2,CCore 2,CCore 2,CCore 2,CCore 2,CCore 2,CCore 2,CCore 2,CCore 2,CCore 2,CCore 2,CCore 2,CCore 2,CCore 2,CCore 2,CCore 2,CCore 2,CCore 2,CCore 2,CCore 2,CCore 2,CCore 2,CCore 2,CCore 2,CCore 2,CCore 2,CCore 2,CCore 2,CCore 2,CCore 2
VA 321,CCore 2,CCore 2,CCore 2,CCore 2,CCore 2,CCore 2,CCore 2,CCore 2,CCore 2,CCore 2,CCore 2,CCore 2,CCore 2,CCore 2,CCore 2,AArea,AArea,AArea,AArea,AArea,AArea,AArea,AArea,AArea,AArea,AArea,AArea,AArea,AArea,AArea,AArea,AArea,AArea,AArea,AArea,AArea,AArea,AArea,AArea,AArea,AArea,AArea,AArea,AArea,AArea,AArea,AArea,AArea,AArea,AArea,AArea,AArea,AArea,AArea,AArea,AArea,AArea,AArea,AArea,AArea,AArea,AArea,AArea,AArea,AArea,AArea,AArea,AArea,AArea,,,,,,,,,,,,,
VA 322,CCore 2,CCore 2,CCore 2,CCore 2,CCore 2,CCore 2,CCore 2,CCore 2,CCore 2,CCore 2,CCore 2,CCore 2,CCore 2,CCore 2,CCore 2,AArea,AArea,AArea,AArea,AArea,AArea,AArea,AArea,AArea,AArea,AArea,AArea,AArea,AArea,AArea,AArea,AArea,AArea,AArea,AArea,AArea,AArea,AArea,AArea,AArea,AArea,AArea,AArea,AArea,AArea,AArea,AArea,AArea,AArea,AArea,AArea,AArea,AArea,AArea,AArea,AArea,AArea,AArea,AArea,AArea,,,,,,,,,,,,,,,,,,,,,,
VA 323,CCore 2,CCore 2,CCore 2,CCore 2,CCore 2,CCore 2,CCore 2,CCore 2,CCore 2,CCore 2,CCore 2,CCore 2,CCore 2,CCore 2,CCore 2,CCore 2,CCore 2,CCore 2,CCore 2,CCore 2,CCore 2,CCore 2,CCore 2,CCore 2,CCore 2,CCore 2,CCore 2,CCore 2,CCore 2,CCore 2,CCore 2,CCore 2,CCore 2,CCore 2,CCore 2,CCore 2,CCore 2,CCore 2,CCore 2,CCore 2,CCore 2,CCore 2,CCore 2,CCore 2,CCore 2,CCore 2,CCore 2,CCore 2,CCore 2,CCore 2,CCore 2,CCore 2,CCore 2,CCore 2,CCore 2,CCore 2,CCore 2,CCore 2,CCore 2,CCore 2,CCore 2,CCore 2,CCore 2,CCore 2,CCore 2,CCore 2,CCore 2,CCore 2,CCore 2,CCore 2,CCore 2,CCore 2,CCore 2,CCore 2,CCore 2,AArea,AArea,AArea,AArea,AArea,AArea,AArea
VA 324,CCore 2,CCore 2,CCore 2,CCore 2,CCore 2,CCore 2,CCore 2,CCore 2,CCore 2,CCore 2,CCore 2,CCore 2,CCore 2,CCore 2,CCore 2,CCore 2,CCore 2,CCore 2,CCore 2,CCore 2,CCore 2,CCore 2,CCore 2,CCore 2,CCore 2,CCore 2,CCore 2,CCore 2,CCore 2,CCore 2,CCore 2,CCore 2,CCore 2,CCore 2,CCore 2,CCore 2,CCore 2,CCore 2,CCore 2,CCore 2,CCore 2,CCore 2,CCore 2,CCore 2,CCore 2,CCore 2,CCore 2,CCore 2,CCore 2,CCore 2,CCore 2,CCore 2,CCore 2,CCore 2,CCore 2,CCore 2,CCore 2,CCore 2,CCore 2,CCore 2,CCore 2,CCore 2,CCore 2,CCore 2,CCore 2,CCore 2,CCore 2,CCore 2,CCore 2,CCore 2,CCore 2,CCore 2,CCore 2,CCore 2,CCore 2,AArea,AArea,AArea,AArea,AArea,AArea,AArea
VA 325,CCore 2,CCore 2,CCore 2,CCore 2,CCore 2,CCore 2,CCore 2,CCore 2,CCore 2,CCore 2,CCore 2,CCore 2,CCore 2,CCore 2,CCore 2,CCore 2,CCore 2,CCore 2,CCore 2,CCore 2,CCore 2,CCore 2,CCore 2,CCore 2,CCore 2,CCore 2,CCore 2,CCore 2,CCore 2,CCore 2,CCore 2,CCore 2,CCore 2,CCore 2,CCore 2,CCore 2,CCore 2,CCore 2,CCore 2,CCore 2,CCore 2,CCore 2,CCore 2,CCore 2,CCore 2,CCore 2,CCore 2,CCore 2,CCore 2,CCore 2,CCore 2,CCore 2,CCore 2,CCore 2,CCore 2,CCore 2,CCore 2,CCore 2,CCore 2,CCore 2,AArea,AArea,AArea,AArea,AArea,AArea,AArea,AArea,AArea,AArea,AArea,AArea,AArea,AArea,AArea,AArea,AArea,AArea,AArea,AArea,AArea,AArea
VA 331,CCore 2,CCore 2,CCore 2,CCore 2,CCore 2,CCore 2,CCore 2,CCore 2,CCore 2,CCore 2,CCore 2,CCore 2,CCore 2,CCore 2,CCore 2,CCore 2,CCore 2,CCore 2,CCore 2,CCore 2,CCore 2,CCore 2,CCore 2,CCore 2,CCore 2,CCore 2,CCore 2,CCore 2,CCore 2,CCore 2,CCore 2,CCore 2,CCore 2,CCore 2,CCore 2,CCore 2,CCore 2,CCore 2,CCore 2,CCore 2,CCore 2,CCore 2,CCore 2,CCore 2,CCore 2,CCore 2,CCore 2,CCore 2,CCore 2,CCore 2,CCore 2,CCore 2,CCore 2,CCore 2,CCore 2,CCore 2,CCore 2,CCore 2,CCore 2,CCore 2,CCore 2,CCore 2,CCore 2,CCore 2,CCore 2,CCore 2,CCore 2,CCore 2,CCore 2,CCore 2,CCore 2,CCore 2,CCore 2,CCore 2,CCore 2,AArea,AArea,AArea,AArea,AArea,AArea,AArea
VA 332,CCore 2,CCore 2,CCore 2,CCore 2,CCore 2,CCore 2,CCore 2,CCore 2,CCore 2,CCore 2,CCore 2,CCore 2,CCore 2,CCore 2,CCore 2,CCore 2,CCore 2,CCore 2,CCore 2,CCore 2,CCore 2,CCore 2,CCore 2,CCore 2,CCore 2,CCore 2,CCore 2,CCore 2,CCore 2,CCore 2,,,,,,,,,,,,,,,,,,,,,,,,,,,,,,,,,,,,,,,,,,,,,,,,,,,,
VA 335,CCore 2,CCore 2,CCore 2,CCore 2,CCore 2,CCore 2,CCore 2,CCore 2,CCore 2,CCore 2,CCore 2,CCore 2,CCore 2,CCore 2,CCore 2,CCore 2,CCore 2,CCore 2,CCore 2,CCore 2,CCore 2,CCore 2,CCore 2,CCore 2,CCore 2,CCore 2,CCore 2,CCore 2,CCore 2,CCore 2,CCore 2,CCore 2,CCore 2,CCore 2,CCore 2,CCore 2,CCore 2,CCore 2,CCore 2,CCore 2,CCore 2,CCore 2,CCore 2,CCore 2,CCore 2,CCore 2,CCore 2,CCore 2,CCore 2,CCore 2,CCore 2,CCore 2,CCore 2,CCore 2,CCore 2,CCore 2,CCore 2,CCore 2,CCore 2,CCore 2,CCore 2,CCore 2,CCore 2,CCore 2,CCore 2,CCore 2,CCore 2,CCore 2,CCore 2,CCore 2,CCore 2,CCore 2,CCore 2,CCore 2,CCore 2,AArea,AArea,AArea,AArea,AArea,AArea,AArea
VA 431,CCore 2,CCore 2,CCore 2,CCore 2,CCore 2,CCore 2,CCore 2,CCore 2,CCore 2,CCore 2,CCore 2,CCore 2,CCore 2,CCore 2,CCore 2,CCore 2,CCore 2,CCore 2,CCore 2,CCore 2,CCore 2,CCore 2,CCore 2,CCore 2,CCore 2,CCore 2,CCore 2,CCore 2,CCore 2,CCore 2,CCore 2,CCore 2,CCore 2,CCore 2,CCore 2,CCore 2,CCore 2,CCore 2,CCore 2,CCore 2,CCore 2,CCore 2,CCore 2,CCore 2,CCore 2,CCore 2,CCore 2,CCore 2,CCore 2,CCore 2,CCore 2,CCore 2,CCore 2,CCore 2,CCore 2,CCore 2,CCore 2,CCore 2,CCore 2,CCore 2,CCore 2,CCore 2,CCore 2,CCore 2,CCore 2,CCore 2,CCore 2,CCore 2,CCore 2,CCore 2,CCore 2,CCore 2,CCore 2,CCore 2,CCore 2,AArea,AArea,AArea,AArea,AArea,AArea,AArea
VA 456,CCore 2,CCore 2,CCore 2,CCore 2,CCore 2,CCore 2,CCore 2,CCore 2,CCore 2,CCore 2,CCore 2,CCore 2,CCore 2,CCore 2,CCore 2,CCore 2,CCore 2,CCore 2,CCore 2,CCore 2,CCore 2,CCore 2,CCore 2,CCore 2,CCore 2,CCore 2,CCore 2,CCore 2,CCore 2,CCore 2,CCore 2,CCore 2,CCore 2,CCore 2,CCore 2,CCore 2,CCore 2,CCore 2,CCore 2,CCore 2,CCore 2,CCore 2,CCore 2,CCore 2,CCore 2,CCore 2,CCore 2,CCore 2,CCore 2,CCore 2,CCore 2,CCore 2,CCore 2,CCore 2,CCore 2,CCore 2,CCore 2,,,,,,,,,,,,,,,,,,,,,,,,,
CULT 201,AArea:A,AArea:A,AArea:A,AArea:A,AArea:A,AArea:A,AArea:A,AArea:A,AArea:A,AArea:A,AArea:A,AArea:A,AArea:A,AArea:A,AArea:A,AArea:A,AArea:A,AArea:A,AArea:A,AArea:A,AArea:A,AArea:A,AArea:A,AArea:A,AArea:A,AArea:A,AArea:A,AArea:A,AArea:A,AArea:A,AArea:A,AArea:A,AArea:A,AArea:A,AArea:A,AArea:A,AArea:A,AArea:A,AArea:A,AArea:A,AArea:A,AArea:A,AArea:A,,,,,,,,,,,,,,,,,,,,,,,,,,,,,,,,,,,,,,,
CULT 212,AArea:A,AArea:A,AArea:A,AArea:A,AArea:A,AArea:A,AArea:A,AArea:A,AArea:A,AArea:A,AArea:A,AArea:A,AArea:A,AArea:A,AArea:A,AArea:A,AArea:A,AArea:A,AArea:A,AArea:A,AArea:A,AArea:A,,,,,,,,,,,,,,,,,,,,,,,,,,,,,,,,,,,,,,,,,,,,,,,,,,,,,,,,,,,,
CULT 222,AArea:A,AArea:A,AArea:A,AArea:A,AArea:A,AArea:A,AArea:A,AArea:A,AArea:A,AArea:A,AArea:A,AArea:A,AArea:A,AArea:A,AArea:A,AArea:A,AArea:A,AArea:A,AArea:A,AArea:A,AArea:A,AArea:A,AArea,AArea,AArea:A,AArea:A,AArea:A,AArea:A,AArea:A,AArea:A,AArea,,,,,,,,,,,,,,,,,,,,,,,,,,,,,,,,,,,,,,,,,,,,,,,,,,,
CULT 223,AArea,AArea,AArea,AArea,AArea,AArea,AArea,AArea,AArea,AArea,AArea,AArea,AArea,AArea,AArea,AArea,AArea,AArea,AArea,AArea,AArea,AArea,AArea,AArea,AArea,AArea,AArea,AArea,AArea,AArea,AArea,AArea,AArea,AArea,,,,,,,,,,,,,,,,,,,,,,,,,,,,,,,,,,,,,,,,,,,,,,,,
CULT 224,AArea,AArea,AArea,AArea,AArea,AArea,AArea,AArea,AArea,AArea,AArea,AArea,AArea,AArea,AArea,AArea,AArea,AArea,AArea,AArea,AArea,AArea,AArea,,,,,,,,,,,,,,,,,,,,,,,,,,,,,,,,,,,,,,,,,,,,,,,,,,,,,,,,,,,
CULT 225,AArea:A,AArea:A,AArea:A,AArea:A,AArea:A,AArea:A,AArea:A,AArea:A,AArea:A,AArea:A,AArea:A,AArea:A,AArea:A,AArea:A,AArea:A,AArea:A,AArea:A,AArea:A,AArea:A,AArea:A,AArea:A,AArea:A,AArea:A,AArea:A,,,,,,,,,,,,,,,,,,,,,,,,,,,,,,,,,,,,,,,,,,,,,,,,,,,,,,,,,,
CULT 230,AArea,AArea,AArea,AArea,AArea,AArea,AArea,AArea,AArea,AArea,AArea,AArea,AArea,AArea,AArea,AArea,AArea,AArea,AArea,AArea,AArea,AArea,AArea,AArea,AArea,AArea,AArea,AArea,AArea,AArea,AArea,AArea,AArea,AArea,AArea,AArea,AArea,AArea,AArea,AArea,AArea,AArea,AArea,AArea,AArea,AArea,AArea,AArea,AArea,AArea,AArea,AArea,AArea,AArea,AArea,AArea,AArea,AArea,AArea,AArea,AArea,,,,,,,,,,,,,,,,,,,,,
CULT 231,AArea:A,AArea:A,AArea:A,AArea:A,AArea:A,AArea:A,AArea:A,AArea:A,AArea:A,AArea:A,AArea:A,AArea:A,AArea:A,AArea:A,AArea:A,AArea:A,AArea:A,AArea:A,AArea:A,AArea:A,AArea:A,AArea:A,,,,,,,,,,,,,,,,,,,,,,,,,,,,,,,,,,,,,,,,,,,,,,,,,,,,,,,,,,,,
CULT 232,AArea:A,AArea:A,AArea:A,AArea:A,AArea:A,AArea:A,AArea:A,AArea:A,AArea:A,AArea:A,AArea:A,AArea:A,AArea:A,AArea:A,AArea:A,AArea:A,AArea:A,AArea:A,,,,,,,,,,,,,,,,,,,,,,,,,,,,,,,,,,,,,,,,,,,,,,,,,,,,,,,,,,,,,,,,
CULT 242,AArea:A,AArea:A,AArea:A,AArea:A,AArea:A,AArea:A,AArea:A,AArea:A,AArea:A,AArea:A,AArea:A,AArea:A,AArea:A,AArea:A,AArea:A,AArea:A,AArea:A,AArea:A,AArea:A,AArea:A,AArea:A,AArea:A,AArea:A,AArea:A,AArea:A,AArea:A,AArea:A,AArea:A,AArea:A,AArea:A,AArea:A,AArea:A,AArea:A,AArea:A,AArea:A,AArea:A,AArea:A,AArea:A,AArea:A,AArea:A,AArea:A,AArea:A,AArea:A,AArea:A,AArea:A,AArea:A,AArea:A,AArea:A,,,,,,,,,,,,,,,,,,,,,,,,,,,,,,,,,,
CULT 250,AArea:A,AArea:A,AArea:A,AArea:A,AArea:A,AArea:A,AArea:A,AArea:A,AArea:A,AArea:A,AArea:A,AArea:A,AArea:A,AArea:A,AArea:A,AArea:A,AArea:A,AArea:A,AArea:A,AArea:A,AArea:A,AArea:A,AArea:A,AArea:A,AArea,AArea,AArea,AArea,,,,,,,,,,,,,,,,,,,,,,,,,,,,,,,,,,,,,,,,,,,,,,,,,,,,,,
CULT 251,AArea:A,AArea:A,AArea:A,AArea:A,AArea:A,AArea:A,AArea:A,AArea:A,AArea:A,AArea:A,AArea:A,AArea:A,AArea:A,AArea:A,AArea:A,AArea:A,AArea:A,AArea:A,AArea:A,AArea:A,AArea:A,AArea:A,,,,,,,,,,,,,,,,,,,,,,,,,,,,,,,,,,,,,,,,,,,,,,,,,,,,,,,,,,,,
CULT 291,AArea:A,AArea:A,AArea:A,AArea:A,AArea:A,AArea:A,AArea:A,AArea:A,AArea:A,AArea:A,AArea:A,AArea:A,AArea:A,AArea:A,AArea:A,AArea,,,,,,,,,,,,,,,,,,,,,,,,,,,,,,,,,,,,,,,,,,,,,,,,,,,,,,,,,,,,,,,,,,
CULT 299,AArea,AArea,AArea,AArea,AArea,AArea,AArea,AArea,AArea,AArea,AArea,AArea,AArea,AArea,AArea,AArea,AArea,AArea,AArea,AArea,AArea,AArea,AArea,AArea,AArea,AArea,AArea,AArea,AArea,AArea,AArea,AArea,AArea,AArea,AArea,AArea,AArea,AArea,AArea,AArea,AArea,AArea,AArea,AArea,AArea,AArea,AArea,AArea,AArea,AArea,AArea,AArea,AArea,AArea,AArea,AArea,AArea,AArea,AArea,AArea,AArea,AArea,AArea,,,,,,,,,,,,,,,,,,,
CULT 320,AArea,AArea,AArea,AArea,AArea,AArea,AArea,AArea,AArea,AArea,AArea,AArea,AArea,AArea,AArea,AArea,AArea,AArea,AArea,AArea,AArea,AArea,AArea:A,AArea:A,AArea,AArea,AArea,AArea,,,,,,,,,,,,,,,,,,,,,,,,,,,,,,,,,,,,,,,,,,,,,,,,,,,,,,
CULT 322,AArea,AArea,AArea,AArea,AArea,AArea,AArea,AArea,AArea,AArea,AArea,AArea,AArea,AArea,AArea,AArea,AArea,AArea,AArea,AArea,AArea,AArea,AArea,AArea,AArea,AArea,AArea,AArea,AArea,AArea,AArea,AArea,AArea,AArea,AArea,AArea,AArea,AArea,AArea,AArea,AArea,AArea,AArea,AArea,AArea,AArea,AArea,AArea,AArea,AArea,AArea,AArea,AArea,AArea,AArea,AArea,AArea,AArea,AArea,AArea,AArea,AArea,AArea,AArea,AArea,AArea,AArea,AArea,AArea,AArea,AArea,AArea,AArea,AArea,AArea,FFree,FFree,FFree,FFree,FFree,FFree,FFree
CULT 323,AArea,AArea,AArea,AArea,AArea,AArea,AArea,AArea,AArea,AArea,AArea,AArea,AArea,AArea,AArea,AArea,AArea,AArea,AArea,AArea,AArea,AArea,,,,,,,,,,,,,,,,,,,,,,,,,,,,,,,,,,,,,,,,,,,,,,,,,,,,,,,,,,,,
CULT 324,AArea,AArea,AArea,AArea,AArea,AArea,AArea,AArea,AArea,AArea,AArea,AArea,AArea,AArea,AArea,AArea,AArea,AArea,AArea,AArea,AArea,AArea,AArea,AArea,AArea,AArea,AArea,,,,,,,,,,,,,,,,,,,,,,,,,,,,,,,,,,,,,,,,,,,,,,,,,,,,,,,
CULT 325,AArea,AArea,AArea,AArea,AArea,AArea,AArea,AArea,AArea,AArea,AArea,AArea,AArea,AArea,AArea,AArea,AArea,AArea,AArea,AArea,AArea,AArea,AArea,AArea,AArea,AArea,AArea,AArea,AArea,AArea,AArea,AArea,AArea,AArea,AArea,AArea,AArea,AArea,AArea,,,,,,,,,,,,,,,,,,,,,,,,,,,,,,,,,,,,,,,,,,,
CULT 326,AArea,AArea,AArea,AArea,AArea,AArea,AArea,AArea,AArea,AArea,AArea,AArea,AArea,AArea,AArea,AArea,AArea,AArea,AArea,AArea,AArea,AArea,,,,,,,,,,,,,,,,,,,,,,,,,,,,,,,,,,,,,,,,,,,,,,,,,,,,,,,,,,,,
CULT 327,AArea,AArea,AArea,AArea,AArea,AArea,AArea,AArea,AArea,AArea,AArea,AArea,AArea,AArea,AArea,AArea,AArea,AArea,AArea,AArea,AArea,AArea,AArea,AArea,AArea,AArea,AArea,AArea,AArea,AArea,AArea,,,,,,,,,,,,,,,,,,,,,,,,,,,,,,,,,,,,,,,,,,,,,,,,,,,
CULT 331,AArea,AArea,AArea,AArea,AArea,AArea,AArea,AArea,AArea,AArea,AArea,AArea,AArea,AArea,AArea,AArea,AArea,AArea,AArea,AArea,AArea,AArea,,,,,,,,,,,,,,,,,,,,,,,,,,,,,,,,,,,,,,,,,,,,,,,,,,,,,,,,,,,,
CULT 341,AArea,AArea,AArea,AArea,AArea,AArea,AArea,AArea,AArea,AArea,AArea,AArea,AArea,AArea,AArea,AArea,AArea,AArea,AArea,AArea,AArea,AArea,AArea,AArea,AArea,AArea,AArea,AArea,AArea,AArea,AArea,AArea,AArea,AArea,AArea,AArea,AArea,AArea,AArea,AArea,AArea,AArea,AArea,AArea,AArea,AArea,AArea,AArea,AArea:A,AArea:A,AArea:A,AArea:A,AArea:A,AArea:A,AArea:A,AArea:A,AArea:A,AArea:A,AArea:A,AArea:A,,,,,,,,,,,,,,,,,,,,,,
CULT 342,AArea,AArea,AArea,AArea,AArea,AArea,AArea,AArea,AArea,AArea,AArea,AArea,AArea,AArea,AArea,AArea,AArea,AArea,AArea,AArea,AArea,AArea,AArea,AArea,AArea,AArea,AArea,AArea,AArea,AArea,AArea,AArea,AArea,AArea,AArea,AArea,,,,,,,,,,,,,,,,,,,,,,,,,,,,,,,,,,,,,,,,,,,,,,
CULT 343,AArea,AArea,AArea,AArea,AArea,AArea,AArea,AArea,AArea,AArea,AArea,AArea,AArea,AArea,AArea,AArea,AArea,AArea,AArea,AArea,AArea,AArea,AArea,AArea,AArea,AArea,AArea,AArea,AArea,AArea,AArea,AArea,AArea,AArea,AArea,AArea,AArea,AArea,AArea,AArea,AArea,AArea,AArea,AArea,AArea,AArea,AArea,AArea,AArea,AArea,AArea,AArea,AArea,AArea,AArea,AArea,AArea,AArea,AArea,AArea,,,,,,,,,,,,,,,,,,,,,,
CULT 344,AArea,AArea,AArea,AArea,AArea,AArea,AArea,AArea,AArea,AArea,AArea,AArea,AArea,AArea,AArea,AArea,AArea,AArea,AArea,AArea,AArea,AArea,,,,,,,,,,,,,,,,,,,,,,,,,,,,,,,,,,,,,,,,,,,,,,,,,,,,,,,,,,,,
CULT 354,AArea,AArea,AArea,AArea,AArea,AArea,AArea,AArea,AArea,AArea,AArea,AArea,AArea,AArea,AArea,AArea,AArea,AArea,AArea,AArea,AArea,AArea,,,,,,,,,,,,,,,,,,,,,,,,,,,,,,,,,,,,,,,,,,,,,,,,,,,,,,,,,,,,
CULT 355,AArea,AArea,AArea,AArea,AArea,AArea,AArea,AArea,AArea,AArea,AArea,AArea,AArea,AArea,AArea,AArea,AArea,AArea,AArea,AArea,AArea,AArea,AArea,AArea,AArea,AArea,AArea,AArea,AArea,AArea,AArea,AArea,AArea,AArea,AArea,AArea,AArea,AArea,AArea,AArea,AArea,AArea,AArea,AArea,AArea,AArea,AArea,AArea,AArea,AArea,AArea,AArea,AArea,AArea,AArea,AArea,AArea,AArea,AArea,AArea,AArea,AArea,AArea,AArea,AArea,AArea,AArea,AArea,AArea,AArea,AArea,AArea,AArea,AArea,AArea,FFree,FFree,FFree,FFree,FFree,FFree,FFree
CULT 360,AArea,AArea,AArea,AArea,AArea,AArea,AArea,AArea,AArea,AArea,AArea,AArea,AArea,AArea,AArea,AArea,AArea,AArea,AArea,AArea,AArea,AArea,AArea,AArea,AArea,AArea,AArea,AArea,AArea,AArea,AArea,AArea,AArea,AArea,AArea,AArea,,,,,,,,,,,,,,,,,,,,,,,,,,,,,,,,,,,,,,,,,,,,,,
CULT 361,AArea,AArea,AArea,AArea,AArea,AArea,AArea,AArea,AArea,AArea,AArea,AArea,AArea,AArea,AArea,AArea,AArea,AArea,AArea,AArea,AArea,AArea,AArea,AArea,AArea,AArea,AArea,AArea,AArea,AArea,AArea,AArea,AArea,AArea,AArea,AArea,AArea,AArea,AArea,AArea,AArea,AArea,AArea,AArea,AArea,AArea,AArea,AArea,AArea,AArea,AArea,AArea,AArea,AArea,AArea,AArea,AArea,AArea,AArea,AArea,AArea,AArea,AArea,AArea,AArea,AArea,AArea,AArea,AArea,AArea,AArea,AArea,AArea,AArea,AArea,FFree,FFree,FFree,FFree,FFree,FFree,FFree
CULT 362,AArea,AArea,AArea,AArea,AArea,AArea,AArea,AArea,AArea,AArea,AArea,AArea,AArea,AArea,AArea,AArea,AArea,AArea,AArea,AArea,AArea,AArea,AArea,AArea,AArea,AArea,AArea,AArea,AArea,AArea,AArea,AArea,AArea,AArea,AArea,AArea,AArea,AArea,AArea,AArea,AArea,AArea,AArea,AArea,AArea,AArea,AArea,AArea,AArea,AArea,AArea,AArea,AArea,AArea,AArea,AArea,AArea,AArea,AArea,AArea,AArea,,,,,,,,,,,,,,,,,,,,,
CULT 363,AArea,AArea,AArea,AArea,AArea,AArea,AArea,AArea,AArea,AArea,AArea,AArea,AArea,AArea,AArea,AArea,AArea,AArea,AArea,AArea,AArea,AArea,,,,,,,,,,,,,,,,,,,,,,,,,,,,,,,,,,,,,,,,,,,,,,,,,,,,,,,,,,,,
CULT 364,AArea,AArea,AArea,AArea,AArea,AArea,AArea,AArea,AArea,AArea,AArea,AArea,AArea,AArea,AArea,AArea,AArea,AArea,AArea,AArea,AArea,AArea,AArea,AArea,AArea,AArea,AArea,AArea,AArea,AArea,AArea,AArea,AArea,AArea,AArea,AArea,AArea,AArea,AArea,AArea,AArea,AArea,AArea,AArea,AArea,,,,,,,,,,,,,,,,,,,,,,,,,,,,,,,,,,,,,
CULT 368,AArea:A,AArea:A,AArea:A,AArea:A,AArea:A,AArea:A,AArea:A,AArea:A,AArea:A,AArea:A,AArea:A,AArea:A,AArea:A,AArea:A,AArea:A,AArea:A,AArea:A,AArea:A,AArea:A,AArea:A,AArea:A,AArea:A,AArea:A,AArea:A,AArea:A,AArea:A,AArea:A,AArea:A,AArea:A,AArea:A,AArea:A,AArea:A,AArea:A,AArea:A,AArea:A,AArea:A,AArea:A,AArea:A,AArea:A,AArea:A,AArea:A,AArea:A,AArea:A,AArea:A,AArea:A,AArea:A,AArea:A,AArea:A,AArea:A,AArea:A,AArea:A,AArea:A,AArea:A,AArea:A,AArea:A,AArea:A,AArea:A,AArea:A,AArea:A,AArea:A,AArea:A,AArea:A,AArea:A,AArea:A,AArea:A,AArea:A,AArea:A,AArea:A,AArea:A,AArea:A,AArea:A,AArea:A,AArea:A,AArea:A,AArea:A,FFree:A,FFree:A,FFree:A,FFree:A,FFree:A,FFree:A,FFree:A
CULT 370,AArea,AArea,AArea,AArea,AArea,AArea,AArea,AArea,AArea,AArea,AArea,AArea,AArea,AArea,AArea,AArea,AArea,AArea,AArea,AArea,AArea,AArea,AArea,AArea,AArea,AArea,AArea,AArea,AArea,AArea,AArea,AArea,AArea,AArea,AArea,AArea,AArea,AArea,AArea,AArea,AArea,AArea,AArea,AArea,AArea,AArea,AArea,AArea,AArea,AArea,AArea,AArea,AArea,AArea,AArea,AArea,AArea,AArea,AArea,AArea,AArea,AArea,AArea,AArea,AArea,AArea,AArea,AArea,AArea,AArea,AArea,AArea,AArea,AArea,AArea,FFree,FFree,FFree,FFree,FFree,FFree,FFree
CULT 384,AArea,AArea,AArea,AArea,AArea,AArea,AArea,AArea,AArea,AArea,AArea,AArea,AArea,AArea,AArea,AArea,AArea,AArea,AArea,AArea,AArea,AArea,AArea,AArea,AArea,AArea,AArea,AArea,AArea,AArea,AArea,AArea,AArea,AArea,AArea,AArea,AArea,AArea,AArea,AArea,AArea,AArea,AArea,AArea,AArea,AArea,AArea,AArea,AArea,AArea,AArea,AArea,AArea,AArea,AArea,AArea,AArea,AArea,AArea,AArea,AArea,AArea,AArea,AArea,AArea,AArea,AArea,AArea,AArea,AArea,AArea,AArea,AArea,AArea,AArea,FFree,FFree,FFree,,,,
CULT 391,AArea,AArea,AArea,AArea,AArea,AArea,AArea,AArea,AArea,AArea,AArea,AArea,AArea,AArea,AArea,AArea,AArea,AArea,AArea,AArea,AArea,AArea,AArea,AArea,AArea,AArea,AArea,AArea,AArea,AArea,AArea,AArea,AArea,AArea,AArea,AArea,AArea,AArea,AArea,AArea,AArea,AArea,AArea,AArea,AArea,AArea,AArea,AArea,AArea,AArea,AArea,AArea,AArea,AArea,AArea,AArea,AArea,AArea,AArea,AArea,AArea,AArea,AArea,AArea,AArea,AArea,AArea,AArea,AArea,AArea,AArea,AArea,AArea,AArea,AArea,FFree,FFree,FFree,FFree,FFree,FFree,FFree
CULT 399,AArea,AArea,AArea,AArea,AArea,AArea,AArea,AArea,AArea,AArea,AArea,AArea,AArea,AArea,AArea,AArea,AArea,AArea,AArea,AArea,AArea,AArea,AArea,AArea,AArea,AArea,AArea,AArea,AArea,AArea,AArea,AArea,AArea,AArea,AArea,AArea,AArea,AArea,AArea,AArea,AArea,AArea,AArea,AArea,AArea,AArea,AArea,AArea,AArea,AArea,AArea,AArea,AArea,AArea,AArea,AArea,AArea,AArea,AArea,AArea,AArea,AArea,AArea,AArea,AArea,AArea,AArea,AArea,AArea,AArea,AArea,AArea,AArea,AArea,AArea,FFree,FFree,FFree,FFree,FFree,FFree,FFree
CULT 411,AArea,AArea,AArea,AArea,AArea,AArea,AArea,AArea,AArea,AArea,AArea,AArea,AArea,AArea,AArea,AArea,AArea,AArea,AArea,AArea,AArea,AArea,AArea,AArea,AArea,AArea,AArea,AArea,,,,,,,,,,,,,,,,,,,,,,,,,,,,,,,,,,,,,,,,,,,,,,,,,,,,,,
CULT 420,AArea,AArea,AArea,AArea,AArea,AArea,AArea,AArea,AArea,AArea,AArea,AArea,AArea,AArea,AArea,AArea,AArea,AArea,AArea,AArea,AArea,AArea,AArea,AArea,AArea,AArea,AArea,AArea,AArea,AArea,,,,,,,,,,,,,,,,,,,,,,,,,,,,,,,,,,,,,,,,,,,,,,,,,,,,
CULT 421,AArea,AArea,AArea,AArea,AArea,AArea,AArea,AArea,AArea,AArea,AArea,AArea,AArea,AArea,AArea,AArea,AArea,AArea,AArea,AArea,AArea,AArea,AArea,AArea,AArea,AArea,AArea,AArea,AArea,AArea,AArea,AArea,AArea,AArea,AArea,AArea,AArea,AArea,AArea,AArea,AArea,AArea,AArea,AArea,AArea,AArea,AArea,AArea,AArea,AArea,AArea,AArea,AArea,AArea,AArea,AArea,AArea,AArea,AArea,AArea,AArea,AArea,AArea,AArea,AArea,AArea,AArea,AArea,AArea,AArea,,,,,,,,,,,,
CULT 423,AArea,AArea,AArea,AArea,AArea,AArea,AArea,AArea,AArea,AArea,AArea,AArea,AArea,AArea,AArea,AArea,AArea,AArea,AArea,AArea,AArea,AArea,,,,,,,,,,,,,,,,,,,,,,,,,,,,,,,,,,,,,,,,,,,,,,,,,,,,,,,,,,,,
CULT 432,AArea,AArea,AArea,AArea,AArea,AArea,AArea,AArea,AArea,AArea,AArea,AArea,AArea,AArea,AArea,AArea,AArea,AArea,AArea,AArea,AArea,AArea,AArea,AArea,AArea,AArea,AArea,AArea,AArea,AArea,AArea,AArea,AArea,AArea,AArea,AArea,AArea,AArea,AArea,AArea,AArea,AArea,AArea,AArea,AArea,AArea,AArea,AArea,AArea,AArea,AArea,AArea,AArea,AArea,AArea,AArea,AArea,AArea,AArea,AArea,AArea,AArea,AArea,AArea,AArea,AArea,AArea,AArea,AArea,AArea,AArea,AArea,AArea,AArea,AArea,FFree,FFree,FFree,FFree,FFree,FFree,FFree
CULT 433,AArea,AArea,AArea,AArea,AArea,AArea,AArea,AArea,AArea,AArea,AArea,AArea,AArea,AArea,AArea,AArea,AArea,AArea,AArea,AArea,AArea,AArea,,,,,,,,,,,,,,,,,,,,,,,,,,,,,,,,,,,,,,,,,,,,,,,,,,,,,,,,,,,,
CULT 434,AArea,AArea,AArea,AArea,AArea,AArea,AArea,AArea,AArea,AArea,AArea,AArea,AArea,AArea,AArea,AArea,AArea,AArea,AArea,AArea,AArea,AArea,AArea,AArea,AArea,AArea,AArea,AArea,AArea,AArea,AArea,AArea,AArea,AArea,AArea,AArea,AArea,AArea,AArea,AArea,AArea,AArea,AArea,AArea,AArea,AArea,AArea,AArea,AArea,,,,,,,,,,,,,,,,,,,,,,,,,,,,,,,,,
CULT 435,AArea,AArea,AArea,AArea,AArea,AArea,AArea,AArea,AArea,AArea,AArea,AArea,AArea,AArea,AArea,AArea,AArea,AArea,AArea,AArea,AArea,AArea,AArea,AArea,AArea,AArea,AArea,AArea,AArea,AArea,,,,,,,,,,,,,,,,,,,,,,,,,,,,,,,,,,,,,,,,,,,,,,,,,,,,
CULT 441,AArea,AArea,AArea,AArea,AArea,AArea,AArea,AArea,AArea,AArea,AArea,AArea,AArea,AArea,AArea,AArea,AArea,AArea,AArea,AArea,AArea,AArea,AArea,AArea,AArea,AArea,AArea,AArea,AArea,AArea,AArea,AArea,AArea,AArea,AArea,AArea,AArea,AArea,AArea,AArea,AArea,AArea,AArea,AArea,AArea,AArea,AArea,AArea,AArea,AArea,AArea,AArea,AArea,AArea,AArea,AArea,AArea,AArea,AArea,AArea,,,,,,,,,,,,,,,,,,,,,,
CULT 442,AArea,AArea,AArea,AArea,AArea,AArea,AArea,AArea,AArea,AArea,AArea,AArea,AArea,AArea,AArea,AArea,AArea,AArea,AArea,AArea,AArea,AArea,AArea,AArea,AArea,AArea,AArea,AArea,AArea,AArea,AArea,AArea,AArea,AArea,AArea,AArea,AArea,AArea,AArea,AArea,AArea,AArea,AArea,AArea,AArea,AArea,AArea,AArea,AArea,AArea,AArea,AArea,AArea,AArea,AArea,AArea,AArea,AArea,AArea,AArea,,,,,,,,,,,,,,,,,,,,,,
CULT 443,AArea,AArea,AArea,AArea,AArea,AArea,AArea,AArea,AArea,AArea,AArea,AArea,AArea,AArea,AArea,AArea,AArea,AArea,AArea,AArea,AArea,AArea,AArea,AArea,AArea,AArea,AArea,AArea,AArea,AArea,AArea,AArea,AArea,AArea,AArea,AArea,AArea,AArea,AArea,AArea,AArea,AArea,AArea,AArea,AArea,AArea,AArea,AArea,AArea,AArea,AArea,AArea,AArea,AArea,AArea,AArea,AArea,AArea,AArea,AArea,,,,,,,,,,,,,,,,,,,,,,
CULT 444,AArea,AArea,AArea,AArea,AArea,AArea,AArea,AArea,AArea,AArea,AArea,AArea,AArea,AArea,AArea,AArea,AArea,AArea,AArea,AArea,AArea,AArea,AArea,AArea,AArea,AArea,AArea,AArea,AArea,AArea,AArea,AArea,AArea,AArea,AArea,AArea,AArea,AArea,AArea,AArea,AArea,AArea,AArea,AArea,AArea,AArea,AArea,AArea,AArea,AArea,AArea,AArea,AArea,AArea,AArea,AArea,AArea,AArea,AArea,AArea,,,,,,,,,,,,,,,,,,,,,,
CULT 449,AArea,AArea,AArea,AArea,AArea,AArea,AArea,AArea,AArea,AArea,AArea,AArea,AArea,AArea,AArea,AArea,AArea,AArea,AArea,AArea,AArea,AArea,AArea,AArea,AArea,AArea,AArea,AArea,AArea,AArea,AArea,AArea,AArea,AArea,AArea,AArea,AArea,AArea,AArea,AArea,AArea,AArea,AArea,AArea,AArea,AArea,AArea,AArea,,,,,,,,,,,,,,,,,,,,,,,,,,,,,,,,,,
CULT 450,AArea,AArea,AArea,AArea,AArea,AArea,AArea,AArea,AArea,AArea,AArea,AArea,AArea,AArea,AArea,AArea,AArea,AArea,AArea,AArea,AArea,AArea,,,,,,,,,,,,,,,,,,,,,,,,,,,,,,,,,,,,,,,,,,,,,,,,,,,,,,,,,,,,
CULT 451,AArea,AArea,AArea,AArea,AArea,AArea,AArea,AArea,AArea,AArea,AArea,AArea,AArea,AArea,AArea,AArea,AArea,AArea,AArea,AArea,AArea,AArea,AArea,AArea,AArea,AArea,AArea,AArea,AArea,AArea,AArea,AArea,AArea,AArea,AArea,AArea,AArea,AArea,AArea,AArea,AArea,AArea,AArea,AArea,AArea,AArea,AArea,AArea,AArea,AArea,AArea,AArea,AArea,AArea,AArea,AArea,AArea,AArea,AArea,AArea,AArea,AArea,AArea,AArea,AArea,AArea,AArea,AArea,AArea,AArea,AArea,AArea,,,,,,,,,,
CULT 452,AArea,AArea,AArea,AArea,AArea,AArea,AArea,AArea,AArea,AArea,AArea,AArea,AArea,AArea,AArea,AArea,AArea,AArea,AArea,AArea,AArea,AArea,AArea,AArea,AArea,AArea,AArea,AArea,AArea,AArea,AArea,AArea,AArea,AArea,AArea,AArea,AArea,AArea,AArea,AArea,AArea,AArea,AArea,AArea,AArea,AArea,AArea,AArea,AArea,AArea,AArea,AArea,AArea,AArea,AArea,AArea,AArea,AArea,AArea,AArea,AArea,AArea,AArea,,,,,,,,,,,,,,,,,,,
CULT 453,AArea,AArea,AArea,AArea,AArea,AArea,AArea,AArea,AArea,AArea,AArea,AArea,AArea,AArea,AArea,AArea,AArea,AArea,AArea,AArea,AArea,AArea,AArea,AArea,AArea,AArea,AArea,AArea,AArea,AArea,AArea,AArea,AArea,AArea,AArea,AArea,AArea,AArea,AArea,AArea,AArea,AArea,AArea,AArea,AArea,AArea,AArea,AArea,AArea,AArea,AArea,AArea,AArea,AArea,AArea,AArea,AArea,AArea,AArea,AArea,AArea,AArea,AArea,AArea,AArea,AArea,AArea,AArea,AArea,AArea,AArea,AArea,AArea,AArea,AArea,FFree,FFree,FFree,FFree,FFree,FFree,FFree
CULT 454,AArea,AArea,AArea,AArea,AArea,AArea,AArea,AArea,AArea,AArea,AArea,AArea,AArea,AArea,AArea,AArea,AArea,AArea,AArea,AArea,AArea,AArea,AArea,AArea,AArea,AArea,AArea,AArea,AArea,AArea,AArea,AArea,AArea,AArea,AArea,AArea,AArea,AArea,AArea,AArea,AArea,AArea,AArea,AArea,AArea,AArea,AArea,AArea,,,,,,,,,,,,,,,,,,,,,,,,,,,,,,,,,,
CULT 460,AArea,AArea,AArea,AArea,AArea,AArea,AArea,AArea,AArea,AArea,AArea,AArea,AArea,AArea,AArea,AArea,AArea,AArea,AArea,,,,,,,,,,,,,,,,,,,,,,,,,,,,,,,,,,,,,,,,,,,,,,,,,,,,,,,,,,,,,,,
CULT 462,AArea,AArea,AArea,AArea,AArea,AArea,AArea,AArea,AArea,AArea,AArea,AArea,AArea,AArea,AArea,AArea,AArea,AArea,AArea,AArea,AArea,AArea,AArea,AArea,AArea,AArea,AArea,AArea,AArea,AArea,AArea,AArea,AArea,AArea,AArea,AArea,,,,,,,,,,,,,,,,,,,,,,,,,,,,,,,,,,,,,,,,,,,,,,
CULT 491,AArea,AArea,AArea,AArea,AArea,AArea,AArea,AArea,AArea,AArea,AArea,AArea,AArea,AArea,AArea,AArea,AArea,AArea,AArea,AArea,AArea,AArea,AArea,AArea,AArea,AArea,AArea,AArea,AArea,AArea,AArea,AArea,AArea,AArea,AArea,AArea,AArea,AArea,AArea,AArea,AArea,AArea,AArea,AArea,AArea,AArea,AArea,AArea,AArea,AArea,AArea,AArea,AArea,AArea,AArea,AArea,AArea,AArea,AArea,AArea,AArea,AArea,AArea,AArea,AArea,AArea,AArea,AArea,AArea,AArea,,,,,,,,,,,,
CULT 492,AArea,AArea,AArea,AArea,AArea,AArea,AArea,AArea,AArea,AArea,AArea,AArea,AArea,AArea,AArea,AArea,AArea,AArea,AArea,AArea,AArea,AArea,AArea,AArea,AArea,AArea,AArea,AArea,AArea,AArea,AArea,AArea,AArea,AArea,AArea,AArea,AArea,AArea,AArea,AArea,AArea,AArea,AArea,AArea,AArea,AArea,AArea,AArea,AArea,AArea,AArea,AArea,AArea,AArea,,,,,,,,,,,,,,,,,,,,,,,,,,,,
CULT 493,AArea,AArea,AArea,AArea,AArea,AArea,AArea,AArea,AArea,AArea,AArea,AArea,AArea,AArea,AArea,AArea,AArea,AArea,AArea,AArea,AArea,AArea,AArea,AArea,AArea,AArea,AArea,,,,,,,,,,,,,,,,,,,,,,,,,,,,,,,,,,,,,,,,,,,,,,,,,,,,,,,
FILM 335,AArea,AArea,AArea,AArea,AArea,AArea,AArea,AArea,AArea,AArea,AArea,AArea,AArea,AArea,AArea,AArea,AArea,AArea,AArea,AArea,AArea,AArea,AArea,AArea,AArea,AArea,AArea,AArea,AArea,AArea,AArea,AArea,AArea,AArea,AArea,AArea,AArea,AArea,AArea,AArea,AArea,AArea,AArea,AArea,AArea,AArea,AArea,AArea,AArea,AArea,AArea,AArea,AArea,AArea,AArea,AArea,AArea,AArea,AArea,AArea,AArea,AArea,AArea,AArea,AArea,AArea,AArea,AArea,AArea,AArea,AArea,AArea,AArea,AArea,,,,,,,,
HART 213,AArea,AArea,AArea,AArea,AArea,AArea,AArea,AArea,AArea,AArea,AArea,AArea,AArea,AArea,AArea,AArea,AArea,AArea,AArea,AArea,AArea,AArea,AArea,AArea,AArea,AArea,AArea,AArea,AArea,AArea,AArea:A,AArea:A,AArea:A,AArea:A,AArea:A,AArea:A,AArea:A,AArea:A,AArea:A,AArea:A,AArea:A,AArea:A,AArea:A,AArea:A,AArea:A,AArea:A,AArea:A,AArea:A,AArea:A,AArea:A,AArea:A,,,,,,,,,,,,,,,,,,,,,,,,,,,,,,,
HART 234,AArea,AArea,AArea,AArea,AArea,AArea,AArea,AArea,AArea,AArea,AArea,AArea,AArea,AArea,AArea,AArea,AArea,AArea,AArea,AArea,AArea,AArea,AArea,AArea,AArea,AArea,AArea,AArea,AArea,AArea,AArea,AArea,AArea,AArea,AArea,AArea,AArea,AArea,AArea,AArea,AArea,AArea,AArea,AArea,AArea,AArea,AArea,AArea,AArea,AArea,AArea,AArea,AArea,AArea,AArea,AArea,AArea,AArea,AArea,AArea,AArea,AArea,AArea,AArea,AArea,AArea,AArea,AArea,AArea,AArea,AArea,AArea,AArea,AArea,AArea,FFree,FFree,FFree,FFree,FFree,FFree,FFree
HART 311,AArea,AArea,AArea,AArea,AArea,AArea,AArea,AArea,AArea,AArea,AArea,AArea,AArea,AArea,AArea,CCore 1,CCore 1,CCore 1,CCore 1,CCore 1,CCore 1,CCore 1,CCore 1,CCore 1,CCore 1,CCore 1,CCore 1,CCore 1,CCore 1,CCore 1,CCore 1:A,CCore 1:A,CCore 1:A,CCore 1:A,CCore 1:A,CCore 1:A,CCore 1:A,CCore 1:A,CCore 1:A,CCore 1:A,CCore 1:A,CCore 1:A,CCore 1:A,CCore 1:A,CCore 1:A,CCore 1:A,CCore 1:A,CCore 1:A,CCore 1:A,CCore 1:A,CCore 1:A,CCore 1:A,CCore 1:A,CCore 1:A,CCore 1:A,CCore 1:A,CCore 1:A,CCore 1:A,CCore 1:A,CCore 1:A,CCore 1:A,CCore 1:A,CCore 1:A,CCore 1:A,CCore 1:A,CCore 1:A,CCore 1:A,CCore 1:A,CCore 1:A,CCore 1:A,,,,,,,,,,,,
HART 320,AArea,AArea,AArea,AArea,AArea,AArea,AArea,AArea,AArea,AArea,AArea,AArea,AArea,AArea,AArea,AArea,AArea,AArea,AArea,AArea,AArea,AArea,AArea,AArea,AArea,AArea,AArea,AArea,AArea,AArea,AArea,AArea,AArea,AArea,AArea,AArea,AArea,AArea,AArea,AArea,AArea,AArea,AArea,AArea,AArea,AArea,AArea,AArea,AArea,AArea,AArea,AArea,AArea,AArea,AArea,AArea,AArea,AArea,AArea,AArea,AArea,AArea,AArea,AArea,AArea,AArea,AArea,AArea,AArea,AArea,AArea,AArea,AArea,AArea,AArea,FFree,FFree,FFree,FFree,FFree,FFree,FFree
HART 323,AArea,AArea,AArea,AArea,AArea,AArea,AArea,AArea,AArea,AArea,AArea,AArea,AArea,AArea,AArea,AArea,AArea,AArea,AArea,AArea,AArea,AArea,AArea,AArea,AArea,AArea,AArea,AArea,AArea,AArea,AArea,AArea,AArea,AArea,AArea,AArea,AArea,AArea,AArea,AArea,AArea,AArea,AArea,AArea,AArea,AArea,AArea,AArea,AArea,,,,,,,,,,,,,,,,,,,,,,,,,,,,,,,,,
HART 333,AArea,AArea,AArea,AArea,AArea,AArea,AArea,AArea,AArea,AArea,AArea,AArea,AArea,AArea,AArea,AArea,AArea,AArea,AArea,AArea,AArea,AArea,AArea,AArea,AArea,AArea,AArea,AArea,AArea,AArea,AArea,AArea,AArea,AArea,AArea,AArea,AArea,AArea,AArea,AArea,AArea,AArea,,,,,,,,,,,,,,,,,,,,,,,,,,,,,,,,,,,,,,,,
HART 334,AArea,AArea,AArea,AArea,AArea,AArea,AArea,AArea,AArea,AArea,AArea,AArea,AArea,AArea,AArea,AArea,AArea,AArea,AArea,AArea,AArea,AArea,AArea,AArea,AArea,AArea,AArea,AArea,AArea,AArea,AArea,AArea,AArea,AArea,AArea,AArea,AArea,,,,,,,,,,,,,,,,,,,,,,,,,,,,,,,,,,,,,,,,,,,,,
HART 335,AArea,AArea,AArea,AArea,AArea,AArea,AArea,AArea,AArea,AArea,AArea,AArea,AArea,AArea,AArea,AArea,AArea,AArea,AArea,AArea,AArea,AArea,AArea,,,,,,,,,,,,,,,,,,,,,,,,,,,,,,,,,,,,,,,,,,,,,,,,,,,,,,,,,,,
HART 380,AArea,AArea,AArea,AArea,AArea,AArea,AArea,AArea,AArea,AArea,AArea,AArea,AArea,AArea,AArea,CCore 1,CCore 1,CCore 1,CCore 1,CCore 1,CCore 1,CCore 1,CCore 1,CCore 1,CCore 1,CCore 1,CCore 1,CCore 1,CCore 1,CCore 1,CCore 1,CCore 1,CCore 1,CCore 1,CCore 1,CCore 1,CCore 1,CCore 1,CCore 1,CCore 1,CCore 1,CCore 1,CCore 1,CCore 1,CCore 1,CCore 1,CCore 1,CCore 1,CCore 1,CCore 1,CCore 1,CCore 1,CCore 1,CCore 1,CCore 1,CCore 1,CCore 1,CCore 1,CCore 1,CCore 1,CCore 1,CCore 1,CCore 1,CCore 1,CCore 1,CCore 1,CCore 1,CCore 1,CCore 1,CCore 1,CCore 1,CCore 1,CCore 1,CCore 1,CCore 1,,,,,,,
HART 414,AArea,AArea,AArea,AArea,AArea,AArea,AArea,AArea,AArea,AArea,AArea,AArea,AArea,AArea,AArea,AArea,AArea,AArea,AArea,AArea,AArea,AArea,AArea,CCore 1,CCore 1,CCore 1,CCore 1,CCore 1,CCore 1,CCore 1,CCore 1,CCore 1,CCore 1,CCore 1,CCore 1,CCore 1,CCore 1,CCore 1,CCore 1,CCore 1,CCore 1,CCore 1,CCore 1,CCore 1,CCore 1,CCore 1,CCore 1,CCore 1,CCore 1,CCore 1,CCore 1,CCore 1,CCore 1,CCore 1,CCore 1,CCore 1,CCore 1,CCore 1,CCore 1,CCore 1,CCore 1,CCore 1,CCore 1,CCore 1,CCore 1,CCore 1,CCore 1,CCore 1,CCore 1,CCore 1,CCore 1,CCore 1,CCore 1,CCore 1,,,,,,,,
HART 424,AArea,AArea,AArea,AArea,AArea,AArea,AArea,AArea,AArea,AArea,AArea,AArea,AArea,AArea,AArea,AArea,AArea,AArea,AArea,AArea,AArea,AArea,AArea,AArea,AArea,AArea,AArea,AArea,AArea,AArea,AArea,AArea,AArea,AArea,AArea,AArea,AArea,AArea,AArea,AArea,AArea,AArea,AArea,AArea,AArea,AArea,,,,,,,,,,,,,,,,,,,,,,,,,,,,,,,,,,,,
HART 425,AArea,AArea,AArea,AArea,AArea,AArea,AArea,AArea,AArea,AArea,AArea,AArea,AArea,AArea,AArea,AArea,AArea,AArea,AArea,AArea,AArea,AArea,AArea,AArea,AArea,AArea,AArea,AArea,AArea,AArea,AArea,AArea,AArea,AArea,AArea,AArea,AArea,AArea,AArea,AArea,AArea,AArea,AArea,AArea,AArea,AArea,AArea,AArea,AArea,AArea,AArea,AArea,AArea,AArea,AArea,AArea,AArea,AArea,AArea,AArea,AArea,AArea,AArea,AArea,AArea,AArea,AArea,AArea,AArea,AArea,AArea,AArea,AArea,AArea,AArea,AArea,AArea,AArea,AArea,AArea,AArea,AArea
HART 426,AArea,AArea,AArea,AArea,AArea,AArea,AArea,AArea,AArea,AArea,AArea,AArea,AArea,AArea,AArea,AArea,AArea,AArea,AArea,AArea,AArea,AArea,AArea,AArea,AArea,AArea,AArea,AArea,AArea,AArea,AArea,AArea,AArea,AArea,AArea,AArea,AArea,AArea,AArea,AArea,AArea,AArea,AArea,AArea,AArea,AArea,AArea,AArea,AArea,AArea,AArea,AArea,AArea,AArea,AArea,AArea,AArea,CCore 1,CCore 1,CCore 1,CCore 1,CCore 1,CCore 1,CCore 1,CCore 1,CCore 1,CCore 1,CCore 1,CCore 1,CCore 1,CCore 1,CCore 1,CCore 1,CCore 1,CCore 1,CCore 1,CCore 1,CCore 1,CCore 1,CCore 1,CCore 1,CCore 1
HART 430,AArea,AArea,AArea,AArea,AArea,AArea,AArea,AArea,AArea,AArea,AArea,AArea,AArea,AArea,AArea,AArea,AArea,AArea,AArea,AArea,AArea,AArea,AArea,,,,,,,,,,,,,,,,,,,,,,,,,,,,,,,,,,,,,,,,,,,,,,,,,,,,,,,,,,,
HART 431,AArea,AArea,AArea,AArea,AArea,AArea,AArea,AArea,AArea,AArea,AArea,AArea,AArea,AArea,AArea,AArea,AArea,AArea,AArea,AArea,AArea,AArea,AArea,AArea,AArea,AArea,AArea,AArea,AArea,AArea,AArea,AArea,AArea,AArea,AArea,AArea,AArea,,,,,,,,,,,,,,,,,,,,,,,,,,,,,,,,,,,,,,,,,,,,,
HART 432,AArea,AArea,AArea,AArea,AArea,AArea,AArea,AArea,AArea,AArea,AArea,AArea,AArea,AArea,AArea,AArea,AArea,AArea,AArea,AArea,AArea,AArea,AArea,AArea,AArea,AArea,AArea,AArea,AArea,AArea,AArea,AArea,AArea,AArea,AArea,AArea,AArea,AArea,AArea,AArea,AArea,AArea,AArea,AArea,AArea,AArea,AArea,AArea,AArea,AArea,AArea,AArea,AArea,AArea,AArea,AArea,AArea,AArea,AArea,AArea,AArea,AArea,AArea,AArea,AArea,AArea,AArea,AArea,AArea,AArea,AArea,AArea,AArea,AArea,AArea,FFree,FFree,FFree,FFree,FFree,FFree,FFree
HART 433,AArea,AArea,AArea,AArea,AArea,AArea,AArea,AArea,AArea,AArea,AArea,AArea,AArea,AArea,AArea,AArea,AArea,AArea,AArea,AArea,AArea,AArea,AArea,AArea,AArea,AArea,AArea,AArea,AArea,AArea,AArea,AArea,AArea,AArea,AArea,AArea,AArea,AArea,AArea,AArea,,,,,,,,,,,,,,,,,,,,,,,,,,,,,,,,,,,,,,,,,,
HART 434,AArea,AArea,AArea,AArea,AArea,AArea,AArea,AArea,AArea,AArea,AArea,AArea,AArea,AArea,AArea,AArea,AArea,AArea,AArea,AArea,AArea,AArea,AArea,AArea,AArea,AArea,AArea,AArea,AArea,AArea,AArea,AArea,AArea,,,,,,,,,,,,,,,,,,,,,,,,,,,,,,,,,,,,,,,,,,,,,,,,,
HART 444,AArea,AArea,AArea,AArea,AArea,AArea,AArea,AArea,AArea,AArea,AArea,AArea,AArea,AArea,AArea,AArea,AArea,AArea,AArea,AArea,AArea,AArea,AArea,AArea,AArea,AArea,AArea,AArea,AArea,AArea,AArea,AArea,AArea,AArea,,,,,,,,,,,,,,,,,,,,,,,,,,,,,,,,,,,,,,,,,,,,,,,,
HART 450,AArea,AArea,AArea,AArea,AArea,AArea,AArea,AArea,AArea,AArea,AArea,AArea,AArea,AArea,AArea,AArea,AArea,AArea,AArea,AArea,AArea,AArea,AArea,AArea,AArea,AArea,AArea,CCore 1,CCore 1,CCore 1,CCore 1,CCore 1,CCore 1,CCore 1,CCore 1,CCore 1,CCore 1,CCore 1,CCore 1,CCore 1,CCore 1,CCore 1,CCore 1,CCore 1,CCore 1,CCore 1,CCore 1,CCore 1,CCore 1,CCore 1,CCore 1,CCore 1,CCore 1,CCore 1,CCore 1,CCore 1,CCore 1,CCore 1,CCore 1,CCore 1,CCore 1,CCore 1,CCore 1,CCore 1,CCore 1,CCore 1,CCore 1,CCore 1,CCore 1,CCore 1,CCore 1,CCore 1,CCore 1,CCore 1,,,,,,,,
HART 480,AArea,AArea,AArea,AArea,AArea,AArea,AArea,AArea,AArea,AArea,AArea,AArea,AArea,AArea,AArea,CCore 1,CCore 1,CCore 1,CCore 1,CCore 1,CCore 1,CCore 1,CCore 1,CCore 1,CCore 1,CCore 1,CCore 1,CCore 1,CCore 1,CCore 1,CCore 1,CCore 1,CCore 1,CCore 1,CCore 1,CCore 1,CCore 1,CCore 1,CCore 1,CCore 1,CCore 1,CCore 1,CCore 1,CCore 1,CCore 1,CCore 1,CCore 1,CCore 1,CCore 1,CCore 1,CCore 1,CCore 1,CCore 1,CCore 1,CCore 1,CCore 1,CCore 1,CCore 1,CCore 1,CCore 1,CCore 1,CCore 1,CCore 1,CCore 1,CCore 1,CCore 1,CCore 1,CCore 1,CCore 1,CCore 1,CCore 1,CCore 1,CCore 1,CCore 1,,,,,,,,
LIT 212,AArea:A,AArea:A,AArea:A,AArea:A,AArea:A,AArea:A,AArea:A,AArea:A,AArea:A,AArea:A,AArea:A,AArea:A,AArea:A,AArea:A,AArea:A,AArea:A,AArea:A,AArea:A,AArea:A,AArea:A,AArea:A,AArea:A,AArea:A,AArea:A,AArea:A,AArea:A,AArea:A,AArea:A,AArea:A,AArea:A,AArea:A,AArea:A,AArea:A,AArea:A,AArea:A,AArea:A,AArea:A,AArea:A,AArea:A,AArea:A,AArea:A,AArea:A,AArea:A,AArea:A,AArea:A,AArea:A,AArea:A,AArea:A,AArea:A,AArea:A,AArea:A,AArea:A,AArea:A,AArea:A,AArea:A,AArea:A,AArea:A,AArea:A,AArea:A,AArea:A,AArea:A,AArea:A,AArea:A,AArea:A,AArea:A,AArea:A,AArea:A,AArea:A,AArea:A,AArea:A,AArea:A,AArea:A,AArea:A,AArea:A,AArea:A,FFree:A,FFree:A,FFree:A,FFree:A,FFree:A,FFree:A,FFree:A
LIT 252,AArea,AArea,AArea,AArea,AArea,AArea,AArea,AArea,AArea,AArea,AArea,AArea,AArea,AArea,AArea,AArea,AArea,AArea,AArea,AArea,AArea,AArea,AArea,AArea,AArea,AArea,AArea,AArea,AArea,AArea,AArea,AArea,AArea,AArea,AArea,AArea,AArea,,,,,,,,,,,,,,,,,,,,,,,,,,,,,,,,,,,,,,,,,,,,,
LIT 290,AArea,AArea,AArea,AArea,AArea,AArea,AArea,AArea,AArea,AArea,AArea,AArea,AArea,AArea,AArea,AArea,AArea,AArea,AArea,AArea,AArea,AArea,AArea,AArea,AArea,AArea,AArea,AArea,AArea,AArea,AArea,AArea,AArea,AArea,AArea,AArea,AArea,AArea,AArea,AArea,AArea,AArea,AArea,AArea,AArea,AArea,AArea,AArea,AArea,AArea,AArea,AArea,AArea,AArea,AArea,AArea,AArea,AArea,AArea,AArea,,,,,,,,,,,,,,,,,,,,,,
LIT 320,AArea,AArea,AArea,AArea,AArea,AArea,AArea,AArea,AArea,AArea,AArea,AArea,AArea,AArea,AArea,AArea,AArea,AArea,AArea,AArea,AArea,AArea,AArea,AArea,AArea,AArea,AArea,AArea,AArea,AArea,AArea,AArea,AArea,AArea,AArea,AArea,AArea,AArea,AArea,,,,,,,,,,,,,,,,,,,,,,,,,,,,,,,,,,,,,,,,,,,
LIT 324,AArea,AArea,AArea,AArea,AArea,AArea,AArea,AArea,AArea,AArea,AArea,AArea,AArea,AArea,AArea,AArea,AArea,AArea,AArea,AArea,AArea,AArea,AArea,AArea,AArea,AArea,AArea,AArea,AArea,AArea,,,,,,,,,,,,,,,,,,,,,,,,,,,,,,,,,,,,,,,,,,,,,,,,,,,,
LIT 334,AArea,AArea,AArea,AArea,AArea,AArea,AArea,AArea,AArea,AArea,AArea,AArea,AArea,AArea,AArea,AArea,AArea,AArea,AArea,AArea,AArea,AArea,AArea,AArea,AArea,AArea,AArea,AArea,AArea,AArea,AArea,AArea,AArea,AArea,AArea,AArea,AArea,AArea,AArea,AArea,AArea,AArea,AArea,AArea,AArea,AArea,AArea,AArea,AArea,AArea,AArea,AArea,AArea,AArea,,,,,,,,,,,,,,,,,,,,,,,,,,,,
LIT 343,AArea,AArea,AArea,AArea,AArea,AArea,AArea,AArea,AArea,AArea,AArea,AArea,AArea,AArea,AArea,AArea,AArea,AArea,AArea,AArea,AArea,AArea,AArea,AArea,AArea,AArea,AArea,AArea,,,,,,,,,,,,,,,,,,,,,,,,,,,,,,,,,,,,,,,,,,,,,,,,,,,,,,
LIT 345,AArea,AArea,AArea,AArea,AArea,AArea,AArea,AArea,AArea,AArea,AArea,AArea,AArea,AArea,AArea,AArea,AArea,AArea,AArea,AArea,AArea,AArea,AArea,AArea,AArea,AArea,AArea,AArea,AArea,AArea,AArea,AArea,AArea,AArea,AArea,AArea,AArea,AArea,AArea,AArea,AArea,AArea,AArea,AArea,AArea,AArea,AArea,AArea,AArea,AArea,AArea,AArea,AArea,AArea,,,,,,,,,,,,,,,,,,,,,,,,,,,,
LIT 354,AArea,AArea,AArea,AArea,AArea,AArea,AArea,AArea,AArea,AArea,AArea,AArea,AArea,AArea,AArea,AArea,AArea,AArea,AArea,AArea,AArea,AArea,AArea,AArea,AArea,,,,,,,,,,,,,,,,,,,,,,,,,,,,,,,,,,,,,,,,,,,,,,,,,,,,,,,,,
LIT 359,AArea:A,AArea:A,AArea:A,AArea:A,AArea:A,AArea:A,AArea:A,AArea:A,AArea:A,AArea:A,AArea:A,AArea:A,AArea:A,AArea:A,AArea:A,AArea:A,AArea:A,AArea:A,AArea:A,AArea:A,AArea:A,AArea:A,AArea:A,AArea:A,AArea:A,AArea:A,AArea:A,AArea:A,AArea:A,AArea:A,AArea:A,AArea:A,AArea:A,AArea:A,AArea:A,AArea:A,AArea:A,AArea:A,AArea:A,AArea:A,AArea:A,AArea:A,AArea:A,AArea:A,AArea:A,AArea:A,AArea:A,AArea:A,AArea:A,AArea:A,AArea:A,AArea:A,AArea:A,AArea:A,AArea:A,AArea:A,AArea:A,AArea:A,AArea:A,AArea:A,AArea:A,AArea:A,AArea:A,AArea:A,AArea:A,AArea:A,AArea:A,AArea:A,AArea:A,AArea:A,AArea:A,AArea:A,AArea:A,AArea:A,AArea:A,FFree:A,FFree:A,FFree:A,FFree:A,FFree:A,FFree:A,FFree:A
LIT 370,AArea,AArea,AArea,AArea,AArea,AArea,AArea,AArea,AArea,AArea,AArea,AArea,AArea,AArea,AArea,AArea,AArea,AArea,AArea,AArea,AArea,AArea,AArea,AArea,AArea,AArea,AArea,AArea,AArea,AArea,AArea,,,,,,,,,,,,,,,,,,,,,,,,,,,,,,,,,,,,,,,,,,,,,,,,,,,
LIT 371,AArea,AArea,AArea,AArea,AArea,AArea,AArea,AArea,AArea,AArea,AArea,AArea,AArea,AArea,AArea,AArea,AArea,AArea,AArea,AArea,AArea,AArea,AArea,AArea,AArea,AArea,AArea,AArea,,,,,,,,,,,,,,,,,,,,,,,,,,,,,,,,,,,,,,,,,,,,,,,,,,,,,,
LIT 394,AArea,AArea,AArea,AArea,AArea,AArea,AArea,AArea,AArea,AArea,AArea,AArea,AArea,AArea,AArea,AArea,AArea,AArea,AArea,AArea,AArea,AArea,AArea,AArea,AArea,AArea,AArea,AArea,AArea,AArea,AArea,AArea,AArea,AArea,AArea,AArea,AArea,AArea,AArea,AArea,AArea,AArea,AArea,AArea,AArea,AArea,AArea,AArea,AArea,AArea,AArea,AArea,AArea,AArea,AArea,AArea,AArea,AArea,AArea,AArea,AArea,AArea,AArea,AArea,AArea,AArea,AArea,AArea,AArea,AArea,AArea,AArea,AArea,AArea,AArea,FFree,FFree,FFree,FFree,FFree,FFree,FFree
LIT 430,AArea,AArea,AArea,AArea,AArea,AArea,AArea,AArea,AArea,AArea,AArea,AArea,AArea,AArea,AArea,AArea,AArea,AArea,AArea,AArea,AArea,AArea,AArea,AArea,AArea,AArea,AArea,AArea,AArea,AArea,AArea,AArea,AArea,AArea,AArea,AArea,AArea,AArea,AArea,AArea,AArea,AArea,AArea,AArea,AArea,,,,,,,,,,,,,,,,,,,,,,,,,,,,,,,,,,,,,
LIT 431,AArea,AArea,AArea,AArea,AArea,AArea,AArea,AArea,AArea,AArea,AArea,AArea,AArea,AArea,AArea,AArea,AArea,AArea,AArea,AArea,AArea,AArea,,,,,,,,,,,,,,,,,,,,,,,,,,,,,,,,,,,,,,,,,,,,,,,,,,,,,,,,,,,,
LIT 434,AArea,AArea,AArea,AArea,AArea,AArea,AArea,AArea,AArea,AArea,AArea,AArea,AArea,AArea,AArea,AArea,AArea,AArea,AArea,AArea,AArea,AArea,AArea,AArea,AArea,AArea,AArea,AArea,AArea,AArea,AArea,AArea,AArea,AArea,AArea,AArea,AArea,AArea,AArea,AArea,AArea,AArea,AArea,AArea,AArea,AArea,AArea,AArea,AArea,AArea,AArea,AArea,AArea,AArea,AArea,AArea,AArea,,,,,,,,,,,,,,,,,,,,,,,,,
LIT 440,AArea,AArea,AArea,AArea,AArea,AArea,AArea,AArea,AArea,AArea,AArea,AArea,AArea,AArea,AArea,AArea,AArea,AArea,AArea,AArea,AArea,AArea,AArea,AArea,AArea,AArea,AArea,AArea,AArea,AArea,AArea,AArea,AArea,AArea,AArea,AArea,AArea,AArea,AArea,AArea,AArea,AArea,AArea,AArea,AArea,AArea,AArea,AArea,AArea,AArea,AArea,AArea,AArea,AArea,AArea,AArea,AArea,AArea,AArea,AArea,AArea,AArea,AArea,AArea,AArea,AArea,AArea,AArea,AArea,AArea,AArea,AArea,AArea,AArea,AArea,FFree,FFree,FFree,FFree,FFree,FFree,FFree
LIT 445,AArea,AArea,AArea,AArea,AArea,AArea,AArea,AArea,AArea,AArea,AArea,AArea,AArea,AArea,AArea,AArea,AArea,AArea,AArea,AArea,AArea,AArea,AArea,AArea,AArea,AArea,AArea,AArea,AArea,AArea,AArea,AArea,AArea,AArea,AArea,AArea,AArea,AArea,AArea,AArea,AArea,AArea,AArea,AArea,AArea,AArea,AArea,AArea,AArea,AArea,AArea,AArea,AArea,AArea,AArea,AArea,AArea,AArea,AArea,AArea,AArea,AArea,AArea,AArea,AArea,AArea,AArea,AArea,AArea,AArea,AArea,AArea,AArea,AArea,AArea,FFree,FFree,FFree,FFree,FFree,FFree,FFree
LIT 452,AArea,AArea,AArea,AArea,AArea,AArea,AArea,AArea,AArea,AArea,AArea,AArea,AArea,AArea,AArea,AArea,AArea,AArea,AArea,AArea,AArea,AArea,AArea,AArea,AArea,AArea,AArea,AArea,AArea,AArea,AArea,AArea,AArea,AArea,AArea,AArea,AArea,AArea,AArea,AArea,AArea,AArea,,,,,,,,,,,,,,,,,,,,,,,,,,,,,,,,,,,,,,,,
LIT 492,AArea,AArea,AArea,AArea,AArea,AArea,AArea,AArea,AArea,AArea,AArea,AArea,AArea,AArea,AArea,AArea,AArea,AArea,AArea,AArea,AArea,AArea,AArea,AArea,AArea,AArea,AArea,AArea,AArea,AArea,AArea,AArea,AArea,AArea,AArea,AArea,AArea,AArea,AArea,AArea,AArea,AArea,AArea,AArea,AArea,AArea,AArea,AArea,AArea,AArea,AArea,AArea,AArea,AArea,AArea,AArea,AArea,AArea,AArea,AArea,AArea,,,,,,,,,,,,,,,,,,,,,
PHIL 322,AArea,AArea,AArea,AArea,AArea,AArea,AArea,AArea,AArea,AArea,AArea,AArea,AArea,AArea,AArea,AArea,AArea,AArea,AArea,AArea,AArea,AArea,AArea,AArea,AArea,AArea,AArea,AArea,AArea,AArea,AArea,AArea,AArea,AArea,AArea,AArea,AArea,AArea,AArea,AArea,AArea,AArea,AArea,AArea,AArea,AArea,AArea,AArea,AArea,AArea,AArea,AArea,AArea,AArea,CCore 1,CCore 1,CCore 1,CCore 1,CCore 1,CCore 1,CCore 1,CCore 1,CCore 1,CCore 1,CCore 1,CCore 1,CCore 1,CCore 1,CCore 1,CCore 1,CCore 1,CCore 1,CCore 1,CCore 1,CCore 1,FFree,FFree,FFree,FFree,FFree,FFree,FFree
PSY 405,AArea,AArea,AArea,AArea,AArea,AArea,AArea,AArea,AArea,AArea,AArea,AArea,AArea,AArea,AArea,AArea,AArea,AArea,AArea,AArea,AArea,AArea,AArea,AArea,AArea,AArea,AArea,AArea,AArea,AArea,AArea,AArea,AArea,AArea,AArea,AArea,AArea,AArea,AArea,AArea,AArea,AArea,AArea,AArea,AArea,AArea,AArea,AArea,AArea,AArea,AArea,AArea,AArea,AArea,AArea,AArea,AArea,AArea,AArea,AArea,AArea,AArea,AArea,,,,,,,,,,,,,,,,,,,
PSY 416,AArea,AArea,AArea,AArea,AArea,AArea,AArea,AArea,AArea,AArea,AArea,AArea,AArea,AArea,AArea,AArea,AArea,AArea,AArea,AArea,AArea,AArea,AArea,AArea,AArea,AArea,AArea,AArea,AArea,AArea,AArea,AArea,AArea,AArea,AArea,AArea,AArea,AArea,AArea,AArea,AArea,AArea,AArea,AArea,AArea,AArea,AArea,AArea,AArea,AArea,AArea,AArea,AArea,AArea,AArea,AArea,AArea,AArea,AArea,AArea,AArea,AArea,AArea,AArea,AArea,AArea,AArea,AArea,AArea,AArea,AArea,AArea,AArea,AArea,AArea,FFree,FFree,FFree,FFree,FFree,FFree,FFree
VA 212,AArea:A,AArea:A,AArea:A,AArea:A,AArea:A,AArea:A,AArea:A,AArea:A,AArea:A,AArea:A,AArea:A,AArea:A,AArea:A,AArea:A,AArea:A,AArea:A,AArea:A,AArea:A,AArea:A,AArea:A,AArea:A,,,,,,,,,,,,,,,,,,,,,,,,,,,,,,,,,,,,,,,,,,,,,,,,,,,,,,,,,,,,,
VA 215,AArea:A,AArea:A,AArea:A,AArea:A,AArea:A,AArea:A,AArea:A,AArea:A,AArea:A,AArea:A,AArea:A,AArea:A,AArea:A,AArea:A,AArea:A,AArea:A,AArea:A,AArea:A,AArea:A,AArea:A,AArea:A,AArea:A,AArea:A,AArea:A,AArea:A,AArea:A,AArea:A,AArea:A,AArea:A,AArea:A,AArea:A,AArea:A,AArea:A,AArea:A,AArea:A,AArea:A,AArea:A,AArea:A,AArea:A,AArea:A,AArea:A,,,,,,,,,,,,,,,,,,,,,,,,,,,,,,,,,,,,,,,,,
VA 228,AArea,AArea,AArea,AArea,AArea,AArea,AArea,AArea,AArea,AArea,AArea,AArea,AArea,AArea,AArea,AArea,AArea,AArea,AArea,AArea,AArea,AArea,AArea,AArea,AArea,AArea,AArea,AArea,AArea,AArea,AArea,AArea,AArea,AArea,AArea,AArea,AArea,AArea,AArea,AArea,AArea,AArea,AArea,AArea,AArea,AArea,AArea,AArea,AArea,AArea,AArea,,,,,,,,,,,,,,,,,,,,,,,,,,,,,,,
VA 267,AArea,AArea,AArea,AArea,AArea,AArea,AArea,AArea,AArea,AArea,AArea,AArea,AArea,AArea,AArea,AArea,AArea,AArea,AArea,AArea,AArea,AArea,AArea,AArea,AArea,AArea,AArea,AArea,AArea,AArea,AArea,AArea,AArea,AArea,AArea,AArea,AArea,AArea,AArea,AArea,AArea,AArea,AArea,AArea,AArea,AArea,AArea,AArea,AArea,AArea,AArea,AArea,AArea,AArea,AArea,AArea,AArea,AArea,AArea,AArea,AArea,AArea,AArea,AArea,AArea,AArea,AArea,AArea,AArea,AArea,AArea,AArea,AArea,AArea,AArea,FFree,FFree,FFree,FFree,FFree,FFree,FFree
VA 300,AArea,AArea,AArea,AArea,AArea,AArea,AArea,AArea,AArea,AArea,AArea,AArea,AArea,AArea,AArea,AArea,AArea,AArea,AArea,AArea,AArea,AArea,AArea,AArea,AArea,AArea,AArea,AArea,AArea,AArea,RRequired,RRequired,RRequired,RRequired,RRequired,RRequired,RRequired,RRequired,RRequired,RRequired,RRequired,RRequired,RRequired,RRequired,RRequired,RRequired,RRequired,RRequired,RRequired,RRequired,RRequired,RRequired,RRequired,RRequired,RRequired,RRequired,RRequired,RRequired,RRequired,RRequired,RRequired,RRequired,RRequired,RRequired,RRequired,RRequired,RRequired,RRequired,RRequired,RRequired,RRequired,RRequired,RRequired,RRequired,RRequired,RRequired,RRequired,RRequired,RRequired,RRequired,RRequired,RRequired
VA 303,AArea,AArea,AArea,AArea,AArea,AArea,AArea,AArea,AArea,AArea,AArea,AArea,AArea,AArea,AArea,AArea,AArea,AArea,AArea,AArea,AArea,AArea,AArea,AArea,AArea,AArea,AArea,AArea,AArea,AArea,AArea,AArea,AArea,AArea,AArea,AArea,AArea,AArea,AArea,AArea,AArea,AArea,AArea,AArea,AArea,AArea,AArea,AArea,AArea,AArea,AArea,AArea,AArea,AArea,AArea,AArea,AArea,AArea,AArea,AArea,RRequired,RRequired,RRequired,RRequired,RRequired,RRequired,RRequired,RRequired,RRequired,RRequired,RRequired,RRequired,RRequired,RRequired,RRequired,RRequired,RRequired,RRequired,RRequired,RRequired,RRequired,RRequired
VA 310,AArea,AArea,AArea,AArea,AArea,AArea,AArea,AArea,AArea,AArea,AArea,AArea,AArea,AArea,AArea,AArea,AArea,AArea,AArea,AArea,AArea,AArea,AArea,AArea,AArea,AArea,AArea,AArea,AArea,AArea,AArea,AArea,AArea,AArea,AArea,AArea,AArea,AArea,AArea,AArea,AArea,AArea,AArea,AArea,AArea,AArea,AArea,AArea,CCore 1,CCore 1,CCore 1,CCore 1,CCore 1,CCore 1,CCore 1,CCore 1,CCore 1,CCore 1,CCore 1,CCore 1,AArea,AArea,AArea,AArea,AArea,AArea,AArea,AArea,AArea,AArea,AArea,AArea,AArea,AArea,AArea,AArea,AArea,AArea,AArea,AArea,AArea,AArea
VA 311,AArea,AArea,AArea,AArea,AArea,AArea,AArea,AArea,AArea,AArea,AArea,AArea,AArea,AArea,AArea,AArea,AArea,AArea,AArea,AArea,AArea,AArea,AArea,AArea,AArea,AArea,AArea,AArea,AArea,AArea,AArea,AArea,AArea,AArea,AArea,AArea,AArea,AArea,AArea,AArea,AArea,AArea,AArea,AArea,AArea,AArea,AArea,AArea,AArea,AArea,AArea,AArea,AArea,AArea,AArea,AArea,AArea,AArea,AArea,AArea,AArea,AArea,AArea,AArea,AArea,AArea,AArea,AArea,AArea,AArea,AArea,AArea,AArea,AArea,AArea,AArea,AArea,AArea,AArea,AArea,AArea,AArea
VA 315,AArea,AArea,AArea,AArea,AArea,AArea,AArea,AArea,AArea,AArea,AArea,AArea,AArea,AArea,AArea,AArea,AArea,AArea,AArea,AArea,AArea,AArea,AArea,AArea,AArea,AArea,AArea,AArea,AArea,AArea,AArea,AArea,AArea,AArea,AArea,AArea,AArea,AArea,AArea,AArea,AArea,AArea,AArea:A,AArea:A,AArea:A,AArea:A,AArea:A,AArea:A,AArea:A,AArea:A,AArea:A,AArea:A,AArea:A,AArea:A,AArea:A,AArea:A,AArea:A,CCore 1:A,CCore 1:A,CCore 1:A,CCore 1:A,CCore 1:A,CCore 1:A,CCore 1:A,CCore 1:A,CCore 1:A,CCore 1:A,CCore 1:A,CCore 1:A,CCore 1:A,CCore 1:A,CCore 1:A,CCore 1:A,CCore 1:A,CCore 1:A,CCore 1:A,CCore 1:A,CCore 1:A,CCore 1:A,CCore 1:A,CCore 1:A,CCore 1:A
VA 327,AArea,AArea,AArea,AArea,AArea,AArea,AArea,AArea,AArea,AArea,AArea,AArea,AArea,AArea,AArea,AArea,AArea,AArea,AArea,AArea,AArea,AArea,AArea,AArea,AArea,AArea,AArea,AArea,AArea,AArea,AArea,AArea,AArea,AArea,AArea,AArea,AArea,AArea,AArea,AArea,AArea,AArea,AArea,AArea,AArea,AArea,AArea,AArea,AArea,,,,,,,,,,,,,,,,,,,,,,,,,,,,,,,,,
VA 328,AArea,AArea,AArea,AArea,AArea,AArea,AArea,AArea,AArea,AArea,AArea,AArea,AArea,AArea,AArea,AArea,AArea,AArea,AArea,AArea,AArea,AArea,AArea,AArea,AArea,AArea,AArea,AArea,AArea,AArea,CCore 2,CCore 2,CCore 2,CCore 2,CCore 2,CCore 2,CCore 2,CCore 2,CCore 2,CCore 2,CCore 2,CCore 2,CCore 2,CCore 2,CCore 2,CCore 2,CCore 2,CCore 2,CCore 2,CCore 2,CCore 2,CCore 2,CCore 2,CCore 2,CCore 2,CCore 2,CCore 2,CCore 2,CCore 2,CCore 2,CCore 2,CCore 2,CCore 2,CCore 2,CCore 2,CCore 2,CCore 2,CCore 2,CCore 2,CCore 2,CCore 2,CCore 2,CCore 2,CCore 2,CCore 2,AArea,AArea,AArea,AArea,AArea,AArea,AArea
VA 329,AArea,AArea,AArea,AArea,AArea,AArea,AArea,AArea,AArea,AArea,AArea,AArea,AArea,AArea,AArea,AArea,AArea,AArea,AArea,AArea,AArea,AArea,AArea,AArea,AArea,AArea,AArea,AArea,AArea,AArea,AArea,AArea,AArea,AArea,AArea,AArea,AArea,AArea,AArea,AArea,AArea,AArea,AArea,AArea,AArea,AArea,AArea,AArea,AArea,AArea,AArea,AArea,AArea,AArea,AArea,AArea,AArea,AArea,AArea,AArea,AArea,AArea,AArea,AArea,AArea,AArea,AArea,AArea,AArea,AArea,AArea,AArea,AArea,AArea,AArea,AArea,AArea,AArea,AArea,AArea,AArea,AArea
VA 333,AArea,AArea,AArea,AArea,AArea,AArea,AArea,AArea,AArea,AArea,AArea,AArea,AArea,AArea,AArea,AArea,AArea,AArea,AArea,AArea,AArea,AArea,AArea,AArea,AArea,AArea,AArea,AArea,AArea,AArea,AArea,AArea,AArea,AArea,AArea,AArea,AArea,AArea,AArea,AArea,AArea,AArea,AArea,AArea,AArea,AArea,AArea,AArea,AArea,AArea,AArea,AArea,AArea,AArea,AArea,AArea,AArea,AArea,AArea,AArea,AArea,AArea,AArea,AArea,AArea,AArea,AArea,AArea,AArea,AArea,AArea,AArea,AArea,AArea,AArea,AArea,AArea,AArea,AArea,AArea,AArea,AArea
VA 334,AArea,AArea,AArea,AArea,AArea,AArea,AArea,AArea,AArea,AArea,AArea,AArea,AArea,AArea,AArea,AArea,AArea,AArea,AArea,AArea,AArea,,,,,,,,,,,,,,,,,,,,,,,,,,,,,,,,,,,,,,,,,,,,,,,,,,,,,,,,,,,,,
VA 336,AArea,AArea,AArea,AArea,AArea,AArea,AArea,AArea,AArea,AArea,AArea,AArea,AArea,AArea,AArea,AArea,AArea,AArea,AArea,AArea,AArea,AArea,AArea,AArea,AArea,AArea,AArea,AArea,AArea,AArea,AArea,AArea,AArea,AArea,AArea,AArea,AArea,AArea,AArea,AArea,AArea,AArea,AArea,AArea,AArea,AArea,AArea,AArea,AArea,AArea,AArea,AArea,AArea,AArea,AArea,AArea,AArea,AArea,AArea,AArea,AArea,AArea,AArea,AArea,AArea,AArea,AArea,AArea,AArea,,,,,,,,,,,,,
VA 337,AArea,AArea,AArea,AArea,AArea,AArea,AArea,AArea,AArea,AArea,AArea,AArea,AArea,AArea,AArea,AArea,AArea,AArea,AArea,AArea,AArea,AArea,AArea,AArea,AArea,AArea,AArea,AArea,AArea,AArea,AArea,AArea,AArea,AArea,AArea,AArea,AArea,AArea,AArea,AArea,AArea,AArea,AArea,AArea,AArea,AArea,AArea,AArea,AArea,AArea,AArea,AArea,AArea,AArea,AArea,AArea,AArea,,,,,,,,,,,,,,,,,,,,,,,,,
VA 344,AArea,AArea,AArea,AArea,AArea,AArea,AArea,AArea,AArea,AArea,AArea,AArea,AArea,AArea,AArea,AArea,AArea,AArea,AArea,AArea,AArea,,,,,,,,,,,,,,,,,,,,,,,,,,,,,,,,,,,,,,,,,,,,,,,,,,,,,,,,,,,,,
VA 345,AArea,AArea,AArea,AArea,AArea,AArea,AArea,AArea,AArea,AArea,AArea,AArea,AArea,AArea,AArea,AArea,AArea,AArea,AArea,AArea,AArea,AArea,AArea,AArea,AArea,AArea,AArea,AArea,AArea,AArea,AArea,AArea,AArea,AArea,AArea,AArea,AArea,AArea,AArea,AArea,AArea,AArea,AArea,AArea,AArea,AArea,AArea,AArea,AArea,AArea,AArea,AArea,AArea,AArea,AArea,AArea,AArea,AArea,AArea,AArea,AArea,AArea,AArea,AArea,AArea,AArea,AArea,AArea,AArea,AArea,AArea,AArea,AArea,AArea,AArea,AArea,AArea,AArea,AArea,AArea,AArea,AArea
VA 399,AArea,AArea,AArea,AArea,AArea,AArea,AArea,AArea,AArea,AArea,AArea,AArea,AArea,AArea,AArea,AArea,AArea,AArea,AArea,AArea,AArea,AArea,AArea,AArea,AArea,AArea,AArea,AArea,AArea,AArea,AArea,AArea,AArea,AArea,AArea,AArea,AArea,AArea,AArea,AArea,AArea,AArea,AArea,AArea,AArea,AArea,AArea,AArea,AArea,AArea,AArea,AArea,AArea,AArea,AArea,AArea,AArea,AArea,AArea,AArea,AArea,AArea,AArea,AArea,AArea,AArea,AArea,AArea,AArea,AArea,AArea,AArea,AArea,AArea,AArea,AArea,AArea,AArea,AArea,AArea,AArea,AArea
VA 403,AArea,AArea,AArea,AArea,AArea,AArea,AArea,AArea,AArea,AArea,AArea,AArea,AArea,AArea,AArea,AArea,AArea,AArea,AArea,AArea,AArea,AArea,AArea,AArea,AArea,AArea,AArea,AArea,AArea,AArea,AArea,AArea,AArea,AArea,AArea,AArea,AArea,AArea,AArea,AArea,AArea,AArea,AArea,AArea,AArea,AArea,AArea,AArea,AArea,AArea,AArea,AArea,AArea,AArea,AArea,AArea,AArea,AArea,AArea,AArea,RRequired,RRequired,RRequired,RRequired,RRequired,RRequired,RRequired,RRequired,RRequired,RRequired,RRequired,RRequired,RRequired,RRequired,RRequired,RRequired,RRequired,RRequired,RRequired,RRequired,RRequired,RRequired
VA 404,AArea,AArea,AArea,AArea,AArea,AArea,AArea,AArea,AArea,AArea,AArea,AArea,AArea,AArea,AArea,AArea,AArea,AArea,AArea,AArea,AArea,AArea,AArea,AArea,AArea,AArea,AArea,AArea,AArea,AArea,AArea,AArea,AArea,AArea,AArea,AArea,AArea,AArea,AArea,AArea,AArea,AArea,AArea,AArea,AArea,AArea,AArea,AArea,AArea,AArea,AArea,AArea,AArea,AArea,AArea,AArea,AArea,AArea,AArea,AArea,CCore 2,CCore 2,CCore 2,CCore 2,CCore 2,CCore 2,CCore 2,CCore 2,CCore 2,CCore 2,CCore 2,CCore 2,CCore 2,CCore 2,CCore 2,CCore 2,CCore 2,CCore 2,CCore 2,CCore 2,CCore 2,CCore 2
VA 416,AArea,AArea,AArea,AArea,AArea,AArea,AArea,AArea,AArea,AArea,AArea,AArea,AArea,AArea,AArea,AArea,AArea,AArea,AArea,AArea,AArea,AArea,AArea,AArea,AArea,AArea,AArea,AArea,AArea,AArea,AArea,AArea,AArea,,,,,,,,,,,,,,,,,,,,,,,,,,,,,,,,,,,,,,,,,,,,,,,,,
VA 423,AArea,AArea,AArea,AArea,AArea,AArea,AArea,AArea,AArea,AArea,AArea,AArea,AArea,AArea,AArea,AArea,AArea,AArea,AArea,AArea,AArea,AArea,AArea,AArea,AArea,AArea,AArea,AArea,AArea,AArea,AArea,AArea,AArea,AArea,AArea,AArea,AArea,AArea,AArea,AArea,AArea,AArea,AArea,AArea,AArea,AArea,AArea,AArea,AArea,AArea,AArea,AArea,AArea,AArea,AArea,AArea,AArea,AArea,AArea,AArea,AArea,AArea,AArea,AArea,AArea,AArea,AArea,AArea,AArea,AArea,AArea,AArea,AArea,AArea,AArea,AArea,AArea,AArea,AArea,AArea,AArea,AArea
VA 424,AArea,AArea,AArea,AArea,AArea,AArea,AArea,AArea,AArea,AArea,AArea,AArea,AArea,AArea,AArea,AArea,AArea,AArea,AArea,AArea,AArea,AArea,AArea,AArea,AArea,AArea,AArea,AArea,AArea,AArea,AArea,AArea,AArea,AArea,AArea,AArea,AArea,AArea,AArea,AArea,AArea,AArea,AArea,AArea,AArea,AArea,AArea,AArea,AArea,AArea,AArea,AArea,AArea,AArea,AArea,AArea,AArea,AArea,AArea,AArea,AArea,AArea,AArea,AArea,AArea,AArea,AArea,AArea,AArea,AArea,AArea,AArea,AArea,AArea,AArea,AArea,AArea,AArea,AArea,AArea,AArea,AArea
VA 428,AArea,AArea,AArea,AArea,AArea,AArea,AArea,AArea,AArea,AArea,AArea,AArea,AArea,AArea,AArea,AArea,AArea,AArea,AArea,AArea,AArea,AArea,AArea,AArea,AArea,AArea,AArea,AArea,AArea,AArea,AArea,AArea,AArea,AArea,AArea,AArea,AArea,AArea,AArea,AArea,AArea,AArea,AArea,AArea,AArea,AArea,AArea,AArea,AArea,AArea,AArea,AArea,AArea,AArea,AArea,AArea,AArea,,,,,,,,,,,,,,,,,,,,,,,,,
VA 432,AArea,AArea,AArea,AArea,AArea,AArea,AArea,AArea,AArea,AArea,AArea,AArea,AArea,AArea,AArea,AArea,AArea,AArea,AArea,AArea,AArea,AArea,AArea,,,,,,,,,,,,,,,,,,,,,,,,,,,,,,,,,,,,,,,,,,,,,,,,,,,,,,,,,,,
VA 433,AArea,AArea,AArea,AArea,AArea,AArea,AArea,AArea,AArea,AArea,AArea,AArea,AArea,AArea,AArea,CCore 2,CCore 2,CCore 2,CCore 2,CCore 2,CCore 2,CCore 2,CCore 2,CCore 2,CCore 2,CCore 2,CCore 2,CCore 2,CCore 2,CCore 2,CCore 2,CCore 2,CCore 2,CCore 2,CCore 2,CCore 2,CCore 2,CCore 2,CCore 2,CCore 2,CCore 2,CCore 2,CCore 2,CCore 2,CCore 2,CCore 2,CCore 2,CCore 2,CCore 2,CCore 2,CCore 2,CCore 2,CCore 2,CCore 2,CCore 2,CCore 2,CCore 2,CCore 2,CCore 2,CCore 2,CCore 2,CCore 2,CCore 2,CCore 2,CCore 2,CCore 2,CCore 2,CCore 2,CCore 2,CCore 2,CCore 2,CCore 2,CCore 2,CCore 2,CCore 2,AArea,AArea,AArea,AArea,AArea,AArea,AArea
VA 434,AArea,AArea,AArea,AArea,AArea,AArea,AArea,AArea,AArea,AArea,AArea,AArea,AArea,AArea,AArea,AArea,AArea,AArea,AArea,AArea,AArea,AArea,AArea,AArea,AArea,AArea,AArea,CCore 2,CCore 2,CCore 2,CCore 2,CCore 2,CCore 2,CCore 2,CCore 2,CCore 2,CCore 2,CCore 2,CCore 2,CCore 2,CCore 2,CCore 2,CCore 2,CCore 2,CCore 2,CCore 2,CCore 2,CCore 2,CCore 2,CCore 2,CCore 2,CCore 2,CCore 2,CCore 2,CCore 2,CCore 2,CCore 2,CCore 2,CCore 2,CCore 2,CCore 2,CCore 2,CCore 2,CCore 2,CCore 2,CCore 2,CCore 2,CCore 2,CCore 2,CCore 2,CCore 2,CCore 2,CCore 2,CCore 2,CCore 2,AArea,AArea,AArea,AArea,AArea,AArea,AArea
VA 436,AArea,AArea,AArea,AArea,AArea,AArea,AArea,AArea,AArea,AArea,AArea,AArea,AArea,AArea,AArea,AArea,AArea,AArea,AArea,AArea,AArea,AArea,AArea,,,,,,,,,,,,,,,,,,,,,,,,,,,,,,,,,,,,,,,,,,,,,,,,,,,,,,,,,,,
VA 437,AArea,AArea,AArea,AArea,AArea,AArea,AArea,AArea,AArea,AArea,AArea,AArea,AArea,AArea,AArea,AArea,AArea,AArea,AArea,AArea,AArea,AArea,AArea,AArea,AArea,AArea,AArea,AArea,AArea,AArea,AArea,AArea,AArea,AArea,AArea,AArea,AArea,AArea,AArea,AArea,AArea,AArea,AArea,AArea,AArea,AArea,AArea,AArea,AArea,AArea,AArea,AArea,AArea,AArea,AArea,AArea,AArea,AArea,AArea,AArea,AArea,AArea,AArea,AArea,AArea,AArea,AArea,AArea,AArea,AArea,AArea,AArea,AArea,AArea,AArea,AArea,AArea,AArea,AArea,AArea,AArea,AArea
VA 439,AArea,AArea,AArea,AArea,AArea,AArea,AArea,AArea,AArea,AArea,AArea,AArea,AArea,AArea,AArea,AArea,AArea,AArea,AArea,AArea,AArea,AArea,AArea,AArea,AArea,AArea,AArea,AArea,AArea,AArea,AArea,AArea,AArea,AArea,AArea,AArea,AArea,AArea,AArea,AArea,AArea,AArea,AArea,AArea,AArea,AArea,AArea,AArea,AArea,AArea,AArea,AArea,AArea,AArea,AArea,AArea,AArea,AArea,AArea,AArea,AArea,AArea,AArea,AArea,AArea,AArea,AArea,AArea,AArea,AArea,AArea,AArea,AArea,AArea,AArea,AArea,AArea,AArea,AArea,AArea,AArea,AArea
VA 440,AArea,AArea,AArea,AArea,AArea,AArea,AArea,AArea,AArea,AArea,AArea,AArea,AArea,AArea,AArea,AArea,AArea,AArea,AArea,AArea,AArea,AArea,AArea,AArea,AArea,AArea,AArea,CCore 2,CCore 2,CCore 2,CCore 2,CCore 2,CCore 2,CCore 2,CCore 2,CCore 2,CCore 2,CCore 2,CCore 2,CCore 2,CCore 2,CCore 2,CCore 2,CCore 2,CCore 2,CCore 2,CCore 2,CCore 2,CCore 2,CCore 2,CCore 2,CCore 2,CCore 2,CCore 2,CCore 2,CCore 2,CCore 2,CCore 2,CCore 2,CCore 2,CCore 2,CCore 2,CCore 2,CCore 2,CCore 2,CCore 2,CCore 2,CCore 2,CCore 2,CCore 2,CCore 2,CCore 2,CCore 2,CCore 2,CCore 2,AArea,AArea,AArea,AArea,AArea,AArea,AArea
VA 441,AArea,AArea,AArea,AArea,AArea,AArea,AArea,AArea,AArea,AArea,AArea,AArea,AArea,AArea,AArea,AArea,AArea,AArea,AArea,AArea,AArea,AArea,AArea,AArea,AArea,AArea,AArea,AArea,AArea,AArea,AArea,AArea,AArea,AArea,AArea,AArea,AArea,AArea,AArea,AArea,AArea,AArea,AArea,AArea,AArea,AArea,AArea,AArea,AArea,AArea,AArea,AArea,AArea,AArea,AArea,AArea,AArea,AArea,,,,,,,,,,,,,,,,,,,,,,,,
VA 442,AArea,AArea,AArea,AArea,AArea,AArea,AArea,AArea,AArea,AArea,AArea,AArea,AArea,AArea,AArea,AArea,AArea,AArea,AArea,AArea,AArea,AArea,AArea,AArea,AArea,AArea,AArea,AArea,AArea,AArea,AArea,AArea,AArea,AArea,AArea,AArea,AArea,AArea,AArea,AArea,AArea,AArea,AArea,AArea,AArea,AArea,,,,,,,,,,,,,,,,,,,,,,,,,,,,,,,,,,,,
VA 444,AArea,AArea,AArea,AArea,AArea,AArea,AArea,AArea,AArea,AArea,AArea,AArea,AArea,AArea,AArea,AArea,AArea,AArea,AArea,AArea,AArea,AArea,AArea,AArea,AArea,AArea,AArea,CCore 2,CCore 2,CCore 2,CCore 2,CCore 2,CCore 2,CCore 2,CCore 2,CCore 2,CCore 2,CCore 2,CCore 2,CCore 2,CCore 2,CCore 2,CCore 2,CCore 2,CCore 2,CCore 2,CCore 2,CCore 2,CCore 2,CCore 2,CCore 2,CCore 2,,,,,,,,,,,,,,,,,,,,,,,,,,,,,,
VA 445,AArea,AArea,AArea,AArea,AArea,AArea,AArea,AArea,AArea,AArea,AArea,AArea,AArea,AArea,AArea,AArea,AArea,AArea,AArea,,,,,,,,,,,,,,,,,,,,,,,,,,,,,,,,,,,,,,,,,,,,,,,,,,,,,,,,,,,,,,,
VA 446,AArea,AArea,AArea,AArea,AArea,AArea,AArea,AArea,AArea,AArea,AArea,AArea,AArea,AArea,AArea,AArea,AArea,AArea,AArea,AArea,AArea,AArea,AArea,AArea,AArea,AArea,AArea,AArea,AArea,AArea,AArea,AArea,AArea,AArea,AArea,AArea,AArea,AArea,AArea,AArea,AArea,AArea,AArea,AArea,AArea,,,,,,,,,,,,,,,,,,,,,,,,,,,,,,,,,,,,,
VA 450,AArea,AArea,AArea,AArea,AArea,AArea,AArea,AArea,AArea,AArea,AArea,AArea,AArea,AArea,AArea,AArea,AArea,AArea,AArea,AArea,AArea,AArea,AArea,AArea,AArea,AArea,AArea,AArea,AArea,AArea,AArea,AArea,AArea,AArea,AArea,AArea,AArea,AArea,AArea,AArea,AArea,AArea,AArea,AArea,AArea,AArea,AArea,AArea,AArea,AArea,AArea,AArea,AArea,AArea,AArea,AArea,AArea,AArea,AArea,AArea,AArea,AArea,AArea,AArea,AArea,AArea,AArea,AArea,AArea,AArea,AArea,AArea,AArea,AArea,AArea,AArea,AArea,AArea,AArea,AArea,AArea,AArea
VA 452,AArea,AArea,AArea,AArea,AArea,AArea,AArea,AArea,AArea,AArea,AArea,AArea,AArea,AArea,AArea,AArea,AArea,AArea,AArea,AArea,AArea,AArea,AArea,AArea,AArea,AArea,AArea,AArea,,,,,,,,,,,,,,,,,,,,,,,,,,,,,,,,,,,,,,,,,,,,,,,,,,,,,,
VA 453,AArea,AArea,AArea,AArea,AArea,AArea,AArea,AArea,AArea,AArea,AArea,AArea,AArea,AArea,AArea,AArea,AArea,AArea,AArea,AArea,AArea,AArea,AArea,AArea,AArea,AArea,AArea,AArea,AArea,AArea,AArea,AArea,AArea,AArea,AArea,AArea,AArea,AArea,AArea,AArea,AArea,AArea,AArea,AArea,AArea,AArea,AArea,AArea,AArea,AArea,AArea,AArea,AArea,AArea,AArea,AArea,AArea,AArea,AArea,AArea,AArea,AArea,AArea,AArea,AArea,AArea,AArea,AArea,AArea,AArea,AArea,AArea,AArea,AArea,AArea,AArea,AArea,AArea,AArea,AArea,AArea,AArea
VA 455,AArea,AArea,AArea,AArea,AArea,AArea,AArea,AArea,AArea,AArea,AArea,AArea,AArea,AArea,AArea,AArea,AArea,AArea,AArea,AArea,AArea,AArea,AArea,AArea,AArea,AArea,AArea,AArea,AArea,AArea,AArea,AArea,AArea,AArea,AArea,AArea,AArea,AArea,AArea,AArea,AArea,AArea,AArea,AArea,AArea,AArea,AArea,AArea,AArea,AArea,AArea,AArea,AArea,AArea,AArea,AArea,AArea,AArea,AArea,AArea,AArea,AArea,AArea,AArea,AArea,AArea,AArea,AArea,AArea,AArea,AArea,AArea,AArea,AArea,AArea,AArea,AArea,AArea,AArea,AArea,AArea,AArea
VA 461,AArea,AArea,AArea,AArea,AArea,AArea,AArea,AArea,AArea,AArea,AArea,AArea,AArea,AArea,AArea,AArea,AArea,AArea,AArea,AArea,AArea,AArea,AArea,AArea,AArea,AArea,AArea,AArea,AArea,AArea,AArea,AArea,AArea,AArea,AArea,AArea,AArea,AArea,AArea,AArea,AArea,AArea,AArea,AArea,AArea,,,,,,,,,,,,,,,,,,,,,,,,,,,,,,,,,,,,,
VA 465,AArea,AArea,AArea,AArea,AArea,AArea,AArea,AArea,AArea,AArea,AArea,AArea,AArea,AArea,AArea,AArea,AArea,AArea,AArea,AArea,AArea,AArea,AArea,AArea,AArea,AArea,AArea,AArea,AArea,AArea,AArea,AArea,AArea,AArea,AArea,AArea,AArea,AArea,AArea,AArea,AArea,AArea,AArea,AArea,AArea,AArea,AArea,AArea,AArea,AArea,AArea,AArea,AArea,AArea,AArea,AArea,AArea,AArea,AArea,AArea,AArea,AArea,AArea,AArea,AArea,AArea,AArea,AArea,AArea,AArea,AArea,AArea,AArea,AArea,AArea,AArea,AArea,AArea,AArea,AArea,AArea,AArea
VA 481,AArea,AArea,AArea,AArea,AArea,AArea,AArea,AArea,AArea,AArea,AArea,AArea,AArea,AArea,AArea,AArea,AArea,AArea,AArea,AArea,AArea,AArea,AArea,AArea,AArea,AArea,AArea,AArea,AArea,AArea,AArea,AArea,AArea,AArea,AArea,AArea,AArea,AArea,AArea,AArea,AArea,AArea,AArea,AArea,AArea,AArea,AArea,AArea,AArea,AArea,AArea,AArea,AArea,AArea,AArea,AArea,AArea,AArea,AArea,AArea,AArea,AArea,AArea,AArea,AArea,AArea,AArea,AArea,AArea,AArea,AArea,AArea,AArea,AArea,,,,,,,,
VA 482,AArea,AArea,AArea,AArea,AArea,AArea,AArea,AArea,AArea,AArea,AArea,AArea,AArea,AArea,AArea,AArea,AArea,AArea,AArea,AArea,AArea,AArea,AArea,AArea,AArea,AArea,AArea,AArea,AArea,AArea,AArea,AArea,AArea,AArea,AArea,AArea,AArea,AArea,AArea,AArea,AArea,AArea,AArea,AArea,AArea,AArea,AArea,AArea,AArea,AArea,AArea,AArea,AArea,AArea,AArea,AArea,AArea,AArea,AArea,AArea,AArea,AArea,AArea,AArea,AArea,AArea,AArea,AArea,AArea,AArea,AArea,AArea,AArea,AArea,,,,,,,,
VA 490,AArea,AArea,AArea,AArea,AArea,AArea,AArea,AArea,AArea,AArea,AArea,AArea,AArea,AArea,AArea,AArea,AArea,AArea,AArea,AArea,AArea,AArea,AArea,AArea,AArea,AArea,AArea,AArea,AArea,AArea,AArea,AArea,AArea,AArea,AArea,AArea,AArea,AArea,AArea,AArea,AArea,AArea,AArea,AArea,AArea,AArea,AArea,AArea,AArea,AArea,AArea,AArea,AArea,AArea,AArea,AArea,AArea,AArea,AArea,AArea,AArea,AArea,AArea,AArea,AArea,AArea,AArea,AArea,AArea,AArea,AArea,AArea,AArea,AArea,AArea,AArea,AArea,AArea,AArea,AArea,AArea,AArea
VIS 308,AArea,AArea,AArea,AArea,AArea,AArea,AArea,AArea,AArea,AArea,AArea,AArea,AArea,AArea,AArea,AArea,AArea,AArea,AArea,AArea,AArea,AArea,AArea,AArea,AArea,AArea,AArea,AArea,AArea,AArea,AArea,AArea,AArea,AArea,AArea,AArea,AArea,AArea,AArea,AArea,AArea,AArea,AArea,AArea,AArea,AArea,AArea,AArea,AArea,AArea,AArea,AArea,AArea,AArea,AArea,AArea,AArea,AArea,AArea,AArea,AArea,AArea,AArea,AArea,AArea,AArea,AArea,AArea,AArea,AArea,AArea,AArea,AArea,AArea,,,,,,,,
VIS 310,AArea,AArea,AArea,AArea,AArea,AArea,AArea,AArea,AArea,AArea,AArea,AArea,AArea,AArea,AArea,AArea,AArea,AArea,AArea,AArea,AArea,AArea,AArea,AArea,AArea,AArea,AArea,AArea,AArea,AArea,AArea,AArea,AArea,AArea,AArea,AArea,AArea,AArea,AArea,AArea,AArea,AArea,AArea,AArea,AArea,AArea,AArea,AArea,AArea,AArea,AArea,AArea,AArea,AArea,AArea,AArea,AArea,AArea,AArea,AArea,AArea,AArea,AArea,AArea,AArea,AArea,AArea,AArea,AArea,AArea,AArea,AArea,AArea,AArea,,,,,,,,
ACCA 200,FFree,FFree,FFree,FFree,FFree,FFree,FFree,FFree,FFree,FFree,FFree,FFree,FFree,FFree,FFree,FFree,FFree,FFree,FFree,FFree,FFree,FFree,FFree,FFree,FFree,FFree,FFree,FFree,FFree,FFree,FFree,FFree,FFree,FFree,FFree,FFree,FFree,FFree,FFree,FFree,FFree,FFree,FFree,FFree,FFree,FFree,FFree,FFree,FFree,FFree,FFree,FFree,FFree,FFree,FFree,FFree,FFree,FFree,FFree,FFree,FFree,FFree,FFree,FFree,FFree,FFree,FFree,FFree,FFree,FFree,FFree,FFree,FFree,FFree,FFree,FFree,FFree,FFree,FFree,FFree,FFree,FFree
ACC 201,FFree,FFree,FFree,FFree,FFree,FFree,FFree,FFree,FFree,FFree,FFree,FFree,FFree,FFree,FFree,FFree,FFree,FFree,FFree,FFree,FFree,FFree,FFree,FFree,FFree,FFree,FFree,FFree,FFree,FFree,FFree:M,FFree:M,FFree:M,FFree:M,FFree:M,FFree:M,FFree:M,FFree:M,FFree:M,FFree:M,FFree:M,FFree:M,FFree:M,FFree:M,FFree:M,FFree:M,FFree:M,FFree:M,FFree:M,FFree:M,FFree:M,FFree:M,FFree:M,FFree:M,FFree:M,FFree:M,FFree:M,FFree:M,FFree:M,FFree:M,FFree:M,FFree:M,FFree:M,FFree:M,FFree:M,FFree:M,FFree:M,FFree:M,FFree:M,FFree:M,FFree:M,FFree:M,FFree:M,FFree:M,FFree:M,FFree:M,FFree:M,FFree:M,FFree:M,FFree:M,FFree:M,FFree:M
ACC 301,FFree,FFree,FFree,FFree,FFree,FFree,FFree,FFree,FFree,FFree,FFree,FFree,FFree,FFree,FFree,FFree,FFree,FFree,FFree,FFree,FFree,FFree,FFree,FFree,FFree,FFree,FFree,FFree,FFree,FFree,FFree,FFree,FFree,FFree,FFree,FFree,FFree,FFree,FFree,FFree,FFree,FFree,FFree,FFree,FFree,FFree,FFree,FFree,FFree,FFree,FFree,FFree,FFree,FFree,FFree,FFree,FFree,FFree,FFree,FFree,FFree,FFree,FFree,FFree,FFree,FFree,FFree,FFree,FFree,FFree,FFree,FFree,FFree,FFree,FFree,FFree,FFree,FFree,FFree,FFree,FFree,FFree
ACC 401,FFree,FFree,FFree,FFree,FFree,FFree,FFree,FFree,FFree,FFree,FFree,FFree,FFree,FFree,FFree,FFree,FFree,FFree,FFree,FFree,FFree,FFree,FFree,FFree,FFree,FFree,FFree,FFree,FFree,FFree,FFree,FFree,FFree,FFree,FFree,FFree,FFree,FFree,FFree,FFree,FFree,FFree,FFree,FFree,FFree,FFree,FFree,FFree,FFree,FFree,FFree,FFree,FFree,FFree,FFree,FFree,FFree,FFree,FFree,FFree,FFree,,,,,,,,,,,,,,,,,,,,,
ACC 402,FFree,FFree,FFree,FFree,FFree,FFree,FFree,FFree,FFree,FFree,FFree,FFree,FFree,FFree,FFree,FFree,FFree,FFree,FFree,FFree,FFree,FFree,FFree,FFree,FFree,FFree,FFree,FFree,FFree,FFree,FFree,FFree,FFree,FFree,FFree,FFree,FFree,,,,,,,,,,,,,,,,,,,,,,,,,,,,,,,,,,,,,,,,,,,,,
ACC 403,FFree,FFree,FFree,FFree,FFree,FFree,FFree,FFree,FFree,FFree,FFree,FFree,FFree,FFree,FFree,FFree,FFree,FFree,FFree,FFree,FFree,FFree,FFree,FFree,FFree,FFree,FFree,FFree,FFree,FFree,FFree,FFree,FFree,FFree,FFree,FFree,FFree,FFree,FFree,FFree,FFree,FFree,FFree,FFree,FFree,FFree,FFree,FFree,FFree,FFree,FFree,FFree,FFree,FFree,FFree,FFree,FFree,FFree,FFree,FFree,FFree,FFree,FFree,FFree,,,,,,,,,,,,,,,,,,
ACC 404,FFree,FFree,FFree,FFree,FFree,FFree,FFree,FFree,FFree,FFree,FFree,FFree,FFree,FFree,FFree,FFree,FFree,FFree,FFree,FFree,FFree,FFree,FFree,FFree,FFree,FFree,FFree,FFree,FFree,FFree,FFree,FFree,FFree,FFree,FFree,FFree,FFree,FFree,FFree,FFree,FFree,FFree,FFree,FFree,FFree,FFree,FFree,FFree,FFree,FFree,FFree,FFree,FFree,FFree,FFree,FFree,FFree,FFree,FFree,FFree,FFree,FFree,FFree,FFree,FFree,,,,,,,,,,,,,,,,,
ACC 405,FFree,FFree,FFree,FFree,FFree,FFree,FFree,FFree,FFree,FFree,FFree,FFree,FFree,FFree,FFree,FFree,FFree,FFree,FFree,FFree,FFree,FFree,FFree,FFree,FFree,FFree,FFree,FFree,FFree,FFree,FFree,FFree,FFree,FFree,FFree,FFree,FFree,FFree,FFree,FFree,FFree,FFree,FFree,FFree,FFree,FFree,FFree,FFree,FFree,FFree,FFree,FFree,FFree,FFree,FFree,FFree,FFree,FFree,FFree,FFree,FFree,FFree,FFree,FFree,FFree,FFree,FFree,FFree,FFree,FFree,FFree,FFree,FFree,FFree,FFree,FFree,FFree,FFree,FFree,FFree,FFree,FFree
ACC 406,FFree,FFree,FFree,FFree,FFree,FFree,FFree,FFree,FFree,FFree,FFree,FFree,FFree,FFree,FFree,FFree,FFree,FFree,FFree,FFree,FFree,FFree,FFree,FFree,FFree,FFree,FFree,FFree,FFree,FFree,FFree,FFree,FFree,FFree,FFree,FFree,FFree,FFree,FFree,FFree,FFree,FFree,FFree,FFree,FFree,FFree,FFree,FFree,FFree,FFree,FFree,FFree,FFree,FFree,FFree,FFree,FFree,FFree,FFree,FFree,FFree,FFree,FFree,FFree,FFree,,,,,,,,,,,,,,,,,
ACC 450,FFree,FFree,FFree,FFree,FFree,FFree,FFree,FFree,FFree,FFree,FFree,FFree,FFree,FFree,FFree,FFree,FFree,FFree,FFree,FFree,FFree,FFree,FFree,FFree,FFree,FFree,FFree,FFree,FFree,FFree,FFree,FFree,FFree,FFree,FFree,FFree,FFree,FFree,FFree,FFree,FFree,FFree,FFree,FFree,FFree,FFree,FFree,FFree,FFree,FFree,FFree,FFree,FFree,FFree,FFree,FFree,FFree,FFree,FFree,,,,,,,,,,,,,,,,,,,,,,,
ACC 451,FFree,FFree,FFree,FFree,FFree,FFree,FFree,FFree,FFree,FFree,FFree,FFree,FFree,FFree,FFree,FFree,FFree,FFree,FFree,FFree,FFree,FFree,FFree,FFree,FFree,FFree,FFree,FFree,FFree,FFree,FFree,FFree,FFree,FFree,FFree,FFree,FFree,FFree,FFree,FFree,FFree,FFree,FFree,FFree,FFree,FFree,FFree,FFree,FFree,FFree,FFree,FFree,FFree,FFree,FFree,FFree,FFree,FFree,FFree,,,,,,,,,,,,,,,,,,,,,,,
ANTH 214,FFree:A,FFree:A,FFree:A,FFree:A,FFree:A,FFree:A,FFree:A,FFree:A,FFree:A,FFree:A,FFree:A,FFree:A,FFree:A,FFree:A,FFree:A,FFree:A,FFree:A,FFree:A,FFree:A,FFree:A,FFree:A,FFree:A,FFree:A,FFree:A,FFree:A,FFree:A,FFree:A,FFree:A,FFree:A,FFree:A,FFree,FFree,FFree,FFree,FFree,FFree,FFree,FFree,FFree,FFree,FFree,FFree,FFree,FFree,FFree,FFree,FFree,FFree,FFree,FFree,FFree,FFree,FFree,FFree,FFree,FFree,FFree,FFree,FFree,FFree,FFree,FFree,FFree,FFree,FFree,FFree,FFree,FFree,FFree,FFree,FFree,FFree,FFree,FFree,FFree,FFree,FFree,FFree,FFree,FFree,FFree,FFree
ANTH 251,FFree,FFree,FFree,FFree,FFree,FFree,FFree,FFree,FFree,FFree,FFree,FFree,FFree,FFree,FFree,FFree,FFree,FFree,FFree,FFree,FFree,FFree,FFree,FFree,FFree,FFree,FFree,FFree,FFree,FFree,FFree,FFree,FFree,FFree,FFree,FFree,FFree,FFree,FFree,FFree,FFree,FFree,FFree,FFree,FFree,FFree,FFree,FFree,FFree,FFree,FFree,FFree,FFree,FFree,FFree,FFree,FFree,FFree,FFree,FFree,FFree,FFree,FFree,,,,,,,,,,,,,,,,,,,
ANTH 255,FFree:A,FFree:A,FFree:A,FFree:A,FFree:A,FFree:A,FFree:A,FFree:A,FFree:A,FFree:A,FFree:A,FFree:A,FFree:A,FFree:A,FFree:A,FFree:A,FFree:A,FFree:A,FFree:A,FFree:A,FFree:A,FFree:A,FFree:A,FFree:A,FFree:A,FFree:A,FFree:A,FFree:A,FFree:A,FFree:A,FFree:A,FFree:A,FFree:A,FFree:A,FFree:A,FFree:A,FFree:A,FFree:A,FFree:A,FFree:A,FFree:A,FFree:A,FFree:A,FFree:A,FFree:A,FFree:A,FFree:A,FFree:A,FFree:A,FFree:A,FFree:A,FFree:A,FFree:A,FFree:A,FFree:A,FFree:A,FFree:A,FFree:A,FFree:A,FFree:A,FFree:A,FFree:A,FFree:A,FFree:A,FFree:A,FFree:A,FFree:A,FFree:A,FFree:A,FFree:A,FFree:A,FFree:A,FFree:A,FFree:A,FFree:A,FFree:A,FFree:A,FFree:A,FFree:A,FFree:A,FFree:A,FFree:A
ANTH 320,FFree,FFree,FFree,FFree,FFree,FFree,FFree,FFree,FFree,FFree,FFree,FFree,FFree,FFree,FFree,FFree,FFree,FFree,FFree,FFree,FFree,FFree,FFree,FFree,FFree,FFree,FFree,FFree,FFree,FFree,FFree,FFree,FFree,FFree,FFree,FFree,,,,,,,,,,,,,,,,,,,,,,,,,,,,,,,,,,,,,,,,,,,,,,
ANTH 321,FFree,FFree,FFree,FFree,FFree,FFree,FFree,FFree,FFree,FFree,FFree,FFree,FFree,FFree,FFree,FFree,FFree,FFree,FFree,FFree,FFree,FFree,FFree,FFree,FFree,FFree,FFree,FFree,FFree,FFree,FFree,FFree,FFree,FFree,FFree,FFree,FFree,FFree,FFree,FFree,FFree,FFree,FFree,FFree,FFree,FFree,FFree,FFree,FFree,FFree,FFree,FFree,FFree,FFree,FFree,FFree,FFree,FFree,FFree,FFree,FFree,FFree,FFree,FFree,FFree,FFree,FFree,FFree,FFree,FFree,FFree,FFree,FFree,FFree,FFree,FFree,FFree,FFree,FFree,FFree,FFree,FFree
ANTH 326,FFree:A,FFree:A,FFree:A,FFree:A,FFree:A,FFree:A,FFree:A,FFree:A,FFree:A,FFree:A,FFree:A,FFree:A,FFree:A,FFree:A,FFree:A,FFree:A,FFree:A,FFree:A,FFree:A,FFree:A,FFree:A,FFree:A,FFree:A,FFree:A,FFree:A,FFree:A,FFree:A,FFree:A,FFree:A,FFree:A,FFree:A,FFree:A,FFree:A,FFree:A,FFree:A,FFree:A,FFree:A,FFree:A,FFree:A,FFree:A,FFree:A,FFree:A,FFree:A,FFree:A,FFree:A,FFree:A,FFree:A,FFree:A,FFree:A,FFree:A,FFree:A,FFree:A,FFree:A,FFree:A,FFree:A,FFree:A,FFree:A,FFree:A,FFree:A,FFree:A,FFree:A,FFree:A,FFree:A,FFree:A,FFree:A,FFree:A,FFree:A,FFree:A,FFree:A,FFree:A,FFree:A,FFree:A,FFree:A,FFree:A,FFree:A,FFree:A,FFree:A,FFree:A,FFree:A,FFree:A,FFree:A,FFree:A
ANTH 340,FFree,FFree,FFree,FFree,FFree,FFree,FFree,FFree,FFree,FFree,FFree,FFree,FFree,FFree,FFree,FFree,FFree,FFree,FFree,FFree,FFree,FFree,FFree,FFree,FFree,FFree,FFree,FFree,FFree,FFree,FFree,FFree,FFree,FFree,FFree,FFree,FFree,FFree,FFree,FFree,FFree,FFree,FFree,FFree,FFree,FFree,FFree,FFree,FFree,FFree,FFree,FFree,FFree,FFree,FFree,FFree,FFree,FFree,FFree,FFree,FFree,FFree,FFree,FFree,FFree,FFree,FFree,FFree,FFree,FFree,FFree,FFree,FFree,FFree,FFree,FFree,FFree,FFree,FFree,FFree,FFree,FFree
ANTH 350,FFree,FFree,FFree,FFree,FFree,FFree,FFree,FFree,FFree,FFree,FFree,FFree,FFree,FFree,FFree,FFree,FFree,FFree,FFree,FFree,FFree,FFree,FFree,FFree,FFree,FFree,FFree,FFree,FFree,FFree,FFree,FFree,FFree,FFree,FFree,FFree,FFree,FFree,FFree,FFree,FFree,FFree,FFree,FFree,FFree,FFree,FFree,FFree,FFree,FFree,FFree,FFree,FFree,FFree,FFree,FFree,FFree,,,,,,,,,,,,,,,,,,,,,,,,,
ANTH 354,FFree,FFree,FFree,FFree,FFree,FFree,FFree,FFree,FFree,FFree,FFree,FFree,FFree,FFree,FFree,FFree,FFree,FFree,FFree,FFree,FFree,FFree,FFree,FFree,FFree,FFree,FFree,FFree,FFree,FFree,FFree,FFree,FFree,FFree,FFree,FFree,FFree,FFree,FFree,FFree,FFree,FFree,FFree,FFree,FFree,FFree,FFree,FFree,FFree,FFree,FFree,,,,,,,,,,,,,,,,,,,,,,,,,,,,,,,
ANTH 413,FFree,FFree,FFree,FFree,FFree,FFree,FFree,FFree,FFree,FFree,FFree,FFree,FFree,FFree,FFree,FFree,FFree,FFree,,,,,,,,,,,,,,,,,,,,,,,,,,,,,,,,,,,,,,,,,,,,,,,,,,,,,,,,,,,,,,,,
ANTH 415,FFree,FFree,FFree,FFree,FFree,FFree,FFree,FFree,FFree,FFree,FFree,FFree,FFree,FFree,FFree,FFree,FFree,FFree,FFree,FFree,FFree,FFree,FFree,FFree,FFree,FFree,FFree,FFree,FFree,FFree,FFree,FFree,FFree,FFree,FFree,FFree,FFree,FFree,FFree,FFree,FFree,FFree,FFree,FFree,FFree,,,,,,,,,,,,,,,,,,,,,,,,,,,,,,,,,,,,,
ANTH 425,FFree,FFree,FFree,FFree,FFree,FFree,FFree,FFree,FFree,FFree,FFree,FFree,FFree,FFree,FFree,FFree,FFree,FFree,FFree,FFree,FFree,FFree,FFree,FFree,FFree,FFree,FFree,FFree,FFree,FFree,FFree,FFree,FFree,FFree,FFree,FFree,FFree,FFree,FFree,,,,,,,,,,,,,,,,,,,,,,,,,,,,,,,,,,,,,,,,,,,
ANTH 428,FFree,FFree,FFree,FFree,FFree,FFree,FFree,FFree,FFree,FFree,FFree,FFree,FFree,FFree,FFree,FFree,FFree,FFree,FFree,FFree,FFree,FFree,FFree,FFree,FFree,FFree,FFree,FFree,FFree,FFree,FFree,FFree,FFree,FFree,FFree,FFree,FFree,FFree,FFree,FFree,FFree,FFree,FFree,FFree,FFree,FFree,,,,,,,,,,,,,,,,,,,,,,,,,,,,,,,,,,,,
ANTH 450,FFree,FFree,FFree,FFree,FFree,FFree,FFree,FFree,FFree,FFree,FFree,FFree,FFree,FFree,FFree,FFree,FFree,FFree,FFree,FFree,FFree,FFree,FFree,FFree,FFree,FFree,FFree,FFree,FFree,FFree,FFree,FFree,FFree,FFree,FFree,FFree,FFree,FFree,FFree,FFree,FFree,FFree,FFree,,,,,,,,,,,,,,,,,,,,,,,,,,,,,,,,,,,,,,,
ANTH 465,FFree,FFree,FFree,FFree,FFree,FFree,FFree,FFree,FFree,FFree,FFree,FFree,FFree,FFree,FFree,FFree,FFree,FFree,FFree,FFree,FFree,FFree,FFree,FFree,FFree,FFree,FFree,FFree,FFree,FFree,FFree,FFree,FFree,FFree,FFree,FFree,FFree,FFree,FFree,FFree,,,,,,,,,,,,,,,,,,,,,,,,,,,,,,,,,,,,,,,,,,
ANTH 468,FFree,FFree,FFree,FFree,FFree,FFree,FFree,FFree,FFree,FFree,FFree,FFree,FFree,FFree,FFree,FFree,FFree,FFree,FFree,FFree,FFree,FFree,FFree,FFree,FFree,FFree,FFree,FFree,FFree,FFree,FFree,FFree,FFree,FFree,FFree,FFree,FFree,FFree,FFree,FFree,FFree,FFree,FFree,FFree,FFree,FFree,FFree,FFree,FFree,FFree,FFree,FFree,FFree,FFree,FFree,FFree,FFree,FFree,FFree,FFree,FFree,FFree,FFree,FFree,FFree,FFree,FFree,FFree,FFree,FFree,FFree,FFree,FFree,FFree,FFree,FFree,FFree,FFree,FFree,FFree,FFree,FFree
ANTH 469,FFree,FFree,FFree,FFree,FFree,FFree,FFree,FFree,FFree,FFree,FFree,FFree,FFree,FFree,FFree,FFree,FFree,FFree,FFree,FFree,FFree,FFree,FFree,FFree,FFree,FFree,FFree,FFree,FFree,FFree,FFree,FFree,FFree,FFree,FFree,FFree,,,,,,,,,,,,,,,,,,,,,,,,,,,,,,,,,,,,,,,,,,,,,,
ANTH 471,FFree,FFree,FFree,FFree,FFree,FFree,FFree,FFree,FFree,FFree,FFree,FFree,FFree,FFree,FFree,FFree,FFree,FFree,FFree,FFree,FFree,FFree,FFree,FFree,FFree,FFree,FFree,FFree,FFree,FFree,FFree,FFree,FFree,FFree,FFree,FFree,FFree,FFree,FFree,FFree,FFree,FFree,FFree,FFree,FFree,,,,,,,,,,,,,,,,,,,,,,,,,,,,,,,,,,,,,
ARA 110,FFree,FFree,FFree,FFree,FFree,FFree,FFree,FFree,FFree,FFree,FFree,FFree,FFree,FFree,FFree,FFree,FFree,FFree,FFree,FFree,FFree,FFree,FFree,FFree,FFree,FFree,FFree,FFree,FFree,FFree,FFree,FFree,FFree,FFree,FFree,FFree,FFree,FFree,FFree,FFree,FFree,FFree,FFree,FFree,FFree,FFree,FFree,FFree,FFree,FFree,FFree,FFree,FFree,FFree,FFree,FFree,FFree,FFree,FFree,FFree,FFree,FFree,FFree,FFree,FFree,,,,,,,,,,,,,,,,,
ARA 120,FFree,FFree,FFree,FFree,FFree,FFree,FFree,FFree,FFree,FFree,FFree,FFree,FFree,FFree,FFree,FFree,FFree,FFree,FFree,FFree,FFree,FFree,FFree,FFree,FFree,FFree,FFree,FFree,FFree,FFree,FFree,FFree,FFree,FFree,FFree,FFree,FFree,FFree,FFree,FFree,FFree,FFree,FFree,FFree,FFree,FFree,FFree,FFree,FFree,FFree,FFree,FFree,FFree,FFree,FFree,FFree,FFree,FFree,FFree,FFree,FFree,FFree,FFree,FFree,FFree,,,,,,,,,,,,,,,,,
ARA 130,FFree,FFree,FFree,FFree,FFree,FFree,FFree,FFree,FFree,FFree,FFree,FFree,FFree,FFree,FFree,FFree,FFree,FFree,FFree,FFree,FFree,FFree,FFree,FFree,FFree,FFree,FFree,FFree,FFree,FFree,FFree,FFree,FFree,FFree,FFree,FFree,FFree,FFree,FFree,FFree,FFree,FFree,FFree,FFree,FFree,FFree,FFree,FFree,FFree,FFree,FFree,FFree,FFree,FFree,FFree,FFree,FFree,FFree,FFree,FFree,FFree,FFree,FFree,FFree,FFree,,,,,,,,,,,,,,,,,
ARA 140,FFree,FFree,FFree,FFree,FFree,FFree,FFree,FFree,FFree,FFree,FFree,FFree,FFree,FFree,FFree,FFree,FFree,FFree,FFree,FFree,FFree,FFree,FFree,FFree,FFree,FFree,FFree,FFree,FFree,FFree,FFree,FFree,FFree,FFree,FFree,FFree,FFree,FFree,FFree,FFree,FFree,FFree,FFree,FFree,FFree,FFree,FFree,FFree,FFree,FFree,FFree,FFree,FFree,FFree,FFree,FFree,FFree,FFree,FFree,FFree,FFree,FFree,FFree,FFree,FFree,,,,,,,,,,,,,,,,,
ARA 150,FFree,FFree,FFree,FFree,FFree,FFree,FFree,FFree,FFree,FFree,FFree,FFree,FFree,FFree,FFree,FFree,FFree,FFree,FFree,FFree,FFree,FFree,FFree,FFree,FFree,FFree,FFree,FFree,FFree,FFree,FFree,FFree,FFree,FFree,FFree,FFree,FFree,FFree,FFree,FFree,FFree,FFree,FFree,FFree,FFree,FFree,FFree,FFree,FFree,FFree,FFree,FFree,FFree,FFree,FFree,FFree,FFree,FFree,FFree,FFree,FFree,,,,,,,,,,,,,,,,,,,,,
ARA 301,FFree,FFree,FFree,FFree,FFree,FFree,FFree,FFree,FFree,FFree,FFree,FFree,FFree,FFree,FFree,FFree,FFree,FFree,FFree,FFree,FFree,FFree,FFree,FFree,FFree,FFree,FFree,FFree,FFree,FFree,FFree,FFree,FFree,FFree,FFree,FFree,FFree,FFree,FFree,FFree,FFree,FFree,,,,,,,,,,,,,,,,,,,,,,,,,,,,,,,,,,,,,,,,
ARA 302,FFree,FFree,FFree,FFree,FFree,FFree,FFree,FFree,FFree,FFree,FFree,FFree,FFree,FFree,FFree,FFree,FFree,FFree,FFree,FFree,FFree,FFree,FFree,FFree,FFree,FFree,FFree,FFree,FFree,FFree,FFree,FFree,FFree,FFree,FFree,FFree,FFree,FFree,FFree,FFree,FFree,FFree,,,,,,,,,,,,,,,,,,,,,,,,,,,,,,,,,,,,,,,,
ARA 303,FFree,FFree,FFree,FFree,FFree,FFree,FFree,FFree,FFree,FFree,FFree,FFree,FFree,FFree,FFree,FFree,FFree,FFree,FFree,FFree,FFree,FFree,FFree,FFree,FFree,FFree,FFree,FFree,FFree,FFree,FFree,FFree,FFree,FFree,FFree,FFree,FFree,FFree,FFree,FFree,FFree,FFree,,,,,,,,,,,,,,,,,,,,,,,,,,,,,,,,,,,,,,,,
ARA 304,FFree,FFree,FFree,FFree,FFree,FFree,FFree,FFree,FFree,FFree,FFree,FFree,FFree,FFree,FFree,FFree,FFree,FFree,FFree,FFree,FFree,FFree,FFree,FFree,FFree,FFree,FFree,FFree,FFree,FFree,FFree,FFree,FFree,FFree,FFree,FFree,FFree,FFree,FFree,FFree,FFree,FFree,,,,,,,,,,,,,,,,,,,,,,,,,,,,,,,,,,,,,,,,
BIO 301,FFree,FFree,FFree,FFree,FFree,FFree,FFree,FFree,FFree,FFree,FFree,FFree,FFree,FFree,FFree,FFree,FFree,FFree,FFree,FFree,FFree,FFree,FFree,FFree,FFree,FFree,FFree,FFree,FFree,FFree,FFree,FFree,FFree,FFree,FFree,FFree,FFree,FFree,FFree,FFree,FFree,FFree,FFree,FFree,FFree,FFree,FFree,FFree,FFree,FFree,FFree,FFree,FFree,FFree,FFree,FFree,FFree,FFree,FFree,FFree,FFree,FFree,FFree,FFree,FFree,FFree,FFree,FFree,FFree,FFree,FFree,FFree,FFree,FFree,FFree,FFree,FFree,FFree,FFree,FFree,FFree,FFree
BIO 302,FFree,FFree,FFree,FFree,FFree,FFree,FFree,FFree,FFree,,,,,,,,,,,,,,,,,,,,,,,,,,,,,,,,,,,,,,,,,,,,,,,,,,,,,,,,,,,,,,,,,,,,,,,,,
BIO 303,FFree,FFree,FFree,FFree,FFree,FFree,FFree,FFree,FFree,FFree,FFree,FFree,FFree,FFree,FFree,FFree,FFree,FFree,FFree,FFree,FFree,FFree,FFree,FFree,FFree,FFree,FFree,FFree,FFree,FFree,FFree,FFree,FFree,FFree,FFree,FFree,FFree,FFree,FFree,FFree,FFree,FFree,FFree,FFree,FFree,FFree,FFree,FFree,FFree,FFree,FFree,FFree,FFree,FFree,FFree,FFree,FFree,FFree,FFree,FFree,FFree,FFree,FFree,FFree,FFree,FFree,FFree,FFree,FFree,FFree,FFree,FFree,FFree,FFree,FFree,FFree,FFree,FFree,FFree,FFree,FFree,FFree
BIO 304,FFree,FFree,FFree,FFree,FFree,FFree,FFree,FFree,FFree,FFree,FFree,FFree,FFree,FFree,FFree,FFree,FFree,FFree,FFree,FFree,FFree,FFree,FFree,FFree,FFree,FFree,FFree,FFree,FFree,FFree,FFree,FFree,FFree,FFree,FFree,FFree,FFree,FFree,FFree,FFree,FFree,FFree,FFree,FFree,FFree,FFree,FFree,FFree,FFree,FFree,FFree,FFree,FFree,FFree,FFree,FFree,FFree,FFree,FFree,FFree,FFree,FFree,FFree,FFree,FFree,FFree,FFree,FFree,FFree,FFree,FFree,FFree,FFree,FFree,FFree,FFree,FFree,FFree,FFree,FFree,FFree,FFree
BIO 305,FFree,FFree,FFree,FFree,FFree,FFree,FFree,FFree,FFree,FFree,FFree,FFree,FFree,FFree,FFree,,,,,,,,,,,,,,,,,,,,,,,,,,,,,,,,,,,,,,,,,,,,,,,,,,,,,,,,,,,,,,,,,,,
BIO 306,FFree,FFree,FFree,FFree,FFree,FFree,FFree,FFree,FFree,FFree,FFree,FFree,FFree,FFree,FFree,FFree,FFree,FFree,FFree,FFree,FFree,FFree,FFree,FFree,FFree,FFree,FFree,FFree,FFree,FFree,FFree,FFree,FFree,FFree,FFree,FFree,FFree,FFree,FFree,FFree,FFree,FFree,FFree,FFree,FFree,FFree,FFree,FFree,FFree,FFree,FFree,FFree,FFree,FFree,FFree,FFree,FFree,FFree,FFree,FFree,FFree,FFree,FFree,FFree,FFree,FFree,FFree,FFree,FFree,FFree,FFree,FFree,FFree,FFree,FFree,FFree,FFree,FFree,FFree,FFree,FFree,FFree
BIO 308,FFree,FFree,FFree,FFree,FFree,FFree,FFree,FFree,FFree,FFree,FFree,FFree,FFree,FFree,FFree,FFree,FFree,FFree,FFree,FFree,FFree,FFree,FFree,FFree,FFree,FFree,FFree,FFree,FFree,FFree,FFree,FFree,FFree,FFree,FFree,FFree,FFree,FFree,FFree,FFree,FFree,FFree,FFree,FFree,FFree,FFree,FFree,FFree,FFree,FFree,FFree,FFree,FFree,FFree,FFree,FFree,FFree,FFree,FFree,FFree,FFree,FFree,FFree,FFree,FFree,FFree,FFree,FFree,FFree,FFree,FFree,FFree,FFree,FFree,FFree,FFree,FFree,FFree,FFree,FFree,FFree,FFree
BIO 310,FFree,FFree,FFree,FFree,FFree,FFree,FFree,FFree,FFree,FFree,FFree,FFree,FFree,FFree,FFree,FFree,FFree,FFree,FFree,FFree,FFree,FFree,FFree,FFree,FFree,FFree,FFree,FFree,FFree,FFree,FFree,FFree,FFree,FFree,FFree,FFree,FFree,FFree,FFree,FFree,FFree,FFree,FFree,FFree,FFree,FFree,FFree,FFree,FFree,FFree,FFree,FFree,FFree,FFree,FFree,FFree,FFree,FFree,FFree,FFree,FFree,FFree,FFree,FFree,FFree,FFree,FFree,FFree,FFree,FFree,FFree,FFree,FFree,FFree,FFree,FFree,FFree,FFree,FFree,FFree,FFree,FFree
BIO 321,FFree,FFree,FFree,FFree,FFree,FFree,FFree,FFree,FFree,FFree,FFree,FFree,FFree,FFree,FFree,FFree:E,FFree:E,FFree:E,FFree:E,FFree:E,FFree:E,FFree:E,FFree:E,FFree:E,FFree:E,FFree:E,FFree:E,FFree:E,FFree:E,FFree:E,FFree:E,FFree:E,FFree:E,FFree:E,FFree:E,FFree:E,FFree:E,FFree:E,FFree:E,FFree:E,FFree:E,FFree:E,FFree:E,FFree:E,FFree:E,FFree:E,FFree:E,FFree:E,FFree:E,FFree:E,FFree:E,FFree:E,FFree:E,FFree:E,FFree:E,FFree:E,FFree:E,FFree:E,FFree:E,FFree:E,FFree:E,FFree:E,FFree:E,FFree:E,FFree:E,FFree:E,FFree:E,FFree:E,FFree:E,FFree:E,FFree:E,FFree:E,FFree:E,FFree:E,FFree:E,FFree,FFree,FFree,FFree,FFree,FFree,FFree
BIO 322,FFree,FFree,FFree,FFree,FFree,FFree,FFree,FFree,FFree,FFree,FFree,FFree,FFree,FFree,FFree,FFree,FFree,FFree,FFree,FFree,FFree,FFree,FFree,FFree,FFree,FFree,FFree,FFree,FFree,FFree,FFree,FFree,FFree,FFree,FFree,FFree,FFree,FFree,FFree,FFree,FFree,FFree,FFree,FFree,FFree,FFree,FFree,FFree,FFree,FFree,FFree,FFree,FFree,FFree,FFree,FFree,FFree,FFree,FFree,FFree,FFree,FFree,FFree,FFree,FFree,FFree,FFree,FFree,FFree,FFree,FFree,FFree,FFree,FFree,FFree,FFree,FFree,FFree,FFree,FFree,FFree,FFree
BIO 330,FFree,FFree,FFree,FFree,FFree,FFree,FFree,FFree,FFree,FFree,FFree,FFree,FFree,FFree,FFree,FFree,FFree,FFree,FFree,FFree,FFree,FFree,FFree,FFree,FFree,FFree,FFree,FFree,FFree,FFree,FFree,FFree,FFree,FFree,FFree,FFree,FFree,FFree,FFree,FFree,FFree,FFree,FFree,FFree,FFree,FFree,FFree,FFree,FFree,FFree,FFree,FFree,FFree,FFree,FFree,FFree,FFree,FFree,FFree,FFree,FFree,FFree,FFree,FFree,FFree,FFree,FFree,FFree,FFree,FFree,FFree,FFree,FFree,FFree,FFree,FFree,FFree,FFree,FFree,FFree,FFree,FFree
BIO 332,FFree,FFree,FFree,FFree,FFree,FFree,FFree,FFree,FFree,FFree,FFree,FFree,FFree,FFree,FFree,FFree,FFree,FFree,FFree,FFree,FFree,FFree,FFree,FFree,FFree,FFree,FFree,FFree,FFree,FFree,FFree,FFree,FFree,FFree,FFree,FFree,FFree,FFree,FFree,FFree,FFree,FFree,FFree,FFree,FFree,FFree,FFree,FFree,FFree,FFree,FFree,FFree,FFree,FFree,FFree,FFree,FFree,FFree,FFree,FFree,FFree,FFree,FFree,FFree,FFree,FFree,FFree,FFree,FFree,FFree,FFree,FFree,FFree,FFree,FFree,FFree,FFree,FFree,FFree,FFree,FFree,FFree
BIO 335,FFree,FFree,FFree,FFree,FFree,FFree,FFree,FFree,FFree,FFree,FFree,FFree,FFree,FFree,FFree,FFree,FFree,FFree,FFree,FFree,FFree,FFree,FFree,FFree,FFree,FFree,FFree,FFree,FFree,FFree,FFree,FFree,FFree,FFree,FFree,FFree,FFree,FFree,FFree,FFree,FFree,FFree,FFree,FFree,FFree,FFree,FFree,FFree,FFree,FFree,FFree,FFree,FFree,FFree,FFree,FFree,FFree,FFree,FFree,FFree,FFree,FFree,FFree,FFree,FFree,FFree,FFree,FFree,FFree,FFree,FFree,FFree,FFree,FFree,FFree,FFree,FFree,FFree,FFree,FFree,FFree,FFree
BIO 363,FFree,FFree,FFree,FFree,FFree,FFree,FFree,FFree,FFree,FFree,FFree,FFree,FFree,FFree,FFree,FFree,FFree,FFree,FFree,FFree,FFree,FFree,FFree,FFree,FFree,FFree,FFree,FFree,FFree,FFree,FFree,FFree,FFree,FFree,FFree,FFree,FFree,FFree,FFree,FFree,FFree,FFree,FFree,FFree,FFree,FFree,FFree,FFree,FFree,FFree,FFree,FFree,FFree,FFree,FFree,FFree,FFree,FFree,FFree,FFree,FFree,FFree,FFree,FFree,FFree,FFree,FFree,FFree,FFree,FFree,FFree,FFree,FFree,FFree,FFree,FFree,FFree,FFree,FFree,FFree,FFree,FFree
BIO 366,FFree,FFree,FFree,FFree,FFree,FFree,FFree,FFree,FFree,FFree,FFree,FFree,FFree,FFree,FFree,,,,,,,,,,,,,,,,,,,,,,,,,,,,,,,,,,,,,,,,,,,,,,,,,,,,,,,,,,,,,,,,,,,
BIO 370,FFree,FFree,FFree,FFree,FFree,FFree,FFree,FFree,FFree,FFree,FFree,FFree,FFree,FFree,FFree,FFree,FFree,FFree,FFree,FFree,FFree,FFree,FFree,FFree,FFree,FFree,FFree,FFree,FFree,FFree,FFree,FFree,FFree,FFree,FFree,FFree,FFree,FFree,FFree,FFree,FFree,FFree,FFree,FFree,FFree,FFree,FFree,FFree,FFree,FFree,FFree,FFree,FFree,FFree,FFree,FFree,FFree,FFree,FFree,FFree,FFree,FFree,FFree,FFree,,,,,,,,,,,,,,,,,,
BIO 401,FFree,FFree,FFree,FFree,FFree,FFree,FFree,FFree,FFree,FFree,FFree,FFree,FFree,FFree,FFree,,,,,,,,,,,,,,,,,,,,,,,,,,,,,,,,,,,,,,,,,,,,,,,,,,,,,,,,,,,,,,,,,,,
BIO 403,FFree,FFree,FFree,FFree,FFree,FFree,FFree,FFree,FFree,FFree,FFree,FFree,FFree,FFree,FFree,FFree,FFree,FFree,FFree,FFree,FFree,FFree,FFree,FFree,FFree,FFree,FFree,FFree,FFree,FFree,FFree,FFree,FFree,FFree,FFree,FFree,FFree,FFree,FFree,FFree,FFree,FFree,FFree,FFree,FFree,FFree,FFree,FFree,FFree,FFree,FFree,FFree,FFree,FFree,FFree,FFree,FFree,FFree,FFree,FFree,FFree,FFree,FFree,FFree,FFree,FFree,FFree,FFree,FFree,FFree,,,,,,,,,,,,
BIO 404,FFree,FFree,FFree,FFree,FFree,FFree,FFree,FFree,FFree,FFree,FFree,FFree,FFree,FFree,FFree,FFree,FFree,FFree,FFree,FFree,FFree,FFree,FFree,FFree,FFree,FFree,FFree,FFree,FFree,FFree,FFree,FFree,FFree,FFree,FFree,FFree,FFree,FFree,FFree,FFree,FFree,FFree,FFree,FFree,FFree,FFree,FFree,FFree,FFree,FFree,FFree,FFree,FFree,FFree,FFree,FFree,FFree,,,,,,,,,,,,,,,,,,,,,,,,,
BIO 405,FFree,FFree,FFree,FFree,FFree,FFree,FFree,FFree,FFree,FFree,FFree,FFree,FFree,FFree,FFree,,,,,,,,,,,,,,,,,,,,,,,,,,,,,,,,,,,,,,,,,,,,,,,,,,,,,,,,,,,,,,,,,,,
BIO 406,FFree,FFree,FFree,FFree,FFree,FFree,FFree,FFree,FFree,FFree,FFree,FFree,FFree,FFree,FFree,FFree,FFree,FFree,FFree,FFree,FFree,FFree,FFree,FFree,FFree,FFree,FFree,FFree,FFree,FFree,FFree,FFree,FFree,FFree,FFree,FFree,FFree,FFree,FFree,FFree,FFree,FFree,FFree,FFree,FFree,FFree,FFree,FFree,FFree,FFree,FFree,FFree,FFree,FFree,FFree,FFree,FFree,FFree,FFree,FFree,FFree,FFree,FFree,FFree,FFree,FFree,FFree,FFree,FFree,FFree,,,,,,,,,,,,
BIO 407,FFree,FFree,FFree,FFree,FFree,FFree,FFree,FFree,FFree,FFree,FFree,FFree,FFree,FFree,FFree,FFree,FFree,FFree,FFree,FFree,FFree,FFree,FFree,FFree,FFree,FFree,FFree,FFree,FFree,FFree,FFree,FFree,FFree,FFree,FFree,FFree,FFree,FFree,FFree,FFree,FFree,FFree,FFree,FFree,FFree,FFree,FFree,FFree,FFree,FFree,FFree,FFree,FFree,FFree,FFree,FFree,FFree,FFree,FFree,FFree,FFree,FFree,FFree,FFree,FFree,FFree,FFree,FFree,FFree,FFree,FFree,FFree,FFree,FFree,FFree,FFree,FFree,FFree,FFree,FFree,FFree,FFree
BIO 409,FFree,FFree,FFree,FFree,FFree,FFree,FFree,FFree,FFree,FFree,FFree,FFree,FFree,FFree,FFree,FFree,FFree,FFree,FFree,FFree,FFree,FFree,FFree,FFree,FFree,FFree,FFree,FFree,FFree,FFree,FFree,FFree,FFree,FFree,FFree,FFree,FFree,FFree,FFree,FFree,FFree,FFree,FFree,FFree,FFree,FFree,FFree,FFree,FFree,FFree,FFree,FFree,FFree,FFree,FFree,FFree,FFree,FFree,FFree,FFree,FFree,FFree,FFree,FFree,FFree,FFree,FFree,FFree,FFree,FFree,,,,,,,,,,,,
BIO 410,FFree,FFree,FFree,FFree,FFree,FFree,FFree,FFree,FFree,FFree,FFree,FFree,FFree,FFree,FFree,,,,,,,,,,,,,,,,,,,,,,,,,,,,,,,,,,,,,,,,,,,,,,,,,,,,,,,,,,,,,,,,,,,
BIO 415,FFree,FFree,FFree,FFree,FFree,FFree,FFree,FFree,FFree,FFree,FFree,FFree,FFree,FFree,FFree,FFree,FFree,FFree,FFree,FFree,FFree,FFree,FFree,FFree,FFree,FFree,FFree,FFree,FFree,FFree,FFree,FFree,FFree,FFree,FFree,FFree,FFree,FFree,FFree,FFree,FFree,FFree,FFree,FFree,FFree,FFree,FFree,FFree,FFree,FFree,FFree,FFree,FFree,FFree,FFree,FFree,FFree,FFree,FFree,FFree,FFree,FFree,FFree,FFree,FFree,FFree,FFree,FFree,FFree,FFree,FFree,FFree,FFree,FFree,FFree,FFree,FFree,FFree,FFree,FFree,FFree,FFree
BIO 421,FFree,FFree,FFree,FFree,FFree,FFree,FFree,FFree,FFree,FFree,FFree,FFree,FFree,FFree,FFree,FFree,FFree,FFree,FFree,FFree,FFree,FFree,FFree,FFree,FFree,FFree,FFree,FFree,FFree,FFree,FFree,FFree,FFree,FFree,FFree,FFree,FFree,FFree,FFree,FFree,FFree,FFree,FFree,FFree,FFree,FFree,FFree,FFree,FFree,FFree,FFree,FFree,FFree,FFree,FFree,FFree,FFree,FFree,FFree,FFree,FFree,FFree,FFree,FFree,FFree,FFree,FFree,FFree,FFree,FFree,FFree,FFree,FFree,FFree,FFree,FFree,FFree,FFree,FFree,FFree,FFree,FFree
BIO 423,FFree,FFree,FFree,FFree,FFree,FFree,FFree,FFree,FFree,FFree,FFree,FFree,FFree,FFree,FFree,FFree,FFree,FFree,FFree,FFree,FFree,FFree,FFree,FFree,FFree,FFree,FFree,FFree,FFree,FFree,FFree,FFree,FFree,FFree,FFree,FFree,FFree,FFree,FFree,FFree,FFree,FFree,FFree,FFree,FFree,FFree,FFree,FFree,FFree,FFree,FFree,FFree,FFree,FFree,FFree,FFree,FFree,FFree,FFree,FFree,FFree,FFree,FFree,FFree,FFree,FFree,FFree,FFree,FFree,FFree,FFree,FFree,FFree,FFree,FFree,FFree,FFree,FFree,FFree,FFree,FFree,FFree
BIO 432,FFree,FFree,FFree,FFree,FFree,FFree,FFree,FFree,FFree,FFree,FFree,FFree,FFree,FFree,FFree,,,,,,,,,,,,,,,,,,,,,,,,,,,,,,,,,,,,,,,,,,,,,,,,,,,,,,,,,,,,,,,,,,,
BIO 436,FFree,FFree,FFree,FFree,FFree,FFree,FFree,FFree,FFree,FFree,FFree,FFree,FFree,FFree,FFree,FFree,FFree,FFree,FFree,FFree,FFree,FFree,FFree,FFree,FFree,FFree,FFree,FFree,FFree,FFree,FFree,FFree,FFree,FFree,FFree,FFree,FFree,FFree,FFree,FFree,FFree,FFree,FFree,FFree,FFree,FFree,FFree,FFree,FFree,FFree,FFree,FFree,FFree,FFree,FFree,FFree,FFree,FFree,FFree,FFree,FFree,FFree,FFree,FFree,FFree,FFree,FFree,FFree,FFree,FFree,FFree,FFree,FFree,FFree,FFree,FFree,FFree,FFree,FFree,FFree,FFree,FFree
BIO 444,FFree,FFree,FFree,FFree,FFree,FFree,FFree,FFree,FFree,FFree,FFree,FFree,FFree,FFree,FFree,FFree,FFree,FFree,FFree,FFree,FFree,FFree,FFree,FFree,FFree,FFree,FFree,FFree,FFree,FFree,FFree,FFree,FFree,FFree,FFree,FFree,FFree,FFree,FFree,FFree,FFree,FFree,FFree,FFree,FFree,FFree,FFree,FFree,FFree,FFree,FFree,FFree,FFree,FFree,FFree,FFree,FFree,FFree,FFree,FFree,FFree,FFree,FFree,FFree,FFree,FFree,FFree,FFree,FFree,FFree,FFree,FFree,FFree,FFree,FFree,FFree,FFree,FFree,FFree,FFree,FFree,FFree
BIO 445,FFree,FFree,FFree,FFree,FFree,FFree,FFree,FFree,FFree,FFree,FFree,FFree,FFree,FFree,FFree,FFree,FFree,FFree,FFree,FFree,FFree,FFree,FFree,FFree,FFree,FFree,FFree,FFree,FFree,FFree,FFree,FFree,FFree,FFree,FFree,FFree,FFree,FFree,FFree,FFree,FFree,FFree,FFree,FFree,FFree,FFree,FFree,FFree,FFree,FFree,FFree,FFree,FFree,FFree,FFree,FFree,FFree,FFree,FFree,FFree,FFree,FFree,FFree,FFree,FFree,FFree,FFree,FFree,FFree,FFree,,,,,,,,,,,,
BIO 446,FFree,FFree,FFree,FFree,FFree,FFree,FFree,FFree,FFree,FFree,FFree,FFree,FFree,FFree,FFree,FFree,FFree,FFree,FFree,FFree,FFree,FFree,FFree,FFree,FFree,FFree,FFree,FFree,FFree,FFree,FFree,FFree,FFree,FFree,FFree,FFree,FFree,FFree,FFree,FFree,FFree,FFree,FFree,FFree,FFree,FFree,FFree,FFree,FFree,FFree,FFree,FFree,FFree,FFree,FFree,FFree,FFree,FFree,FFree,FFree,FFree,FFree,FFree,FFree,FFree,FFree,FFree,FFree,FFree,FFree,FFree,FFree,FFree,FFree,FFree,FFree,FFree,FFree,FFree,FFree,FFree,FFree
BIO 447,FFree,FFree,FFree,FFree,FFree,FFree,FFree,FFree,FFree,FFree,FFree,FFree,FFree,FFree,FFree,FFree,FFree,FFree,FFree,FFree,FFree,FFree,FFree,FFree,FFree,FFree,FFree,FFree,FFree,FFree,FFree,FFree,FFree,FFree,FFree,FFree,FFree,FFree,FFree,FFree,FFree,FFree,FFree,FFree,FFree,FFree,FFree,FFree,FFree,FFree,FFree,FFree,FFree,FFree,FFree,FFree,FFree,FFree,FFree,FFree,FFree,FFree,FFree,FFree,FFree,FFree,FFree,FFree,FFree,FFree,,,,,,,,,,,,
BIO 452,FFree,FFree,FFree,FFree,FFree,FFree,FFree,FFree,FFree,FFree,FFree,FFree,FFree,FFree,FFree,FFree,FFree,FFree,FFree,FFree,FFree,FFree,FFree,FFree,FFree,FFree,FFree,FFree,FFree,FFree,FFree,FFree,FFree,FFree,FFree,FFree,FFree,FFree,FFree,FFree,FFree,FFree,FFree,FFree,FFree,FFree,FFree,FFree,FFree,FFree,FFree,FFree,FFree,FFree,FFree,FFree,FFree,FFree,FFree,FFree,FFree,FFree,FFree,FFree,FFree,FFree,FFree,FFree,FFree,FFree,FFree,FFree,FFree,FFree,FFree,FFree,FFree,FFree,FFree,FFree,FFree,FFree
BIO 460,FFree,FFree,FFree,FFree,FFree,FFree,FFree,FFree,FFree,FFree,FFree,FFree,FFree,FFree,FFree,FFree,FFree,FFree,FFree,FFree,FFree,FFree,FFree,FFree,FFree,FFree,FFree,FFree,FFree,FFree,FFree,FFree,FFree,FFree,FFree,FFree,FFree,FFree,FFree,FFree,FFree,FFree,FFree,FFree,FFree,FFree,FFree,FFree,FFree,FFree,FFree,FFree,FFree,FFree,FFree,FFree,FFree,FFree,FFree,FFree,FFree,FFree,FFree,FFree,FFree,FFree,FFree,FFree,FFree,FFree,FFree,FFree,FFree,FFree,FFree,FFree,FFree,FFree,FFree,FFree,FFree,FFree
BIO 466,FFree,FFree,FFree,FFree,FFree,FFree,FFree,FFree,FFree,FFree,FFree,FFree,FFree,FFree,FFree,FFree,FFree,FFree,FFree,FFree,FFree,FFree,FFree,FFree,FFree,FFree,FFree,FFree,FFree,FFree,FFree,FFree,FFree,FFree,FFree,FFree,FFree,FFree,FFree,FFree,FFree,FFree,FFree,FFree,FFree,FFree,FFree,FFree,FFree,FFree,FFree,FFree,FFree,FFree,FFree,FFree,FFree,FFree,FFree,FFree,FFree,FFree,FFree,FFree,FFree,FFree,FFree,FFree,FFree,FFree,,,,,,,,,,,,
BIO 467,FFree,FFree,FFree,FFree,FFree,FFree,FFree,FFree,FFree,FFree,FFree,FFree,FFree,FFree,FFree,FFree,FFree,FFree,FFree,FFree,FFree,FFree,FFree,FFree,FFree,FFree,FFree,FFree,FFree,FFree,FFree,FFree,FFree,FFree,FFree,FFree,FFree,FFree,FFree,FFree,FFree,FFree,FFree,FFree,FFree,FFree,FFree,FFree,FFree,FFree,FFree,FFree,FFree,FFree,FFree,FFree,FFree,FFree,FFree,FFree,FFree,FFree,FFree,FFree,FFree,FFree,FFree,FFree,FFree,FFree,FFree,FFree,FFree,FFree,FFree,FFree,FFree,FFree,FFree,FFree,FFree,FFree
BIO 468,FFree,FFree,FFree,FFree,FFree,FFree,FFree,FFree,FFree,FFree,FFree,FFree,FFree,FFree,FFree,FFree,FFree,FFree,FFree,FFree,FFree,FFree,FFree,FFree,FFree,FFree,FFree,FFree,FFree,FFree,FFree,FFree,FFree,FFree,FFree,FFree,FFree,FFree,FFree,FFree,FFree,FFree,FFree,FFree,FFree,FFree,FFree,FFree,FFree,FFree,FFree,FFree,FFree,FFree,FFree,FFree,FFree,FFree,FFree,FFree,FFree,FFree,FFree,FFree,FFree,FFree,FFree,FFree,FFree,FFree,FFree,FFree,FFree,FFree,FFree,FFree,FFree,FFree,FFree,FFree,FFree,FFree
BIO 480,FFree,FFree,FFree,FFree,FFree,FFree,FFree,FFree,FFree,FFree,FFree,FFree,FFree,FFree,FFree,FFree,FFree,FFree,FFree,FFree,FFree,FFree,FFree,FFree,FFree,FFree,FFree,FFree,FFree,FFree,FFree,FFree,FFree,FFree,FFree,FFree,FFree,FFree,FFree,FFree,FFree,FFree,FFree,FFree,FFree,FFree,FFree,FFree,FFree,FFree,FFree,,,,,,,,,,,,,,,,,,,,,,,,,,,,,,,
BIO 48006,FFree,FFree,FFree,FFree,FFree,FFree,FFree,FFree,FFree,FFree,FFree,FFree,FFree,FFree,FFree,FFree,FFree,FFree,FFree,FFree,FFree,FFree,FFree,FFree,FFree,FFree,FFree,FFree,FFree,FFree,FFree,FFree,FFree,FFree,FFree,FFree,FFree,FFree,FFree,FFree,FFree,FFree,FFree,FFree,FFree,FFree,FFree,FFree,FFree,FFree,FFree,FFree,FFree,FFree,FFree,FFree,FFree,FFree,FFree,FFree,FFree,FFree,FFree,FFree,FFree,FFree,FFree,FFree,FFree,FFree,FFree,FFree,,,,,,,,,,
BIO 481,FFree,FFree,FFree,FFree,FFree,FFree,FFree,FFree,FFree,FFree,FFree,FFree,FFree,FFree,FFree,FFree,FFree,FFree,FFree,FFree,FFree,FFree,FFree,FFree,FFree,FFree,FFree,FFree,FFree,FFree,FFree,FFree,FFree,FFree,FFree,FFree,FFree,FFree,FFree,FFree,FFree,FFree,FFree,FFree,FFree,FFree,FFree,FFree,FFree,FFree,FFree,,,,,,,,,,,,,,,,,,,,,,,,,,,,,,,
CHEM 202,FFree,FFree,FFree,FFree,FFree,FFree,FFree,FFree,FFree,FFree,FFree,FFree,FFree,FFree,FFree,FFree,FFree,FFree,FFree,FFree,FFree,FFree,FFree,FFree,FFree,FFree,FFree,FFree,FFree,FFree,FFree,FFree,FFree,FFree,FFree,FFree,FFree,FFree,FFree,FFree,FFree,FFree,FFree,FFree,FFree,FFree,FFree,FFree,FFree,FFree,FFree,FFree,FFree,FFree,FFree,FFree,FFree,FFree,FFree,FFree,FFree,FFree,FFree,FFree,FFree,FFree,FFree,FFree,FFree,FFree,FFree,FFree,FFree,FFree,FFree,FFree,FFree,FFree,FFree,FFree,FFree,FFree
CHEM 212,FFree:E,FFree:E,FFree:E,FFree:E,FFree:E,FFree:E,FFree:E,FFree:E,FFree:E,FFree:E,FFree:E,FFree:E,FFree:E,FFree:E,FFree:E,FFree:E,FFree:E,FFree:E,FFree:E,FFree:E,FFree:E,FFree:E,FFree:E,FFree:E,FFree:E,FFree:E,FFree:E,FFree:E,FFree:E,FFree:E,FFree:E,FFree:E,FFree:E,FFree:E,FFree:E,FFree:E,FFree:E,FFree:E,FFree:E,FFree:E,FFree:E,FFree:E,FFree:E,FFree:E,FFree:E,FFree:E,FFree:E,FFree:E,FFree:E,FFree:E,FFree:E,FFree:E,FFree:E,FFree:E,FFree:E,FFree:E,FFree:E,FFree:E,FFree:E,FFree:E,FFree:E,FFree:E,FFree:E,FFree:E,FFree:E,FFree:E,FFree:E,FFree:E,FFree:E,FFree:E,FFree:E,FFree:E,FFree:E,FFree:E,FFree:E,FFree:E,FFree:E,FFree:E,FFree:E,FFree:E,FFree:E,FFree:E
CHEM 301,FFree,FFree,FFree,FFree,FFree,FFree,FFree,FFree,FFree,FFree,FFree,FFree,FFree,FFree,FFree,FFree,FFree,FFree,FFree,FFree,FFree,FFree,FFree,FFree,FFree,FFree,FFree,FFree,FFree,FFree,FFree,FFree,FFree,FFree,FFree,FFree,FFree,FFree,FFree,FFree,FFree,FFree,FFree,FFree,FFree,FFree,FFree,FFree,FFree,FFree,FFree,FFree,FFree,FFree,FFree,FFree,FFree,FFree,FFree,FFree,FFree,FFree,FFree,FFree,FFree,FFree,FFree,FFree,FFree,FFree,FFree,FFree,FFree,FFree,FFree,FFree,FFree,FFree,FFree,FFree,FFree,FFree
CHEM 302,FFree,FFree,FFree,FFree,FFree,FFree,FFree,FFree,FFree,FFree,FFree,FFree,FFree,FFree,FFree,FFree,FFree,FFree,FFree,FFree,FFree,FFree,FFree,FFree,FFree,FFree,FFree,FFree,FFree,FFree,FFree,FFree,FFree,FFree,FFree,FFree,FFree,FFree,FFree,FFree,FFree,FFree,FFree,FFree,FFree,FFree,FFree,FFree,FFree,FFree,FFree,FFree,FFree,FFree,FFree,FFree,FFree,FFree,FFree,FFree,FFree,FFree,FFree,FFree,FFree,FFree,FFree,FFree,FFree,FFree,FFree,FFree,FFree,FFree,FFree,FFree,FFree,FFree,FFree,FFree,FFree,FFree
CHEM 369,FFree,FFree,FFree,FFree,FFree,FFree,FFree,FFree,FFree,FFree,FFree,FFree,FFree,FFree,FFree,FFree,FFree,FFree,FFree,FFree,FFree,FFree,FFree,FFree,FFree,,,,,,,,,,,,,,,,,,,,,,,,,,,,,,,,,,,,,,,,,,,,,,,,,,,,,,,,,
CHEM 405,FFree,FFree,FFree,FFree,FFree,FFree,FFree,FFree,FFree,FFree,FFree,FFree,FFree,FFree,FFree,FFree,FFree,FFree,FFree,FFree,FFree,FFree,FFree,FFree,FFree,FFree,FFree,FFree,FFree,FFree,FFree,FFree,FFree,FFree,FFree,FFree,FFree,FFree,FFree,FFree,FFree,FFree,FFree,FFree,FFree,FFree,FFree,FFree,FFree,FFree,FFree,FFree,FFree,FFree,FFree,FFree,FFree,FFree,FFree,FFree,FFree,FFree,FFree,FFree,FFree,FFree,FFree,FFree,FFree,FFree,FFree,FFree,FFree,FFree,FFree,FFree,FFree,FFree,FFree,FFree,FFree,FFree
CHEM 421,FFree,FFree,FFree,FFree,FFree,FFree,FFree,FFree,FFree,FFree,FFree,FFree,FFree,FFree,FFree,FFree,FFree,FFree,FFree,FFree,FFree,FFree,FFree,FFree,FFree,FFree,FFree,FFree,FFree,FFree,FFree,FFree,FFree,FFree,FFree,FFree,FFree,FFree,FFree,FFree,FFree,FFree,FFree,FFree,FFree,FFree,FFree,FFree,FFree,FFree,FFree,FFree,FFree,FFree,FFree,FFree,FFree,FFree,FFree,FFree,FFree,FFree,FFree,,,,,,,,,,,,,,,,,,,
CHI 101,FFree,FFree,FFree,FFree,FFree,FFree,FFree,FFree,FFree,FFree,FFree,FFree,FFree,FFree,FFree,FFree,FFree,FFree,FFree,FFree,FFree,FFree,FFree,FFree,FFree,FFree,FFree,FFree,FFree,FFree,FFree,FFree,FFree,FFree,FFree,FFree,FFree,FFree,FFree,FFree,FFree,FFree,,,,,,,,,,,,,,,,,,,,,,,,,,,,,,,,,,,,,,,,
CHI 102,FFree,FFree,FFree,FFree,FFree,FFree,FFree,FFree,FFree,FFree,FFree,FFree,FFree,FFree,FFree,FFree,FFree,FFree,FFree,FFree,FFree,FFree,FFree,FFree,FFree,FFree,FFree,FFree,FFree,FFree,FFree,FFree,FFree,FFree,FFree,FFree,FFree,FFree,FFree,FFree,FFree,FFree,,,,,,,,,,,,,,,,,,,,,,,,,,,,,,,,,,,,,,,,
CHI 110,FFree,FFree,FFree,FFree,FFree,FFree,FFree,FFree,FFree,FFree,FFree,FFree,FFree,FFree,FFree,FFree,FFree,FFree,FFree,FFree,FFree,FFree,FFree,FFree,FFree,FFree,FFree,FFree,FFree,FFree,FFree,FFree,FFree,FFree,FFree,FFree,FFree,FFree,FFree,FFree,FFree,FFree,FFree,,,,,,,,,,,,,,,,,,,,,,,,,,,,,,,,,,,,,,,
CHI 120,FFree,FFree,FFree,FFree,FFree,FFree,FFree,FFree,FFree,FFree,FFree,FFree,FFree,FFree,FFree,FFree,FFree,FFree,FFree,FFree,FFree,FFree,FFree,FFree,FFree,FFree,FFree,FFree,FFree,FFree,FFree,FFree,FFree,FFree,FFree,FFree,FFree,FFree,FFree,FFree,FFree,FFree,FFree,,,,,,,,,,,,,,,,,,,,,,,,,,,,,,,,,,,,,,,
CIP 102,FFree,FFree,FFree,FFree,FFree,FFree,FFree,FFree,FFree,FFree,FFree,FFree,FFree,FFree,FFree,FFree,FFree,FFree,FFree,FFree,FFree,FFree,FFree,FFree,FFree,FFree,FFree,FFree,FFree,FFree,FFree,FFree,FFree,FFree,FFree,FFree,FFree,FFree,FFree,FFree,FFree,FFree,FFree,FFree,FFree,FFree,FFree,FFree,FFree,FFree,FFree,FFree,FFree,FFree,FFree,FFree,FFree,FFree,FFree,FFree,FFree,FFree,FFree,FFree,FFree,FFree,FFree,FFree,FFree,FFree,FFree,FFree,FFree,FFree,FFree,FFree,FFree,FFree,FFree,FFree,FFree,FFree
CIP 201,FFree,FFree,FFree,FFree,FFree,FFree,FFree,FFree,FFree,FFree,FFree,FFree,FFree,FFree,FFree,FFree,FFree,FFree,FFree,FFree,FFree,FFree,FFree,FFree,FFree,FFree,FFree,FFree,FFree,FFree,FFree,FFree,FFree,FFree,FFree,FFree,FFree,FFree,FFree,FFree,FFree,FFree,FFree,FFree,FFree,FFree,FFree,FFree,FFree,FFree,FFree,FFree,FFree,FFree,FFree,FFree,FFree,FFree,FFree,FFree,FFree,FFree,FFree,FFree,FFree,FFree,FFree,FFree,FFree,FFree,FFree,FFree,FFree,FFree,FFree,FFree,FFree,FFree,FFree,FFree,FFree,FFree
CIP 202,FFree,FFree,FFree,FFree,FFree,FFree,FFree,FFree,FFree,FFree,FFree,FFree,FFree,FFree,FFree,FFree,FFree,FFree,FFree,FFree,FFree,FFree,FFree,FFree,FFree,FFree,FFree,FFree,FFree,FFree,FFree,FFree,FFree,FFree,FFree,FFree,FFree,FFree,FFree,FFree,FFree,FFree,FFree,FFree,FFree,FFree,FFree,FFree,FFree,FFree,FFree,FFree,FFree,FFree,FFree,FFree,FFree,FFree,FFree,FFree,FFree,FFree,FFree,FFree,FFree,FFree,FFree,FFree,FFree,FFree,FFree,FFree,FFree,FFree,FFree,FFree,FFree,FFree,FFree,FFree,FFree,FFree
CIP 301,FFree,FFree,FFree,FFree,FFree,FFree,FFree,FFree,FFree,FFree,FFree,FFree,FFree,FFree,FFree,FFree,FFree,FFree,FFree,FFree,FFree,FFree,FFree,FFree,FFree,FFree,FFree,FFree,FFree,FFree,FFree,FFree,FFree,FFree,FFree,FFree,FFree,FFree,FFree,FFree,FFree,FFree,FFree,FFree,FFree,FFree,FFree,FFree,FFree,FFree,FFree,FFree,FFree,FFree,FFree,FFree,FFree,FFree,FFree,FFree,FFree,FFree,FFree,FFree,FFree,FFree,FFree,FFree,FFree,FFree,FFree,FFree,FFree,FFree,FFree,FFree,FFree,FFree,FFree,FFree,FFree,FFree
CIP 302,FFree,FFree,FFree,FFree,FFree,FFree,FFree,FFree,FFree,FFree,FFree,FFree,FFree,FFree,FFree,FFree,FFree,FFree,FFree,FFree,FFree,FFree,FFree,FFree,FFree,FFree,FFree,FFree,FFree,FFree,FFree,FFree,FFree,FFree,FFree,FFree,FFree,FFree,FFree,FFree,FFree,FFree,FFree,FFree,FFree,FFree,FFree,FFree,FFree,FFree,FFree,FFree,FFree,FFree,FFree,FFree,FFree,FFree,FFree,FFree,FFree,FFree,FFree,FFree,FFree,FFree,FFree,FFree,FFree,FFree,FFree,FFree,FFree,FFree,FFree,FFree,FFree,FFree,FFree,FFree,FFree,FFree
CONF 300,FFree,FFree,FFree,FFree,FFree,FFree,FFree,FFree,FFree,FFree,FFree,FFree,FFree,FFree,FFree,FFree,FFree,FFree,FFree,FFree,FFree,FFree,FFree,FFree,FFree,FFree,FFree,FFree,FFree,FFree,FFree,FFree,FFree,FFree,FFree,FFree,FFree,FFree,FFree,FFree,FFree,FFree,FFree,FFree,FFree,FFree,FFree,FFree,FFree,FFree,FFree,FFree,FFree,FFree,FFree,FFree,FFree,FFree,FFree,FFree,FFree,FFree,FFree,FFree,FFree,FFree,FFree,FFree,FFree,FFree,FFree,FFree,FFree,FFree,FFree,FFree,FFree,FFree,FFree,FFree,FFree,FFree
CONF 400,FFree,FFree,FFree,FFree,FFree,FFree,FFree,FFree,FFree,FFree,FFree,FFree,FFree,FFree,FFree,FFree,FFree,FFree,FFree,FFree,FFree,FFree,FFree,FFree,FFree,FFree,FFree,FFree,FFree,FFree,FFree,FFree,FFree,FFree,FFree,FFree,FFree,FFree,FFree,FFree,FFree,FFree,FFree,FFree,FFree,FFree,FFree,FFree,FFree,FFree,FFree,FFree,FFree,FFree,FFree,FFree,FFree,FFree,FFree,FFree,FFree,FFree,FFree,FFree,FFree,FFree,FFree,FFree,FFree,FFree,FFree,FFree,FFree,FFree,FFree,FFree,FFree,FFree,FFree,FFree,FFree,FFree
CONF 431,FFree,FFree,FFree,FFree,FFree,FFree,FFree,FFree,FFree,FFree,FFree,FFree,FFree,FFree,FFree,FFree,FFree,FFree,FFree,FFree,FFree,FFree,FFree,FFree,FFree,FFree,FFree,FFree,FFree,FFree,FFree,FFree,FFree,FFree,FFree,FFree,FFree,FFree,FFree,FFree,FFree,FFree,FFree,FFree,FFree,FFree,FFree,FFree,FFree,FFree,FFree,FFree,FFree,FFree,FFree,FFree,FFree,FFree,FFree,FFree,FFree,FFree,FFree,FFree,FFree,FFree,FFree,FFree,FFree,FFree,FFree,FFree,FFree,FFree,FFree,FFree,FFree,FFree,FFree,FFree,FFree,FFree
CS 201,FFree:E,FFree:E,FFree:E,FFree:E,FFree:E,FFree:E,FFree:E,FFree:E,FFree:E,FFree:E,FFree:E,FFree:E,FFree:E,FFree:E,FFree:E,AArea:E,AArea:E,AArea:E,AArea:E,AArea:E,AArea:E,AArea:E,AArea:E,AArea:E,AArea:E,AArea:E,AArea:E,AArea:E,AArea:E,AArea:E,AArea:E,AArea:E,AArea:E,AArea:E,AArea:E,AArea:E,AArea:E,AArea:E,AArea:E,AArea:E,AArea:E,AArea:E,AArea:E,AArea:E,AArea:E,AArea:E,AArea:E,AArea:E,AArea:E,AArea:E,AArea:E,AArea:E,AArea:E,AArea:E,AArea:E,AArea:E,AArea:E,AArea:E,AArea:E,AArea:E,AArea:E,AArea:E,AArea:E,AArea:E,AArea:E,AArea:E,AArea:E,AArea:E,AArea:E,AArea:E,AArea:E,AArea:E,AArea:E,AArea:E,AArea:E,FFree:E,FFree:E,FFree:E,FFree:E,FFree:E,FFree:E,FFree:E
CS 202,FFree:E,FFree:E,FFree:E,FFree:E,FFree:E,FFree:E,FFree:E,FFree:E,FFree:E,FFree:E,FFree:E,FFree:E,FFree:E,FFree:E,FFree:E,FFree:E,FFree:E,FFree:E,FFree:E,FFree:E,FFree:E,FFree:E,FFree:E,FFree:E,FFree:E,FFree:E,FFree:E,FFree:E,FFree:E,FFree:E,FFree:E,FFree:E,FFree:E,FFree:E,FFree:E,FFree:E,,,,,,,,,,,,,,,,,,,,,,,,,,,,,,,,,,,,,,,,,,,,,,
CS 204,FFree,FFree,FFree,FFree,FFree,FFree,FFree,FFree,FFree,FFree,FFree,FFree,FFree,FFree,FFree,FFree,FFree,FFree,FFree,FFree,FFree,FFree,FFree,FFree,FFree,FFree,FFree,FFree,FFree,FFree,FFree,FFree,FFree,FFree,FFree,FFree,FFree,FFree,FFree,FFree,FFree,FFree,FFree,FFree,FFree,FFree,FFree,FFree,FFree,FFree,FFree,FFree,FFree,FFree,FFree,FFree,FFree,FFree,FFree,FFree,FFree,FFree,FFree,FFree,FFree,FFree,FFree,FFree,FFree,FFree,FFree,FFree,FFree,FFree,FFree,FFree:E,FFree:E,FFree:E,FFree:E,FFree:E,FFree:E,FFree:E
CS 210,FFree,FFree,FFree,FFree,FFree,FFree,FFree,FFree,FFree,FFree,FFree,FFree,FFree,FFree,FFree,FFree,FFree,FFree,FFree,FFree,FFree,FFree,FFree,FFree,FFree,FFree,FFree,FFree,FFree,FFree,FFree,FFree,FFree,FFree,FFree,FFree,FFree,FFree,FFree,FFree,FFree,FFree,FFree,FFree,FFree,FFree,FFree,FFree,FFree,FFree,FFree,FFree,FFree,FFree,FFree,FFree,FFree,FFree,FFree,FFree,FFree,FFree,FFree,FFree,FFree,FFree,FFree,FFree,FFree,FFree,FFree,FFree,FFree,FFree,FFree,,,,,,,
CS 300,FFree,FFree,FFree,FFree,FFree,FFree,FFree,FFree,FFree,FFree,FFree,FFree,FFree,FFree,FFree,FFree,FFree,FFree,FFree,FFree,FFree,FFree,FFree,FFree,FFree,FFree,FFree,FFree,FFree,FFree,FFree,FFree,FFree,FFree,FFree,FFree,FFree,FFree,FFree,FFree,FFree,FFree,FFree,FFree,FFree,FFree,FFree,FFree,FFree,FFree,FFree,FFree,FFree,FFree,FFree,FFree,FFree,FFree,FFree,FFree,FFree,FFree,FFree,FFree,FFree,FFree,FFree,FFree,FFree,FFree,FFree,FFree,FFree,FFree,FFree,FFree,FFree,FFree,FFree,FFree,FFree,FFree
CS 301,FFree,FFree,FFree,FFree,FFree,FFree,FFree,FFree,FFree,FFree,FFree,FFree,FFree,FFree,FFree,FFree,FFree,FFree,FFree,FFree,FFree,FFree,FFree,FFree,FFree,FFree,FFree,FFree,FFree,FFree,FFree,FFree,FFree,FFree,FFree,FFree,FFree,FFree,FFree,FFree,FFree,FFree,FFree,FFree,FFree,FFree,FFree,FFree,FFree,FFree,FFree,FFree,FFree,FFree,FFree,FFree,FFree,FFree,FFree,FFree,FFree,FFree,FFree,FFree,FFree,FFree,FFree,FFree,FFree,FFree,FFree,FFree,FFree,FFree,FFree,FFree,FFree,FFree,FFree,FFree,FFree,FFree
CS 302,FFree,FFree,FFree,FFree,FFree,FFree,FFree,FFree,FFree,FFree,FFree,FFree,FFree,FFree,FFree,FFree,FFree,FFree,FFree,FFree,FFree,FFree,FFree,FFree,FFree,FFree,FFree,FFree,FFree,FFree,FFree,FFree,FFree,FFree,FFree,FFree,FFree,FFree,FFree,FFree,FFree,FFree,FFree,FFree,FFree,FFree,FFree,FFree,FFree,FFree,FFree,FFree,FFree,FFree,FFree,FFree,FFree,FFree,FFree,FFree,FFree,FFree,FFree,FFree,FFree,FFree,FFree,FFree,FFree,FFree,FFree,FFree,FFree,FFree,FFree,FFree,FFree,FFree,FFree,FFree,FFree,FFree
CS 303,FFree,FFree,FFree,FFree,FFree,FFree,FFree,FFree,FFree,FFree,FFree,FFree,FFree,FFree,FFree,FFree,FFree,FFree,FFree,FFree,FFree,FFree,FFree,FFree,FFree,FFree,FFree,FFree,FFree,FFree,FFree,FFree,FFree,FFree,FFree,FFree,FFree,FFree,FFree,FFree,FFree,FFree,FFree,FFree,FFree,FFree,FFree,FFree,FFree,FFree,FFree,FFree,FFree,FFree,FFree,FFree,FFree,FFree,FFree,FFree,FFree,FFree,FFree,FFree,FFree,FFree,FFree,FFree,FFree,FFree,FFree,FFree,FFree,FFree,FFree,FFree,FFree,FFree,FFree,FFree,FFree,FFree
CS 305,FFree,FFree,FFree,FFree,FFree,FFree,FFree,FFree,FFree,FFree,FFree,FFree,FFree,FFree,FFree,FFree,FFree,FFree,FFree,FFree,FFree,FFree,FFree,FFree,FFree,FFree,FFree,FFree,FFree,FFree,FFree,FFree,FFree,FFree,FFree,FFree,FFree,FFree,FFree,FFree,FFree,FFree,FFree,FFree,FFree,FFree,FFree,FFree,FFree,FFree,FFree,FFree,FFree,FFree,FFree,FFree,FFree,FFree,FFree,FFree,FFree,FFree,FFree,FFree,FFree,FFree,FFree,FFree,FFree,FFree,FFree,FFree,FFree,FFree,FFree,FFree,FFree,FFree,FFree,FFree,FFree,FFree
CS 306,FFree,FFree,FFree,FFree,FFree,FFree,FFree,FFree,FFree,FFree,FFree,FFree,FFree,FFree,FFree,FFree,FFree,FFree,FFree,FFree,FFree,FFree,FFree,FFree,FFree,FFree,FFree,FFree,FFree,FFree,FFree,FFree,FFree,FFree,FFree,FFree,FFree,FFree,FFree,FFree,FFree,FFree,FFree,FFree,FFree,FFree,FFree,FFree,FFree,FFree,FFree,FFree,FFree,FFree,FFree,FFree,FFree,FFree,FFree,FFree,FFree,FFree,FFree,FFree,FFree,FFree,FFree,FFree,FFree,FFree,FFree,FFree,FFree,FFree,FFree,FFree,FFree,FFree,FFree,FFree,FFree,FFree
CS 307,FFree,FFree,FFree,FFree,FFree,FFree,FFree,FFree,FFree,FFree,FFree,FFree,FFree,FFree,FFree,FFree,FFree,FFree,FFree,FFree,FFree,FFree,FFree,FFree,FFree,FFree,FFree,FFree,FFree,FFree,FFree,FFree,FFree,FFree,FFree,FFree,FFree,FFree,FFree,FFree,FFree,FFree,FFree,FFree,FFree,FFree,FFree,FFree,FFree,FFree,FFree,FFree,FFree,FFree,FFree,FFree,FFree,FFree,FFree,FFree,FFree,FFree,FFree,FFree,FFree,FFree,FFree,FFree,FFree,FFree,FFree,FFree,FFree,FFree,FFree,FFree,FFree,FFree,FFree,FFree,FFree,FFree
CS 308,FFree,FFree,FFree,FFree,FFree,FFree,FFree,FFree,FFree,FFree,FFree,FFree,FFree,FFree,FFree,FFree,FFree,FFree,FFree,FFree,FFree,FFree,FFree,FFree,FFree,FFree,FFree,FFree,FFree,FFree,FFree,FFree,FFree,FFree,FFree,FFree,FFree,FFree,FFree,FFree,FFree,FFree,FFree,FFree,FFree,FFree,FFree,FFree,FFree,FFree,FFree,FFree,FFree,FFree,FFree,FFree,FFree,FFree,FFree,FFree,FFree,FFree,FFree,FFree,FFree,FFree,FFree,FFree,FFree,FFree,FFree,FFree,FFree,FFree,FFree,FFree,FFree,FFree,FFree,FFree,FFree,FFree
CS 310,FFree,FFree,FFree,FFree,FFree,FFree,FFree,FFree,FFree,FFree,FFree,FFree,FFree,FFree,FFree,FFree,FFree,FFree,FFree,FFree,FFree,FFree,FFree,FFree,FFree,FFree,FFree,FFree,FFree,FFree,FFree,FFree,FFree,FFree,FFree,FFree,FFree,FFree,FFree,FFree,FFree,FFree,FFree,FFree,FFree,FFree,FFree,FFree,FFree,FFree,FFree,FFree,FFree,FFree,FFree,FFree,FFree,FFree,FFree,FFree,FFree,FFree,FFree,FFree,FFree,FFree,FFree,FFree,FFree,FFree,FFree,FFree,FFree,FFree,FFree,FFree,FFree,FFree,FFree,FFree,FFree,FFree
CS 400,FFree,FFree,FFree,FFree,FFree,FFree,FFree,FFree,FFree,FFree,FFree,FFree,FFree,FFree,FFree,FFree,FFree,FFree,FFree,FFree,FFree,FFree,FFree,FFree,FFree,FFree,FFree,FFree,FFree,FFree,FFree,FFree,FFree,FFree,FFree,FFree,FFree,FFree,FFree,FFree,FFree,FFree,FFree,FFree,FFree,FFree,FFree,FFree,FFree,FFree,FFree,FFree,FFree,FFree,FFree,FFree,FFree,FFree,FFree,FFree,FFree,FFree,FFree,FFree,FFree,FFree,FFree,FFree,FFree,FFree,FFree,FFree,FFree,FFree,FFree,FFree,FFree,FFree,FFree,FFree,FFree,FFree
CS 401,FFree,FFree,FFree,FFree,FFree,FFree,FFree,FFree,FFree,FFree,FFree,FFree,FFree,FFree,FFree,FFree,FFree,FFree,FFree,FFree,FFree,FFree,FFree,FFree,FFree,FFree,FFree,FFree,FFree,FFree,FFree,FFree,FFree,FFree,FFree,FFree,FFree,FFree,FFree,FFree,FFree,FFree,FFree,FFree,FFree,FFree,FFree,FFree,FFree,FFree,FFree,FFree,FFree,FFree,FFree,FFree,FFree,FFree,FFree,FFree,FFree,FFree,FFree,FFree,FFree,FFree,FFree,FFree,FFree,FFree,FFree,FFree,FFree,FFree,FFree,FFree,FFree,FFree,FFree,FFree,FFree,FFree
CS 402,FFree,FFree,FFree,FFree,FFree,FFree,FFree,FFree,FFree,FFree,FFree,FFree,FFree,FFree,FFree,FFree,FFree,FFree,FFree,FFree,FFree,FFree,FFree,FFree,FFree,FFree,FFree,FFree,FFree,FFree,FFree,FFree,FFree,FFree,FFree,FFree,FFree,FFree,FFree,FFree,FFree,FFree,FFree,FFree,FFree,FFree,FFree,FFree,FFree,FFree,FFree,FFree,FFree,FFree,FFree,FFree,FFree,FFree,,,,,,,,,,,,,,,,,,,,,,,,
CS 403,FFree,FFree,FFree,FFree,FFree,FFree,FFree,FFree,FFree,FFree,FFree,FFree,FFree,FFree,FFree,FFree,FFree,FFree,FFree,FFree,FFree,FFree,FFree,FFree,FFree,FFree,FFree,FFree,FFree,FFree,FFree,FFree,FFree,FFree,FFree,FFree,FFree,FFree,FFree,FFree,FFree,FFree,FFree,FFree,FFree,FFree,FFree,FFree,FFree,FFree,FFree,FFree,FFree,FFree,FFree,FFree,FFree,FFree,FFree,FFree,FFree,FFree,FFree,FFree,FFree,FFree,FFree,FFree,FFree,FFree,FFree,FFree,FFree,FFree,FFree,FFree,FFree,FFree,FFree,FFree,FFree,FFree
CS 404,FFree,FFree,FFree,FFree,FFree,FFree,FFree,FFree,FFree,FFree,FFree,FFree,FFree,FFree,FFree,FFree,FFree,FFree,FFree,FFree,FFree,FFree,FFree,FFree,FFree,FFree,FFree,FFree,FFree,FFree,FFree,FFree,FFree,FFree,FFree,FFree,FFree,FFree,FFree,FFree,FFree,FFree,FFree,FFree,FFree,FFree,FFree,FFree,FFree,FFree,FFree,FFree,FFree,FFree,FFree,FFree,FFree,FFree,FFree,FFree,FFree,FFree,FFree,FFree,FFree,FFree,FFree,FFree,FFree,FFree,FFree,FFree,FFree,FFree,FFree,FFree,FFree,FFree,FFree,FFree,FFree,FFree
CS 405,FFree,FFree,FFree,FFree,FFree,FFree,FFree,FFree,FFree,FFree,FFree,FFree,FFree,FFree,FFree,FFree,FFree,FFree,FFree,FFree,FFree,FFree,FFree,FFree,FFree,FFree,FFree,FFree,FFree,FFree,FFree,FFree,FFree,FFree,FFree,FFree,FFree,FFree,FFree,FFree,FFree,FFree,FFree,FFree,FFree,FFree,FFree,FFree,FFree,FFree,FFree,FFree,FFree,FFree,FFree,FFree,FFree,FFree,FFree,FFree,FFree,FFree,FFree,FFree,FFree,FFree,FFree,FFree,FFree,FFree,FFree,FFree,FFree,FFree,FFree,FFree,FFree,FFree,FFree,FFree,FFree,FFree
CS 406,FFree,FFree,FFree,FFree,FFree,FFree,FFree,FFree,FFree,FFree,FFree,FFree,FFree,FFree,FFree,FFree,FFree,FFree,FFree,FFree,FFree,FFree,FFree,FFree,FFree,FFree,FFree,FFree,FFree,FFree,FFree,FFree,FFree,FFree,FFree,FFree,FFree,FFree,FFree,FFree,FFree,FFree,FFree,FFree,FFree,FFree,FFree,FFree,FFree,FFree,FFree,FFree,FFree,FFree,FFree,FFree,FFree,FFree,FFree,FFree,FFree,FFree,FFree,FFree,FFree,FFree,FFree,FFree,FFree,FFree,FFree,FFree,FFree,FFree,FFree,FFree,FFree,FFree,FFree,FFree,FFree,FFree
CS 407,FFree,FFree,FFree,FFree,FFree,FFree,FFree,FFree,FFree,FFree,FFree,FFree,FFree,FFree,FFree,FFree,FFree,FFree,FFree,FFree,FFree,FFree,FFree,FFree,FFree,FFree,FFree,FFree,FFree,FFree,FFree,FFree,FFree,FFree,FFree,FFree,FFree,FFree,FFree,FFree,FFree,FFree,FFree,FFree,FFree,FFree,FFree,FFree,FFree,FFree,FFree,FFree,FFree,FFree,FFree,FFree,FFree,FFree,FFree,FFree,FFree,FFree,FFree,FFree,FFree,FFree,FFree,FFree,FFree,FFree,FFree,FFree,FFree,FFree,FFree,FFree,FFree,FFree,FFree,FFree,FFree,FFree
CS 408,FFree,FFree,FFree,FFree,FFree,FFree,FFree,FFree,FFree,FFree,FFree,FFree,FFree,FFree,FFree,FFree,FFree,FFree,FFree,FFree,FFree,FFree,FFree,FFree,FFree,FFree,FFree,FFree,FFree,FFree,FFree,FFree,FFree,FFree,FFree,FFree,FFree,FFree,FFree,FFree,FFree,FFree,FFree,FFree,FFree,FFree,FFree,FFree,FFree,FFree,FFree,FFree,FFree,FFree,FFree,FFree,FFree,FFree,FFree,FFree,FFree,FFree,FFree,FFree,FFree,FFree,FFree,FFree,FFree,FFree,FFree,FFree,FFree,FFree,FFree,FFree,FFree,FFree,FFree,FFree,FFree,FFree
CS 409,FFree,FFree,FFree,FFree,FFree,FFree,FFree,FFree,FFree,FFree,FFree,FFree,FFree,FFree,FFree,FFree,FFree,FFree,FFree,FFree,FFree,FFree,FFree,FFree,FFree,FFree,FFree,FFree,FFree,FFree,FFree,FFree,FFree,FFree,FFree,FFree,FFree,FFree,FFree,FFree,FFree,FFree,FFree,FFree,FFree,FFree,FFree,FFree,FFree,FFree,FFree,FFree,FFree,FFree,FFree,FFree,FFree,FFree,FFree,FFree,FFree,FFree,FFree,,,,,,,,,,,,,,,,,,,
CS 411,FFree,FFree,FFree,FFree,FFree,FFree,FFree,FFree,FFree,FFree,FFree,FFree,FFree,FFree,FFree,FFree,FFree,FFree,FFree,FFree,FFree,FFree,FFree,FFree,FFree,FFree,FFree,FFree,FFree,FFree,FFree,FFree,FFree,FFree,FFree,FFree,FFree,FFree,FFree,FFree,FFree,FFree,FFree,FFree,FFree,FFree,FFree,FFree,FFree,FFree,FFree,FFree,FFree,FFree,FFree,FFree,FFree,FFree,FFree,FFree,FFree,FFree,FFree,FFree,FFree,FFree,FFree,FFree,FFree,FFree,FFree,FFree,FFree,FFree,FFree,FFree,FFree,FFree,FFree,FFree,FFree,FFree
CS 412,FFree,FFree,FFree,FFree,FFree,FFree,FFree,FFree,FFree,FFree,FFree,FFree,FFree,FFree,FFree,FFree,FFree,FFree,FFree,FFree,FFree,FFree,FFree,FFree,FFree,FFree,FFree,FFree,FFree,FFree,FFree,FFree,FFree,FFree,FFree,FFree,FFree,FFree,FFree,FFree,FFree,FFree,FFree,FFree,FFree,FFree,FFree,FFree,FFree,FFree,FFree,FFree,FFree,FFree,FFree,FFree,FFree,FFree,FFree,FFree,FFree,FFree,FFree,FFree,FFree,FFree,FFree,FFree,FFree,FFree,FFree,FFree,FFree,FFree,FFree,FFree,FFree,FFree,FFree,FFree,FFree,FFree
CS 414,FFree,FFree,FFree,FFree,FFree,FFree,FFree,FFree,FFree,FFree,FFree,FFree,FFree,FFree,FFree,FFree,FFree,FFree,FFree,FFree,FFree,FFree,FFree,FFree,FFree,FFree,FFree,FFree,FFree,FFree,FFree,FFree,FFree,FFree,FFree,FFree,FFree,FFree,FFree,FFree,FFree,FFree,FFree,FFree,FFree,FFree,FFree,FFree,FFree,FFree,FFree,FFree,FFree,FFree,FFree,FFree,FFree,FFree,FFree,FFree,FFree,FFree,FFree,FFree,FFree,FFree,FFree,FFree,FFree,FFree,FFree,FFree,FFree,FFree,FFree,FFree,FFree,FFree,FFree,FFree,FFree,FFree
CS 415,FFree,FFree,FFree,FFree,FFree,FFree,FFree,FFree,FFree,FFree,FFree,FFree,FFree,FFree,FFree,FFree,FFree,FFree,FFree,FFree,FFree,FFree,FFree,FFree,FFree,FFree,FFree,FFree,FFree,FFree,FFree,FFree,FFree,FFree,FFree,FFree,FFree,FFree,FFree,FFree,FFree,FFree,FFree,FFree,FFree,FFree,FFree,FFree,FFree,FFree,FFree,FFree,FFree,FFree,FFree,FFree,FFree,FFree,FFree,FFree,FFree,FFree,FFree,FFree,FFree,FFree,FFree,FFree,FFree,FFree,FFree,FFree,FFree,FFree,FFree,FFree,FFree,FFree,FFree,FFree,FFree,FFree
CS 419,FFree,FFree,FFree,FFree,FFree,FFree,FFree,FFree,FFree,FFree,FFree,FFree,FFree,FFree,FFree,FFree,FFree,FFree,FFree,FFree,FFree,FFree,FFree,FFree,FFree,FFree,FFree,FFree,FFree,FFree,FFree,FFree,FFree,FFree,FFree,FFree,FFree,FFree,FFree,FFree,FFree,FFree,FFree,FFree,FFree,FFree,FFree,FFree,FFree,FFree,FFree,FFree,FFree,FFree,FFree,FFree,FFree,FFree,FFree,FFree,FFree,FFree,FFree,FFree,FFree,FFree,FFree,FFree,FFree,FFree,FFree,FFree,FFree,FFree,FFree,FFree,FFree,FFree,FFree,FFree,FFree,FFree
CS 432,FFree,FFree,FFree,FFree,FFree,FFree,FFree,FFree,FFree,FFree,FFree,FFree,FFree,FFree,FFree,FFree,FFree,FFree,FFree,FFree,FFree,FFree,FFree,FFree,FFree,FFree,FFree,FFree,FFree,FFree,FFree,FFree,FFree,FFree,FFree,FFree,FFree,FFree,FFree,FFree,FFree,FFree,FFree,FFree,FFree,FFree,FFree,FFree,FFree,FFree,FFree,FFree,FFree,FFree,FFree,FFree,FFree,FFree,FFree,FFree,FFree,FFree,FFree,FFree,FFree,FFree,FFree,FFree,FFree,FFree,FFree,FFree,FFree,FFree,FFree,FFree,FFree,FFree,FFree,FFree,FFree,FFree
CS 435,FFree,FFree,FFree,FFree,FFree,FFree,FFree,FFree,FFree,FFree,FFree,FFree,FFree,FFree,FFree,FFree,FFree,FFree,FFree,FFree,FFree,FFree,FFree,FFree,FFree,FFree,FFree,FFree,FFree,FFree,FFree,FFree,FFree,FFree,FFree,FFree,FFree,FFree,FFree,FFree,FFree,FFree,FFree,FFree,FFree,FFree,FFree,FFree,FFree,FFree,FFree,FFree,FFree,FFree,FFree,FFree,FFree,FFree,FFree,FFree,FFree,FFree,FFree,FFree,FFree,FFree,FFree,FFree,FFree,FFree,FFree,FFree,FFree,FFree,FFree,FFree,FFree,FFree,FFree,FFree,FFree,FFree
CS 436,FFree,FFree,FFree,FFree,FFree,FFree,FFree,FFree,FFree,FFree,FFree,FFree,FFree,FFree,FFree,FFree,FFree,FFree,FFree,FFree,FFree,FFree,FFree,FFree,FFree,FFree,FFree,FFree,FFree,FFree,FFree,FFree,FFree,FFree,FFree,FFree,FFree,FFree,FFree,FFree,FFree,FFree,FFree,FFree,FFree,FFree,FFree,FFree,FFree,FFree,FFree,FFree,FFree,FFree,FFree,FFree,FFree,FFree,FFree,FFree,FFree,FFree,FFree,FFree,FFree,FFree,FFree,FFree,FFree,FFree,FFree,FFree,FFree,FFree,FFree,FFree,FFree,FFree,FFree,FFree,FFree,FFree
CS 437,FFree,FFree,FFree,FFree,FFree,FFree,FFree,FFree,FFree,FFree,FFree,FFree,FFree,FFree,FFree,FFree,FFree,FFree,FFree,FFree,FFree,FFree,FFree,FFree,FFree,FFree,FFree,FFree,FFree,FFree,FFree,FFree,FFree,FFree,FFree,FFree,FFree,FFree,FFree,FFree,FFree,FFree,FFree,FFree,FFree,FFree,FFree,FFree,FFree,FFree,FFree,FFree,FFree,FFree,FFree,FFree,FFree,FFree,FFree,FFree,FFree,FFree,FFree,FFree,FFree,FFree,FFree,FFree,FFree,FFree,FFree,FFree,FFree,FFree,FFree,FFree,FFree,FFree,FFree,FFree,FFree,FFree
CS 438,FFree,FFree,FFree,FFree,FFree,FFree,FFree,FFree,FFree,FFree,FFree,FFree,FFree,FFree,FFree,FFree,FFree,FFree,FFree,FFree,FFree,FFree,FFree,FFree,FFree,FFree,FFree,FFree,FFree,FFree,FFree,FFree,FFree,FFree,FFree,FFree,FFree,FFree,FFree,FFree,FFree,FFree,FFree,FFree,FFree,FFree,FFree,FFree,FFree,FFree,FFree,FFree,FFree,FFree,FFree,FFree,FFree,FFree,FFree,FFree,FFree,FFree,FFree,FFree,FFree,FFree,FFree,FFree,FFree,FFree,FFree,FFree,FFree,FFree,FFree,FFree,FFree,FFree,FFree,FFree,FFree,FFree
CS 439,FFree,FFree,FFree,FFree,FFree,FFree,FFree,FFree,FFree,FFree,FFree,FFree,FFree,FFree,FFree,FFree,FFree,FFree,FFree,FFree,FFree,FFree,FFree,FFree,FFree,FFree,FFree,FFree,FFree,FFree,FFree,FFree,FFree,FFree,FFree,FFree,FFree,FFree,FFree,FFree,FFree,FFree,FFree,FFree,FFree,FFree,FFree,FFree,FFree,FFree,FFree,FFree,FFree,FFree,FFree,FFree,FFree,FFree,FFree,FFree,FFree,FFree,FFree,FFree,FFree,FFree,FFree,FFree,FFree,FFree,FFree,FFree,FFree,,,,,,,,,
CS 440,FFree,FFree,FFree,FFree,FFree,FFree,FFree,FFree,FFree,FFree,FFree,FFree,FFree,FFree,FFree,FFree,FFree,FFree,FFree,FFree,FFree,FFree,FFree,FFree,FFree,FFree,FFree,FFree,FFree,FFree,FFree,FFree,FFree,FFree,FFree,FFree,FFree,FFree,FFree,FFree,FFree,FFree,FFree,FFree,FFree,FFree,FFree,FFree,FFree,FFree,FFree,FFree,FFree,FFree,FFree,FFree,FFree,FFree,FFree,FFree,FFree,FFree,FFree,FFree,FFree,FFree,FFree,FFree,FFree,FFree,FFree,FFree,FFree,FFree,FFree,FFree,FFree,FFree,FFree,FFree,FFree,FFree
CS 442,FFree,FFree,FFree,FFree,FFree,FFree,FFree,FFree,FFree,FFree,FFree,FFree,FFree,FFree,FFree,FFree,FFree,FFree,FFree,FFree,FFree,FFree,FFree,FFree,FFree,FFree,FFree,FFree,FFree,FFree,FFree,FFree,FFree,FFree,FFree,FFree,FFree,FFree,FFree,FFree,FFree,FFree,FFree,FFree,FFree,FFree,FFree,FFree,FFree,FFree,FFree,FFree,FFree,FFree,FFree,FFree,FFree,FFree,FFree,FFree,FFree,FFree,FFree,FFree,FFree,FFree,FFree,FFree,FFree,FFree,FFree,FFree,FFree,FFree,FFree,FFree,FFree,FFree,FFree,FFree,FFree,FFree
CS 445,FFree,FFree,FFree,FFree,FFree,FFree,FFree,FFree,FFree,FFree,FFree,FFree,FFree,FFree,FFree,FFree,FFree,FFree,FFree,FFree,FFree,FFree,FFree,FFree,FFree,FFree,FFree,FFree,FFree,FFree,FFree,FFree,FFree,FFree,FFree,FFree,FFree,FFree,FFree,FFree,FFree,FFree,FFree,FFree,FFree,FFree,FFree,FFree,FFree,FFree,FFree,FFree,FFree,FFree,FFree,FFree,FFree,FFree,FFree,FFree,FFree,FFree,FFree,FFree,FFree,FFree,FFree,FFree,FFree,FFree,FFree,FFree,FFree,FFree,FFree,FFree,FFree,FFree,FFree,FFree,FFree,FFree
CS 447,FFree,FFree,FFree,FFree,FFree,FFree,FFree,FFree,FFree,FFree,FFree,FFree,FFree,FFree,FFree,FFree,FFree,FFree,FFree,FFree,FFree,FFree,FFree,FFree,FFree,FFree,FFree,FFree,FFree,FFree,FFree,FFree,FFree,FFree,FFree,FFree,FFree,FFree,FFree,FFree,FFree,FFree,FFree,FFree,FFree,FFree,FFree,FFree,FFree,FFree,FFree,FFree,FFree,FFree,FFree,FFree,FFree,FFree,FFree,FFree,FFree,FFree,FFree,FFree,FFree,FFree,FFree,FFree,FFree,FFree,FFree,FFree,FFree,FFree,FFree,FFree,FFree,FFree,FFree,FFree,FFree,FFree
CS 449,FFree,FFree,FFree,FFree,FFree,FFree,FFree,FFree,FFree,FFree,FFree,FFree,FFree,FFree,FFree,FFree,FFree,FFree,FFree,FFree,FFree,FFree,FFree,FFree,FFree,FFree,FFree,FFree,FFree,FFree,FFree,FFree,FFree,FFree,FFree,FFree,FFree,FFree,FFree,FFree,FFree,FFree,FFree,FFree,FFree,FFree,FFree,FFree,FFree,FFree,FFree,FFree,FFree,FFree,FFree,FFree,FFree,FFree,FFree,FFree,FFree,FFree,FFree,FFree,FFree,FFree,FFree,FFree,FFree,FFree,FFree,FFree,FFree,FFree,FFree,FFree,FFree,FFree,FFree,FFree,FFree,FFree
CS 450,FFree,FFree,FFree,FFree,FFree,FFree,FFree,FFree,FFree,FFree,FFree,FFree,FFree,FFree,FFree,CCore 2,CCore 2,CCore 2,CCore 2,CCore 2,CCore 2,CCore 2,CCore 2,CCore 2,CCore 2,CCore 2,CCore 2,CCore 2,CCore 2,CCore 2,CCore 2,CCore 2,CCore 2,CCore 2,CCore 2,CCore 2,CCore 2,CCore 2,CCore 2,CCore 2,CCore 2,CCore 2,CCore 2,CCore 2,CCore 2,CCore 2,CCore 2,CCore 2,CCore 2,CCore 2,CCore 2,CCore 2,CCore 2,CCore 2,CCore 2,CCore 2,CCore 2,CCore 2,CCore 2,CCore 2,AArea,AArea,AArea,AArea,AArea,AArea,AArea,AArea,AArea,AArea,,,,,,,,,,,,
CS 455,FFree,FFree,FFree,FFree,FFree,FFree,FFree,FFree,FFree,FFree,FFree,FFree,FFree,FFree,FFree,FFree,FFree,FFree,FFree,FFree,FFree,FFree,FFree,FFree,FFree,FFree,FFree,FFree,FFree,FFree,FFree,FFree,FFree,FFree,FFree,FFree,FFree,FFree,FFree,FFree,FFree,FFree,FFree,FFree,FFree,FFree,FFree,FFree,FFree,FFree,FFree,FFree,FFree,FFree,FFree,FFree,FFree,FFree,FFree,FFree,FFree,FFree,FFree,FFree,FFree,FFree,FFree,FFree,FFree,FFree,FFree,FFree,FFree,FFree,FFree,FFree,FFree,FFree,FFree,FFree,FFree,FFree
CS 460,FFree,FFree,FFree,FFree,FFree,FFree,FFree,FFree,FFree,FFree,FFree,FFree,FFree,FFree,FFree,FFree,FFree,FFree,FFree,FFree,FFree,FFree,FFree,FFree,FFree,FFree,FFree,FFree,FFree,FFree,FFree,FFree,FFree,FFree,FFree,FFree,FFree,FFree,FFree,FFree,FFree,FFree,FFree,FFree,FFree,FFree,FFree,FFree,FFree,FFree,FFree,FFree,FFree,FFree,FFree,FFree,FFree,FFree,FFree,FFree,FFree,FFree,FFree,FFree,FFree,FFree,FFree,FFree,FFree,FFree,FFree,FFree,FFree,FFree,FFree,FFree,FFree,FFree,FFree,FFree,FFree,FFree
CS 480,FFree,FFree,FFree,FFree,FFree,FFree,FFree,FFree,FFree,FFree,FFree,FFree,FFree,FFree,FFree,FFree,FFree,FFree,FFree,FFree,FFree,FFree,FFree,FFree,FFree,FFree,FFree,FFree,FFree,FFree,FFree,FFree,FFree,FFree,FFree,FFree,FFree,FFree,FFree,FFree,FFree,FFree,FFree,FFree,FFree,FFree,FFree,FFree,FFree,FFree,FFree,,,,,,,,,,,,,,,,,,,,,,,,,,,,,,,
CS 48000,FFree,FFree,FFree,FFree,FFree,FFree,FFree,FFree,FFree,FFree,FFree,FFree,FFree,FFree,FFree,FFree,FFree,FFree,FFree,FFree,FFree,FFree,FFree,FFree,FFree,FFree,FFree,FFree,FFree,FFree,FFree,FFree,FFree,FFree,FFree,FFree,FFree,FFree,FFree,FFree,FFree,FFree,FFree,FFree,FFree,FFree,FFree,FFree,FFree,FFree,FFree,FFree,FFree,FFree,FFree,FFree,FFree,FFree,FFree,FFree,FFree,FFree,FFree,FFree,FFree,FFree,FFree,FFree,FFree,FFree,,,,,,,,,,,,
CS 48001,FFree,FFree,FFree,FFree,FFree,FFree,FFree,FFree,FFree,FFree,FFree,FFree,FFree,FFree,FFree,FFree,FFree,FFree,FFree,FFree,FFree,FFree,FFree,FFree,FFree,FFree,FFree,FFree,FFree,FFree,FFree,FFree,FFree,FFree,FFree,FFree,FFree,FFree,FFree,FFree,FFree,FFree,FFree,FFree,FFree,FFree,FFree,FFree,FFree,FFree,FFree,FFree,FFree,FFree,FFree,FFree,FFree,FFree,FFree,FFree,FFree,FFree,FFree,FFree,FFree,FFree,FFree,FFree,FFree,FFree,,,,,,,,,,,,
CS 48002,FFree,FFree,FFree,FFree,FFree,FFree,FFree,FFree,FFree,FFree,FFree,FFree,FFree,FFree,FFree,FFree,FFree,FFree,FFree,FFree,FFree,FFree,FFree,FFree,FFree,FFree,FFree,FFree,FFree,FFree,FFree,FFree,FFree,FFree,FFree,FFree,FFree,FFree,FFree,FFree,FFree,FFree,FFree,FFree,FFree,FFree,FFree,FFree,FFree,FFree,FFree,FFree,FFree,FFree,FFree,FFree,FFree,FFree,FFree,FFree,FFree,FFree,FFree,FFree,FFree,FFree,FFree,FFree,FFree,FFree,,,,,,,,,,,,
CS 48003,FFree,FFree,FFree,FFree,FFree,FFree,FFree,FFree,FFree,FFree,FFree,FFree,FFree,FFree,FFree,FFree,FFree,FFree,FFree,FFree,FFree,FFree,FFree,FFree,FFree,FFree,FFree,FFree,FFree,FFree,FFree,FFree,FFree,FFree,FFree,FFree,FFree,FFree,FFree,FFree,FFree,FFree,FFree,FFree,FFree,FFree,FFree,FFree,FFree,FFree,FFree,FFree,FFree,FFree,FFree,FFree,FFree,FFree,FFree,FFree,FFree,FFree,FFree,FFree,FFree,FFree,FFree,FFree,FFree,FFree,,,,,,,,,,,,
CS 48004,FFree,FFree,FFree,FFree,FFree,FFree,FFree,FFree,FFree,FFree,FFree,FFree,FFree,FFree,FFree,FFree,FFree,FFree,FFree,FFree,FFree,FFree,FFree,FFree,FFree,FFree,FFree,FFree,FFree,FFree,FFree,FFree,FFree,FFree,FFree,FFree,FFree,FFree,FFree,FFree,FFree,FFree,FFree,FFree,FFree,FFree,FFree,FFree,FFree,FFree,FFree,FFree,FFree,FFree,FFree,FFree,FFree,FFree,FFree,FFree,FFree,FFree,FFree,FFree,FFree,FFree,FFree,FFree,FFree,FFree,FFree,FFree,FFree,FFree,FFree,FFree,FFree,FFree,FFree,FFree,FFree,FFree
CS 48006,FFree,FFree,FFree,FFree,FFree,FFree,FFree,FFree,FFree,FFree,FFree,FFree,FFree,FFree,FFree,FFree,FFree,FFree,FFree,FFree,FFree,FFree,FFree,FFree,FFree,FFree,FFree,FFree,FFree,FFree,FFree,FFree,FFree,FFree,FFree,FFree,FFree,FFree,FFree,FFree,FFree,FFree,FFree,FFree,FFree,FFree,FFree,FFree,FFree,FFree,FFree,FFree,FFree,FFree,FFree,FFree,FFree,FFree,FFree,FFree,FFree,FFree,FFree,FFree,FFree,FFree,FFree,FFree,FFree,FFree,FFree,FFree,FFree,FFree,FFree,FFree,FFree,FFree,FFree,FFree,FFree,FFree
CS 48007,FFree,FFree,FFree,FFree,FFree,FFree,FFree,FFree,FFree,FFree,FFree,FFree,FFree,FFree,FFree,FFree,FFree,FFree,FFree,FFree,FFree,FFree,FFree,FFree,FFree,FFree,FFree,FFree,FFree,FFree,FFree,FFree,FFree,FFree,FFree,FFree,FFree,FFree,FFree,FFree,FFree,FFree,FFree,FFree,FFree,FFree,FFree,FFree,FFree,FFree,FFree,FFree,FFree,FFree,FFree,FFree,FFree,FFree,FFree,FFree,FFree,FFree,FFree,FFree,FFree,FFree,FFree,FFree,FFree,FFree,FFree,FFree,FFree,FFree,FFree,FFree,FFree,FFree,FFree,,,
CS 48008,FFree,FFree,FFree,FFree,FFree,FFree,FFree,FFree,FFree,FFree,FFree,FFree,FFree,FFree,FFree,FFree,FFree,FFree,FFree,FFree,FFree,FFree,FFree,FFree,FFree,FFree,FFree,FFree,FFree,FFree,FFree,FFree,FFree,FFree,FFree,FFree,FFree,FFree,FFree,FFree,FFree,FFree,FFree,FFree,FFree,FFree,FFree,FFree,FFree,FFree,FFree,FFree,FFree,FFree,FFree,FFree,FFree,FFree,FFree,FFree,FFree,FFree,FFree,FFree,FFree,FFree,FFree,FFree,FFree,FFree,FFree,FFree,FFree,FFree,FFree,FFree,FFree,FFree,FFree,FFree,FFree,FFree
CS 48010,FFree,FFree,FFree,FFree,FFree,FFree,FFree,FFree,FFree,FFree,FFree,FFree,FFree,FFree,FFree,FFree,FFree,FFree,FFree,FFree,FFree,FFree,FFree,FFree,FFree,FFree,FFree,FFree,FFree,FFree,FFree,FFree,FFree,FFree,FFree,FFree,FFree,FFree,FFree,FFree,FFree,FFree,FFree,FFree,FFree,FFree,FFree,FFree,FFree,FFree,FFree,FFree,FFree,FFree,FFree,FFree,FFree,FFree,FFree,FFree,FFree,FFree,FFree,FFree,FFree,FFree,FFree,FFree,FFree,FFree,FFree,FFree,FFree,FFree,FFree,FFree,FFree,FFree,FFree,FFree,FFree,FFree
CS 48011,FFree,FFree,FFree,FFree,FFree,FFree,FFree,FFree,FFree,FFree,FFree,FFree,FFree,FFree,FFree,FFree,FFree,FFree,FFree,FFree,FFree,FFree,FFree,FFree,FFree,FFree,FFree,FFree,FFree,FFree,FFree,FFree,FFree,FFree,FFree,FFree,FFree,FFree,FFree,FFree,FFree,FFree,FFree,FFree,FFree,FFree,FFree,FFree,FFree,FFree,FFree,FFree,FFree,FFree,FFree,FFree,FFree,FFree,FFree,FFree,FFree,FFree,FFree,FFree,FFree,FFree,FFree,FFree,FFree,FFree,FFree,FFree,FFree,FFree,FFree,FFree,FFree,FFree,FFree,FFree,FFree,FFree
CS 48012,FFree,FFree,FFree,FFree,FFree,FFree,FFree,FFree,FFree,FFree,FFree,FFree,FFree,FFree,FFree,FFree,FFree,FFree,FFree,FFree,FFree,FFree,FFree,FFree,FFree,FFree,FFree,FFree,FFree,FFree,FFree,FFree,FFree,FFree,FFree,FFree,FFree,FFree,FFree,FFree,FFree,FFree,FFree,FFree,FFree,FFree,FFree,FFree,FFree,FFree,FFree,FFree,FFree,FFree,FFree,FFree,FFree,FFree,FFree,FFree,FFree,FFree,FFree,FFree,FFree,FFree,FFree,FFree,FFree,FFree,FFree,FFree,FFree,FFree,FFree,FFree,FFree,FFree,FFree,FFree,FFree,FFree
CS 481,FFree,FFree,FFree,FFree,FFree,FFree,FFree,FFree,FFree,FFree,FFree,FFree,FFree,FFree,FFree,FFree,FFree,FFree,FFree,FFree,FFree,FFree,FFree,FFree,FFree,FFree,FFree,FFree,FFree,FFree,FFree,FFree,FFree,FFree,FFree,FFree,FFree,FFree,FFree,FFree,FFree,FFree,FFree,FFree,FFree,FFree,FFree,FFree,FFree,FFree,FFree,,,,,,,,,,,,,,,,,,,,,,,,,,,,,,,
DSA 201,FFree:E,FFree:E,FFree:E,FFree:E,FFree:E,FFree:E,FFree:E,FFree:E,FFree:E,FFree:E,FFree:E,FFree:E,FFree:E,FFree:E,FFree:E,FFree:E,FFree:E,FFree:E,FFree:E,FFree:E,FFree:E,FFree:E,FFree:E,FFree:E,FFree:E,FFree:E,FFree:E,FFree:E,FFree:E,FFree:E,FFree:E,FFree:E,FFree:E,FFree:E,FFree:E,FFree:E,FFree:E,FFree:E,FFree:E,FFree:E,FFree:E,FFree:E,FFree:E,FFree:E,FFree:E,FFree:E,FFree:E,FFree:E,FFree:E,FFree:E,FFree:E,FFree:E,FFree:E,FFree:E,FFree:E,FFree:E,FFree:E,FFree:E,FFree:E,FFree:E,FFree:E,FFree:E,FFree:E,FFree:E,FFree:E,FFree:E,FFree:E,FFree:E,FFree:E,FFree:E,FFree:E,FFree:E,FFree:E,FFree:E,FFree:E,FFree:E,FFree:E,FFree:E,FFree:E,FFree:E,FFree:E,FFree:E
DSA 210,FFree,FFree,FFree,FFree,FFree,FFree,FFree,FFree,FFree,FFree,FFree,FFree,FFree,FFree,FFree,FFree,FFree,FFree,FFree,FFree,FFree,FFree,FFree,FFree,FFree,FFree,FFree,FFree,FFree,FFree,FFree,FFree,FFree,FFree,FFree,FFree,FFree,FFree,FFree,FFree,FFree,FFree,FFree,FFree,FFree,FFree,FFree,FFree,FFree,FFree,FFree,FFree,FFree,FFree,FFree,FFree,FFree,FFree,FFree,FFree,FFree,FFree,FFree,FFree,FFree,FFree,FFree,FFree,FFree,FFree,FFree,FFree,FFree,FFree,FFree,FFree:E,FFree:E,FFree:E,FFree:E,FFree:E,FFree:E,FFree:E
DSA 301,FFree,FFree,FFree,FFree,FFree,FFree,FFree,FFree,FFree,FFree,FFree,FFree,FFree,FFree,FFree,FFree,FFree,FFree,FFree,FFree,FFree,FFree,FFree,FFree,FFree,FFree,FFree,FFree,FFree,FFree,FFree,FFree,FFree,FFree,FFree,FFree,FFree,FFree,FFree,FFree,FFree,FFree,FFree,FFree,FFree,FFree,FFree,FFree,FFree,FFree,FFree,FFree,FFree,FFree,FFree,FFree,FFree,FFree,FFree,FFree,FFree,FFree,FFree,FFree,FFree,FFree,FFree,FFree,FFree,FFree,FFree,FFree,FFree,FFree,FFree,FFree,FFree,FFree,FFree,FFree,FFree,FFree
DSA 428,FFree,FFree,FFree,FFree,FFree,FFree,FFree,FFree,FFree,FFree,FFree,FFree,FFree,FFree,FFree,FFree,FFree,FFree,FFree,FFree,FFree,FFree,FFree,FFree,FFree,FFree,FFree,FFree,FFree,FFree,FFree,FFree,FFree,FFree,FFree,FFree,FFree,FFree,FFree,FFree,FFree,FFree,FFree,FFree,FFree,FFree,FFree,FFree,FFree,FFree,FFree,FFree,FFree,FFree,FFree,FFree,FFree,FFree,FFree,FFree,FFree,FFree,FFree,FFree,FFree,FFree,FFree,FFree,FFree,FFree,FFree,FFree,FFree,FFree,FFree,FFree,FFree,FFree,FFree,FFree,FFree,FFree
DSA 440,FFree,FFree,FFree,FFree,FFree,FFree,FFree,FFree,FFree,FFree,FFree,FFree,FFree,FFree,FFree,FFree,FFree,FFree,FFree,FFree,FFree,FFree,FFree,FFree,FFree,FFree,FFree,FFree,FFree,FFree,FFree,FFree,FFree,FFree,FFree,FFree,FFree,FFree,FFree,FFree,FFree,FFree,FFree,FFree,FFree,FFree,FFree,FFree,FFree,FFree,FFree,FFree,FFree,FFree,FFree,FFree,FFree,FFree,FFree,FFree,FFree,FFree,FFree,FFree,FFree,FFree,FFree,FFree,FFree,FFree,FFree,FFree,FFree,FFree,FFree,FFree,FFree,FFree,FFree,FFree,FFree,FFree
DSA 473,FFree,FFree,FFree,FFree,FFree,FFree,FFree,FFree,FFree,FFree,FFree,FFree,FFree,FFree,FFree,FFree,FFree,FFree,FFree,FFree,FFree,FFree,FFree,FFree,FFree,FFree,FFree,FFree,FFree,FFree,FFree,FFree,FFree,FFree,FFree,FFree,FFree,FFree,FFree,FFree,FFree,FFree,FFree,FFree,FFree,FFree,FFree,FFree,FFree,FFree,FFree,FFree,FFree,FFree,FFree,FFree,FFree,FFree,FFree,FFree,FFree,FFree,FFree,FFree,FFree,FFree,FFree,FFree,FFree,FFree,FFree,FFree,FFree,FFree,FFree,FFree,FFree,FFree,FFree,FFree,FFree,FFree
ECNA 200,FFree,FFree,FFree,FFree,FFree,FFree,FFree,FFree,FFree,FFree,FFree,FFree,FFree,FFree,FFree,FFree,FFree,FFree,FFree,FFree,FFree,FFree,FFree,FFree,FFree,FFree,FFree,FFree,FFree,FFree,FFree,FFree,FFree,FFree,FFree,FFree,FFree,FFree,FFree,FFree,FFree,FFree,FFree,FFree,FFree,FFree,FFree,FFree,FFree,FFree,FFree,FFree,FFree,FFree,FFree,FFree,FFree,FFree,FFree,FFree,FFree,FFree,FFree,FFree,FFree,FFree,FFree,FFree,FFree,FFree,FFree,FFree,FFree,FFree,FFree,FFree,FFree,FFree,FFree,FFree,FFree,FFree
ECON 201,FFree:A,FFree:A,FFree:A,FFree:A,FFree:A,FFree:A,FFree:A,FFree:A,FFree:A,FFree:A,FFree:A,FFree:A,FFree:A,FFree:A,FFree:A,FFree:A,FFree:A,FFree:A,FFree:A,FFree:A,FFree:A,FFree:A,FFree:A,FFree:A,FFree:A,FFree:A,FFree:A,FFree:A,FFree:A,FFree:A,FFree:A,FFree:A,FFree:A,FFree:A,FFree:A,FFree:A,FFree:A,FFree:A,FFree:A,FFree:A,FFree:A,FFree:A,FFree:A,FFree:A,FFree:A,FFree:A,FFree:A,FFree:A,FFree:A,FFree:A,FFree:A,FFree:A,FFree:A,FFree:A,FFree:A,FFree:A,FFree:A,FFree:A,FFree:A,FFree:A,FFree:A,FFree:A,FFree:A,FFree:A,FFree:A,FFree:A,FFree:A,FFree:A,FFree:A,FFree:A,FFree:A,FFree:A,FFree:A,FFree:A,FFree:A,FFree:A,FFree:A,FFree:A,FFree:A,FFree:A,FFree:A,FFree:A
ECON 202,FFree:A,FFree:A,FFree:A,FFree:A,FFree:A,FFree:A,FFree:A,FFree:A,FFree:A,FFree:A,FFree:A,FFree:A,FFree:A,FFree:A,FFree:A,FFree:A,FFree:A,FFree:A,FFree:A,FFree:A,FFree:A,FFree:A,FFree:A,FFree:A,FFree:A,FFree:A,FFree:A,FFree:A,FFree:A,FFree:A,FFree:A,FFree:A,FFree:A,FFree:A,FFree:A,FFree:A,FFree:A,FFree:A,FFree:A,FFree:A,FFree:A,FFree:A,FFree:A,FFree:A,FFree:A,FFree:A,FFree:A,FFree:A,FFree:A,FFree:A,FFree:A,FFree:A,FFree:A,FFree:A,FFree:A,FFree:A,FFree:A,FFree:A,FFree:A,FFree:A,FFree:A,FFree:A,FFree:A,FFree:A,FFree:A,FFree:A,FFree:A,FFree:A,FFree:A,FFree:A,FFree:A,FFree:A,FFree:A,FFree:A,FFree:A,FFree:A,FFree:A,FFree:A,FFree:A,FFree:A,FFree:A,FFree:A
ECON 204,FFree:A,FFree:A,FFree:A,FFree:A,FFree:A,FFree:A,FFree:A,FFree:A,FFree:A,FFree:A,FFree:A,FFree:A,FFree:A,FFree:A,FFree:A,FFree:A,FFree:A,FFree:A,FFree:A,FFree:A,FFree:A,FFree:A,FFree:A,FFree:A,FFree:A,FFree:A,FFree:A,FFree:A,FFree:A,FFree:A,FFree:A,FFree:A,FFree:A,FFree:A,FFree:A,FFree:A,FFree:A,FFree:A,FFree:A,FFree:A,FFree:A,FFree:A,FFree:A,FFree:A,FFree:A,FFree:A,FFree:A,FFree:A,FFree:A,FFree:A,FFree:A,FFree:A,FFree:A,FFree:A,FFree:A,FFree:A,FFree:A,FFree:A,FFree:A,FFree:A,FFree:A,FFree:A,FFree:A,FFree:A,FFree:A,FFree:A,FFree:A,FFree:A,FFree:A,FFree:A,FFree:A,FFree:A,FFree:A,FFree:A,FFree:A,FFree:A,FFree:A,FFree:A,FFree:A,FFree:A,FFree:A,FFree:A
ECON 301,FFree,FFree,FFree,FFree,FFree,FFree,FFree,FFree,FFree,FFree,FFree,FFree,FFree,FFree,FFree,FFree,FFree,FFree,FFree,FFree,FFree,FFree,FFree,FFree,FFree,FFree,FFree,FFree,FFree,FFree,FFree,FFree,FFree,FFree,FFree,FFree,FFree,FFree,FFree,FFree,FFree,FFree,FFree,FFree,FFree,FFree,FFree,FFree,FFree,FFree,FFree,FFree,FFree,FFree,FFree,FFree,FFree,FFree,FFree,FFree,FFree,FFree,FFree,FFree,FFree,FFree,FFree,FFree,FFree,FFree,FFree,FFree,FFree,FFree,FFree,FFree,FFree,FFree,FFree,FFree,FFree,FFree
ECON 310,FFree,FFree,FFree,FFree,FFree,FFree,FFree,FFree,FFree,FFree,FFree,FFree,FFree,FFree,FFree,FFree,FFree,FFree,FFree,FFree,FFree,FFree,FFree,FFree,FFree,FFree,FFree,FFree,FFree,FFree,FFree,FFree,FFree,FFree,FFree,FFree,FFree,FFree,FFree,FFree,FFree,FFree,FFree,FFree,FFree,FFree,FFree,FFree,FFree,FFree,FFree,FFree,FFree,FFree,FFree,FFree,FFree,FFree,FFree,FFree,FFree,FFree,FFree,FFree,FFree,FFree,FFree,FFree,FFree,FFree,FFree,FFree,FFree,FFree,FFree,FFree,FFree,FFree,FFree,FFree,FFree,FFree
ECON 312,FFree,FFree,FFree,FFree,FFree,FFree,FFree,FFree,FFree,FFree,FFree,FFree,FFree,FFree,FFree,FFree,FFree,FFree,FFree,FFree,FFree,FFree,FFree,FFree,FFree,FFree,FFree,FFree,FFree,FFree,FFree,FFree,FFree,FFree,FFree,FFree,FFree,FFree,FFree,FFree,FFree,FFree,FFree,FFree,FFree,FFree,FFree,FFree,FFree,FFree,FFree,FFree,FFree,FFree,FFree,FFree,FFree,FFree,FFree,FFree,FFree,FFree,FFree,FFree,FFree,FFree,FFree,FFree,FFree,FFree,FFree,FFree,FFree,FFree,FFree,FFree,FFree,FFree,FFree,FFree,FFree,FFree
ECON 320,FFree,FFree,FFree,FFree,FFree,FFree,FFree,FFree,FFree,FFree,FFree,FFree,FFree,FFree,FFree,FFree,FFree,FFree,FFree,FFree,FFree,FFree,FFree,FFree,FFree,FFree,FFree,FFree,FFree,FFree,FFree,FFree,FFree,FFree,FFree,FFree,FFree,FFree,FFree,FFree,FFree,FFree,FFree,FFree,FFree,FFree,FFree,FFree,FFree,FFree,FFree,FFree,FFree,FFree,FFree,FFree,FFree,FFree,FFree,FFree,FFree,FFree,FFree,FFree,FFree,FFree,FFree,FFree,FFree,FFree,FFree,FFree,FFree,FFree,FFree,FFree,FFree,FFree,FFree,FFree,FFree,FFree
ECON 321,FFree,FFree,FFree,FFree,FFree,FFree,FFree,FFree,FFree,FFree,FFree,FFree,FFree,FFree,FFree,FFree,FFree,FFree,FFree,FFree,FFree,FFree,FFree,FFree,FFree,FFree,FFree,FFree,FFree,FFree,FFree,FFree,FFree,FFree,FFree,FFree,FFree,FFree,FFree,FFree,FFree,FFree,FFree,FFree,FFree,FFree,FFree,FFree,FFree,FFree,FFree,FFree,FFree,FFree,FFree,FFree,FFree,FFree,FFree,FFree,FFree,FFree,FFree,FFree,FFree,FFree,FFree,FFree,FFree,FFree,FFree,FFree,FFree,FFree,FFree,FFree,FFree,FFree,FFree,FFree,FFree,FFree
ECON 322,FFree,FFree,FFree,FFree,FFree,FFree,FFree,FFree,FFree,FFree,FFree,FFree,FFree,FFree,FFree,FFree,FFree,FFree,FFree,FFree,FFree,FFree,FFree,FFree,FFree,FFree,FFree,FFree,FFree,FFree,FFree,FFree,FFree,FFree,FFree,FFree,FFree,FFree,FFree,FFree,FFree,FFree,FFree,FFree,FFree,FFree,FFree,FFree,FFree,FFree,FFree,FFree,FFree,FFree,FFree,FFree,FFree,FFree,FFree,FFree,FFree,FFree,FFree,FFree,FFree,FFree,FFree,FFree,FFree,FFree,FFree,FFree,FFree,FFree,FFree,FFree,FFree,FFree,FFree,FFree,FFree,FFree
ECON 323,FFree,FFree,FFree,FFree,FFree,FFree,FFree,FFree,FFree,FFree,FFree,FFree,FFree,FFree,FFree,FFree,FFree,FFree,FFree,FFree,FFree,FFree,FFree,FFree,FFree,FFree,FFree,FFree,FFree,FFree,FFree,FFree,FFree,FFree,FFree,FFree,FFree,FFree,FFree,FFree,FFree,FFree,FFree,FFree,FFree,FFree,FFree,FFree,FFree,FFree,FFree,FFree,FFree,FFree,FFree,FFree,FFree,FFree,FFree,FFree,FFree,FFree,FFree,FFree,FFree,FFree,FFree,FFree,FFree,FFree,FFree,FFree,FFree,FFree,FFree,FFree,FFree,FFree,FFree,FFree,FFree,FFree
ECON 330,FFree,FFree,FFree,FFree,FFree,FFree,FFree,FFree,FFree,FFree,FFree,FFree,FFree,FFree,FFree,FFree,FFree,FFree,FFree,FFree,FFree,FFree,FFree,FFree,FFree,FFree,FFree,FFree,FFree,FFree,FFree,FFree,FFree,FFree,FFree,FFree,FFree,FFree,FFree,FFree,FFree,FFree,FFree,FFree,FFree,FFree,FFree,FFree,FFree,FFree,FFree,FFree,FFree,FFree,FFree,FFree,FFree,FFree,FFree,FFree,FFree,FFree,FFree,FFree,FFree,FFree,FFree,FFree,FFree,FFree,FFree,FFree,FFree,FFree,FFree,FFree,FFree,FFree,FFree,FFree,FFree,FFree
ECON 335,FFree,FFree,FFree,FFree,FFree,FFree,FFree,FFree,FFree,FFree,FFree,FFree,FFree,FFree,FFree,FFree,FFree,FFree,FFree,FFree,FFree,FFree,FFree,FFree,FFree,FFree,FFree,FFree,FFree,FFree,FFree,FFree,FFree,FFree,FFree,FFree,FFree,FFree,FFree,FFree,FFree,FFree,FFree,FFree,FFree,FFree,,,,,,,,,,,,,,,,,,,,,,,,,,,,,,,,,,,,
ECON 340,FFree,FFree,FFree,FFree,FFree,FFree,FFree,FFree,FFree,FFree,FFree,FFree,FFree,FFree,FFree,FFree,FFree,FFree,FFree,FFree,FFree,FFree,FFree,FFree,FFree,FFree,FFree,FFree,FFree,FFree,FFree,FFree,FFree,FFree,FFree,FFree,FFree,FFree,FFree,FFree,FFree,FFree,FFree,FFree,FFree,FFree,FFree,FFree,FFree,FFree,FFree,FFree,FFree,FFree,FFree,FFree,FFree,FFree,FFree,FFree,FFree,FFree,FFree,FFree,FFree,FFree,FFree,FFree,FFree,FFree,FFree,FFree,FFree,FFree,FFree,FFree,FFree,FFree,FFree,FFree,FFree,FFree
ECON 341,FFree,FFree,FFree,FFree,FFree,FFree,FFree,FFree,FFree,FFree,FFree,FFree,,,,,,,,,,,,,,,,,,,,,,,,,,,,,,,,,,,,,,,,,,,,,,,,,,,,,,,,,,,,,,,,,,,,,,
ECON 345,FFree,FFree,FFree,FFree,FFree,FFree,FFree,FFree,FFree,FFree,FFree,FFree,FFree,FFree,FFree,FFree,FFree,FFree,FFree,FFree,FFree,FFree,FFree,FFree,FFree,FFree,FFree,FFree,FFree,FFree,FFree,FFree,FFree,FFree,FFree,FFree,FFree,FFree,FFree,FFree,FFree,FFree,FFree,FFree,FFree,FFree,FFree,FFree,FFree,FFree,FFree,FFree,FFree,FFree,FFree,FFree,FFree,FFree,FFree,FFree,FFree,FFree,FFree,FFree,FFree,FFree,FFree,FFree,FFree,FFree,FFree,FFree,FFree,FFree,FFree,FFree,FFree,FFree,FFree,FFree,FFree,FFree
ECON 346,FFree,FFree,FFree,FFree,FFree,FFree,FFree,FFree,FFree,FFree,FFree,FFree,FFree,FFree,FFree,FFree,FFree,FFree,FFree,FFree,FFree,FFree,FFree,FFree,FFree,FFree,FFree,FFree,FFree,FFree,FFree,FFree,FFree,FFree,FFree,FFree,FFree,FFree,FFree,FFree,FFree,FFree,FFree,,,,,,,,,,,,,,,,,,,,,,,,,,,,,,,,,,,,,,,
ECON 347,FFree,FFree,FFree,FFree,FFree,FFree,FFree,FFree,FFree,FFree,FFree,FFree,FFree,FFree,FFree,FFree,FFree,FFree,FFree,FFree,FFree,FFree,FFree,FFree,FFree,FFree,FFree,FFree,FFree,FFree,FFree,FFree,FFree,FFree,FFree,FFree,FFree,FFree,FFree,FFree,FFree,FFree,,,,,,,,,,,,,,,,,,,,,,,,,,,,,,,,,,,,,,,,
ECON 350,FFree,FFree,FFree,FFree,FFree,FFree,FFree,FFree,FFree,FFree,FFree,FFree,FFree,FFree,FFree,FFree,FFree,FFree,FFree,FFree,FFree,FFree,FFree,FFree,FFree,FFree,FFree,FFree,FFree,FFree,FFree,FFree,FFree,FFree,FFree,FFree,FFree,FFree,FFree,FFree,FFree,FFree,FFree,FFree,FFree,FFree,FFree,FFree,FFree,FFree,FFree,FFree,FFree,FFree,FFree,FFree,FFree,FFree,FFree,FFree,FFree,FFree,FFree,FFree,FFree,FFree,FFree,FFree,FFree,FFree,FFree,FFree,FFree,FFree,FFree,FFree,FFree,FFree,FFree,FFree,FFree,FFree
ECON 360,FFree,FFree,FFree,FFree,FFree,FFree,FFree,FFree,FFree,FFree,FFree,FFree,FFree,FFree,FFree,FFree,FFree,FFree,FFree,FFree,FFree,FFree,FFree,FFree,FFree,FFree,FFree,FFree,FFree,FFree,FFree,FFree,FFree,FFree,FFree,FFree,FFree,FFree,FFree,FFree,FFree,FFree,FFree,FFree,FFree,FFree,FFree,FFree,FFree,FFree,FFree,FFree,FFree,FFree,FFree,FFree,FFree,FFree,FFree,FFree,FFree,FFree,FFree,FFree,FFree,FFree,FFree,FFree,FFree,FFree,FFree,FFree,FFree,FFree,FFree,FFree,FFree,FFree,FFree,FFree,FFree,FFree
ECON 370,FFree,FFree,FFree,FFree,FFree,FFree,FFree,FFree,FFree,FFree,FFree,FFree,FFree,FFree,FFree,FFree,FFree,FFree,FFree,FFree,FFree,FFree,FFree,FFree,FFree,FFree,FFree,FFree,FFree,FFree,FFree,FFree,FFree,FFree,FFree,FFree,FFree,FFree,FFree,FFree,FFree,FFree,FFree,FFree,FFree,FFree,FFree,FFree,FFree,FFree,FFree,FFree,FFree,FFree,FFree,FFree,FFree,FFree,FFree,FFree,FFree,FFree,FFree,FFree,FFree,FFree,FFree,FFree,FFree,FFree,FFree,FFree,FFree,FFree,FFree,FFree,FFree,FFree,FFree,FFree,FFree,FFree
ECON 391,FFree,FFree,FFree,FFree,FFree,FFree,FFree,FFree,FFree,FFree,FFree,FFree,FFree,FFree,FFree,FFree,FFree,FFree,FFree,FFree,FFree,FFree,FFree,FFree,FFree,FFree,FFree,FFree,FFree,FFree,,,,,,,,,,,,,,,,,,,,,,,,,,,,,,,,,,,,,,,,,,,,,,,,,,,,
ECON 399,FFree,FFree,FFree,FFree,FFree,FFree,FFree,FFree,FFree,FFree,FFree,FFree,FFree,FFree,FFree,FFree,FFree,FFree,FFree,FFree,FFree,FFree,FFree,FFree,FFree,FFree,FFree,FFree,FFree,FFree,FFree,FFree,FFree,FFree,FFree,FFree,FFree,FFree,FFree,FFree,FFree,FFree,FFree,FFree,FFree,FFree,FFree,FFree,FFree,FFree,FFree,FFree,FFree,FFree,FFree,FFree,FFree,FFree,FFree,FFree,FFree,FFree,FFree,FFree,FFree,FFree,FFree,FFree,FFree,FFree,FFree,FFree,FFree,FFree,FFree,FFree,FFree,FFree,FFree,FFree,FFree,FFree
ECON 400,FFree,FFree,FFree,FFree,FFree,FFree,FFree,FFree,FFree,FFree,FFree,FFree,FFree,FFree,FFree,FFree,FFree,FFree,FFree,FFree,FFree,FFree,FFree,FFree,FFree,FFree,FFree,FFree,FFree,FFree,FFree,FFree,FFree,FFree,FFree,FFree,FFree,FFree,FFree,FFree,FFree,FFree,FFree,FFree,FFree,FFree,FFree,FFree,FFree,FFree,FFree,FFree,FFree,FFree,FFree,FFree,FFree,FFree,FFree,FFree,FFree,FFree,FFree,FFree,FFree,FFree,FFree,FFree,FFree,FFree,FFree,FFree,FFree,FFree,FFree,FFree,FFree,FFree,FFree,FFree,FFree,FFree
ECON 401,FFree,FFree,FFree,FFree,FFree,FFree,FFree,FFree,FFree,FFree,FFree,FFree,FFree,FFree,FFree,FFree,FFree,FFree,FFree,FFree,FFree,FFree,FFree,FFree,FFree,FFree,FFree,FFree,FFree,FFree,FFree,FFree,FFree,FFree,FFree,FFree,FFree,FFree,FFree,FFree,FFree,FFree,FFree,FFree,FFree,FFree,FFree,FFree,FFree,FFree,FFree,FFree,FFree,FFree,FFree,FFree,FFree,FFree,FFree,FFree,FFree,FFree,FFree,FFree,FFree,FFree,FFree,FFree,FFree,FFree,FFree,FFree,FFree,FFree,FFree,FFree,FFree,FFree,FFree,FFree,FFree,FFree
ECON 402,FFree,FFree,FFree,FFree,FFree,FFree,FFree,FFree,FFree,FFree,FFree,FFree,FFree,FFree,FFree,FFree,FFree,FFree,FFree,FFree,FFree,,,,,,,,,,,,,,,,,,,,,,,,,,,,,,,,,,,,,,,,,,,,,,,,,,,,,,,,,,,,,
ECON 403,FFree,FFree,FFree,FFree,FFree,FFree,FFree,FFree,FFree,FFree,FFree,FFree,FFree,FFree,FFree,FFree,FFree,FFree,FFree,FFree,FFree,FFree,FFree,FFree,FFree,FFree,FFree,FFree,FFree,FFree,FFree,,,,,,,,,,,,,,,,,,,,,,,,,,,,,,,,,,,,,,,,,,,,,,,,,,,
ECON 404,FFree,FFree,FFree,FFree,FFree,FFree,FFree,FFree,FFree,FFree,FFree,FFree,FFree,FFree,FFree,FFree,FFree,FFree,FFree,FFree,FFree,,,,,,,,,,,,,,,,,,,,,,,,,,,,,,,,,,,,,,,,,,,,,,,,,,,,,,,,,,,,,
ECON 405,FFree,FFree,FFree,FFree,FFree,FFree,FFree,FFree,FFree,FFree,FFree,FFree,FFree,FFree,FFree,FFree,FFree,FFree,FFree,FFree,FFree,FFree,FFree,FFree,FFree,FFree,FFree,FFree,FFree,FFree,FFree,FFree,FFree,FFree,FFree,FFree,FFree,FFree,FFree,FFree,FFree,FFree,FFree,FFree,FFree,FFree,FFree,FFree,FFree,FFree,FFree,FFree,FFree,FFree,FFree,FFree,FFree,FFree,FFree,FFree,FFree,FFree,FFree,FFree,FFree,FFree,FFree,FFree,FFree,FFree,FFree,FFree,FFree,FFree,FFree,FFree,FFree,FFree,FFree,FFree,FFree,FFree
ECON 407,FFree,FFree,FFree,FFree,FFree,FFree,FFree,FFree,FFree,FFree,FFree,FFree,FFree,FFree,FFree,FFree,FFree,FFree,FFree,FFree,FFree,FFree,FFree,FFree,FFree,FFree,FFree,FFree,FFree,FFree,FFree,FFree,FFree,FFree,FFree,FFree,FFree,FFree,FFree,FFree,FFree,FFree,FFree,FFree,FFree,FFree,FFree,FFree,FFree,FFree,FFree,FFree,FFree,FFree,FFree,FFree,FFree,FFree,FFree,FFree,FFree,FFree,FFree,FFree,FFree,FFree,FFree,FFree,FFree,FFree,FFree,FFree,FFree,FFree,FFree,FFree,FFree,FFree,FFree,FFree,FFree,FFree
ECON 412,FFree,FFree,FFree,FFree,FFree,FFree,FFree,FFree,FFree,FFree,FFree,FFree,FFree,FFree,FFree,FFree,FFree,FFree,FFree,FFree,FFree,FFree,FFree,FFree,FFree,FFree,FFree,FFree,FFree,FFree,FFree,FFree,FFree,FFree,FFree,FFree,FFree,FFree,FFree,FFree,FFree,FFree,FFree,FFree,FFree,FFree,FFree,FFree,FFree,FFree,FFree,FFree,FFree,FFree,FFree,FFree,FFree,FFree,FFree,FFree,FFree,,,,,,,,,,,,,,,,,,,,,
ECON 414,FFree,FFree,FFree,FFree,FFree,FFree,FFree,FFree,FFree,FFree,FFree,FFree,FFree,FFree,FFree,FFree,FFree,FFree,FFree,FFree,FFree,FFree,FFree,FFree,FFree,FFree,FFree,FFree,FFree,FFree,FFree,FFree,FFree,FFree,FFree,FFree,FFree,FFree,FFree,FFree,FFree,FFree,FFree,FFree,FFree,FFree,FFree,FFree,FFree,FFree,FFree,FFree,FFree,FFree,FFree,FFree,FFree,FFree,FFree,FFree,FFree,FFree,FFree,FFree,FFree,FFree,FFree,FFree,FFree,FFree,FFree,FFree,FFree,FFree,FFree,FFree,FFree,FFree,FFree,FFree,FFree,FFree
ECON 415,FFree,FFree,FFree,FFree,FFree,FFree,FFree,FFree,FFree,FFree,FFree,FFree,FFree,FFree,FFree,FFree,FFree,FFree,FFree,FFree,FFree,FFree,FFree,FFree,FFree,FFree,FFree,FFree,FFree,FFree,FFree,FFree,FFree,FFree,FFree,FFree,FFree,FFree,FFree,FFree,FFree,FFree,FFree,FFree,FFree,FFree,FFree,FFree,FFree,FFree,FFree,FFree,FFree,FFree,FFree,FFree,FFree,FFree,FFree,FFree,FFree,FFree,FFree,FFree,FFree,FFree,FFree,FFree,FFree,FFree,FFree,FFree,FFree,FFree,FFree,FFree,FFree,FFree,FFree,FFree,FFree,FFree
ECON 420,FFree,FFree,FFree,FFree,FFree,FFree,FFree,FFree,FFree,FFree,FFree,FFree,FFree,FFree,FFree,FFree,FFree,FFree,FFree,FFree,FFree,FFree,FFree,FFree,FFree,FFree,FFree,FFree,FFree,FFree,FFree,FFree,FFree,FFree,FFree,FFree,FFree,FFree,FFree,FFree,FFree,FFree,FFree,FFree,FFree,FFree,FFree,FFree,FFree,FFree,FFree,FFree,FFree,FFree,FFree,FFree,FFree,FFree,FFree,FFree,FFree,FFree,FFree,FFree,FFree,FFree,FFree,FFree,FFree,FFree,FFree,FFree,FFree,FFree,FFree,FFree,FFree,FFree,FFree,FFree,FFree,FFree
ECON 422,FFree,FFree,FFree,FFree,FFree,FFree,FFree,FFree,FFree,FFree,FFree,FFree,FFree,FFree,FFree,FFree,FFree,FFree,,,,,,,,,,,,,,,,,,,,,,,,,,,,,,,,,,,,,,,,,,,,,,,,,,,,,,,,,,,,,,,,
ECON 423,FFree,FFree,FFree,FFree,FFree,FFree,FFree,FFree,FFree,FFree,FFree,FFree,FFree,FFree,FFree,FFree,FFree,FFree,FFree,FFree,FFree,FFree,FFree,FFree,FFree,FFree,FFree,FFree,FFree,FFree,FFree,FFree,FFree,FFree,FFree,FFree,FFree,FFree,FFree,FFree,FFree,FFree,FFree,FFree,FFree,FFree,FFree,FFree,FFree,FFree,FFree,FFree,FFree,FFree,FFree,FFree,FFree,FFree,FFree,FFree,FFree,,,,,,,,,,,,,,,,,,,,,
ECON 424,FFree,FFree,FFree,FFree,FFree,FFree,FFree,FFree,FFree,FFree,FFree,FFree,FFree,FFree,FFree,FFree,FFree,FFree,FFree,FFree,FFree,FFree,FFree,FFree,FFree,FFree,FFree,FFree,FFree,FFree,FFree,FFree,FFree,FFree,FFree,FFree,FFree,FFree,FFree,FFree,FFree,FFree,FFree,FFree,FFree,FFree,FFree,FFree,FFree,FFree,FFree,FFree,FFree,FFree,,,,,,,,,,,,,,,,,,,,,,,,,,,,
ECON 425,FFree,FFree,FFree,FFree,FFree,FFree,FFree,FFree,FFree,FFree,FFree,FFree,FFree,FFree,FFree,FFree,FFree,FFree,FFree,FFree,FFree,FFree,FFree,FFree,FFree,,,,,,,,,,,,,,,,,,,,,,,,,,,,,,,,,,,,,,,,,,,,,,,,,,,,,,,,,
ECON 430,FFree,FFree,FFree,FFree,FFree,FFree,FFree,FFree,FFree,FFree,FFree,FFree,FFree,FFree,FFree,FFree,FFree,FFree,FFree,FFree,FFree,FFree,FFree,FFree,FFree,FFree,FFree,FFree,FFree,FFree,FFree,FFree,FFree,FFree,FFree,FFree,FFree,FFree,FFree,FFree,FFree,FFree,FFree,FFree,FFree,FFree,FFree,FFree,FFree,FFree,FFree,FFree,FFree,FFree,FFree,FFree,FFree,FFree,FFree,FFree,FFree,FFree,FFree,FFree,FFree,FFree,FFree,FFree,FFree,FFree,FFree,FFree,FFree,FFree,FFree,FFree,FFree,FFree,FFree,FFree,FFree,FFree
ECON 435,FFree,FFree,FFree,FFree,FFree,FFree,FFree,FFree,FFree,FFree,FFree,FFree,FFree,FFree,FFree,FFree,FFree,FFree,FFree,FFree,FFree,FFree,FFree,FFree,FFree,FFree,FFree,FFree,FFree,FFree,FFree,FFree,FFree,FFree,FFree,FFree,FFree,FFree,FFree,FFree,FFree,FFree,FFree,FFree,FFree,FFree,FFree,FFree,FFree,FFree,FFree,FFree,FFree,FFree,FFree,FFree,FFree,FFree,FFree,FFree,FFree,FFree,FFree,FFree,FFree,FFree,FFree,FFree,FFree,FFree,FFree,FFree,FFree,FFree,FFree,FFree,FFree,FFree,FFree,FFree,FFree,FFree
ECON 440,FFree,FFree,FFree,FFree,FFree,FFree,FFree,FFree,FFree,FFree,FFree,FFree,FFree,FFree,FFree,FFree,FFree,FFree,FFree,FFree,FFree,FFree,FFree,FFree,FFree,FFree,FFree,FFree,FFree,FFree,FFree,FFree,FFree,FFree,FFree,FFree,FFree,FFree,FFree,FFree,FFree,FFree,FFree,FFree,FFree,FFree,FFree,FFree,FFree,FFree,FFree,FFree,FFree,FFree,FFree,FFree,FFree,FFree,FFree,FFree,FFree,FFree,FFree,FFree,FFree,FFree,,,,,,,,,,,,,,,,
ECON 450,FFree,FFree,FFree,FFree,FFree,FFree,FFree,FFree,FFree,FFree,FFree,FFree,FFree,FFree,FFree,FFree,FFree,FFree,FFree,FFree,FFree,FFree,FFree,FFree,FFree,FFree,FFree,FFree,FFree,FFree,FFree,FFree,FFree,FFree,FFree,FFree,FFree,FFree,FFree,FFree,FFree,FFree,FFree,FFree,FFree,FFree,FFree,FFree,,,,,,,,,,,,,,,,,,,,,,,,,,,,,,,,,,
ECON 481,FFree,FFree,FFree,FFree,FFree,FFree,FFree,FFree,FFree,FFree,FFree,FFree,FFree,FFree,FFree,FFree,FFree,FFree,FFree,FFree,FFree,FFree,FFree,FFree,FFree,FFree,FFree,FFree,FFree,FFree,FFree,FFree,FFree,FFree,FFree,FFree,FFree,FFree,FFree,FFree,FFree,FFree,FFree,FFree,FFree,FFree,FFree,FFree,FFree,FFree,FFree,FFree,FFree,FFree,FFree,FFree,FFree,FFree,FFree,FFree,FFree,FFree,FFree,FFree,FFree,FFree,FFree,FFree,FFree,FFree,FFree,FFree,FFree,FFree,FFree,FFree,FFree,FFree,FFree,FFree,FFree,FFree
ECON 482,FFree,FFree,FFree,FFree,FFree,FFree,FFree,FFree,FFree,FFree,FFree,FFree,FFree,FFree,FFree,FFree,FFree,FFree,FFree,FFree,FFree,FFree,FFree,FFree,FFree,FFree,FFree,FFree,FFree,FFree,FFree,FFree,FFree,FFree,FFree,FFree,FFree,FFree,FFree,FFree,FFree,FFree,FFree,FFree,FFree,FFree,FFree,FFree,FFree,FFree,FFree,FFree,FFree,FFree,FFree,FFree,FFree,FFree,FFree,FFree,FFree,FFree,FFree,FFree,FFree,FFree,FFree,FFree,FFree,FFree,FFree,FFree,FFree,FFree,FFree,FFree,FFree,FFree,FFree,FFree,FFree,FFree
ECON 483,FFree,FFree,FFree,FFree,FFree,FFree,FFree,FFree,FFree,FFree,FFree,FFree,FFree,FFree,FFree,FFree,FFree,FFree,FFree,FFree,FFree,FFree,FFree,FFree,FFree,FFree,FFree,FFree,FFree,FFree,FFree,FFree,FFree,FFree,FFree,FFree,FFree,FFree,FFree,FFree,FFree,FFree,FFree,FFree,FFree,FFree,FFree,FFree,FFree,FFree,FFree,FFree,FFree,FFree,FFree,FFree,FFree,FFree,FFree,FFree,FFree,FFree,FFree,FFree,FFree,FFree,FFree,FFree,FFree,FFree,FFree,FFree,FFree,FFree,FFree,FFree,FFree,FFree,FFree,FFree,FFree,FFree
ECON 484,FFree,FFree,FFree,FFree,FFree,FFree,FFree,FFree,FFree,FFree,FFree,FFree,FFree,FFree,FFree,FFree,FFree,FFree,FFree,FFree,FFree,FFree,FFree,FFree,FFree,FFree,FFree,FFree,FFree,FFree,FFree,FFree,FFree,FFree,FFree,FFree,FFree,FFree,FFree,FFree,FFree,FFree,FFree,FFree,FFree,FFree,FFree,FFree,FFree,FFree,FFree,FFree,FFree,FFree,FFree,FFree,FFree,FFree,FFree,FFree,FFree,FFree,FFree,FFree,FFree,FFree,FFree,FFree,FFree,FFree,FFree,FFree,FFree,FFree,FFree,FFree,FFree,FFree,FFree,FFree,FFree,FFree
ECON 485,FFree,FFree,FFree,FFree,FFree,FFree,FFree,FFree,FFree,FFree,FFree,FFree,FFree,FFree,FFree,FFree,FFree,FFree,FFree,FFree,FFree,FFree,FFree,FFree,FFree,FFree,FFree,FFree,FFree,FFree,FFree,FFree,FFree,FFree,FFree,FFree,FFree,FFree,FFree,FFree,FFree,FFree,FFree,FFree,FFree,FFree,FFree,FFree,FFree,FFree,FFree,FFree,FFree,FFree,FFree,,,,,,,,,,,,,,,,,,,,,,,,,,,
ECON 486,FFree,FFree,FFree,FFree,FFree,FFree,FFree,FFree,FFree,FFree,FFree,FFree,FFree,FFree,FFree,FFree,FFree,FFree,FFree,FFree,FFree,FFree,FFree,FFree,FFree,FFree,FFree,FFree,FFree,FFree,FFree,FFree,FFree,FFree,FFree,FFree,FFree,FFree,FFree,FFree,FFree,FFree,FFree,FFree,FFree,FFree,FFree,FFree,FFree,FFree,FFree,FFree,FFree,FFree,FFree,FFree,FFree,,,,,,,,,,,,,,,,,,,,,,,,,
ECON 488,FFree,FFree,FFree,FFree,FFree,FFree,FFree,FFree,FFree,FFree,FFree,FFree,FFree,FFree,FFree,FFree,FFree,FFree,FFree,FFree,FFree,FFree,FFree,FFree,FFree,FFree,FFree,FFree,FFree,FFree,FFree,FFree,FFree,FFree,FFree,FFree,FFree,FFree,FFree,FFree,FFree,FFree,FFree,FFree,FFree,FFree,FFree,FFree,FFree,FFree,FFree,FFree,FFree,FFree,FFree,FFree,FFree,FFree,FFree,FFree,FFree,FFree,FFree,FFree,FFree,FFree,FFree,FFree,FFree,FFree,FFree,FFree,FFree,FFree,FFree,FFree,FFree,FFree,FFree,FFree,FFree,FFree
ECON 491,FFree,FFree,FFree,FFree,FFree,FFree,FFree,FFree,FFree,FFree,FFree,FFree,FFree,FFree,FFree,FFree,FFree,FFree,FFree,FFree,FFree,FFree,FFree,FFree,FFree,FFree,FFree,FFree,FFree,FFree,FFree,FFree,FFree,FFree,FFree,FFree,FFree,FFree,FFree,,,,,,,,,,,,,,,,,,,,,,,,,,,,,,,,,,,,,,,,,,,
ECON 492,FFree,FFree,FFree,FFree,FFree,FFree,FFree,FFree,FFree,FFree,FFree,FFree,FFree,FFree,FFree,FFree,FFree,FFree,FFree,FFree,FFree,FFree,FFree,FFree,FFree,FFree,FFree,FFree,FFree,FFree,FFree,FFree,FFree,FFree,FFree,FFree,FFree,FFree,FFree,FFree,FFree,FFree,FFree,FFree,FFree,FFree,FFree,FFree,FFree,FFree,FFree,FFree,FFree,FFree,FFree,FFree,FFree,FFree,FFree,FFree,FFree,FFree,FFree,FFree,FFree,FFree,FFree,FFree,FFree,FFree,FFree,FFree,FFree,FFree,FFree,FFree,FFree,FFree,FFree,FFree,FFree,FFree
ECON 493,FFree,FFree,FFree,FFree,FFree,FFree,FFree,FFree,FFree,FFree,FFree,FFree,FFree,FFree,FFree,FFree,FFree,FFree,FFree,FFree,FFree,FFree,FFree,FFree,FFree,FFree,FFree,FFree,FFree,FFree,FFree,FFree,FFree,FFree,FFree,FFree,FFree,FFree,FFree,FFree,FFree,FFree,FFree,,,,,,,,,,,,,,,,,,,,,,,,,,,,,,,,,,,,,,,
ECON 494,FFree,FFree,FFree,FFree,FFree,FFree,FFree,FFree,FFree,FFree,FFree,FFree,FFree,FFree,FFree,FFree,FFree,FFree,FFree,FFree,FFree,FFree,FFree,FFree,FFree,FFree,FFree,FFree,FFree,FFree,FFree,FFree,FFree,FFree,FFree,FFree,FFree,FFree,FFree,FFree,FFree,FFree,FFree,FFree,FFree,FFree,FFree,FFree,FFree,FFree,FFree,FFree,FFree,FFree,FFree,FFree,FFree,FFree,FFree,FFree,FFree,FFree,FFree,FFree,FFree,FFree,FFree,FFree,FFree,FFree,FFree,FFree,FFree,FFree,FFree,FFree,FFree,FFree,FFree,FFree,FFree,FFree
ECON 495,FFree,FFree,FFree,FFree,FFree,FFree,FFree,FFree,FFree,FFree,FFree,FFree,FFree,FFree,FFree,FFree,FFree,FFree,FFree,FFree,FFree,FFree,FFree,FFree,FFree,FFree,FFree,FFree,FFree,FFree,FFree,FFree,FFree,FFree,FFree,FFree,FFree,FFree,FFree,FFree,FFree,FFree,FFree,FFree,FFree,FFree,FFree,FFree,FFree,FFree,FFree,FFree,FFree,FFree,FFree,FFree,FFree,FFree,FFree,FFree,FFree,FFree,FFree,FFree,FFree,FFree,FFree,FFree,FFree,FFree,FFree,FFree,FFree,FFree,FFree,FFree,FFree,FFree,FFree,FFree,FFree,FFree
EE 200,FFree,FFree,FFree,FFree,FFree,FFree,FFree,FFree,FFree,FFree,FFree,FFree,FFree,FFree,FFree,FFree,FFree,FFree,FFree,FFree,FFree,FFree,FFree,FFree,FFree,FFree,FFree,FFree,FFree,FFree,FFree,FFree,FFree,FFree,FFree,FFree,FFree,FFree,FFree,FFree,FFree,FFree,FFree,FFree,FFree,FFree,FFree,FFree,FFree,FFree,FFree,FFree,FFree,FFree,FFree,FFree,FFree,FFree,FFree,FFree,FFree,FFree,FFree,FFree,FFree,FFree,FFree,FFree,FFree,FFree,FFree,FFree,FFree,FFree,FFree,FFree:E,FFree:E,FFree:E,FFree:E,FFree:E,FFree:E,FFree:E
EE 202,FFree,FFree,FFree,FFree,FFree,FFree,FFree,FFree,FFree,FFree,FFree,FFree,FFree,FFree,FFree,FFree,FFree,FFree,FFree,FFree,FFree,FFree,FFree,FFree,FFree,FFree,FFree,FFree,FFree,FFree,FFree,FFree,FFree,FFree,FFree,FFree,FFree,FFree,FFree,FFree,FFree,FFree,FFree,FFree,FFree,FFree,FFree,FFree,FFree,FFree,FFree,FFree,FFree,FFree,FFree,FFree,FFree,FFree,FFree,FFree,FFree,FFree,FFree,FFree,FFree,FFree,FFree,FFree,FFree,FFree,FFree,FFree,FFree,FFree,FFree,FFree:E,FFree:E,FFree:E,FFree:E,FFree:E,FFree:E,FFree:E
EE 301,FFree,FFree,FFree,FFree,FFree,FFree,FFree,FFree,FFree,FFree,FFree,FFree,FFree,FFree,FFree,FFree,FFree,FFree,FFree,FFree,FFree,FFree,FFree,FFree,FFree,FFree,FFree,FFree,FFree,FFree,FFree,FFree,FFree,FFree,FFree,FFree,FFree,FFree,FFree,FFree,FFree,FFree,FFree,FFree,FFree,FFree,FFree,FFree,FFree,,,,,,,,,,,,,,,,,,,,,,,,,,,,,,,,,
EE 302,FFree,FFree,FFree,FFree,FFree,FFree,FFree,FFree,FFree,FFree,FFree,FFree,FFree,FFree,FFree,FFree,FFree,FFree,FFree,FFree,FFree,FFree,FFree,FFree,FFree,FFree,FFree,FFree,FFree,FFree,FFree,FFree,FFree,FFree,FFree,FFree,FFree,FFree,FFree,FFree,FFree,FFree,FFree,FFree,FFree,FFree,FFree,FFree,FFree,FFree,FFree,FFree,FFree,FFree,FFree,FFree,FFree,FFree,FFree,FFree,FFree,FFree,FFree,FFree,FFree,FFree,FFree,FFree,FFree,FFree,FFree,FFree,FFree,FFree,FFree,FFree,FFree,FFree,FFree,FFree,FFree,FFree
EE 303,FFree,FFree,FFree,FFree,FFree,FFree,FFree,FFree,FFree,FFree,FFree,FFree,FFree,FFree,FFree,FFree,FFree,FFree,FFree,FFree,FFree,FFree,FFree,FFree,FFree,FFree,FFree,FFree,FFree,FFree,FFree,FFree,FFree,FFree,FFree,FFree,FFree,FFree,FFree,FFree,FFree,FFree,FFree,FFree,FFree,FFree,FFree,FFree,FFree,FFree,FFree,FFree,FFree,FFree,FFree,FFree,FFree,FFree,FFree,FFree,FFree,FFree,FFree,FFree,FFree,FFree,FFree,FFree,FFree,FFree,FFree,FFree,FFree,FFree,FFree,FFree,FFree,FFree,FFree,FFree,FFree,FFree
EE 306,FFree,FFree,FFree,FFree,FFree,FFree,FFree,FFree,FFree,FFree,FFree,FFree,FFree,FFree,FFree,FFree,FFree,FFree,FFree,FFree,FFree,FFree,FFree,FFree,FFree,FFree,FFree,FFree,FFree,FFree,FFree,FFree,FFree,FFree,FFree,FFree,FFree,FFree,FFree,FFree,FFree,FFree,FFree,FFree,FFree,FFree,FFree,FFree,FFree,FFree,FFree,FFree,FFree,FFree,FFree,FFree,FFree,FFree,FFree,FFree,FFree,FFree,FFree,FFree,FFree,FFree,FFree,FFree,FFree,FFree,FFree,FFree,FFree,FFree,FFree,FFree,FFree,FFree,FFree,FFree,FFree,FFree
EE 307,FFree,FFree,FFree,FFree,FFree,FFree,FFree,FFree,FFree,FFree,FFree,FFree,FFree,FFree,FFree,FFree,FFree,FFree,FFree,FFree,FFree,FFree,FFree,FFree,FFree,FFree,FFree,FFree,FFree,FFree,FFree,FFree,FFree,FFree,FFree,FFree,FFree,FFree,FFree,FFree,FFree,FFree,FFree,FFree,FFree,FFree,FFree,FFree,FFree,FFree,FFree,FFree,FFree,FFree,FFree,FFree,FFree,FFree,FFree,FFree,FFree,FFree,FFree,FFree,FFree,FFree,FFree,FFree,FFree,FFree,FFree,FFree,FFree,FFree,FFree,FFree,FFree,FFree,FFree,FFree,FFree,FFree
EE 308,FFree,FFree,FFree,FFree,FFree,FFree,FFree,FFree,FFree,FFree,FFree,FFree,FFree,FFree,FFree,FFree,FFree,FFree,FFree,FFree,FFree,FFree,FFree,FFree,FFree,FFree,FFree,FFree,FFree,FFree,FFree,FFree,FFree,FFree,FFree,FFree,FFree,FFree,FFree,FFree,FFree,FFree,FFree,FFree,FFree,FFree,FFree,FFree,FFree,FFree,FFree,FFree,FFree,FFree,FFree,FFree,FFree,FFree,FFree,FFree,FFree,FFree,FFree,FFree,FFree,FFree,FFree,FFree,FFree,FFree,FFree,FFree,FFree,FFree,FFree,FFree,FFree,FFree,FFree,FFree,FFree,FFree
EE 310,FFree,FFree,FFree,FFree,FFree,FFree,FFree,FFree,FFree,FFree,FFree,FFree,FFree,FFree,FFree,FFree,FFree,FFree,FFree,FFree,FFree,FFree,FFree,FFree,FFree,FFree,FFree,FFree,FFree,FFree,FFree,FFree,FFree,FFree,FFree,FFree,FFree,FFree,FFree,FFree,FFree,FFree,FFree,FFree,FFree,FFree,FFree,FFree,FFree,FFree,FFree,FFree,FFree,FFree,FFree,FFree,FFree,FFree,FFree,FFree,FFree,FFree,FFree,FFree,FFree,FFree,FFree,FFree,FFree,FFree,FFree,FFree,FFree,FFree,FFree,FFree,FFree,FFree,FFree,FFree,FFree,FFree
EE 311,FFree,FFree,FFree,FFree,FFree,FFree,FFree,FFree,FFree,FFree,FFree,FFree,FFree,FFree,FFree,FFree,FFree,FFree,FFree,FFree,FFree,FFree,FFree,FFree,FFree,FFree,FFree,FFree,FFree,FFree,FFree,FFree,FFree,FFree,FFree,FFree,FFree,FFree,FFree,FFree,FFree,FFree,FFree,FFree,FFree,FFree,FFree,FFree,FFree,FFree,FFree,FFree,FFree,FFree,FFree,FFree,FFree,FFree,FFree,FFree,FFree,FFree,FFree,FFree,FFree,FFree,FFree,FFree,FFree,FFree,FFree,FFree,FFree,FFree,FFree,FFree,FFree,FFree,FFree,FFree,FFree,FFree
EE 312,FFree,FFree,FFree,FFree,FFree,FFree,FFree,FFree,FFree,FFree,FFree,FFree,FFree,FFree,FFree,FFree,FFree,FFree,FFree,FFree,FFree,FFree,FFree,FFree,FFree,FFree,FFree,FFree,FFree,FFree,FFree,FFree,FFree,FFree,FFree,FFree,FFree,FFree,FFree,FFree,FFree,FFree,FFree,FFree,FFree,FFree,FFree,FFree,FFree,FFree,FFree,FFree,FFree,FFree,FFree,FFree,FFree,FFree,FFree,FFree,FFree,FFree,FFree,FFree,FFree,FFree,FFree,FFree,FFree,FFree,FFree,FFree,FFree,FFree,FFree,FFree,FFree,FFree,FFree,FFree,FFree,FFree
EE 313,FFree,FFree,FFree,FFree,FFree,FFree,FFree,FFree,FFree,FFree,FFree,FFree,FFree,FFree,FFree,FFree,FFree,FFree,FFree,FFree,FFree,FFree,FFree,FFree,FFree,FFree,FFree,FFree,FFree,FFree,FFree,FFree,FFree,FFree,FFree,FFree,FFree,FFree,FFree,FFree,FFree,FFree,FFree,FFree,FFree,FFree,FFree,FFree,FFree,FFree,FFree,FFree,FFree,FFree,FFree,FFree,FFree,FFree,FFree,FFree,FFree,FFree,FFree,FFree,FFree,FFree,FFree,FFree,FFree,FFree,FFree,FFree,FFree,FFree,FFree,FFree,FFree,FFree,FFree,FFree,FFree,FFree
EE 314,FFree,FFree,FFree,FFree,FFree,FFree,FFree,FFree,FFree,FFree,FFree,FFree,FFree,FFree,FFree,FFree,FFree,FFree,FFree,FFree,FFree,FFree,FFree,FFree,FFree,FFree,FFree,FFree,FFree,FFree,FFree,FFree,FFree,FFree,FFree,FFree,FFree,FFree,FFree,FFree,FFree,FFree,FFree,FFree,FFree,FFree,FFree,FFree,FFree,FFree,FFree,FFree,FFree,FFree,FFree,FFree,FFree,FFree,FFree,FFree,FFree,FFree,FFree,FFree,FFree,FFree,FFree,FFree,FFree,FFree,FFree,FFree,FFree,FFree,FFree,FFree,FFree,FFree,FFree,FFree,FFree,FFree
EE 321,FFree,FFree,FFree,FFree,FFree,FFree,FFree,FFree,FFree,FFree,FFree,FFree,FFree,FFree,FFree,FFree,FFree,FFree,FFree,FFree,FFree,FFree,FFree,FFree,FFree,FFree,FFree,FFree,FFree,FFree,FFree,FFree,FFree,FFree,FFree,FFree,FFree,FFree,FFree,FFree,FFree,FFree,FFree,FFree,FFree,FFree,FFree,FFree,FFree,FFree,FFree,FFree,FFree,FFree,FFree,FFree,FFree,FFree,FFree,FFree,FFree,FFree,FFree,FFree,FFree,FFree,FFree,FFree,FFree,FFree,FFree,FFree,FFree,FFree,FFree,FFree,FFree,FFree,FFree,FFree,FFree,FFree
EE 401,FFree,FFree,FFree,FFree,FFree,FFree,FFree,FFree,FFree,FFree,FFree,FFree,FFree,FFree,FFree,FFree,FFree,FFree,FFree,FFree,FFree,FFree,FFree,FFree,FFree,FFree,FFree,FFree,FFree,FFree,FFree,FFree,FFree,FFree,FFree,FFree,FFree,FFree,FFree,FFree,FFree,FFree,FFree,FFree,FFree,FFree,FFree,FFree,FFree,FFree,FFree,FFree,FFree,FFree,FFree,FFree,FFree,FFree,FFree,FFree,FFree,FFree,FFree,FFree,FFree,FFree,FFree,FFree,FFree,FFree,FFree,FFree,FFree,FFree,FFree,FFree,FFree,FFree,FFree,FFree,FFree,FFree
EE 402,FFree,FFree,FFree,FFree,FFree,FFree,FFree,FFree,FFree,FFree,FFree,FFree,FFree,FFree,FFree,FFree,FFree,FFree,FFree,FFree,FFree,FFree,FFree,FFree,FFree,FFree,FFree,FFree,FFree,FFree,FFree,FFree,FFree,FFree,FFree,FFree,FFree,FFree,FFree,FFree,FFree,FFree,FFree,FFree,FFree,FFree,FFree,FFree,FFree,FFree,FFree,FFree,FFree,FFree,FFree,FFree,FFree,FFree,FFree,FFree,FFree,FFree,FFree,FFree,FFree,FFree,FFree,FFree,FFree,FFree,FFree,FFree,FFree,FFree,FFree,FFree,FFree,FFree,FFree,FFree,FFree,FFree
EE 403,FFree,FFree,FFree,FFree,FFree,FFree,FFree,FFree,FFree,FFree,FFree,FFree,FFree,FFree,FFree,FFree,FFree,FFree,FFree,FFree,FFree,FFree,FFree,FFree,FFree,FFree,FFree,FFree,FFree,FFree,FFree,FFree,FFree,FFree,FFree,FFree,FFree,FFree,FFree,FFree,FFree,FFree,FFree,FFree,FFree,FFree,FFree,FFree,FFree,FFree,FFree,FFree,FFree,FFree,FFree,FFree,FFree,FFree,FFree,FFree,FFree,FFree,FFree,FFree,FFree,FFree,FFree,FFree,FFree,FFree,FFree,FFree,FFree,FFree,FFree,FFree,FFree,FFree,FFree,FFree,FFree,FFree
EE 404,FFree,FFree,FFree,FFree,FFree,FFree,FFree,FFree,FFree,FFree,FFree,FFree,FFree,FFree,FFree,FFree,FFree,FFree,FFree,FFree,FFree,FFree,FFree,FFree,FFree,FFree,FFree,FFree,FFree,FFree,FFree,FFree,FFree,FFree,FFree,FFree,FFree,FFree,FFree,FFree,FFree,FFree,FFree,FFree,FFree,FFree,FFree,FFree,FFree,FFree,FFree,FFree,FFree,FFree,FFree,FFree,FFree,FFree,FFree,FFree,FFree,FFree,FFree,FFree,FFree,FFree,FFree,FFree,FFree,FFree,FFree,FFree,FFree,FFree,FFree,FFree,FFree,FFree,FFree,FFree,FFree,FFree
EE 405,FFree,FFree,FFree,FFree,FFree,FFree,FFree,FFree,FFree,FFree,FFree,FFree,FFree,FFree,FFree,FFree,FFree,FFree,FFree,FFree,FFree,FFree,FFree,FFree,FFree,FFree,FFree,FFree,FFree,FFree,FFree,FFree,FFree,FFree,FFree,FFree,FFree,FFree,FFree,FFree,FFree,FFree,FFree,FFree,FFree,FFree,FFree,FFree,FFree,FFree,FFree,FFree,FFree,FFree,FFree,FFree,FFree,FFree,FFree,FFree,FFree,FFree,FFree,FFree,FFree,FFree,FFree,FFree,FFree,FFree,FFree,FFree,FFree,FFree,FFree,FFree,FFree,FFree,FFree,FFree,FFree,FFree
EE 406,FFree,FFree,FFree,FFree,FFree,FFree,FFree,FFree,FFree,FFree,FFree,FFree,FFree,FFree,FFree,FFree,FFree,FFree,FFree,FFree,FFree,FFree,FFree,FFree,FFree,FFree,FFree,FFree,FFree,FFree,FFree,FFree,FFree,FFree,FFree,FFree,FFree,FFree,FFree,FFree,FFree,FFree,FFree,FFree,FFree,FFree,FFree,FFree,FFree,FFree,FFree,FFree,FFree,FFree,FFree,FFree,FFree,FFree,FFree,FFree,FFree,FFree,FFree,FFree,FFree,FFree,FFree,FFree,FFree,FFree,FFree,FFree,FFree,FFree,FFree,FFree,FFree,FFree,FFree,FFree,FFree,FFree
EE 407,FFree,FFree,FFree,FFree,FFree,FFree,FFree,FFree,FFree,FFree,FFree,FFree,FFree,FFree,FFree,FFree,FFree,FFree,FFree,FFree,FFree,FFree,FFree,FFree,FFree,FFree,FFree,FFree,FFree,FFree,FFree,FFree,FFree,FFree,FFree,FFree,FFree,FFree,FFree,FFree,FFree,FFree,FFree,FFree,FFree,FFree,FFree,FFree,FFree,FFree,FFree,FFree,FFree,FFree,FFree,FFree,FFree,FFree,FFree,FFree,FFree,FFree,FFree,FFree,FFree,FFree,FFree,FFree,FFree,FFree,FFree,FFree,FFree,FFree,FFree,FFree,FFree,FFree,FFree,FFree,FFree,FFree
EE 408,FFree,FFree,FFree,FFree,FFree,FFree,FFree,FFree,FFree,FFree,FFree,FFree,FFree,FFree,FFree,FFree,FFree,FFree,FFree,FFree,FFree,FFree,FFree,FFree,FFree,FFree,FFree,FFree,FFree,FFree,FFree,FFree,FFree,FFree,FFree,FFree,FFree,FFree,FFree,FFree,FFree,FFree,FFree,FFree,FFree,FFree,FFree,FFree,FFree,FFree,FFree,FFree,FFree,FFree,FFree,FFree,FFree,FFree,FFree,FFree,FFree,FFree,FFree,FFree,FFree,FFree,FFree,FFree,FFree,FFree,FFree,FFree,FFree,FFree,FFree,FFree,FFree,FFree,FFree,FFree,FFree,FFree
EE 409,FFree,FFree,FFree,FFree,FFree,FFree,FFree,FFree,FFree,FFree,FFree,FFree,FFree,FFree,FFree,FFree,FFree,FFree,FFree,FFree,FFree,FFree,FFree,FFree,FFree,FFree,FFree,FFree,FFree,FFree,FFree,FFree,FFree,FFree,FFree,FFree,FFree,FFree,FFree,FFree,FFree,FFree,FFree,FFree,FFree,FFree,FFree,FFree,FFree,FFree,FFree,FFree,FFree,FFree,FFree,FFree,FFree,FFree,FFree,FFree,FFree,FFree,FFree,FFree,FFree,FFree,FFree,FFree,FFree,FFree,FFree,FFree,FFree,FFree,FFree,FFree,FFree,FFree,FFree,FFree,FFree,FFree
EE 410,FFree,FFree,FFree,FFree,FFree,FFree,FFree,FFree,FFree,FFree,FFree,FFree,FFree,FFree,FFree,FFree,FFree,FFree,FFree,FFree,FFree,FFree,FFree,FFree,FFree,FFree,FFree,FFree,FFree,FFree,FFree,FFree,FFree,FFree,FFree,FFree,FFree,FFree,FFree,FFree,FFree,FFree,FFree,FFree,FFree,FFree,FFree,FFree,FFree,FFree,FFree,FFree,FFree,FFree,FFree,FFree,FFree,FFree,FFree,FFree,FFree,FFree,FFree,FFree,FFree,FFree,FFree,FFree,FFree,FFree,FFree,FFree,FFree,FFree,FFree,FFree,FFree,FFree,FFree,FFree,FFree,FFree
EE 411,FFree,FFree,FFree,FFree,FFree,FFree,FFree,FFree,FFree,FFree,FFree,FFree,FFree,FFree,FFree,FFree,FFree,FFree,FFree,FFree,FFree,FFree,FFree,FFree,FFree,FFree,FFree,FFree,FFree,FFree,FFree,FFree,FFree,FFree,FFree,FFree,FFree,FFree,FFree,FFree,FFree,FFree,FFree,FFree,FFree,FFree,FFree,FFree,FFree,FFree,FFree,FFree,FFree,FFree,FFree,FFree,FFree,FFree,FFree,FFree,FFree,FFree,FFree,FFree,FFree,FFree,FFree,FFree,FFree,FFree,FFree,FFree,FFree,FFree,FFree,FFree,FFree,FFree,FFree,FFree,FFree,FFree
EE 413,FFree,FFree,FFree,FFree,FFree,FFree,FFree,FFree,FFree,FFree,FFree,FFree,FFree,FFree,FFree,FFree,FFree,FFree,FFree,FFree,FFree,FFree,FFree,FFree,FFree,FFree,FFree,FFree,FFree,FFree,FFree,FFree,FFree,FFree,FFree,FFree,FFree,FFree,FFree,FFree,FFree,FFree,FFree,FFree,FFree,FFree,FFree,FFree,FFree,FFree,FFree,FFree,FFree,FFree,FFree,FFree,FFree,FFree,FFree,FFree,FFree,FFree,FFree,FFree,FFree,FFree,FFree,FFree,FFree,FFree,FFree,FFree,FFree,FFree,FFree,FFree,FFree,FFree,FFree,FFree,FFree,FFree
EE 414,FFree,FFree,FFree,FFree,FFree,FFree,FFree,FFree,FFree,FFree,FFree,FFree,FFree,FFree,FFree,FFree,FFree,FFree,FFree,FFree,FFree,FFree,FFree,FFree,FFree,FFree,FFree,FFree,FFree,FFree,FFree,FFree,FFree,FFree,FFree,FFree,FFree,FFree,FFree,FFree,FFree,FFree,FFree,FFree,FFree,FFree,FFree,FFree,FFree,FFree,FFree,FFree,FFree,FFree,FFree,FFree,FFree,FFree,FFree,FFree,FFree,FFree,FFree,FFree,FFree,FFree,FFree,FFree,FFree,FFree,FFree,FFree,FFree,FFree,FFree,FFree,FFree,FFree,FFree,FFree,FFree,FFree
EE 415,FFree,FFree,FFree,FFree,FFree,FFree,FFree,FFree,FFree,FFree,FFree,FFree,FFree,FFree,FFree,FFree,FFree,FFree,FFree,FFree,FFree,FFree,FFree,FFree,FFree,FFree,FFree,FFree,FFree,FFree,FFree,FFree,FFree,FFree,FFree,FFree,FFree,FFree,FFree,FFree,FFree,FFree,FFree,FFree,FFree,FFree,FFree,FFree,FFree,FFree,FFree,FFree,FFree,FFree,FFree,FFree,FFree,FFree,FFree,FFree,FFree,FFree,FFree,FFree,FFree,FFree,FFree,FFree,FFree,FFree,FFree,FFree,FFree,FFree,FFree,FFree,FFree,FFree,FFree,FFree,FFree,FFree
EE 417,FFree,FFree,FFree,FFree,FFree,FFree,FFree,FFree,FFree,FFree,FFree,FFree,FFree,FFree,FFree,FFree,FFree,FFree,FFree,FFree,FFree,FFree,FFree,FFree,FFree,FFree,FFree,FFree,FFree,FFree,FFree,FFree,FFree,FFree,FFree,FFree,FFree,FFree,FFree,FFree,FFree,FFree,FFree,FFree,FFree,FFree,FFree,FFree,FFree,FFree,FFree,FFree,FFree,FFree,FFree,FFree,FFree,FFree,FFree,FFree,FFree,FFree,FFree,FFree,FFree,FFree,FFree,FFree,FFree,FFree,FFree,FFree,FFree,FFree,FFree,FFree,FFree,FFree,FFree,FFree,FFree,FFree
EE 419,FFree,FFree,FFree,FFree,FFree,FFree,FFree,FFree,FFree,FFree,FFree,FFree,FFree,FFree,FFree,FFree,FFree,FFree,FFree,FFree,FFree,FFree,FFree,FFree,FFree,FFree,FFree,FFree,FFree,FFree,FFree,FFree,FFree,FFree,FFree,FFree,FFree,FFree,FFree,FFree,FFree,FFree,FFree,FFree,FFree,FFree,FFree,FFree,FFree,FFree,FFree,FFree,FFree,FFree,FFree,FFree,FFree,FFree,FFree,FFree,FFree,FFree,FFree,FFree,FFree,FFree,FFree,FFree,FFree,FFree,FFree,FFree,FFree,FFree,FFree,FFree,FFree,FFree,FFree,FFree,FFree,FFree
EE 423,FFree,FFree,FFree,FFree,FFree,FFree,FFree,FFree,FFree,FFree,FFree,FFree,FFree,FFree,FFree,FFree,FFree,FFree,FFree,FFree,FFree,FFree,FFree,FFree,FFree,FFree,FFree,FFree,FFree,FFree,FFree,FFree,FFree,FFree,FFree,FFree,FFree,FFree,FFree,FFree,FFree,FFree,FFree,FFree,FFree,FFree,FFree,FFree,FFree,FFree,FFree,FFree,FFree,FFree,FFree,FFree,FFree,FFree,FFree,FFree,FFree,FFree,FFree,FFree,FFree,FFree,FFree,FFree,FFree,FFree,FFree,FFree,FFree,FFree,FFree,FFree,FFree,FFree,FFree,FFree,FFree,FFree
EE 426,FFree,FFree,FFree,FFree,FFree,FFree,FFree,FFree,FFree,FFree,FFree,FFree,FFree,FFree,FFree,FFree,FFree,FFree,FFree,FFree,FFree,FFree,FFree,FFree,FFree,FFree,FFree,FFree,FFree,FFree,FFree,FFree,FFree,FFree,FFree,FFree,FFree,FFree,FFree,FFree,FFree,FFree,FFree,FFree,FFree,FFree,FFree,FFree,FFree,FFree,FFree,FFree,FFree,FFree,FFree,FFree,FFree,FFree,FFree,FFree,FFree,FFree,FFree,FFree,FFree,FFree,FFree,FFree,FFree,FFree,FFree,FFree,FFree,FFree,FFree,FFree,FFree,FFree,FFree,FFree,FFree,FFree
EE 440,FFree,FFree,FFree,FFree,FFree,FFree,FFree,FFree,FFree,FFree,FFree,FFree,FFree,FFree,FFree,FFree,FFree,FFree,FFree,FFree,FFree,FFree,FFree,FFree,FFree,FFree,FFree,FFree,FFree,FFree,FFree,FFree,FFree,FFree,FFree,FFree,FFree,FFree,FFree,FFree,FFree,FFree,FFree,FFree,FFree,FFree,FFree,FFree,FFree,FFree,FFree,FFree,FFree,FFree,FFree,FFree,FFree,FFree,FFree,FFree,FFree,FFree,FFree,FFree,FFree,FFree,FFree,FFree,FFree,FFree,FFree,FFree,FFree,FFree,FFree,FFree,FFree,FFree,FFree,FFree,FFree,FFree
EE 444,FFree,FFree,FFree,FFree,FFree,FFree,FFree,FFree,FFree,FFree,FFree,FFree,FFree,FFree,FFree,FFree,FFree,FFree,FFree,FFree,FFree,FFree,FFree,FFree,FFree,FFree,FFree,FFree,FFree,FFree,FFree,FFree,FFree,FFree,FFree,FFree,FFree,FFree,FFree,FFree,FFree,FFree,FFree,FFree,FFree,FFree,FFree,FFree,FFree,FFree,FFree,FFree,FFree,FFree,FFree,FFree,FFree,FFree,FFree,FFree,FFree,FFree,FFree,FFree,FFree,FFree,FFree,FFree,FFree,FFree,FFree,FFree,FFree,FFree,FFree,FFree,FFree,FFree,FFree,FFree,FFree,FFree
EE 473,FFree,FFree,FFree,FFree,FFree,FFree,FFree,FFree,FFree,FFree,FFree,FFree,FFree,FFree,FFree,FFree,FFree,FFree,FFree,FFree,FFree,FFree,FFree,FFree,FFree,FFree,FFree,FFree,FFree,FFree,FFree,FFree,FFree,FFree,FFree,FFree,FFree,FFree,FFree,FFree,FFree,FFree,FFree,FFree,FFree,FFree,FFree,FFree,FFree,FFree,FFree,FFree,FFree,FFree,FFree,FFree,FFree,FFree,FFree,FFree,FFree,FFree,FFree,FFree,FFree,FFree,FFree,FFree,FFree,FFree,FFree,FFree,FFree,FFree,FFree,FFree,FFree,FFree,FFree,FFree,FFree,FFree
EE 480,FFree,FFree,FFree,FFree,FFree,FFree,FFree,FFree,FFree,FFree,FFree,FFree,FFree,FFree,FFree,FFree,FFree,FFree,FFree,FFree,FFree,FFree,FFree,FFree,FFree,FFree,FFree,FFree,FFree,FFree,FFree,FFree,FFree,FFree,FFree,FFree,FFree,FFree,FFree,FFree,FFree,FFree,FFree,FFree,FFree,FFree,FFree,FFree,FFree,FFree,FFree,,,,,,,,,,,,,,,,,,,,,,,,,,,,,,,
EE 48000,FFree,FFree,FFree,FFree,FFree,FFree,FFree,FFree,FFree,FFree,FFree,FFree,FFree,FFree,FFree,FFree,FFree,FFree,FFree,FFree,FFree,FFree,FFree,FFree,FFree,FFree,FFree,FFree,FFree,FFree,FFree,FFree,FFree,FFree,FFree,FFree,FFree,FFree,FFree,FFree,FFree,FFree,FFree,FFree,FFree,FFree,FFree,FFree,FFree,FFree,FFree,FFree,FFree,FFree,FFree,FFree,FFree,FFree,FFree,FFree,FFree,,,,,,,,,,,,,,,,,,,,,
EE 48001,FFree,FFree,FFree,FFree,FFree,FFree,FFree,FFree,FFree,FFree,FFree,FFree,FFree,FFree,FFree,FFree,FFree,FFree,FFree,FFree,FFree,FFree,FFree,FFree,FFree,FFree,FFree,FFree,FFree,FFree,FFree,FFree,FFree,FFree,FFree,FFree,FFree,FFree,FFree,FFree,FFree,FFree,FFree,FFree,FFree,FFree,FFree,FFree,FFree,FFree,FFree,FFree,FFree,FFree,FFree,FFree,FFree,FFree,FFree,FFree,FFree,FFree,FFree,FFree,FFree,FFree,FFree,FFree,FFree,FFree,FFree,FFree,FFree,FFree,FFree,,,,,,,
EE 48002,FFree,FFree,FFree,FFree,FFree,FFree,FFree,FFree,FFree,FFree,FFree,FFree,FFree,FFree,FFree,FFree,FFree,FFree,FFree,FFree,FFree,FFree,FFree,FFree,FFree,FFree,FFree,FFree,FFree,FFree,FFree,FFree,FFree,FFree,FFree,FFree,FFree,FFree,FFree,FFree,FFree,FFree,FFree,FFree,FFree,FFree,FFree,FFree,FFree,FFree,FFree,FFree,FFree,FFree,FFree,FFree,FFree,FFree,FFree,FFree,FFree,FFree,FFree,FFree,FFree,FFree,FFree,FFree,FFree,FFree,FFree,FFree,FFree,FFree,FFree,,,,,,,
EE 48004,FFree,FFree,FFree,FFree,FFree,FFree,FFree,FFree,FFree,FFree,FFree,FFree,FFree,FFree,FFree,FFree,FFree,FFree,FFree,FFree,FFree,FFree,FFree,FFree,FFree,FFree,FFree,FFree,FFree,FFree,FFree,FFree,FFree,FFree,FFree,FFree,FFree,FFree,FFree,FFree,FFree,FFree,FFree,FFree,FFree,FFree,FFree,FFree,FFree,FFree,FFree,FFree,FFree,FFree,FFree,FFree,FFree,FFree,FFree,FFree,FFree,FFree,FFree,FFree,FFree,FFree,FFree,FFree,FFree,FFree,FFree,FFree,FFree,FFree,FFree,,,,,,,
EE 48008,FFree,FFree,FFree,FFree,FFree,FFree,FFree,FFree,FFree,FFree,FFree,FFree,FFree,FFree,FFree,FFree,FFree,FFree,FFree,FFree,FFree,FFree,FFree,FFree,FFree,FFree,FFree,FFree,FFree,FFree,FFree,FFree,FFree,FFree,FFree,FFree,FFree,FFree,FFree,FFree,FFree,FFree,FFree,FFree,FFree,FFree,FFree,FFree,FFree,FFree,FFree,FFree,FFree,FFree,FFree,FFree,FFree,FFree,FFree,FFree,FFree,FFree,FFree,FFree,FFree,FFree,FFree,FFree,FFree,FFree,FFree,FFree,FFree,FFree,FFree,FFree,FFree,FFree,FFree,FFree,FFree,FFree
EE 48009,FFree,FFree,FFree,FFree,FFree,FFree,FFree,FFree,FFree,FFree,FFree,FFree,FFree,FFree,FFree,FFree,FFree,FFree,FFree,FFree,FFree,FFree,FFree,FFree,FFree,FFree,FFree,FFree,FFree,FFree,FFree,FFree,FFree,FFree,FFree,FFree,FFree,FFree,FFree,FFree,FFree,FFree,FFree,FFree,FFree,FFree,FFree,FFree,FFree,FFree,FFree,FFree,FFree,FFree,FFree,FFree,FFree,FFree,FFree,FFree,FFree,FFree,FFree,FFree,FFree,FFree,FFree,FFree,FFree,FFree,FFree,FFree,FFree,FFree,FFree,FFree,FFree,FFree,FFree,FFree,FFree,FFree
EE 48010,FFree,FFree,FFree,FFree,FFree,FFree,FFree,FFree,FFree,FFree,FFree,FFree,FFree,FFree,FFree,FFree,FFree,FFree,FFree,FFree,FFree,FFree,FFree,FFree,FFree,FFree,FFree,FFree,FFree,FFree,FFree,FFree,FFree,FFree,FFree,FFree,FFree,FFree,FFree,FFree,FFree,FFree,FFree,FFree,FFree,FFree,FFree,FFree,FFree,FFree,FFree,FFree,FFree,FFree,FFree,FFree,FFree,FFree,FFree,FFree,FFree,FFree,FFree,FFree,FFree,FFree,FFree,FFree,FFree,FFree,FFree,FFree,FFree,FFree,FFree,FFree,FFree,FFree,FFree,FFree,FFree,FFree
EE 48011,FFree,FFree,FFree,FFree,FFree,FFree,FFree,FFree,FFree,FFree,FFree,FFree,FFree,FFree,FFree,FFree,FFree,FFree,FFree,FFree,FFree,FFree,FFree,FFree,FFree,FFree,FFree,FFree,FFree,FFree,FFree,FFree,FFree,FFree,FFree,FFree,FFree,FFree,FFree,FFree,FFree,FFree,FFree,FFree,FFree,FFree,FFree,FFree,FFree,FFree,FFree,FFree,FFree,FFree,FFree,FFree,FFree,FFree,FFree,FFree,FFree,FFree,FFree,FFree,FFree,FFree,FFree,FFree,FFree,FFree,FFree,FFree,FFree,FFree,FFree,FFree,FFree,FFree,FFree,FFree,FFree,FFree
EE 482,FFree,FFree,FFree,FFree,FFree,FFree,FFree,FFree,FFree,FFree,FFree,FFree,FFree,FFree,FFree,FFree,FFree,FFree,FFree,FFree,FFree,FFree,FFree,FFree,FFree,FFree,FFree,FFree,FFree,FFree,FFree,FFree,FFree,FFree,FFree,FFree,FFree,FFree,FFree,FFree,FFree,FFree,FFree,FFree,FFree,FFree,FFree,FFree,FFree,FFree,FFree,,,,,,,,,,,,,,,,,,,,,,,,,,,,,,,
EL 202,FFree,FFree,FFree,FFree,FFree,FFree,FFree,FFree,FFree,FFree,FFree,FFree,FFree,FFree,FFree,FFree,FFree,FFree,FFree,FFree,FFree,FFree,FFree,FFree,FFree,FFree,FFree,FFree,FFree,FFree,FFree,FFree,FFree,FFree,FFree,FFree,FFree,FFree,FFree,FFree,FFree,FFree,FFree,FFree,FFree,FFree,FFree,FFree,,,,,,,,,,,,,,,,,,,,,,,,,,,,,,,,,,
EL 204,FFree,FFree,FFree,FFree,FFree,FFree,FFree,FFree,FFree,FFree,FFree,FFree,FFree,FFree,FFree,FFree,FFree,FFree,FFree,FFree,FFree,FFree,FFree,FFree,FFree,FFree,FFree,FFree,FFree,FFree,FFree,FFree,FFree,FFree,FFree,FFree,FFree,FFree,FFree,FFree,FFree,FFree,FFree,FFree,FFree,FFree,FFree,FFree,,,,,,,,,,,,,,,,,,,,,,,,,,,,,,,,,,
EL 302,FFree,FFree,FFree,FFree,FFree,FFree,FFree,FFree,FFree,FFree,FFree,FFree,FFree,FFree,FFree,FFree,FFree,FFree,FFree,FFree,FFree,FFree,FFree,FFree,FFree,FFree,FFree,FFree,FFree,FFree,FFree,FFree,FFree,FFree,FFree,FFree,FFree,FFree,FFree,FFree,FFree,FFree,FFree,FFree,FFree,FFree,FFree,FFree,,,,,,,,,,,,,,,,,,,,,,,,,,,,,,,,,,
EL 303,FFree,FFree,FFree,FFree,FFree,FFree,FFree,FFree,FFree,FFree,FFree,FFree,FFree,FFree,FFree,FFree,FFree,FFree,FFree,FFree,FFree,FFree,FFree,FFree,FFree,FFree,FFree,FFree,FFree,FFree,FFree,FFree,FFree,FFree,FFree,FFree,FFree,FFree,FFree,FFree,FFree,FFree,FFree,FFree,FFree,FFree,FFree,FFree,,,,,,,,,,,,,,,,,,,,,,,,,,,,,,,,,,
EL 304,FFree,FFree,FFree,FFree,FFree,FFree,FFree,FFree,FFree,FFree,FFree,FFree,FFree,FFree,FFree,FFree,FFree,FFree,FFree,FFree,FFree,FFree,FFree,FFree,FFree,FFree,FFree,FFree,FFree,FFree,FFree,FFree,FFree,FFree,FFree,FFree,FFree,FFree,FFree,FFree,FFree,FFree,FFree,FFree,FFree,FFree,FFree,FFree,,,,,,,,,,,,,,,,,,,,,,,,,,,,,,,,,,
EL 305,FFree,FFree,FFree,FFree,FFree,FFree,FFree,FFree,FFree,FFree,FFree,FFree,FFree,FFree,FFree,FFree,FFree,FFree,FFree,FFree,FFree,FFree,FFree,FFree,FFree,FFree,FFree,FFree,FFree,FFree,FFree,FFree,FFree,FFree,FFree,FFree,FFree,FFree,FFree,FFree,FFree,FFree,FFree,FFree,FFree,FFree,FFree,FFree,,,,,,,,,,,,,,,,,,,,,,,,,,,,,,,,,,
EL 306,FFree,FFree,FFree,FFree,FFree,FFree,FFree,FFree,FFree,FFree,FFree,FFree,FFree,FFree,FFree,FFree,FFree,FFree,FFree,FFree,FFree,FFree,FFree,FFree,FFree,FFree,FFree,FFree,FFree,FFree,FFree,FFree,FFree,FFree,FFree,FFree,FFree,FFree,FFree,FFree,FFree,FFree,FFree,FFree,FFree,FFree,FFree,FFree,,,,,,,,,,,,,,,,,,,,,,,,,,,,,,,,,,
EL 308,FFree,FFree,FFree,FFree,FFree,FFree,FFree,FFree,FFree,FFree,FFree,FFree,FFree,FFree,FFree,FFree,FFree,FFree,FFree,FFree,FFree,FFree,FFree,FFree,FFree,FFree,FFree,FFree,FFree,FFree,FFree,FFree,FFree,FFree,FFree,FFree,FFree,FFree,FFree,FFree,FFree,FFree,FFree,FFree,FFree,FFree,FFree,FFree,,,,,,,,,,,,,,,,,,,,,,,,,,,,,,,,,,
EL 310,FFree,FFree,FFree,FFree,FFree,FFree,FFree,FFree,FFree,FFree,FFree,FFree,FFree,FFree,FFree,FFree,FFree,FFree,FFree,FFree,FFree,FFree,FFree,FFree,FFree,FFree,FFree,FFree,FFree,FFree,FFree,FFree,FFree,FFree,FFree,FFree,FFree,FFree,FFree,FFree,FFree,FFree,FFree,FFree,FFree,FFree,FFree,FFree,,,,,,,,,,,,,,,,,,,,,,,,,,,,,,,,,,
EL 401,FFree,FFree,FFree,FFree,FFree,FFree,FFree,FFree,FFree,FFree,FFree,FFree,FFree,FFree,FFree,FFree,FFree,FFree,FFree,FFree,FFree,FFree,FFree,FFree,FFree,FFree,FFree,FFree,FFree,FFree,FFree,FFree,FFree,FFree,FFree,FFree,FFree,FFree,FFree,FFree,FFree,FFree,FFree,FFree,FFree,FFree,FFree,FFree,,,,,,,,,,,,,,,,,,,,,,,,,,,,,,,,,,
EL 402,FFree,FFree,FFree,FFree,FFree,FFree,FFree,FFree,FFree,FFree,FFree,FFree,FFree,FFree,FFree,FFree,FFree,FFree,FFree,FFree,FFree,FFree,FFree,FFree,FFree,FFree,FFree,FFree,FFree,FFree,FFree,FFree,FFree,FFree,FFree,FFree,FFree,FFree,FFree,FFree,FFree,FFree,FFree,FFree,FFree,FFree,FFree,FFree,,,,,,,,,,,,,,,,,,,,,,,,,,,,,,,,,,
EL 404,FFree,FFree,FFree,FFree,FFree,FFree,FFree,FFree,FFree,FFree,FFree,FFree,FFree,FFree,FFree,FFree,FFree,FFree,FFree,FFree,FFree,FFree,FFree,FFree,FFree,FFree,FFree,FFree,FFree,FFree,FFree,FFree,FFree,FFree,FFree,FFree,FFree,FFree,FFree,FFree,FFree,FFree,FFree,FFree,FFree,FFree,FFree,FFree,,,,,,,,,,,,,,,,,,,,,,,,,,,,,,,,,,
EL 405,FFree,FFree,FFree,FFree,FFree,FFree,FFree,FFree,FFree,FFree,FFree,FFree,FFree,FFree,FFree,FFree,FFree,FFree,FFree,FFree,FFree,FFree,FFree,FFree,FFree,FFree,FFree,FFree,FFree,FFree,FFree,FFree,FFree,FFree,FFree,FFree,FFree,FFree,FFree,FFree,FFree,FFree,FFree,FFree,FFree,FFree,FFree,FFree,,,,,,,,,,,,,,,,,,,,,,,,,,,,,,,,,,
EL 407,FFree,FFree,FFree,FFree,FFree,FFree,FFree,FFree,FFree,FFree,FFree,FFree,FFree,FFree,FFree,FFree,FFree,FFree,FFree,FFree,FFree,FFree,FFree,FFree,FFree,FFree,FFree,FFree,FFree,FFree,FFree,FFree,FFree,FFree,FFree,FFree,FFree,FFree,FFree,FFree,FFree,FFree,FFree,FFree,FFree,FFree,FFree,FFree,,,,,,,,,,,,,,,,,,,,,,,,,,,,,,,,,,
EL 444,FFree,FFree,FFree,FFree,FFree,FFree,FFree,FFree,FFree,FFree,FFree,FFree,FFree,FFree,FFree,FFree,FFree,FFree,FFree,FFree,FFree,FFree,FFree,FFree,FFree,FFree,FFree,FFree,FFree,FFree,FFree,FFree,FFree,FFree,FFree,FFree,FFree,FFree,FFree,FFree,FFree,FFree,FFree,FFree,FFree,FFree,FFree,FFree,,,,,,,,,,,,,,,,,,,,,,,,,,,,,,,,,,
EL 473,FFree,FFree,FFree,FFree,FFree,FFree,FFree,FFree,FFree,FFree,FFree,FFree,FFree,FFree,FFree,FFree,FFree,FFree,FFree,FFree,FFree,FFree,FFree,FFree,FFree,FFree,FFree,FFree,FFree,FFree,FFree,FFree,FFree,FFree,FFree,FFree,FFree,FFree,FFree,FFree,FFree,FFree,FFree,FFree,FFree,FFree,FFree,FFree,,,,,,,,,,,,,,,,,,,,,,,,,,,,,,,,,,
EL 480,FFree,FFree,FFree,FFree,FFree,FFree,FFree,FFree,FFree,FFree,FFree,FFree,FFree,FFree,FFree,FFree,FFree,FFree,FFree,FFree,FFree,FFree,FFree,FFree,FFree,FFree,FFree,FFree,FFree,FFree,FFree,FFree,FFree,FFree,FFree,FFree,FFree,FFree,FFree,FFree,FFree,FFree,FFree,FFree,FFree,FFree,FFree,FFree,,,,,,,,,,,,,,,,,,,,,,,,,,,,,,,,,,
ENG 300,FFree,FFree,FFree,FFree,FFree,FFree,FFree,FFree,FFree,FFree,FFree,FFree,FFree,FFree,FFree,FFree,FFree,FFree,FFree,FFree,FFree,FFree,FFree,FFree,FFree,FFree,FFree,FFree,FFree,FFree,FFree,FFree,FFree,FFree,FFree,FFree,FFree,FFree,FFree,FFree,FFree,FFree,FFree,FFree,FFree,FFree,FFree,FFree,FFree,FFree,FFree,FFree,FFree,FFree,FFree,FFree,FFree,FFree,FFree,FFree,FFree,FFree,FFree,FFree,FFree,FFree,FFree,FFree,FFree,FFree,FFree,FFree,FFree,FFree,FFree,FFree,FFree,FFree,FFree,FFree,FFree,FFree
ENRG 220,FFree,FFree,FFree,FFree,FFree,FFree,FFree,FFree,FFree,FFree,FFree,FFree,FFree,FFree,FFree,FFree,FFree,FFree,FFree,FFree,FFree,FFree,FFree,FFree,FFree,FFree,FFree,FFree,FFree,FFree,FFree,FFree,FFree,FFree,FFree,FFree,FFree,FFree,FFree,FFree,FFree,FFree,FFree,FFree,FFree,FFree,FFree,FFree,FFree,FFree,FFree,FFree,FFree,FFree,FFree,FFree,FFree,FFree,FFree,FFree,FFree,FFree,FFree,FFree,FFree,FFree,FFree,FFree,FFree,FFree,FFree,FFree,FFree,FFree,FFree,FFree,FFree,FFree,FFree,FFree,FFree,FFree
ENRG 301,FFree,FFree,FFree,FFree,FFree,FFree,FFree,FFree,FFree,FFree,FFree,FFree,FFree,FFree,FFree,FFree,FFree,FFree,FFree,FFree,FFree,FFree,FFree,FFree,FFree,FFree,FFree,FFree,FFree,FFree,FFree,FFree,FFree,FFree,FFree,FFree,FFree,FFree,FFree,FFree,FFree,FFree,FFree,FFree,FFree,FFree,FFree,FFree,FFree,FFree,FFree,FFree,FFree,FFree,FFree,FFree,FFree,FFree,FFree,FFree,FFree,FFree,FFree,FFree,FFree,FFree,FFree,FFree,FFree,FFree,FFree,FFree,FFree,FFree,FFree,FFree,FFree,FFree,FFree,FFree,FFree,FFree
ENRG 315,FFree,FFree,FFree,FFree,FFree,FFree,FFree,FFree,FFree,FFree,FFree,FFree,FFree,FFree,FFree,FFree,FFree,FFree,FFree,FFree,FFree,FFree,FFree,FFree,FFree,FFree,FFree,FFree,FFree,FFree,FFree,FFree,FFree,FFree,FFree,FFree,FFree,FFree,FFree,FFree,FFree,FFree,FFree,FFree,FFree,FFree,FFree,FFree,FFree,FFree,FFree,FFree,FFree,FFree,FFree,FFree,FFree,FFree,FFree,FFree,FFree,FFree,FFree,FFree,FFree,FFree,FFree,FFree,FFree,FFree,FFree,FFree,FFree,FFree,FFree,FFree,FFree,FFree,FFree,FFree,FFree,FFree
ENRG 322,FFree,FFree,FFree,FFree,FFree,FFree,FFree,FFree,FFree,FFree,FFree,FFree,FFree,FFree,FFree,FFree,FFree,FFree,FFree,FFree,FFree,FFree,FFree,FFree,FFree,FFree,FFree,FFree,FFree,FFree,FFree,FFree,FFree,FFree,FFree,FFree,FFree,FFree,FFree,FFree,FFree,FFree,FFree,FFree,FFree,FFree,FFree,FFree,FFree,FFree,FFree,FFree,FFree,FFree,FFree,FFree,FFree,FFree,FFree,FFree,FFree,FFree,FFree,FFree,FFree,FFree,FFree,FFree,FFree,FFree,FFree,FFree,FFree,FFree,FFree,FFree,FFree,FFree,FFree,FFree,FFree,FFree
ENRG 401,FFree,FFree,FFree,FFree,FFree,FFree,FFree,FFree,FFree,FFree,FFree,FFree,FFree,FFree,FFree,FFree,FFree,FFree,FFree,FFree,FFree,FFree,FFree,FFree,FFree,FFree,FFree,FFree,FFree,FFree,FFree,FFree,FFree,FFree,FFree,FFree,FFree,FFree,FFree,FFree,FFree,FFree,FFree,FFree,FFree,FFree,FFree,FFree,FFree,FFree,FFree,FFree,FFree,FFree,FFree,FFree,FFree,FFree,FFree,FFree,FFree,FFree,FFree,FFree,FFree,FFree,FFree,FFree,FFree,FFree,FFree,FFree,FFree,FFree,FFree,FFree,FFree,FFree,FFree,FFree,FFree,FFree
ENRG 420,FFree,FFree,FFree,FFree,FFree,FFree,FFree,FFree,FFree,FFree,FFree,FFree,FFree,FFree,FFree,FFree,FFree,FFree,FFree,FFree,FFree,FFree,FFree,FFree,FFree,FFree,FFree,FFree,FFree,FFree,FFree,FFree,FFree,FFree,FFree,FFree,FFree,FFree,FFree,FFree,FFree,FFree,FFree,FFree,FFree,FFree,FFree,FFree,FFree,FFree,FFree,FFree,FFree,FFree,FFree,FFree,FFree,FFree,FFree,FFree,FFree,FFree,FFree,FFree,FFree,FFree,FFree,FFree,FFree,FFree,FFree,FFree,FFree,FFree,FFree,FFree,FFree,FFree,FFree,FFree,FFree,FFree
ENRG 422,FFree,FFree,FFree,FFree,FFree,FFree,FFree,FFree,FFree,FFree,FFree,FFree,FFree,FFree,FFree,FFree,FFree,FFree,FFree,FFree,FFree,FFree,FFree,FFree,FFree,FFree,FFree,FFree,FFree,FFree,FFree,FFree,FFree,FFree,FFree,FFree,FFree,FFree,FFree,FFree,FFree,FFree,FFree,FFree,FFree,FFree,FFree,FFree,FFree,FFree,FFree,FFree,FFree,FFree,FFree,FFree,FFree,FFree,FFree,FFree,FFree,FFree,FFree,FFree,FFree,FFree,FFree,FFree,FFree,FFree,FFree,FFree,FFree,FFree,FFree,,,,,,,
ENRG 423,FFree,FFree,FFree,FFree,FFree,FFree,FFree,FFree,FFree,FFree,FFree,FFree,FFree,FFree,FFree,FFree,FFree,FFree,FFree,FFree,FFree,FFree,FFree,FFree,FFree,FFree,FFree,FFree,FFree,FFree,FFree,FFree,FFree,FFree,FFree,FFree,FFree,FFree,FFree,FFree,FFree,FFree,FFree,FFree,FFree,FFree,FFree,FFree,FFree,FFree,FFree,FFree,FFree,FFree,FFree,FFree,FFree,FFree,FFree,FFree,FFree,FFree,FFree,FFree,FFree,FFree,FFree,FFree,FFree,FFree,FFree,FFree,FFree,FFree,FFree,FFree,FFree,FFree,FFree,FFree,FFree,FFree
ENRG 424,FFree,FFree,FFree,FFree,FFree,FFree,FFree,FFree,FFree,FFree,FFree,FFree,FFree,FFree,FFree,FFree,FFree,FFree,FFree,FFree,FFree,FFree,FFree,FFree,FFree,FFree,FFree,FFree,FFree,FFree,FFree,FFree,FFree,FFree,FFree,FFree,FFree,FFree,FFree,FFree,FFree,FFree,FFree,FFree,FFree,FFree,FFree,FFree,FFree,FFree,FFree,FFree,FFree,FFree,FFree,FFree,FFree,FFree,FFree,FFree,FFree,FFree,FFree,FFree,FFree,FFree,FFree,FFree,FFree,FFree,FFree,FFree,FFree,FFree,FFree,FFree,FFree,FFree,FFree,FFree,FFree,FFree
ENRG 426,FFree,FFree,FFree,FFree,FFree,FFree,FFree,FFree,FFree,FFree,FFree,FFree,FFree,FFree,FFree,FFree,FFree,FFree,FFree,FFree,FFree,FFree,FFree,FFree,FFree,FFree,FFree,FFree,FFree,FFree,FFree,FFree,FFree,FFree,FFree,FFree,FFree,FFree,FFree,FFree,FFree,FFree,FFree,FFree,FFree,FFree,FFree,FFree,FFree,FFree,FFree,FFree,FFree,FFree,FFree,FFree,FFree,FFree,FFree,FFree,FFree,FFree,FFree,FFree,FFree,FFree,FFree,FFree,FFree,FFree,FFree,FFree,FFree,FFree,FFree,FFree,FFree,FFree,FFree,FFree,FFree,FFree
ENS 201,FFree:E,FFree:E,FFree:E,FFree:E,FFree:E,FFree:E,FFree:E,FFree:E,FFree:E,FFree:E,FFree:E,FFree:E,FFree:E,FFree:E,FFree:E,FFree:E,FFree:E,FFree:E,FFree:E,FFree:E,FFree:E,FFree:E,FFree:E,FFree:E,FFree:E,FFree:E,FFree:E,FFree:E,FFree:E,FFree:E,FFree:E,FFree:E,FFree:E,FFree:E,FFree:E,FFree:E,FFree:E,FFree:E,FFree:E,FFree:E,FFree:E,FFree:E,FFree:E,FFree:E,FFree:E,FFree:E,FFree:E,FFree:E,FFree:E,FFree:E,FFree:E,FFree:E,FFree:E,FFree:E,FFree:E,FFree:E,FFree:E,FFree:E,FFree:E,FFree:E,FFree:E,FFree:E,FFree:E,FFree:E,FFree:E,FFree:E,FFree:E,FFree:E,FFree:E,FFree:E,FFree:E,FFree:E,FFree:E,FFree:E,FFree:E,FFree:E,FFree:E,FFree:E,FFree:E,FFree:E,FFree:E,FFree:E
ENS 202,FFree:E,FFree:E,FFree:E,FFree:E,FFree:E,FFree:E,FFree:E,FFree:E,FFree:E,FFree:E,FFree:E,FFree:E,FFree:E,FFree:E,FFree:E,FFree:E,FFree:E,FFree:E,FFree:E,FFree:E,FFree:E,FFree:E,FFree:E,FFree:E,FFree:E,FFree:E,FFree:E,FFree:E,FFree:E,FFree:E,FFree:E,FFree:E,FFree:E,FFree:E,FFree:E,FFree:E,FFree:E,FFree:E,FFree:E,FFree:E,FFree:E,FFree:E,FFree:E,FFree:E,FFree:E,FFree:E,FFree:E,FFree:E,FFree:E,FFree:E,FFree:E,FFree:E,FFree:E,FFree:E,FFree:E,FFree:E,FFree:E,FFree:E,FFree:E,FFree:E,FFree:E,FFree:E,FFree:E,FFree:E,FFree:E,FFree:E,FFree:E,FFree:E,FFree:E,FFree:E,FFree:E,FFree:E,FFree:E,FFree:E,FFree:E,FFree:E,FFree:E,FFree:E,FFree:E,FFree:E,FFree:E,FFree:E
ENS 203,FFree:E,FFree:E,FFree:E,FFree:E,FFree:E,FFree:E,FFree:E,FFree:E,FFree:E,FFree:E,FFree:E,FFree:E,FFree:E,FFree:E,FFree:E,FFree:E,FFree:E,FFree:E,FFree:E,FFree:E,FFree:E,FFree:E,FFree:E,FFree:E,FFree:E,FFree:E,FFree:E,FFree:E,FFree:E,FFree:E,FFree:E,FFree:E,FFree:E,FFree:E,FFree:E,FFree:E,FFree:E,FFree:E,FFree:E,FFree:E,FFree:E,FFree:E,FFree:E,FFree:E,FFree:E,FFree:E,FFree:E,FFree:E,FFree:E,FFree:E,FFree:E,FFree:E,FFree:E,FFree:E,FFree:E,FFree:E,FFree:E,FFree:E,FFree:E,FFree:E,FFree:E,FFree:E,FFree:E,FFree:E,FFree:E,FFree:E,FFree:E,FFree:E,FFree:E,FFree:E,FFree:E,FFree:E,FFree:E,FFree:E,FFree:E,FFree:E,FFree:E,FFree:E,FFree:E,FFree:E,FFree:E,FFree:E
ENS 204,FFree:E,FFree:E,FFree:E,FFree:E,FFree:E,FFree:E,FFree:E,FFree:E,FFree:E,FFree:E,FFree:E,FFree:E,FFree:E,FFree:E,FFree:E,FFree:E,FFree:E,FFree:E,FFree:E,FFree:E,FFree:E,FFree:E,FFree:E,FFree:E,FFree:E,FFree:E,FFree:E,FFree:E,FFree:E,FFree:E,FFree:E,FFree:E,FFree:E,FFree:E,FFree:E,FFree:E,FFree:E,FFree:E,FFree:E,FFree:E,FFree:E,FFree:E,FFree:E,FFree:E,FFree:E,FFree:E,FFree:E,FFree:E,FFree:E,FFree:E,FFree:E,FFree:E,FFree:E,FFree:E,FFree:E,FFree:E,FFree:E,FFree:E,FFree:E,FFree:E,FFree:E,FFree:E,FFree:E,FFree:E,FFree:E,FFree:E,FFree:E,FFree:E,FFree:E,FFree:E,FFree:E,FFree:E,FFree:E,FFree:E,FFree:E,FFree:E,FFree:E,FFree:E,FFree:E,FFree:E,FFree:E,FFree:E
ENS 205,FFree:E,FFree:E,FFree:E,FFree:E,FFree:E,FFree:E,FFree:E,FFree:E,FFree:E,FFree:E,FFree:E,FFree:E,FFree:E,FFree:E,FFree:E,FFree:E,FFree:E,FFree:E,FFree:E,FFree:E,FFree:E,FFree:E,FFree:E,FFree:E,FFree:E,FFree:E,FFree:E,FFree:E,FFree:E,FFree:E,FFree:E,FFree:E,FFree:E,FFree:E,FFree:E,FFree:E,FFree:E,FFree:E,FFree:E,FFree:E,FFree:E,FFree:E,FFree:E,FFree:E,FFree:E,FFree:E,FFree:E,FFree:E,FFree:E,FFree:E,FFree:E,FFree:E,FFree:E,FFree:E,FFree:E,FFree:E,FFree:E,FFree:E,FFree:E,FFree:E,FFree:E,FFree:E,FFree:E,FFree:E,FFree:E,FFree:E,FFree:E,FFree:E,FFree:E,FFree:E,FFree:E,FFree:E,FFree:E,FFree:E,FFree:E,FFree:E,FFree:E,FFree:E,FFree:E,FFree:E,FFree:E,FFree:E
ENS 206,FFree:E,FFree:E,FFree:E,FFree:E,FFree:E,FFree:E,FFree:E,FFree:E,FFree:E,FFree:E,FFree:E,FFree:E,FFree:E,FFree:E,FFree:E,FFree:E,FFree:E,FFree:E,FFree:E,FFree:E,FFree:E,FFree:E,FFree:E,FFree:E,FFree:E,FFree:E,FFree:E,FFree:E,FFree:E,FFree:E,FFree:E,FFree:E,FFree:E,FFree:E,FFree:E,FFree:E,FFree:E,FFree:E,FFree:E,FFree:E,FFree:E,FFree:E,FFree:E,FFree:E,FFree:E,FFree:E,FFree:E,FFree:E,FFree:E,FFree:E,FFree:E,FFree:E,FFree:E,FFree:E,FFree:E,FFree:E,FFree:E,FFree:E,FFree:E,FFree:E,FFree:E,FFree:E,FFree:E,FFree:E,FFree:E,FFree:E,FFree:E,FFree:E,FFree:E,FFree:E,FFree:E,FFree:E,FFree:E,FFree:E,FFree:E,FFree:E,FFree:E,FFree:E,FFree:E,FFree:E,FFree:E,FFree:E
ENS 207,FFree,FFree,FFree,FFree,FFree,FFree,FFree,FFree,FFree,FFree,FFree,FFree,FFree,FFree,FFree,FFree,FFree,FFree,FFree,FFree,FFree,FFree,FFree,FFree,FFree,FFree,FFree,FFree,FFree,FFree,FFree,FFree,FFree,FFree,FFree,FFree,FFree,FFree,FFree,FFree,FFree,FFree,FFree,FFree,FFree,FFree,FFree,FFree,FFree,FFree,FFree,FFree,FFree,FFree,FFree,FFree,FFree,FFree,FFree,FFree,FFree,FFree,FFree,FFree,FFree,FFree,FFree,FFree,FFree,FFree,FFree,FFree,FFree,FFree,FFree,FFree:E,FFree:E,FFree:E,FFree:E,FFree:E,FFree:E,FFree:E
ENS 208,FFree:E,FFree:E,FFree:E,FFree:E,FFree:E,FFree:E,FFree:E,FFree:E,FFree:E,FFree:E,FFree:E,FFree:E,FFree:E,FFree:E,FFree:E,FFree:E,FFree:E,FFree:E,FFree:E,FFree:E,FFree:E,FFree:E,FFree:E,FFree:E,FFree:E,FFree:E,FFree:E,FFree:E,FFree:E,FFree:E,FFree:E,FFree:E,FFree:E,FFree:E,FFree:E,FFree:E,FFree:E,FFree:E,FFree:E,FFree:E,FFree:E,FFree:E,FFree:E,FFree:E,FFree:E,FFree:E,FFree:E,FFree:E,FFree:E,FFree:E,FFree:E,FFree:E,FFree:E,FFree:E,FFree:E,FFree:E,FFree:E,FFree:E,FFree:E,FFree:E,FFree:E,FFree:E,FFree:E,FFree:E,FFree:E,FFree:E,FFree:E,FFree:E,FFree:E,FFree:E,FFree:E,FFree:E,FFree:E,FFree:E,FFree:E,FFree:E,FFree:E,FFree:E,FFree:E,FFree:E,FFree:E,FFree:E
ENS 209,FFree,FFree,FFree,FFree,FFree,FFree,FFree,FFree,FFree,FFree,FFree,FFree,FFree,FFree,FFree,FFree,FFree,FFree,FFree,FFree,FFree,FFree,FFree,FFree,FFree,FFree,FFree,FFree,FFree,FFree,FFree,FFree,FFree,FFree,FFree,FFree,FFree,FFree,FFree,FFree,FFree,FFree,FFree,FFree,FFree,FFree,FFree,FFree,FFree,FFree,FFree,FFree,FFree,FFree,FFree,FFree,FFree,FFree,FFree,FFree,FFree,FFree,FFree,FFree,FFree,FFree,FFree,FFree,FFree,FFree,FFree,FFree,FFree,FFree,FFree,FFree:E,FFree:E,FFree:E,FFree:E,FFree:E,FFree:E,FFree:E
ENS 210,FFree:E,FFree:E,FFree:E,FFree:E,FFree:E,FFree:E,FFree:E,FFree:E,FFree:E,FFree:E,FFree:E,FFree:E,FFree:E,FFree:E,FFree:E,FFree:E,FFree:E,FFree:E,FFree:E,FFree:E,FFree:E,FFree:E,FFree:E,FFree:E,FFree:E,FFree:E,FFree:E,FFree:E,FFree:E,FFree:E,FFree:E,FFree:E,FFree:E,FFree:E,FFree:E,FFree:E,FFree:E,FFree:E,FFree:E,FFree:E,FFree:E,FFree:E,FFree:E,FFree:E,FFree:E,FFree:E,FFree:E,FFree:E,FFree:E,FFree:E,FFree:E,FFree:E,FFree:E,FFree:E,FFree:E,FFree:E,FFree:E,FFree:E,FFree:E,FFree:E,FFree:E,FFree:E,FFree:E,FFree:E,FFree:E,FFree:E,FFree:E,FFree:E,FFree:E,FFree:E,FFree:E,FFree:E,FFree:E,FFree:E,FFree:E,FFree:E,FFree:E,FFree:E,FFree:E,FFree:E,FFree:E,FFree:E
ENS 211,FFree:E,FFree:E,FFree:E,FFree:E,FFree:E,FFree:E,FFree:E,FFree:E,FFree:E,FFree:E,FFree:E,FFree:E,FFree:E,FFree:E,FFree:E,FFree:E,FFree:E,FFree:E,FFree:E,FFree:E,FFree:E,FFree:E,FFree:E,FFree:E,FFree:E,FFree:E,FFree:E,FFree:E,FFree:E,FFree:E,FFree:E,FFree:E,FFree:E,FFree:E,FFree:E,FFree:E,FFree:E,FFree:E,FFree:E,FFree:E,FFree:E,FFree:E,FFree:E,FFree:E,FFree:E,FFree:E,FFree:E,FFree:E,FFree:E,FFree:E,FFree:E,FFree:E,FFree:E,FFree:E,FFree:E,FFree:E,FFree:E,FFree:E,FFree:E,FFree:E,FFree:E,FFree:E,FFree:E,FFree:E,FFree:E,FFree:E,FFree:E,FFree:E,FFree:E,FFree:E,FFree:E,FFree:E,FFree:E,FFree:E,FFree:E,FFree:E,FFree:E,FFree:E,FFree:E,FFree:E,FFree:E,FFree:E
ENS 214,FFree,FFree,FFree,FFree,FFree,FFree,FFree,FFree,FFree,FFree,FFree,FFree,FFree,FFree,FFree,FFree,FFree,FFree,FFree,FFree,FFree,FFree,FFree,FFree,FFree,FFree,FFree,FFree,FFree,FFree,FFree,FFree,FFree,FFree,FFree,FFree,FFree,FFree,FFree,FFree,FFree,FFree,FFree,FFree,FFree,FFree,FFree,FFree,FFree,FFree,FFree,FFree,FFree,FFree,FFree,FFree,FFree,FFree,FFree,FFree,FFree,FFree,FFree,FFree,FFree,FFree,FFree,FFree,FFree,FFree,FFree,FFree,FFree,FFree,FFree,FFree:E,FFree:E,FFree:E,FFree:E,FFree:E,FFree:E,FFree:E
ENS 216,FFree,FFree,FFree,FFree,FFree,FFree,FFree,FFree,FFree,FFree,FFree,FFree,FFree,FFree,FFree,FFree,FFree,FFree,FFree,FFree,FFree,FFree,FFree,FFree,FFree,FFree,FFree,FFree,FFree,FFree,FFree,FFree,FFree,FFree,FFree,FFree,FFree,FFree,FFree,FFree,FFree,FFree,FFree,FFree,FFree,FFree,FFree,FFree,FFree,FFree,FFree,FFree,FFree,FFree,FFree,FFree,FFree,FFree,FFree,FFree,FFree,FFree,FFree,FFree,FFree,FFree,FFree,FFree,FFree,FFree,FFree,FFree,FFree,FFree,FFree,FFree:E,FFree:E,FFree:E,FFree:E,FFree:E,FFree:E,FFree:E
ENS 222,FFree,FFree,FFree,FFree,FFree,FFree,FFree,FFree,FFree,FFree,FFree,FFree,FFree,FFree,FFree,FFree,FFree,FFree,FFree,FFree,FFree,FFree,FFree,FFree,FFree,FFree,FFree,FFree,FFree,FFree,FFree,FFree,FFree,FFree,FFree,FFree,FFree,FFree,FFree,FFree,FFree,FFree,FFree,FFree,FFree,FFree,FFree,FFree,FFree,FFree,FFree,,,,,,,,,,,,,,,,,,,,,,,,,,,,,,,
ENS 301,FFree,FFree,FFree,FFree,FFree,FFree,FFree,FFree,FFree,FFree,FFree,FFree,FFree,FFree,FFree,FFree,FFree,FFree,FFree,FFree,FFree,FFree,FFree,FFree,FFree,FFree,FFree,FFree,FFree,FFree,FFree,FFree,FFree,FFree,FFree,FFree,FFree,FFree,FFree,FFree,FFree,FFree,FFree,FFree,FFree,FFree,FFree,FFree,FFree,FFree,FFree,FFree,FFree,FFree,FFree,FFree,FFree,FFree,FFree,FFree,FFree,FFree,FFree,FFree,FFree,FFree,FFree,FFree,FFree,FFree,FFree,FFree,,,,,,,,,,
ENS 302,FFree,FFree,FFree,FFree,FFree,FFree,FFree,FFree,FFree,FFree,FFree,FFree,FFree,FFree,FFree,FFree,FFree,FFree,FFree,FFree,FFree,FFree,FFree,FFree,FFree,FFree,FFree,FFree,FFree,FFree,FFree,FFree,FFree,FFree,FFree,FFree,FFree,FFree,FFree,FFree,FFree,FFree,FFree,FFree,FFree,FFree,FFree,FFree,FFree,FFree,FFree,FFree,FFree,FFree,,,,,,,,,,,,,,,,,,,,,,,,,,,,
ENS 303,FFree,FFree,FFree,FFree,FFree,FFree,FFree,FFree,FFree,FFree,FFree,FFree,FFree,FFree,FFree,FFree,FFree,FFree,FFree,FFree,FFree,FFree,FFree,FFree,FFree,FFree,FFree,FFree,FFree,FFree,FFree,FFree,FFree,FFree,FFree,FFree,FFree,FFree,FFree,FFree,FFree,FFree,FFree,FFree,FFree,FFree,FFree,FFree,FFree,FFree,FFree,FFree,FFree,FFree,FFree,FFree,FFree,FFree,FFree,FFree,FFree,FFree,FFree,FFree,FFree,FFree,FFree,FFree,FFree,FFree,FFree,FFree,FFree,FFree,FFree,FFree,FFree,FFree,FFree,FFree,FFree,FFree
ENS 309,FFree,FFree,FFree,FFree,FFree,FFree,FFree,FFree,FFree,FFree,FFree,FFree,FFree,FFree,FFree,FFree,FFree,FFree,FFree,FFree,FFree,FFree,FFree,FFree,FFree,FFree,FFree,FFree,FFree,FFree,FFree,FFree,FFree,FFree,FFree,FFree,FFree,FFree,FFree,FFree,FFree,FFree,FFree,FFree,FFree,FFree,FFree,FFree,FFree,FFree,FFree,FFree,FFree,FFree,FFree,FFree,FFree,FFree,FFree,FFree,FFree,FFree,FFree,FFree,,,,,,,,,,,,,,,,,,
ENS 311,FFree,FFree,FFree,FFree,FFree,FFree,FFree,FFree,FFree,FFree,FFree,FFree,FFree,FFree,FFree,FFree,FFree,FFree,FFree,FFree,FFree,FFree,FFree,FFree,FFree,FFree,FFree,FFree,FFree,FFree,FFree,FFree,FFree,FFree,FFree,FFree,FFree,FFree,FFree,FFree,FFree,FFree,FFree,FFree,FFree,FFree,FFree,FFree,FFree,FFree,FFree,FFree,FFree,FFree,FFree,FFree,FFree,FFree,FFree,FFree,FFree,FFree,FFree,FFree,FFree,FFree,FFree,FFree,FFree,FFree,FFree,FFree,FFree,FFree,FFree,FFree,FFree,FFree,FFree,FFree,FFree,FFree
ENS 315,FFree,FFree,FFree,FFree,FFree,FFree,FFree,FFree,FFree,FFree,FFree,FFree,FFree,FFree,FFree,FFree,FFree,FFree,FFree,FFree,FFree,FFree,FFree,FFree,FFree,FFree,FFree,FFree,FFree,FFree,FFree,FFree,FFree,FFree,FFree,FFree,FFree,FFree,FFree,FFree,FFree,FFree,FFree,FFree,FFree,FFree,FFree,FFree,FFree,FFree,FFree,FFree,FFree,FFree,FFree,FFree,FFree,FFree,FFree,FFree,FFree,FFree,FFree,FFree,FFree,FFree,FFree,FFree,FFree,FFree,FFree,FFree,,,,,,,,,,
ENS 409,FFree,FFree,FFree,FFree,FFree,FFree,FFree,FFree,FFree,FFree,FFree,FFree,FFree,FFree,FFree,FFree,FFree,FFree,FFree,FFree,FFree,FFree,FFree,FFree,FFree,FFree,FFree,FFree,FFree,FFree,FFree,FFree,FFree,FFree,FFree,FFree,FFree,FFree,FFree,FFree,FFree,FFree,FFree,FFree,FFree,FFree,FFree,FFree,FFree,FFree,FFree,FFree,FFree,FFree,FFree,FFree,FFree,FFree,FFree,FFree,FFree,FFree,FFree,FFree,FFree,FFree,FFree,FFree,FFree,FFree,FFree,FFree,FFree,FFree,FFree,FFree,FFree,FFree,,,,
ENS 410,FFree,FFree,FFree,FFree,FFree,FFree,FFree,FFree,FFree,FFree,FFree,FFree,FFree,FFree,FFree,FFree,FFree,FFree,FFree,FFree,FFree,FFree,FFree,FFree,FFree,FFree,FFree,FFree,FFree,FFree,FFree,FFree,FFree,FFree,FFree,FFree,FFree,FFree,FFree,FFree,FFree,FFree,FFree,FFree,FFree,FFree,FFree,FFree,FFree,FFree,FFree,FFree,FFree,FFree,FFree,FFree,FFree,FFree,FFree,FFree,FFree,FFree,FFree,FFree,FFree,FFree,FFree,FFree,FFree,FFree,FFree,FFree,FFree,FFree,FFree,FFree,FFree,FFree,FFree,FFree,FFree,FFree
ENS 413,FFree,FFree,FFree,FFree,FFree,FFree,FFree,FFree,FFree,FFree,FFree,FFree,FFree,FFree,FFree,FFree,FFree,FFree,FFree,FFree,FFree,FFree,FFree,FFree,FFree,FFree,FFree,FFree,FFree,FFree,FFree,FFree,FFree,FFree,FFree,FFree,FFree,FFree,FFree,FFree,FFree,FFree,FFree,FFree,FFree,FFree,FFree,FFree,FFree,FFree,FFree,FFree,FFree,FFree,FFree,FFree,FFree,FFree,FFree,FFree,FFree,FFree,FFree,FFree,FFree,FFree,FFree,FFree,FFree,FFree,FFree,FFree,FFree,FFree,FFree,FFree,FFree,FFree,FFree,FFree,FFree,FFree
ENS 414,FFree,FFree,FFree,FFree,FFree,FFree,FFree,FFree,FFree,FFree,FFree,FFree,FFree,FFree,FFree,FFree,FFree,FFree,FFree,FFree,FFree,FFree,FFree,FFree,FFree,FFree,FFree,FFree,FFree,FFree,FFree,FFree,FFree,FFree,FFree,FFree,FFree,FFree,FFree,FFree,FFree,FFree,FFree,FFree,FFree,FFree,FFree,FFree,FFree,FFree,FFree,FFree,FFree,FFree,FFree,FFree,FFree,FFree,FFree,FFree,FFree,FFree,FFree,FFree,FFree,FFree,FFree,FFree,FFree,FFree,FFree,FFree,FFree,FFree,FFree,FFree,FFree,FFree,FFree,FFree,FFree,FFree
ENS 416,FFree,FFree,FFree,FFree,FFree,FFree,FFree,FFree,FFree,FFree,FFree,FFree,FFree,FFree,FFree,FFree,FFree,FFree,FFree,FFree,FFree,FFree,FFree,FFree,FFree,FFree,FFree,FFree,FFree,FFree,FFree,FFree,FFree,FFree,FFree,FFree,FFree,FFree,FFree,FFree,,,,,,,,,,,,,,,,,,,,,,,,,,,,,,,,,,,,,,,,,,
ENS 480,FFree,FFree,FFree,FFree,FFree,FFree,FFree,FFree,FFree,FFree,FFree,FFree,FFree,FFree,FFree,FFree,FFree,FFree,FFree,FFree,FFree,FFree,FFree,FFree,FFree,FFree,FFree,FFree,FFree,FFree,FFree,FFree,FFree,FFree,FFree,FFree,FFree,FFree,FFree,FFree,FFree,FFree,FFree,FFree,FFree,FFree,FFree,FFree,FFree,FFree,FFree,,,,,,,,,,,,,,,,,,,,,,,,,,,,,,,
ENS 48000,FFree,FFree,FFree,FFree,FFree,FFree,FFree,FFree,FFree,FFree,FFree,FFree,FFree,FFree,FFree,FFree,FFree,FFree,FFree,FFree,FFree,FFree,FFree,FFree,FFree,FFree,FFree,FFree,FFree,FFree,FFree,FFree,FFree,FFree,FFree,FFree,FFree,FFree,FFree,FFree,FFree,FFree,FFree,FFree,FFree,FFree,FFree,FFree,FFree,FFree,FFree,FFree,FFree,FFree,FFree,FFree,FFree,,,,,,,,,,,,,,,,,,,,,,,,,
ENS 48001,FFree,FFree,FFree,FFree,FFree,FFree,FFree,FFree,FFree,FFree,FFree,FFree,FFree,FFree,FFree,FFree,FFree,FFree,FFree,FFree,FFree,FFree,FFree,FFree,FFree,FFree,FFree,FFree,FFree,FFree,FFree,FFree,FFree,FFree,FFree,FFree,FFree,FFree,FFree,FFree,FFree,FFree,FFree,FFree,FFree,FFree,FFree,FFree,FFree,FFree,FFree,FFree,FFree,FFree,FFree,FFree,FFree,FFree,FFree,FFree,FFree,FFree,FFree,FFree,FFree,FFree,,,,,,,,,,,,,,,,
ENS 48002,FFree,FFree,FFree,FFree,FFree,FFree,FFree,FFree,FFree,FFree,FFree,FFree,FFree,FFree,FFree,FFree,FFree,FFree,FFree,FFree,FFree,FFree,FFree,FFree,FFree,FFree,FFree,FFree,FFree,FFree,FFree,FFree,FFree,FFree,FFree,FFree,FFree,FFree,FFree,FFree,FFree,FFree,FFree,FFree,FFree,FFree,FFree,FFree,FFree,FFree,FFree,FFree,FFree,FFree,FFree,,,,,,,,,,,,,,,,,,,,,,,,,,,
ENS 4803,FFree,FFree,FFree,FFree,FFree,FFree,FFree,FFree,FFree,FFree,FFree,FFree,FFree,FFree,FFree,FFree,FFree,FFree,FFree,FFree,FFree,FFree,FFree,FFree,FFree,FFree,FFree,FFree,FFree,FFree,FFree,FFree,FFree,FFree,FFree,FFree,FFree,FFree,FFree,FFree,FFree,FFree,FFree,FFree,FFree,FFree,FFree,FFree,FFree,FFree,FFree,FFree,FFree,FFree,FFree,FFree,FFree,FFree,FFree,FFree,FFree,FFree,FFree,FFree,FFree,FFree,FFree,FFree,FFree,FFree,FFree,,,,,,,,,,,
ENS 481,FFree,FFree,FFree,FFree,FFree,FFree,FFree,FFree,FFree,FFree,FFree,FFree,FFree,FFree,FFree,FFree,FFree,FFree,FFree,FFree,FFree,FFree,FFree,FFree,FFree,FFree,FFree,FFree,FFree,FFree,FFree,FFree,FFree,FFree,FFree,FFree,FFree,FFree,FFree,FFree,FFree,FFree,FFree,FFree,FFree,FFree,FFree,FFree,FFree,FFree,FFree,,,,,,,,,,,,,,,,,,,,,,,,,,,,,,,
ENS 498,FFree,FFree,FFree,FFree,FFree,FFree,FFree,FFree,FFree,FFree,FFree,FFree,FFree,FFree,FFree,FFree,FFree,FFree,FFree,FFree,FFree,FFree,FFree,FFree,FFree,FFree,FFree,FFree,FFree,FFree,FFree,FFree,FFree,FFree,FFree,FFree,FFree,FFree,FFree,FFree,FFree,FFree,FFree,FFree,FFree,FFree,FFree,FFree,FFree,FFree,FFree,FFree,FFree,FFree,,,,,,,,,,,,,,,,,,,,,,,,,,,,
ENS 499,FFree,FFree,FFree,FFree,FFree,FFree,FFree,FFree,FFree,FFree,FFree,FFree,FFree,FFree,FFree,FFree,FFree,FFree,FFree,FFree,FFree,FFree,FFree,FFree,FFree,FFree,FFree,FFree,FFree,FFree,FFree,FFree,FFree,FFree,FFree,FFree,FFree,FFree,FFree,FFree,FFree,FFree,FFree,FFree,FFree,FFree,FFree,FFree,FFree,FFree,FFree,FFree,FFree,FFree,,,,,,,,,,,,,,,,,,,,,,,,,,,,
ENT 201,FFree,FFree,FFree,FFree,FFree,FFree,FFree,FFree,FFree,FFree,FFree,FFree,FFree,FFree,FFree,FFree,FFree,FFree,FFree,FFree,FFree,FFree,FFree,FFree,FFree,FFree,FFree,FFree,FFree,FFree,FFree,FFree,FFree,FFree,FFree,FFree,FFree,FFree,FFree,FFree,FFree,FFree,FFree,FFree,FFree,FFree,FFree,FFree,FFree,FFree,FFree,FFree,FFree,FFree,FFree,FFree,FFree,FFree,FFree,FFree,FFree,FFree,FFree,FFree,FFree,FFree,FFree,FFree,FFree,FFree,FFree,FFree,FFree,FFree,FFree,FFree,FFree,FFree,FFree,FFree,FFree,FFree
FILM 231,FFree,FFree,FFree,FFree,FFree,FFree,FFree,FFree,FFree,FFree,FFree,FFree,FFree,FFree,FFree,AArea,AArea,AArea,AArea,AArea,AArea,AArea,AArea:A,AArea:A,AArea:A,AArea:A,AArea:A,AArea:A,AArea:A,AArea:A,AArea:A,AArea:A,AArea:A,AArea:A,AArea:A,AArea:A,AArea:A,AArea:A,AArea:A,AArea:A,AArea:A,AArea:A,AArea:A,AArea:A,AArea:A,AArea:A,AArea:A,AArea:A,AArea:A,AArea:A,AArea:A,AArea:A,AArea:A,AArea:A,AArea:A,AArea:A,AArea:A,AArea:A,AArea:A,AArea:A,AArea:A,AArea:A,AArea:A,AArea:A,AArea:A,AArea:A,AArea:A,AArea:A,AArea:A,AArea:A,AArea:A,AArea:A,AArea:A,AArea:A,,,,,,,,
FILM 331,FFree,FFree,FFree,FFree,FFree,FFree,FFree,FFree,FFree,FFree,FFree,FFree,FFree,FFree,FFree,AArea,AArea,AArea,AArea,AArea,AArea,AArea,AArea,AArea,AArea,AArea,AArea,AArea,AArea,AArea,AArea,AArea,AArea,AArea,AArea,AArea,AArea,AArea,AArea,AArea,AArea,AArea,AArea,AArea,AArea,AArea,AArea,AArea,AArea,AArea,AArea,AArea,AArea,AArea,AArea,AArea,AArea,AArea,AArea,AArea,AArea,AArea,AArea,AArea,AArea,AArea,AArea,AArea,AArea,AArea,AArea,AArea,AArea,AArea,,,,,,,,
FILM 345,FFree,FFree,FFree,FFree,FFree,FFree,FFree,FFree,FFree,FFree,FFree,FFree,FFree,FFree,FFree,AArea,AArea,AArea,AArea,AArea,AArea,AArea,AArea,AArea,AArea,AArea,AArea,AArea,AArea,AArea,AArea,AArea,AArea,AArea,AArea,AArea,AArea,AArea,AArea,AArea,AArea,AArea,AArea,AArea,AArea,AArea,AArea,AArea,AArea,AArea,AArea,AArea,AArea,AArea,AArea,AArea,AArea,AArea,AArea,AArea,AArea,AArea,AArea,AArea,AArea,AArea,AArea,AArea,AArea,AArea,AArea,AArea,AArea,AArea,,,,,,,,
FILM 390,FFree,FFree,FFree,FFree,FFree,FFree,FFree,FFree,FFree,FFree,FFree,FFree,FFree,FFree,FFree,AArea,AArea,AArea,AArea,AArea,AArea,AArea,AArea,AArea,AArea,AArea,AArea,AArea,AArea,AArea,AArea,AArea,AArea,AArea,AArea,AArea,AArea,AArea,AArea,AArea,AArea,AArea,AArea,AArea,AArea,AArea,AArea,AArea,AArea,AArea,AArea,AArea,AArea,AArea,AArea,AArea,AArea,AArea,AArea,AArea,AArea,AArea,AArea,AArea,AArea,AArea,AArea,AArea,AArea,AArea,AArea,AArea,AArea,AArea,,,,,,,,
FILM 424,FFree,FFree,FFree,FFree,FFree,FFree,FFree,FFree,FFree,FFree,FFree,FFree,FFree,FFree,FFree,AArea,AArea,AArea,AArea,AArea,AArea,AArea,AArea,AArea,AArea,AArea,AArea,AArea,AArea,AArea,AArea,AArea,AArea,AArea,AArea,AArea,AArea,AArea,AArea,AArea,AArea,AArea,AArea,AArea,AArea,AArea,AArea,AArea,AArea,AArea,AArea,AArea,AArea,AArea,AArea,AArea,AArea,AArea,AArea,AArea,AArea,AArea,AArea,AArea,AArea,AArea,AArea,AArea,AArea,AArea,AArea,AArea,AArea,AArea,,,,,,,,
FILM 432,FFree,FFree,FFree,FFree,FFree,FFree,FFree,FFree,FFree,FFree,FFree,FFree,FFree,FFree,FFree,AArea,AArea,AArea,AArea,AArea,AArea,AArea,AArea,AArea,AArea,AArea,AArea,AArea,AArea,AArea,AArea,AArea,AArea,AArea,AArea,AArea,AArea,AArea,AArea,AArea,AArea,AArea,AArea,AArea,AArea,AArea,AArea,AArea,AArea,AArea,AArea,AArea,AArea,AArea,AArea,AArea,AArea,AArea,AArea,AArea,AArea,AArea,AArea,AArea,AArea,AArea,AArea,AArea,AArea,AArea,AArea,AArea,AArea,AArea,,,,,,,,
FILM 435,FFree,FFree,FFree,FFree,FFree,FFree,FFree,FFree,FFree,FFree,FFree,FFree,FFree,FFree,FFree,CCore 2,CCore 2,CCore 2,CCore 2,CCore 2,CCore 2,CCore 2,CCore 2,CCore 2,CCore 2,CCore 2,CCore 2,CCore 2,CCore 2,CCore 2,CCore 2,CCore 2,CCore 2,CCore 2,CCore 2,CCore 2,CCore 2,CCore 2,CCore 2,CCore 2,CCore 2,CCore 2,CCore 2,CCore 2,CCore 2,CCore 2,CCore 2,CCore 2,CCore 2,CCore 2,CCore 2,CCore 2,CCore 2,CCore 2,AArea,AArea,AArea,AArea,AArea,AArea,AArea,AArea,AArea,AArea,AArea,AArea,AArea,AArea,AArea,AArea,AArea,AArea,AArea,AArea,,,,,,,,
FILM 452,FFree,FFree,FFree,FFree,FFree,FFree,FFree,FFree,FFree,FFree,FFree,FFree,FFree,FFree,FFree,AArea,AArea,AArea,AArea,AArea,AArea,AArea,AArea,AArea,AArea,AArea,AArea,AArea,AArea,AArea,AArea,AArea,AArea,AArea,AArea,AArea,AArea,AArea,AArea,AArea,AArea,AArea,AArea,AArea,AArea,AArea,AArea,AArea,AArea,AArea,AArea,AArea,AArea,AArea,AArea,AArea,AArea,AArea,AArea,AArea,AArea,AArea,AArea,AArea,AArea,AArea,AArea,AArea,AArea,AArea,AArea,AArea,AArea,AArea,,,,,,,,
FIN 301,FFree,FFree,FFree,FFree,FFree,FFree,FFree,FFree,FFree,FFree,FFree,FFree,FFree,FFree,FFree,FFree,FFree,FFree,FFree,FFree,FFree,FFree,FFree,FFree,FFree,FFree,FFree,FFree,FFree,FFree,FFree,FFree,FFree,FFree,FFree,FFree,FFree,FFree,FFree,FFree,FFree,FFree,FFree,FFree,FFree,FFree,FFree,FFree,FFree,FFree,FFree,FFree,FFree,FFree,FFree,FFree,FFree,FFree,FFree,FFree,FFree,FFree,FFree,FFree,FFree,FFree,FFree,FFree,FFree,FFree,FFree,FFree,FFree,FFree,FFree,FFree:M,FFree:M,FFree:M,FFree:M,FFree:M,FFree:M,FFree:M
FIN 401,FFree,FFree,FFree,FFree,FFree,FFree,FFree,FFree,FFree,FFree,FFree,FFree,FFree,FFree,FFree,FFree,FFree,FFree,FFree,FFree,FFree,FFree,FFree,FFree,FFree,FFree,FFree,FFree,FFree,FFree,FFree,FFree,FFree,FFree,FFree,FFree,FFree,FFree,FFree,FFree,FFree,FFree,FFree,FFree,FFree,FFree,FFree,FFree,FFree,FFree,FFree,FFree,FFree,FFree,FFree,FFree,FFree,FFree,FFree,FFree,FFree,FFree,FFree,FFree,FFree,FFree,FFree,FFree,FFree,FFree,FFree,FFree,FFree,FFree,FFree,FFree,FFree,FFree,FFree,FFree,FFree,FFree
FIN 402,FFree,FFree,FFree,FFree,FFree,FFree,FFree,FFree,FFree,FFree,FFree,FFree,FFree,FFree,FFree,FFree,FFree,FFree,FFree,FFree,FFree,FFree,FFree,FFree,FFree,FFree,FFree,FFree,FFree,FFree,FFree,FFree,FFree,FFree,FFree,FFree,FFree,FFree,FFree,FFree,FFree,FFree,FFree,FFree,FFree,FFree,FFree,FFree,FFree,FFree,FFree,FFree,FFree,FFree,FFree,FFree,FFree,FFree,FFree,FFree,FFree,FFree,FFree,FFree,FFree,FFree,FFree,FFree,FFree,FFree,FFree,FFree,FFree,FFree,FFree,FFree,FFree,FFree,FFree,FFree,FFree,FFree
FIN 403,FFree,FFree,FFree,FFree,FFree,FFree,FFree,FFree,FFree,FFree,FFree,FFree,FFree,FFree,FFree,FFree,FFree,FFree,FFree,FFree,FFree,FFree,FFree,FFree,FFree,FFree,FFree,FFree,FFree,FFree,FFree,FFree,FFree,FFree,FFree,FFree,FFree,FFree,FFree,FFree,FFree,FFree,FFree,FFree,FFree,FFree,FFree,FFree,FFree,FFree,FFree,FFree,FFree,FFree,FFree,FFree,FFree,FFree,FFree,FFree,FFree,FFree,FFree,FFree,FFree,FFree,FFree,FFree,FFree,FFree,FFree,FFree,FFree,FFree,FFree,FFree,FFree,FFree,FFree,FFree,FFree,FFree
FIN 404,FFree,FFree,FFree,FFree,FFree,FFree,FFree,FFree,FFree,FFree,FFree,FFree,FFree,FFree,FFree,FFree,FFree,FFree,FFree,FFree,FFree,FFree,FFree,FFree,FFree,FFree,FFree,FFree,FFree,FFree,FFree,FFree,FFree,FFree,FFree,FFree,FFree,FFree,FFree,FFree,FFree,FFree,FFree,FFree,FFree,FFree,FFree,FFree,FFree,FFree,FFree,FFree,FFree,FFree,FFree,FFree,FFree,FFree,FFree,FFree,FFree,FFree,FFree,FFree,FFree,FFree,FFree,FFree,FFree,FFree,FFree,,,,,,,,,,,
FIN 405,FFree,FFree,FFree,FFree,FFree,FFree,FFree,FFree,FFree,FFree,FFree,FFree,FFree,FFree,FFree,FFree,FFree,FFree,FFree,FFree,FFree,FFree,FFree,FFree,FFree,FFree,FFree,FFree,FFree,FFree,FFree,FFree,FFree,FFree,FFree,FFree,FFree,FFree,FFree,FFree,FFree,FFree,FFree,FFree,FFree,FFree,FFree,FFree,FFree,FFree,FFree,FFree,FFree,FFree,FFree,FFree,FFree,FFree,FFree,FFree,FFree,FFree,FFree,FFree,FFree,FFree,FFree,FFree,FFree,FFree,FFree,FFree,FFree,FFree,FFree,FFree,FFree,FFree,FFree,FFree,FFree,FFree
FIN 406,FFree,FFree,FFree,FFree,FFree,FFree,FFree,FFree,FFree,FFree,FFree,FFree,FFree,FFree,FFree,FFree,FFree,FFree,FFree,FFree,FFree,FFree,FFree,FFree,FFree,FFree,FFree,FFree,FFree,FFree,FFree,FFree,FFree,FFree,FFree,FFree,FFree,FFree,FFree,FFree,FFree,FFree,FFree,FFree,FFree,FFree,FFree,FFree,FFree,FFree,FFree,FFree,FFree,FFree,FFree,FFree,FFree,FFree,FFree,FFree,FFree,FFree,FFree,FFree,FFree,FFree,FFree,FFree,FFree,FFree,FFree,FFree,FFree,FFree,FFree,FFree,FFree,FFree,FFree,FFree,FFree,FFree
FIN 407,FFree,FFree,FFree,FFree,FFree,FFree,FFree,FFree,FFree,FFree,FFree,FFree,FFree,FFree,FFree,FFree,FFree,FFree,FFree,FFree,FFree,FFree,FFree,FFree,FFree,FFree,FFree,FFree,FFree,FFree,FFree,FFree,FFree,FFree,FFree,FFree,FFree,FFree,FFree,FFree,FFree,FFree,FFree,FFree,FFree,FFree,FFree,FFree,FFree,FFree,FFree,FFree,FFree,FFree,FFree,FFree,FFree,FFree,FFree,FFree,FFree,FFree,FFree,FFree,FFree,FFree,FFree,FFree,FFree,FFree,FFree,FFree,FFree,FFree,FFree,FFree,FFree,FFree,FFree,FFree,FFree,FFree
FIN 408,FFree,FFree,FFree,FFree,FFree,FFree,FFree,FFree,FFree,FFree,FFree,FFree,FFree,FFree,FFree,FFree,FFree,FFree,FFree,FFree,FFree,FFree,FFree,FFree,FFree,FFree,FFree,FFree,FFree,FFree,FFree,FFree,FFree,FFree,FFree,FFree,FFree,FFree,FFree,FFree,FFree,FFree,FFree,FFree,FFree,FFree,FFree,FFree,FFree,FFree,FFree,FFree,FFree,FFree,FFree,FFree,FFree,FFree,FFree,FFree,FFree,FFree,FFree,FFree,,,,,,,,,,,,,,,,,,
FIN 409,FFree,FFree,FFree,FFree,FFree,FFree,FFree,FFree,FFree,FFree,FFree,FFree,FFree,FFree,FFree,FFree,FFree,FFree,FFree,FFree,FFree,FFree,FFree,FFree,FFree,FFree,FFree,FFree,FFree,FFree,FFree,FFree,FFree,FFree,FFree,FFree,FFree,FFree,FFree,FFree,FFree,FFree,FFree,FFree,FFree,FFree,FFree,FFree,FFree,FFree,FFree,FFree,FFree,FFree,FFree,FFree,FFree,FFree,FFree,FFree,FFree,FFree,FFree,FFree,FFree,FFree,FFree,FFree,FFree,FFree,FFree,FFree,FFree,FFree,FFree,FFree,FFree,FFree,FFree,FFree,FFree,FFree
FIN 410,FFree,FFree,FFree,FFree,FFree,FFree,FFree,FFree,FFree,FFree,FFree,FFree,FFree,FFree,FFree,FFree,FFree,FFree,FFree,FFree,FFree,FFree,FFree,FFree,FFree,FFree,FFree,FFree,FFree,FFree,FFree,FFree,FFree,FFree,FFree,FFree,FFree,FFree,FFree,FFree,FFree,FFree,FFree,FFree,FFree,FFree,FFree,FFree,FFree,FFree,FFree,FFree,FFree,FFree,FFree,FFree,FFree,FFree,FFree,FFree,FFree,FFree,FFree,FFree,FFree,FFree,FFree,FFree,FFree,FFree,FFree,FFree,FFree,FFree,FFree,FFree,FFree,FFree,FFree,FFree,FFree,FFree
FIN 411,FFree,FFree,FFree,FFree,FFree,FFree,FFree,FFree,FFree,FFree,FFree,FFree,FFree,FFree,FFree,FFree,FFree,FFree,FFree,FFree,FFree,FFree,FFree,FFree,FFree,FFree,FFree,FFree,FFree,FFree,FFree,FFree,FFree,FFree,FFree,FFree,FFree,FFree,FFree,FFree,FFree,FFree,FFree,FFree,FFree,FFree,FFree,FFree,FFree,FFree,FFree,FFree,FFree,FFree,FFree,FFree,FFree,FFree,FFree,FFree,FFree,FFree,FFree,FFree,FFree,FFree,FFree,FFree,FFree,FFree,FFree,FFree,FFree,FFree,FFree,FFree,FFree,FFree,FFree,FFree,FFree,FFree
FIN 450,FFree,FFree,FFree,FFree,FFree,FFree,FFree,FFree,FFree,FFree,FFree,FFree,FFree,FFree,FFree,FFree,FFree,FFree,FFree,FFree,FFree,FFree,FFree,FFree,FFree,FFree,FFree,FFree,FFree,FFree,FFree,FFree,FFree,FFree,FFree,FFree,FFree,FFree,FFree,FFree,FFree,FFree,FFree,FFree,FFree,FFree,FFree,FFree,FFree,FFree,FFree,FFree,FFree,FFree,FFree,FFree,FFree,FFree,FFree,,,,,,,,,,,,,,,,,,,,,,,
FIN 451,FFree,FFree,FFree,FFree,FFree,FFree,FFree,FFree,FFree,FFree,FFree,FFree,FFree,FFree,FFree,FFree,FFree,FFree,FFree,FFree,FFree,FFree,FFree,FFree,FFree,FFree,FFree,FFree,FFree,FFree,FFree,FFree,FFree,FFree,FFree,FFree,FFree,FFree,FFree,FFree,FFree,FFree,FFree,FFree,FFree,FFree,FFree,FFree,FFree,FFree,FFree,FFree,FFree,FFree,FFree,FFree,FFree,FFree,FFree,,,,,,,,,,,,,,,,,,,,,,,
FIN 499,FFree,FFree,FFree,FFree,FFree,FFree,FFree,FFree,FFree,FFree,FFree,FFree,FFree,FFree,FFree,FFree,FFree,FFree,FFree,FFree,FFree,FFree,FFree,FFree,FFree,FFree,FFree,FFree,FFree,FFree,FFree,FFree,FFree,FFree,FFree,FFree,FFree,FFree,FFree,FFree,FFree,FFree,FFree,FFree,FFree,FFree,FFree,FFree,FFree,FFree,FFree,FFree,FFree,FFree,FFree,FFree,FFree,FFree,FFree,FFree,FFree,FFree,FFree,FFree,FFree,FFree,FFree,FFree,FFree,FFree,FFree,FFree,FFree,FFree,FFree,FFree,FFree,FFree,FFree,FFree,FFree,FFree
FRE 101,FFree,FFree,FFree,FFree,FFree,FFree,FFree,FFree,FFree,FFree,FFree,FFree,FFree,FFree,FFree,FFree,FFree,FFree,FFree,FFree,FFree,FFree,FFree,FFree,FFree,FFree,FFree,FFree,FFree,FFree,FFree,FFree,FFree,FFree,FFree,FFree,FFree,FFree,FFree,FFree,FFree,FFree,,,,,,,,,,,,,,,,,,,,,,,,,,,,,,,,,,,,,,,,
FRE 102,FFree,FFree,FFree,FFree,FFree,FFree,FFree,FFree,FFree,FFree,FFree,FFree,FFree,FFree,FFree,FFree,FFree,FFree,FFree,FFree,FFree,FFree,FFree,FFree,FFree,FFree,FFree,FFree,FFree,FFree,FFree,FFree,FFree,FFree,FFree,FFree,FFree,FFree,FFree,FFree,FFree,FFree,,,,,,,,,,,,,,,,,,,,,,,,,,,,,,,,,,,,,,,,
FRE 110,FFree,FFree,FFree,FFree,FFree,FFree,FFree,FFree,FFree,FFree,FFree,FFree,FFree,FFree,FFree,FFree,FFree,FFree,FFree,FFree,FFree,FFree,FFree,FFree,FFree,FFree,FFree,FFree,FFree,FFree,FFree,FFree,FFree,FFree,FFree,FFree,FFree,FFree,FFree,FFree,FFree,FFree,FFree,FFree,FFree,FFree,FFree,FFree,FFree,FFree,FFree,FFree,FFree,FFree,FFree,FFree,FFree,FFree,FFree,FFree,FFree,FFree,FFree,FFree,FFree,FFree,FFree,FFree,FFree,FFree,FFree,FFree,FFree,FFree,FFree,FFree,FFree,FFree,FFree,FFree,FFree,FFree
FRE 120,FFree,FFree,FFree,FFree,FFree,FFree,FFree,FFree,FFree,FFree,FFree,FFree,FFree,FFree,FFree,FFree,FFree,FFree,FFree,FFree,FFree,FFree,FFree,FFree,FFree,FFree,FFree,FFree,FFree,FFree,FFree,FFree,FFree,FFree,FFree,FFree,FFree,FFree,FFree,FFree,FFree,FFree,FFree,FFree,FFree,FFree,FFree,FFree,FFree,FFree,FFree,FFree,FFree,FFree,FFree,FFree,FFree,FFree,FFree,FFree,FFree,FFree,FFree,FFree,FFree,FFree,FFree,FFree,FFree,FFree,FFree,FFree,FFree,FFree,FFree,FFree,FFree,FFree,FFree,FFree,FFree,FFree
FRE 130,FFree,FFree,FFree,FFree,FFree,FFree,FFree,FFree,FFree,FFree,FFree,FFree,FFree,FFree,FFree,FFree,FFree,FFree,FFree,FFree,FFree,FFree,FFree,FFree,FFree,FFree,FFree,FFree,FFree,FFree,FFree,FFree,FFree,FFree,FFree,FFree,FFree,FFree,FFree,FFree,FFree,FFree,FFree,FFree,FFree,FFree,FFree,FFree,FFree,FFree,FFree,FFree,FFree,FFree,FFree,FFree,FFree,FFree,FFree,FFree,FFree,FFree,FFree,FFree,FFree,FFree,FFree,FFree,FFree,FFree,FFree,FFree,FFree,FFree,FFree,FFree,FFree,FFree,FFree,FFree,FFree,FFree
FRE 140,FFree,FFree,FFree,FFree,FFree,FFree,FFree,FFree,FFree,FFree,FFree,FFree,FFree,FFree,FFree,FFree,FFree,FFree,FFree,FFree,FFree,FFree,FFree,FFree,FFree,FFree,FFree,FFree,FFree,FFree,FFree,FFree,FFree,FFree,FFree,FFree,FFree,FFree,FFree,FFree,FFree,FFree,FFree,FFree,FFree,FFree,FFree,FFree,FFree,FFree,FFree,FFree,FFree,FFree,FFree,FFree,FFree,FFree,FFree,FFree,FFree,FFree,FFree,FFree,FFree,FFree,FFree,FFree,FFree,FFree,FFree,FFree,FFree,FFree,FFree,FFree,FFree,FFree,FFree,FFree,FFree,FFree
FRE 201,FFree,FFree,FFree,FFree,FFree,FFree,FFree,FFree,FFree,FFree,FFree,FFree,FFree,FFree,FFree,FFree,FFree,FFree,FFree,FFree,FFree,FFree,FFree,FFree,FFree,FFree,FFree,FFree,FFree,FFree,FFree,FFree,FFree,FFree,FFree,FFree,FFree,FFree,FFree,FFree,FFree,FFree,,,,,,,,,,,,,,,,,,,,,,,,,,,,,,,,,,,,,,,,
FRE 202,FFree,FFree,FFree,FFree,FFree,FFree,FFree,FFree,FFree,FFree,FFree,FFree,FFree,FFree,FFree,FFree,FFree,FFree,FFree,FFree,FFree,FFree,FFree,FFree,FFree,FFree,FFree,FFree,FFree,FFree,FFree,FFree,FFree,FFree,FFree,FFree,FFree,FFree,FFree,FFree,FFree,FFree,,,,,,,,,,,,,,,,,,,,,,,,,,,,,,,,,,,,,,,,
FRE 301,FFree,FFree,FFree,FFree,FFree,FFree,FFree,FFree,FFree,FFree,FFree,FFree,FFree,FFree,FFree,FFree,FFree,FFree,FFree,FFree,FFree,FFree,FFree,FFree,FFree,FFree,FFree,FFree,FFree,FFree,FFree,FFree,FFree,FFree,FFree,FFree,FFree,FFree,FFree,FFree,FFree,FFree,,,,,,,,,,,,,,,,,,,,,,,,,,,,,,,,,,,,,,,,
FRE 302,FFree,FFree,FFree,FFree,FFree,FFree,FFree,FFree,FFree,FFree,FFree,FFree,FFree,FFree,FFree,FFree,FFree,FFree,FFree,FFree,FFree,FFree,FFree,FFree,FFree,FFree,FFree,FFree,FFree,FFree,FFree,FFree,FFree,FFree,FFree,FFree,FFree,FFree,FFree,FFree,FFree,FFree,,,,,,,,,,,,,,,,,,,,,,,,,,,,,,,,,,,,,,,,
FRE 401,FFree,FFree,FFree,FFree,FFree,FFree,FFree,FFree,FFree,FFree,FFree,FFree,FFree,FFree,FFree,FFree,FFree,FFree,FFree,FFree,FFree,FFree,FFree,FFree,FFree,FFree,FFree,FFree,FFree,FFree,FFree,FFree,FFree,FFree,FFree,FFree,FFree,FFree,FFree,FFree,FFree,FFree,,,,,,,,,,,,,,,,,,,,,,,,,,,,,,,,,,,,,,,,
FRE 402,FFree,FFree,FFree,FFree,FFree,FFree,FFree,FFree,FFree,FFree,FFree,FFree,FFree,FFree,FFree,FFree,FFree,FFree,FFree,FFree,FFree,FFree,FFree,FFree,FFree,FFree,FFree,FFree,FFree,FFree,FFree,FFree,FFree,FFree,FFree,FFree,FFree,FFree,FFree,FFree,FFree,FFree,,,,,,,,,,,,,,,,,,,,,,,,,,,,,,,,,,,,,,,,
GEN 341,FFree,FFree,FFree,FFree,FFree,FFree,FFree,FFree,FFree,FFree,FFree,FFree,FFree,FFree,FFree,FFree,FFree,FFree,FFree,FFree,FFree,FFree,FFree,FFree,FFree,FFree,FFree,FFree,FFree,FFree,FFree,FFree,FFree,FFree,FFree,FFree,FFree,FFree,FFree,FFree,FFree,FFree,FFree,FFree,FFree,FFree,FFree,FFree,FFree,FFree,FFree,FFree,FFree,FFree,FFree,FFree,FFree,FFree,FFree,FFree,AArea:A,AArea:A,AArea:A,AArea:A,AArea:A,AArea:A,AArea:A,AArea:A,AArea:A,AArea:A,AArea:A,AArea:A,AArea:A,AArea:A,AArea:A,FFree:A,FFree:A,FFree:A,FFree:A,FFree:A,FFree:A,FFree:A
GEN 343,FFree,FFree,FFree,FFree,FFree,FFree,FFree,FFree,FFree,FFree,FFree,FFree,FFree,FFree,FFree,FFree,FFree,FFree,FFree,FFree,FFree,FFree,FFree,FFree,FFree,FFree,FFree,FFree,FFree,FFree,FFree,FFree,FFree,FFree,FFree,FFree,FFree,FFree,FFree,FFree,FFree,FFree,FFree,FFree,FFree,FFree,FFree,FFree,FFree,FFree,FFree,FFree,FFree,FFree,FFree,FFree,FFree,FFree,FFree,FFree,AArea,AArea,AArea,AArea,AArea,AArea,AArea,AArea,AArea,AArea,AArea,AArea,AArea,AArea,AArea,FFree,FFree,FFree,FFree,FFree,FFree,FFree
GEN 385,FFree,FFree,FFree,FFree,FFree,FFree,FFree,FFree,FFree,FFree,FFree,FFree,FFree,FFree,FFree,FFree,FFree,FFree,FFree,FFree,FFree,FFree,FFree,FFree,FFree,FFree,FFree,FFree,FFree,FFree,FFree,FFree,FFree,FFree,FFree,FFree,FFree,FFree,FFree,FFree,FFree,FFree,FFree,FFree,FFree,FFree,FFree,FFree,FFree,FFree,FFree,FFree,FFree,FFree,FFree,FFree,FFree,FFree,FFree,FFree,FFree,FFree,FFree,FFree,FFree,FFree,FFree,FFree,FFree,FFree,FFree,FFree,FFree,FFree,FFree,FFree,FFree,FFree,FFree,FFree,FFree,FFree
GEN 399,FFree,FFree,FFree,FFree,FFree,FFree,FFree,FFree,FFree,FFree,FFree,FFree,FFree,FFree,FFree,FFree,FFree,FFree,FFree,FFree,FFree,FFree,FFree,FFree,FFree,FFree,FFree,FFree,FFree,FFree,FFree,FFree,FFree,FFree,FFree,FFree,FFree,FFree,FFree,FFree,FFree,FFree,FFree,FFree,FFree,FFree,FFree,FFree,FFree,FFree,FFree,FFree,FFree,FFree,FFree,FFree,FFree,FFree,FFree,FFree,FFree,FFree,FFree,FFree,FFree,FFree,FFree,FFree,FFree,FFree,FFree,FFree,FFree,FFree,FFree,FFree,FFree,FFree,FFree,FFree,FFree,FFree
GEN 410,FFree,FFree,FFree,FFree,FFree,FFree,FFree,FFree,FFree,FFree,FFree,FFree,FFree,FFree,FFree,FFree,FFree,FFree,FFree,FFree,FFree,FFree,FFree,FFree,FFree,FFree,FFree,FFree,FFree,FFree,FFree,FFree,FFree,FFree,FFree,FFree,FFree,FFree,FFree,FFree,FFree,FFree,FFree,FFree,FFree,FFree,FFree,FFree,FFree,FFree,FFree,FFree,FFree,FFree,FFree,FFree,FFree,FFree,FFree,FFree,AArea,AArea,AArea,AArea,AArea,AArea,AArea,AArea,AArea,AArea,AArea,AArea,AArea,AArea,AArea,FFree,FFree,FFree,FFree,FFree,FFree,FFree
GEN 441,FFree,FFree,FFree,FFree,FFree,FFree,FFree,FFree,FFree,FFree,FFree,FFree,FFree,FFree,FFree,FFree,FFree,FFree,FFree,FFree,FFree,FFree,FFree,FFree,FFree,FFree,FFree,FFree,FFree,FFree,FFree,FFree,FFree,FFree,FFree,FFree,FFree,FFree,FFree,FFree,FFree,FFree,FFree,FFree,FFree,FFree,FFree,FFree,FFree,FFree,FFree,FFree,FFree,FFree,FFree,FFree,FFree,FFree,FFree,FFree,AArea,AArea,AArea,AArea,AArea,AArea,AArea,,,,,,,,,,,,,,,
GEN 442,FFree,FFree,FFree,FFree,FFree,FFree,FFree,FFree,FFree,FFree,FFree,FFree,FFree,FFree,FFree,FFree,FFree,FFree,FFree,FFree,FFree,FFree,FFree,FFree,FFree,FFree,FFree,FFree,FFree,FFree,FFree,FFree,FFree,FFree,FFree,FFree,FFree,FFree,FFree,FFree,FFree,FFree,FFree,FFree,FFree,FFree,FFree,FFree,FFree,FFree,FFree,FFree,FFree,FFree,FFree,FFree,FFree,FFree,FFree,FFree,AArea,AArea,AArea,AArea,AArea,AArea,AArea,AArea,AArea,AArea,AArea,AArea,AArea,AArea,AArea,FFree,FFree,FFree,FFree,FFree,FFree,FFree
GEN 444,FFree,FFree,FFree,FFree,FFree,FFree,FFree,FFree,FFree,FFree,FFree,FFree,FFree,FFree,FFree,FFree,FFree,FFree,FFree,FFree,FFree,FFree,FFree,FFree,FFree,FFree,FFree,FFree,FFree,FFree,FFree,FFree,FFree,FFree,FFree,FFree,FFree,FFree,FFree,FFree,FFree,FFree,FFree,FFree,FFree,FFree,FFree,FFree,FFree,FFree,FFree,FFree,FFree,FFree,FFree,FFree,FFree,FFree,FFree,FFree,AArea,AArea,AArea,AArea,AArea,AArea,AArea,AArea,AArea,AArea,AArea,AArea,AArea,AArea,AArea,FFree,FFree,FFree,FFree,FFree,FFree,FFree
GEN 480,FFree,FFree,FFree,FFree,FFree,FFree,FFree,FFree,FFree,FFree,FFree,FFree,FFree,FFree,FFree,FFree,FFree,FFree,FFree,FFree,FFree,FFree,FFree,FFree,FFree,FFree,FFree,FFree,FFree,FFree,FFree,FFree,FFree,FFree,FFree,FFree,FFree,FFree,FFree,FFree,FFree,FFree,FFree,FFree,FFree,FFree,FFree,FFree,FFree,FFree,FFree,FFree,FFree,FFree,FFree,FFree,FFree,FFree,FFree,FFree,AArea,AArea,AArea,AArea,AArea,AArea,AArea,AArea,AArea,AArea,AArea,AArea,AArea,AArea,AArea,FFree,FFree,FFree,FFree,FFree,FFree,FFree
GER 101,FFree,FFree,FFree,FFree,FFree,FFree,FFree,FFree,FFree,FFree,FFree,FFree,FFree,FFree,FFree,FFree,FFree,FFree,FFree,FFree,FFree,FFree,FFree,FFree,FFree,FFree,FFree,FFree,FFree,FFree,FFree,FFree,FFree,FFree,FFree,FFree,FFree,FFree,FFree,FFree,FFree,FFree,,,,,,,,,,,,,,,,,,,,,,,,,,,,,,,,,,,,,,,,
GER 102,FFree,FFree,FFree,FFree,FFree,FFree,FFree,FFree,FFree,FFree,FFree,FFree,FFree,FFree,FFree,FFree,FFree,FFree,FFree,FFree,FFree,FFree,FFree,FFree,FFree,FFree,FFree,FFree,FFree,FFree,FFree,FFree,FFree,FFree,FFree,FFree,FFree,FFree,FFree,FFree,FFree,FFree,,,,,,,,,,,,,,,,,,,,,,,,,,,,,,,,,,,,,,,,
GER 110,FFree,FFree,FFree,FFree,FFree,FFree,FFree,FFree,FFree,FFree,FFree,FFree,FFree,FFree,FFree,FFree,FFree,FFree,FFree,FFree,FFree,FFree,FFree,FFree,FFree,FFree,FFree,FFree,FFree,FFree,FFree,FFree,FFree,FFree,FFree,FFree,FFree,FFree,FFree,FFree,FFree,FFree,FFree,FFree,FFree,FFree,FFree,FFree,FFree,FFree,FFree,FFree,FFree,FFree,FFree,FFree,FFree,FFree,FFree,FFree,FFree,FFree,FFree,FFree,FFree,FFree,FFree,FFree,FFree,FFree,FFree,FFree,FFree,FFree,FFree,FFree,FFree,FFree,FFree,FFree,FFree,FFree
GER 120,FFree,FFree,FFree,FFree,FFree,FFree,FFree,FFree,FFree,FFree,FFree,FFree,FFree,FFree,FFree,FFree,FFree,FFree,FFree,FFree,FFree,FFree,FFree,FFree,FFree,FFree,FFree,FFree,FFree,FFree,FFree,FFree,FFree,FFree,FFree,FFree,FFree,FFree,FFree,FFree,FFree,FFree,FFree,FFree,FFree,FFree,FFree,FFree,FFree,FFree,FFree,FFree,FFree,FFree,FFree,FFree,FFree,FFree,FFree,FFree,FFree,FFree,FFree,FFree,FFree,FFree,FFree,FFree,FFree,FFree,FFree,FFree,FFree,FFree,FFree,FFree,FFree,FFree,FFree,FFree,FFree,FFree
GER 130,FFree,FFree,FFree,FFree,FFree,FFree,FFree,FFree,FFree,FFree,FFree,FFree,FFree,FFree,FFree,FFree,FFree,FFree,FFree,FFree,FFree,FFree,FFree,FFree,FFree,FFree,FFree,FFree,FFree,FFree,FFree,FFree,FFree,FFree,FFree,FFree,FFree,FFree,FFree,FFree,FFree,FFree,FFree,FFree,FFree,FFree,FFree,FFree,FFree,FFree,FFree,FFree,FFree,FFree,FFree,FFree,FFree,FFree,FFree,FFree,FFree,FFree,FFree,FFree,FFree,FFree,FFree,FFree,FFree,FFree,FFree,FFree,FFree,FFree,FFree,FFree,FFree,FFree,FFree,FFree,FFree,FFree
GER 140,FFree,FFree,FFree,FFree,FFree,FFree,FFree,FFree,FFree,FFree,FFree,FFree,FFree,FFree,FFree,FFree,FFree,FFree,FFree,FFree,FFree,FFree,FFree,FFree,FFree,FFree,FFree,FFree,FFree,FFree,FFree,FFree,FFree,FFree,FFree,FFree,FFree,FFree,FFree,FFree,FFree,FFree,FFree,FFree,FFree,FFree,FFree,FFree,FFree,FFree,FFree,FFree,FFree,FFree,FFree,FFree,FFree,FFree,FFree,FFree,FFree,FFree,FFree,FFree,FFree,FFree,FFree,FFree,FFree,FFree,FFree,FFree,FFree,FFree,FFree,FFree,FFree,FFree,FFree,FFree,FFree,FFree
GER 150,FFree,FFree,FFree,FFree,FFree,FFree,FFree,FFree,FFree,FFree,FFree,FFree,FFree,FFree,FFree,FFree,FFree,FFree,FFree,FFree,FFree,FFree,FFree,FFree,FFree,FFree,FFree,FFree,FFree,FFree,FFree,FFree,FFree,FFree,FFree,FFree,FFree,FFree,FFree,FFree,FFree,FFree,FFree,FFree,,,,,,,,,,,,,,,,,,,,,,,,,,,,,,,,,,,,,,
GER 201,FFree,FFree,FFree,FFree,FFree,FFree,FFree,FFree,FFree,FFree,FFree,FFree,FFree,FFree,FFree,FFree,FFree,FFree,FFree,FFree,FFree,FFree,FFree,FFree,FFree,FFree,FFree,FFree,FFree,FFree,FFree,FFree,FFree,FFree,FFree,FFree,FFree,FFree,FFree,FFree,FFree,FFree,,,,,,,,,,,,,,,,,,,,,,,,,,,,,,,,,,,,,,,,
GER 202,FFree,FFree,FFree,FFree,FFree,FFree,FFree,FFree,FFree,FFree,FFree,FFree,FFree,FFree,FFree,FFree,FFree,FFree,FFree,FFree,FFree,FFree,FFree,FFree,FFree,FFree,FFree,FFree,FFree,FFree,FFree,FFree,FFree,FFree,FFree,FFree,FFree,FFree,FFree,FFree,FFree,FFree,,,,,,,,,,,,,,,,,,,,,,,,,,,,,,,,,,,,,,,,
GER 301,FFree,FFree,FFree,FFree,FFree,FFree,FFree,FFree,FFree,FFree,FFree,FFree,FFree,FFree,FFree,FFree,FFree,FFree,FFree,FFree,FFree,FFree,FFree,FFree,FFree,FFree,FFree,FFree,FFree,FFree,FFree,FFree,FFree,FFree,FFree,FFree,FFree,FFree,FFree,FFree,FFree,FFree,,,,,,,,,,,,,,,,,,,,,,,,,,,,,,,,,,,,,,,,
GER 302,FFree,FFree,FFree,FFree,FFree,FFree,FFree,FFree,FFree,FFree,FFree,FFree,FFree,FFree,FFree,FFree,FFree,FFree,FFree,FFree,FFree,FFree,FFree,FFree,FFree,FFree,FFree,FFree,FFree,FFree,FFree,FFree,FFree,FFree,FFree,FFree,FFree,FFree,FFree,FFree,FFree,FFree,,,,,,,,,,,,,,,,,,,,,,,,,,,,,,,,,,,,,,,,
GER 401,FFree,FFree,FFree,FFree,FFree,FFree,FFree,FFree,FFree,FFree,FFree,FFree,FFree,FFree,FFree,FFree,FFree,FFree,FFree,FFree,FFree,FFree,FFree,FFree,FFree,FFree,FFree,FFree,FFree,FFree,FFree,FFree,FFree,FFree,FFree,FFree,FFree,FFree,FFree,FFree,FFree,FFree,,,,,,,,,,,,,,,,,,,,,,,,,,,,,,,,,,,,,,,,
GER 402,FFree,FFree,FFree,FFree,FFree,FFree,FFree,FFree,FFree,FFree,FFree,FFree,FFree,FFree,FFree,FFree,FFree,FFree,FFree,FFree,FFree,FFree,FFree,FFree,FFree,FFree,FFree,FFree,FFree,FFree,FFree,FFree,FFree,FFree,FFree,FFree,FFree,FFree,FFree,FFree,FFree,FFree,,,,,,,,,,,,,,,,,,,,,,,,,,,,,,,,,,,,,,,,
GER 403,FFree,FFree,FFree,FFree,FFree,FFree,FFree,FFree,FFree,FFree,FFree,FFree,FFree,FFree,FFree,FFree,FFree,FFree,FFree,FFree,FFree,FFree,FFree,FFree,FFree,FFree,FFree,FFree,FFree,FFree,FFree,FFree,FFree,FFree,FFree,FFree,FFree,FFree,FFree,FFree,FFree,FFree,,,,,,,,,,,,,,,,,,,,,,,,,,,,,,,,,,,,,,,,
GREK 101,FFree,FFree,FFree,FFree,FFree,FFree,FFree,FFree,FFree,FFree,FFree,FFree,FFree,FFree,FFree,FFree,FFree,FFree,FFree,FFree,FFree,FFree,FFree,FFree,FFree,FFree,FFree,FFree,FFree,FFree,FFree,FFree,FFree,FFree,FFree,FFree,FFree,FFree,FFree,FFree,FFree,FFree,,,,,,,,,,,,,,,,,,,,,,,,,,,,,,,,,,,,,,,,
GREK 102,FFree,FFree,FFree,FFree,FFree,FFree,FFree,FFree,FFree,FFree,FFree,FFree,FFree,FFree,FFree,FFree,FFree,FFree,FFree,FFree,FFree,FFree,FFree,FFree,FFree,FFree,FFree,FFree,FFree,FFree,FFree,FFree,FFree,FFree,FFree,FFree,FFree,FFree,FFree,FFree,FFree,FFree,,,,,,,,,,,,,,,,,,,,,,,,,,,,,,,,,,,,,,,,
GREK 110,FFree,FFree,FFree,FFree,FFree,FFree,FFree,FFree,FFree,FFree,FFree,FFree,FFree,FFree,FFree,FFree,FFree,FFree,FFree,FFree,FFree,FFree,FFree,FFree,FFree,FFree,FFree,FFree,FFree,FFree,FFree,FFree,FFree,FFree,FFree,FFree,FFree,FFree,FFree,FFree,FFree,FFree,FFree,FFree,FFree,,,,,,,,,,,,,,,,,,,,,,,,,,,,,,,,,,,,,
HIST 205,FFree,FFree,FFree,FFree,FFree,FFree,FFree,FFree,FFree,FFree,FFree,FFree,FFree,FFree,FFree,FFree,FFree,FFree,FFree,FFree,FFree,FFree,FFree,FFree,FFree,FFree,FFree,FFree,FFree,FFree,FFree:A,FFree:A,FFree:A,FFree:A,FFree:A,FFree:A,FFree:A,FFree:A,FFree:A,FFree:A,FFree:A,FFree:A,FFree:A,FFree:A,FFree:A,FFree:A,FFree:A,FFree:A,FFree:A,FFree:A,FFree:A,FFree:A,FFree:A,FFree:A,FFree:A,FFree:A,FFree:A,FFree:A,FFree:A,FFree:A,FFree:A,FFree:A,FFree:A,FFree:A,FFree:A,FFree:A,FFree:A,FFree:A,FFree:A,FFree:A,FFree:A,FFree:A,FFree:A,FFree:A,FFree:A,,,,,,,
HIST 221,FFree:A,FFree:A,FFree:A,FFree:A,FFree:A,FFree:A,FFree:A,FFree:A,FFree:A,FFree:A,FFree:A,FFree:A,FFree:A,FFree:A,FFree:A,FFree:A,FFree:A,FFree:A,FFree:A,FFree:A,FFree:A,FFree:A,FFree:A,FFree:A,FFree,FFree,FFree,FFree,FFree,FFree,FFree,FFree,FFree,FFree,FFree,FFree,FFree,FFree,FFree,FFree,FFree,FFree,FFree,FFree,FFree,FFree,FFree,FFree,FFree,FFree,FFree,FFree,FFree,FFree,FFree,FFree,FFree,FFree,FFree,FFree,FFree,FFree,FFree,FFree,FFree,FFree,FFree,FFree,FFree,FFree,,,,,,,,,,,,
HIST 223,FFree:A,FFree:A,FFree:A,FFree:A,FFree:A,FFree:A,FFree:A,FFree:A,FFree:A,FFree:A,FFree:A,FFree:A,FFree:A,FFree:A,FFree:A,FFree:A,FFree:A,FFree:A,FFree:A,FFree:A,FFree:A,FFree:A,FFree:A,FFree:A,FFree,FFree,FFree,FFree,FFree,FFree,FFree,FFree,FFree,FFree,FFree,FFree,FFree,FFree,FFree,FFree,FFree,FFree,FFree,FFree,FFree,FFree,FFree,FFree,FFree,FFree,FFree,FFree,FFree,FFree,FFree,FFree,FFree,FFree,FFree,FFree,FFree,FFree,FFree,FFree,FFree,FFree,FFree,FFree,FFree,FFree,,,,,,,,,,,,
HIST 227,FFree:A,FFree:A,FFree:A,FFree:A,FFree:A,FFree:A,FFree:A,FFree:A,FFree:A,FFree:A,FFree:A,FFree:A,FFree:A,FFree:A,FFree:A,FFree:A,FFree:A,FFree:A,FFree:A,FFree:A,FFree:A,FFree:A,FFree:A,FFree:A,FFree:A,FFree:A,FFree:A,FFree:A,FFree:A,FFree:A,FFree,FFree,FFree,FFree,FFree,FFree,FFree,FFree,FFree,FFree,FFree,FFree,FFree,FFree,FFree,FFree,FFree,FFree,FFree,FFree,FFree,FFree,FFree,FFree,FFree,FFree,FFree,FFree,FFree,FFree,FFree,FFree,FFree,FFree,FFree,FFree,FFree,FFree,FFree,FFree,,,,,,,,,,,,
HIST 233,FFree,FFree,FFree,FFree,FFree,FFree,FFree,FFree,FFree,FFree,FFree,FFree,FFree,FFree,FFree,FFree,FFree,FFree,FFree,FFree,FFree,FFree,FFree,FFree,FFree,FFree,FFree,FFree,FFree,FFree,FFree,FFree,FFree,FFree,FFree,FFree,FFree,FFree,FFree,FFree,FFree,FFree,FFree,FFree,FFree,FFree,FFree,FFree,FFree,FFree,FFree,FFree,FFree,FFree,FFree,FFree,FFree,FFree,FFree,FFree,FFree,FFree,FFree,FFree,FFree,FFree,FFree,FFree,FFree,FFree,FFree,FFree,FFree,FFree,FFree,FFree,FFree,FFree,FFree,FFree,FFree,FFree
HIST 242,FFree:A,FFree:A,FFree:A,FFree:A,FFree:A,FFree:A,FFree:A,FFree:A,FFree:A,FFree:A,FFree:A,FFree:A,FFree:A,FFree:A,FFree:A,FFree:A,FFree:A,FFree:A,FFree:A,FFree:A,FFree:A,FFree:A,FFree:A,FFree:A,FFree,FFree,FFree,FFree,FFree,FFree,FFree,FFree,FFree,FFree,FFree,FFree,FFree,FFree,FFree,FFree,FFree,FFree,FFree,FFree,FFree,FFree,FFree,FFree,FFree,FFree,FFree,FFree,FFree,FFree,FFree,FFree,FFree,FFree,FFree,FFree,FFree,FFree,FFree,FFree,FFree,FFree,FFree,FFree,FFree,FFree,,,,,,,,,,,,
HIST 245,FFree,FFree,FFree,FFree,FFree,FFree,FFree,FFree,FFree,FFree,FFree,FFree,FFree,FFree,FFree,FFree,FFree,FFree,FFree,FFree,FFree,FFree,FFree,FFree,FFree,FFree,FFree,FFree,FFree,FFree,FFree:A,FFree:A,FFree:A,FFree:A,FFree:A,FFree:A,FFree:A,FFree:A,FFree:A,FFree:A,FFree:A,FFree:A,FFree:A,FFree:A,FFree:A,FFree:A,FFree:A,FFree:A,FFree:A,FFree:A,FFree:A,FFree:A,FFree:A,FFree:A,FFree:A,FFree:A,FFree:A,FFree:A,FFree:A,FFree:A,FFree:A,FFree:A,FFree:A,FFree:A,FFree:A,FFree:A,FFree:A,FFree:A,FFree:A,FFree:A,,,,,,,,,,,,
HIST 285,FFree:A,FFree:A,FFree:A,FFree:A,FFree:A,FFree:A,FFree:A,FFree:A,FFree:A,FFree:A,FFree:A,FFree:A,FFree:A,FFree:A,FFree:A,FFree:A,FFree:A,FFree:A,FFree:A,FFree:A,FFree:A,FFree:A,FFree:A,FFree:A,FFree,FFree,FFree,FFree,FFree,FFree,FFree,FFree,FFree,FFree,FFree,FFree,FFree,FFree,FFree,FFree,FFree,FFree,FFree,FFree,FFree,FFree,FFree,FFree,FFree,FFree,FFree,FFree,FFree,FFree,FFree,FFree,FFree,FFree,FFree,FFree,FFree,FFree,FFree,FFree,FFree,FFree,FFree,FFree,FFree,FFree,,,,,,,,,,,,
HIST 311,FFree,FFree,FFree,FFree,FFree,FFree,FFree,FFree,FFree,FFree,FFree,FFree,FFree,FFree,FFree,FFree,FFree,FFree,FFree,FFree,FFree,FFree,FFree,,,,,,,,,,,,,,,,,,,,,,,,,,,,,,,,,,,,,,,,,,,,,,,,,,,,,,,,,,,
HIST 315,FFree,FFree,FFree,FFree,FFree,FFree,FFree,FFree,FFree,FFree,FFree,FFree,FFree,FFree,FFree,FFree,FFree,FFree,FFree,FFree,FFree,FFree,FFree,FFree,FFree,FFree,FFree,FFree,FFree,FFree,FFree,FFree,FFree,FFree,FFree,FFree,FFree,FFree,FFree,FFree,FFree,FFree,FFree,FFree,FFree,FFree,FFree,FFree,FFree,FFree,FFree,FFree,FFree,FFree,FFree,FFree,FFree,FFree,FFree,FFree,FFree,FFree,FFree,FFree,FFree,FFree,FFree,FFree,FFree,,,,,,,,,,,,,
HIST 316,FFree,FFree,FFree,FFree,FFree,FFree,FFree,FFree,FFree,FFree,FFree,FFree,FFree,FFree,FFree,FFree,FFree,FFree,FFree,FFree,FFree,FFree,FFree,FFree,FFree,FFree,FFree,FFree,FFree,FFree,FFree,FFree,FFree,FFree,FFree,FFree,FFree,FFree,FFree,FFree,FFree,FFree,FFree,FFree,FFree,FFree,FFree,FFree,FFree,FFree,FFree,,,,,,,,,,,,,,,,,,,,,,,,,,,,,,,
HIST 323,FFree,FFree,FFree,FFree,FFree,FFree,FFree,FFree,FFree,FFree,FFree,FFree,FFree,FFree,FFree,FFree,FFree,FFree,FFree,FFree,FFree,FFree,FFree,FFree,FFree,FFree,FFree,FFree,FFree,FFree,FFree,FFree,FFree,FFree,FFree,FFree,FFree,FFree,FFree,FFree,FFree,FFree,FFree,FFree,FFree,FFree,FFree,FFree,FFree,FFree,FFree,FFree,FFree,FFree,FFree,FFree,FFree,FFree,FFree,FFree,FFree,FFree,FFree,FFree,FFree,FFree,FFree,FFree,FFree,FFree,,,,,,,,,,,,
HIST 324,FFree,FFree,FFree,FFree,FFree,FFree,FFree,FFree,FFree,FFree,FFree,FFree,FFree,FFree,FFree,FFree,FFree,FFree,FFree,FFree,FFree,FFree,FFree,FFree,FFree,FFree,FFree,FFree,FFree,FFree,FFree,FFree,FFree,FFree,FFree,FFree,FFree,FFree,FFree,FFree,FFree,FFree,FFree,FFree,FFree,FFree,FFree,FFree,FFree,FFree,FFree,FFree,FFree,FFree,FFree,FFree,FFree,FFree,FFree,FFree,FFree,FFree,FFree,FFree,FFree,FFree,FFree,FFree,FFree,FFree,,,,,,,,,,,,
HIST 326,FFree,FFree,FFree,FFree,FFree,FFree,FFree,FFree,FFree,FFree,FFree,FFree,FFree,FFree,FFree,FFree,FFree,FFree,FFree,FFree,FFree,FFree,FFree,FFree,FFree,FFree,FFree,FFree,FFree,FFree,FFree,FFree,FFree,FFree,FFree,FFree,FFree,FFree,FFree,FFree,FFree,FFree,FFree,FFree,FFree,FFree,FFree,FFree,FFree,FFree,FFree,FFree,FFree,FFree,FFree,FFree,FFree,FFree,FFree,FFree,FFree,FFree,FFree,FFree,FFree,FFree,FFree,FFree,FFree,FFree,,,,,,,,,,,,
HIST 331,FFree,FFree,FFree,FFree,FFree,FFree,FFree,FFree,FFree,FFree,FFree,FFree,FFree,FFree,FFree,FFree,FFree,FFree,FFree,FFree,FFree,FFree,FFree,FFree,FFree,FFree,FFree,FFree,FFree,FFree,FFree,FFree,FFree,FFree,FFree,FFree,FFree,FFree,FFree,FFree,FFree,FFree,FFree,FFree,FFree,FFree,FFree,FFree,FFree,FFree,FFree,FFree,FFree,FFree,FFree,FFree,FFree,FFree,FFree,FFree,FFree,FFree,FFree,FFree,FFree,FFree,FFree,FFree,FFree,,,,,,,,,,,,,
HIST 332,FFree,FFree,FFree,FFree,FFree,FFree,FFree,FFree,FFree,FFree,FFree,FFree,FFree,FFree,FFree,FFree,FFree,FFree,FFree,FFree,FFree,FFree,FFree,FFree,FFree,FFree,FFree,FFree,FFree,FFree,FFree,FFree,FFree,FFree,FFree,FFree,FFree,FFree,FFree,FFree,FFree,FFree,FFree,FFree,FFree,FFree,FFree,FFree,FFree,FFree,FFree,FFree,FFree,FFree,FFree,FFree,FFree,FFree,FFree,FFree,FFree,FFree,FFree,,,,,,,,,,,,,,,,,,,
HIST 335,FFree,FFree,FFree,FFree,FFree,FFree,FFree,FFree,FFree,FFree,FFree,FFree,FFree,FFree,FFree,FFree,FFree,FFree,FFree,FFree,FFree,FFree,FFree,FFree,FFree,FFree,FFree,FFree,FFree,FFree,FFree,FFree,FFree,FFree,FFree,FFree,FFree,FFree,FFree,FFree,FFree,FFree,FFree,FFree,FFree,FFree,FFree,FFree,FFree,FFree,FFree,FFree,FFree,FFree,FFree,FFree,FFree,FFree,FFree,FFree,FFree,FFree,FFree,FFree,FFree,FFree,FFree,FFree,FFree,FFree,FFree,FFree,FFree,FFree,FFree,FFree,FFree,FFree,FFree,FFree,FFree,FFree
HIST 336,FFree,FFree,FFree,FFree,FFree,FFree,FFree,FFree,FFree,FFree,FFree,FFree,FFree,FFree,FFree,FFree,FFree,FFree,FFree,FFree,FFree,FFree,FFree,FFree,FFree,FFree,FFree,FFree,FFree,FFree,FFree,FFree,FFree,FFree,FFree,FFree,FFree,FFree,FFree,FFree,FFree,FFree,FFree,FFree,FFree,FFree,FFree,FFree,FFree,FFree,FFree,FFree,FFree,FFree,FFree,FFree,FFree,FFree,FFree,FFree,FFree,FFree,FFree,FFree,FFree,FFree,,,,,,,,,,,,,,,,
HIST 341,FFree,FFree,FFree,FFree,FFree,FFree,FFree,FFree,FFree,FFree,FFree,FFree,FFree,FFree,FFree,FFree,FFree,FFree,FFree,FFree,FFree,FFree,FFree,FFree,FFree,FFree,FFree,FFree,FFree,FFree,FFree,FFree,FFree,FFree,FFree,FFree,FFree,FFree,FFree,FFree,FFree,FFree,FFree,FFree,FFree,FFree,FFree,FFree,FFree,FFree,FFree,FFree,FFree,FFree,FFree,FFree,FFree,FFree,FFree,FFree,FFree,FFree,FFree,FFree,FFree,FFree,FFree,FFree,FFree,FFree,,,,,,,,,,,,
HIST 345,FFree,FFree,FFree,FFree,FFree,FFree,FFree,FFree,FFree,FFree,FFree,FFree,FFree,FFree,FFree,FFree,FFree,FFree,FFree,FFree,FFree,FFree,FFree,FFree,FFree,FFree,FFree,FFree,FFree,FFree,FFree,FFree,FFree,FFree,FFree,FFree,FFree,,,,,,,,,,,,,,,,,,,,,,,,,,,,,,,,,,,,,,,,,,,,,
HIST 348,FFree,FFree,FFree,FFree,FFree,FFree,FFree,FFree,FFree,FFree,FFree,FFree,FFree,FFree,FFree,FFree,FFree,FFree,FFree,FFree,FFree,FFree,FFree,FFree,FFree,FFree,FFree,FFree,FFree,FFree,FFree,FFree,FFree,FFree,FFree,FFree,FFree,FFree,FFree,,,,,,,,,,,,,,,,,,,,,,,,,,,,,,,,,,,,,,,,,,,
HIST 349,FFree,FFree,FFree,FFree,FFree,FFree,FFree,FFree,FFree,FFree,FFree,FFree,FFree,FFree,FFree,FFree,FFree,FFree,FFree,FFree,FFree,FFree,FFree,FFree,FFree,FFree,FFree,FFree,FFree,FFree,FFree:A,FFree:A,FFree:A,FFree:A,FFree:A,FFree:A,FFree:A,FFree:A,FFree:A,FFree:A,FFree:A,FFree:A,FFree:A,FFree:A,FFree:A,FFree:A,FFree:A,FFree:A,FFree:A,FFree:A,FFree:A,FFree:A,FFree:A,FFree:A,FFree:A,FFree:A,FFree:A,FFree:A,FFree:A,FFree:A,FFree:A,FFree:A,FFree:A,FFree:A,FFree:A,FFree:A,FFree:A,FFree:A,FFree:A,FFree:A,FFree:A,FFree:A,FFree:A,FFree:A,FFree:A,FFree:A,FFree:A,FFree:A,FFree:A,FFree:A,FFree:A,FFree:A
HIST 363,FFree,FFree,FFree,FFree,FFree,FFree,FFree,FFree,FFree,FFree,FFree,FFree,FFree,FFree,FFree,FFree,FFree,FFree,FFree,FFree,FFree,FFree,FFree,FFree,,,,,,,,,,,,,,,,,,,,,,,,,,,,,,,,,,,,,,,,,,,,,,,,,,,,,,,,,,
HIST 370,FFree,FFree,FFree,FFree,FFree,FFree,FFree,FFree,FFree,FFree,FFree,FFree,FFree,FFree,FFree,FFree,FFree,FFree,FFree,FFree,FFree,FFree,FFree,FFree,FFree,FFree,FFree,FFree,FFree,FFree,FFree,FFree,FFree,FFree,FFree,FFree,FFree,FFree,FFree,FFree,FFree,FFree,FFree,FFree,FFree,FFree,FFree,FFree,FFree,FFree,FFree,FFree,FFree,FFree,FFree,FFree,FFree,FFree,FFree,FFree,FFree,FFree,FFree,FFree,FFree,FFree,FFree,FFree,FFree,FFree,,,,,,,,,,,,
HIST 371,FFree,FFree,FFree,FFree,FFree,FFree,FFree,FFree,FFree,FFree,FFree,FFree,FFree,FFree,FFree,FFree,FFree,FFree,FFree,FFree,FFree,FFree,FFree,FFree,FFree,FFree,FFree,FFree,FFree,FFree,FFree,FFree,FFree,FFree,FFree,FFree,FFree,FFree,FFree,FFree,FFree,FFree,FFree,FFree,FFree,FFree,FFree,FFree,FFree,FFree,FFree,FFree,FFree,FFree,FFree,FFree,FFree,FFree,FFree,FFree,FFree,FFree,FFree,FFree,FFree,FFree,FFree,FFree,FFree,FFree,FFree,FFree,FFree,FFree,FFree,FFree,FFree,FFree,FFree,FFree,FFree,FFree
HIST 385,FFree,FFree,FFree,FFree,FFree,FFree,FFree,FFree,FFree,FFree,FFree,FFree,FFree,FFree,FFree,FFree,FFree,FFree,FFree,FFree,FFree,FFree,FFree,FFree,FFree,FFree,FFree,FFree,FFree,FFree,FFree,FFree,FFree,FFree,FFree,FFree,FFree,FFree,FFree,FFree,FFree,FFree,FFree,FFree,FFree,FFree,FFree,FFree,FFree,FFree,FFree,FFree,FFree,FFree,FFree,FFree,FFree,FFree,FFree,FFree,FFree,FFree,FFree,FFree,FFree,FFree,FFree,FFree,FFree,FFree,,,,,,,,,,,,
HIST 397,FFree,FFree,FFree,FFree,FFree,FFree,FFree,FFree,FFree,FFree,FFree,FFree,FFree,FFree,FFree,FFree,FFree,FFree,FFree,FFree,FFree,FFree,FFree,FFree,FFree,FFree,FFree,FFree,FFree,FFree,FFree,FFree,FFree,FFree,FFree,FFree,FFree,FFree,FFree,FFree,FFree,FFree,FFree,FFree,FFree,FFree,FFree,FFree,FFree,FFree,FFree,FFree,FFree,FFree,FFree,FFree,FFree,FFree,FFree,FFree,FFree,FFree,FFree,FFree,FFree,FFree,FFree,FFree,FFree,FFree,,,,,,,,,,,,
HIST 405,FFree,FFree,FFree,FFree,FFree,FFree,FFree,FFree,FFree,FFree,FFree,FFree,FFree,FFree,FFree,FFree,FFree,FFree,FFree,FFree,FFree,FFree,FFree,FFree,FFree,FFree,FFree,FFree,FFree,FFree,FFree,FFree,FFree,FFree,FFree,FFree,FFree,,,,,,,,,,,,,,,,,,,,,,,,,,,,,,,,,,,,,,,,,,,,,
HIST 406,FFree,FFree,FFree,FFree,FFree,FFree,FFree,FFree,FFree,FFree,FFree,FFree,FFree,FFree,FFree,FFree,FFree,FFree,FFree,FFree,FFree,FFree,FFree,FFree,FFree,FFree,FFree,FFree,FFree,FFree,FFree,FFree,FFree,FFree,FFree,FFree,FFree,FFree,FFree,FFree,FFree,FFree,FFree,FFree,FFree,FFree,FFree,FFree,FFree,FFree,FFree,FFree,FFree,FFree,FFree,FFree,FFree,FFree,FFree,FFree,FFree,FFree,FFree,FFree,FFree,FFree,FFree,FFree,FFree,FFree,,,,,,,,,,,,
HIST 415,FFree,FFree,FFree,FFree,FFree,FFree,FFree,FFree,FFree,FFree,FFree,FFree,FFree,FFree,FFree,FFree,FFree,FFree,FFree,FFree,FFree,FFree,FFree,FFree,FFree,FFree,FFree,FFree,FFree,FFree,FFree,FFree,FFree,FFree,FFree,FFree,FFree,FFree,FFree,FFree,FFree,FFree,FFree,FFree,FFree,FFree,FFree,FFree,FFree,FFree,FFree,FFree,FFree,FFree,FFree,FFree,FFree,FFree,FFree,FFree,FFree,FFree,FFree,FFree,FFree,FFree,FFree,FFree,FFree,FFree,,,,,,,,,,,,
HIST 423,FFree,FFree,FFree,FFree,FFree,FFree,FFree,FFree,FFree,FFree,FFree,FFree,FFree,FFree,FFree,FFree,FFree,FFree,FFree,FFree,FFree,FFree,FFree,FFree,FFree,FFree,FFree,FFree,FFree,FFree,FFree,FFree,FFree,FFree,FFree,FFree,FFree,FFree,FFree,FFree,FFree,FFree,FFree,FFree,FFree,FFree,FFree,FFree,FFree,FFree,FFree,FFree,FFree,FFree,FFree,FFree,FFree,FFree,FFree,FFree,FFree,FFree,FFree,FFree,FFree,FFree,FFree,FFree,FFree,FFree,,,,,,,,,,,,
HIST 424,FFree,FFree,FFree,FFree,FFree,FFree,FFree,FFree,FFree,FFree,FFree,FFree,FFree,FFree,FFree,FFree,FFree,FFree,FFree,FFree,FFree,FFree,FFree,FFree,FFree,FFree,FFree,,,,,,,,,,,,,,,,,,,,,,,,,,,,,,,,,,,,,,,,,,,,,,,,,,,,,,,
HIST 425,FFree,FFree,FFree,FFree,FFree,FFree,FFree,FFree,FFree,FFree,FFree,FFree,FFree,FFree,FFree,FFree,FFree,FFree,FFree,FFree,FFree,FFree,FFree,FFree,FFree,FFree,FFree,FFree,FFree,FFree,FFree,FFree,FFree,FFree,FFree,FFree,FFree,FFree,FFree,FFree,FFree,FFree,FFree,FFree,FFree,FFree,FFree,FFree,FFree,FFree,FFree,FFree,FFree,FFree,FFree,FFree,FFree,FFree,FFree,FFree,FFree,FFree,FFree,FFree,FFree,FFree,FFree,FFree,FFree,FFree,,,,,,,,,,,,
HIST 427,FFree,FFree,FFree,FFree,FFree,FFree,FFree,FFree,FFree,FFree,FFree,FFree,FFree,FFree,FFree,FFree,FFree,FFree,FFree,FFree,FFree,FFree,FFree,FFree,FFree,FFree,FFree,FFree,FFree,FFree,FFree,FFree,FFree,FFree,FFree,FFree,FFree,FFree,FFree,FFree,FFree,FFree,FFree,FFree,FFree,FFree,FFree,FFree,FFree,FFree,FFree,FFree,FFree,FFree,FFree,FFree,FFree,FFree,FFree,FFree,FFree,FFree,FFree,FFree,FFree,FFree,FFree,FFree,FFree,FFree,,,,,,,,,,,,
HIST 431,FFree,FFree,FFree,FFree,FFree,FFree,FFree,FFree,FFree,FFree,FFree,FFree,FFree,FFree,FFree,FFree,FFree,FFree,FFree,FFree,FFree,FFree,FFree,FFree,FFree,FFree,FFree,FFree,FFree,FFree,FFree,FFree,FFree,FFree,FFree,FFree,FFree,FFree,FFree,FFree,FFree,FFree,FFree,FFree,FFree,FFree,FFree,FFree,FFree,FFree,FFree,FFree,FFree,FFree,FFree,FFree,FFree,FFree,FFree,FFree,FFree,FFree,FFree,FFree,FFree,FFree,FFree,FFree,FFree,FFree,,,,,,,,,,,,
HIST 433,FFree,FFree,FFree,FFree,FFree,FFree,FFree,FFree,FFree,FFree,FFree,FFree,FFree,FFree,FFree,FFree,FFree,FFree,FFree,FFree,FFree,FFree,FFree,FFree,FFree,FFree,FFree,FFree,FFree,FFree,FFree,FFree,FFree,FFree,FFree,FFree,FFree,FFree,FFree,FFree,FFree,FFree,FFree,FFree,FFree,FFree,FFree,FFree,FFree,FFree,FFree,FFree,FFree,FFree,FFree,FFree,FFree,FFree,FFree,FFree,FFree,FFree,FFree,FFree,FFree,FFree,FFree,FFree,FFree,FFree,,,,,,,,,,,,
HIST 434,FFree,FFree,FFree,FFree,FFree,FFree,FFree,FFree,FFree,FFree,FFree,FFree,FFree,FFree,FFree,FFree,FFree,FFree,FFree,FFree,FFree,FFree,FFree,FFree,FFree,FFree,FFree,FFree,FFree,FFree,FFree,FFree,FFree,FFree,FFree,FFree,FFree,FFree,FFree,FFree,FFree,FFree,FFree,FFree,FFree,FFree,FFree,FFree,FFree,,,,,,,,,,,,,,,,,,,,,,,,,,,,,,,,,
HIST 436,FFree,FFree,FFree,FFree,FFree,FFree,FFree,FFree,FFree,FFree,FFree,FFree,FFree,FFree,FFree,FFree,FFree,FFree,FFree,FFree,FFree,FFree,FFree,FFree,FFree,FFree,FFree,FFree,FFree,FFree,FFree,FFree,FFree,FFree,FFree,FFree,FFree,FFree,FFree,FFree,FFree,FFree,FFree,FFree,FFree,FFree,FFree,FFree,FFree,FFree,FFree,FFree,FFree,FFree,FFree,FFree,FFree,FFree,FFree,FFree,FFree,FFree,FFree,FFree,FFree,FFree,FFree,FFree,FFree,FFree,,,,,,,,,,,,
HIST 437,FFree,FFree,FFree,FFree,FFree,FFree,FFree,FFree,FFree,FFree,FFree,FFree,FFree,FFree,FFree,FFree,FFree,FFree,FFree,FFree,FFree,FFree,FFree,FFree,FFree,FFree,FFree,FFree,FFree,FFree,FFree,FFree,FFree,FFree,FFree,FFree,FFree,FFree,FFree,FFree,FFree,FFree,FFree,FFree,FFree,FFree,FFree,FFree,FFree,FFree,FFree,FFree,FFree,FFree,FFree,FFree,FFree,FFree,FFree,FFree,FFree,FFree,FFree,FFree,FFree,FFree,FFree,FFree,FFree,FFree,,,,,,,,,,,,
HIST 438,FFree,FFree,FFree,FFree,FFree,FFree,FFree,FFree,FFree,FFree,FFree,FFree,FFree,FFree,FFree,FFree,FFree,FFree,FFree,FFree,FFree,FFree,FFree,FFree,FFree,FFree,FFree,FFree,FFree,FFree,FFree,FFree,FFree,FFree,FFree,FFree,FFree,FFree,FFree,FFree,FFree,FFree,FFree,FFree,FFree,FFree,FFree,FFree,FFree,FFree,FFree,FFree,FFree,FFree,FFree,FFree,FFree,FFree,FFree,FFree,FFree,FFree,FFree,FFree,FFree,FFree,FFree,FFree,FFree,FFree,,,,,,,,,,,,
HIST 439,FFree,FFree,FFree,FFree,FFree,FFree,FFree,FFree,FFree,FFree,FFree,FFree,FFree,FFree,FFree,FFree,FFree,FFree,FFree,FFree,FFree,FFree,FFree,FFree,FFree,FFree,FFree,FFree,FFree,FFree,FFree,FFree,FFree,FFree,FFree,FFree,FFree,FFree,FFree,FFree,FFree,FFree,FFree,FFree,FFree,FFree,FFree,FFree,FFree,FFree,FFree,FFree,FFree,FFree,FFree,FFree,FFree,FFree,FFree,FFree,FFree,FFree,FFree,FFree,FFree,FFree,FFree,FFree,FFree,FFree,FFree,FFree,FFree,FFree,FFree,FFree,FFree,FFree,FFree,FFree,FFree,FFree
HIST 441,FFree,FFree,FFree,FFree,FFree,FFree,FFree,FFree,FFree,FFree,FFree,FFree,FFree,FFree,FFree,FFree,FFree,FFree,FFree,FFree,FFree,FFree,FFree,FFree,FFree,FFree,FFree,FFree,FFree,FFree,FFree,FFree,FFree,FFree,FFree,FFree,FFree,FFree,FFree,FFree,FFree,FFree,FFree,FFree,FFree,FFree,FFree,FFree,FFree,FFree,FFree,FFree,FFree,FFree,FFree,FFree,FFree,FFree,FFree,FFree,FFree,FFree,FFree,FFree,FFree,FFree,FFree,FFree,FFree,FFree,,,,,,,,,,,,
HIST 443,FFree,FFree,FFree,FFree,FFree,FFree,FFree,FFree,FFree,FFree,FFree,FFree,FFree,FFree,FFree,FFree,FFree,FFree,FFree,FFree,FFree,FFree,FFree,FFree,FFree,FFree,FFree,FFree,FFree,FFree,FFree,FFree,FFree,FFree,FFree,FFree,FFree,FFree,FFree,FFree,FFree,FFree,FFree,FFree,FFree,FFree,FFree,FFree,FFree,FFree,FFree,FFree,FFree,FFree,FFree,FFree,FFree,FFree,FFree,FFree,FFree,FFree,FFree,FFree,FFree,FFree,FFree,FFree,FFree,FFree,,,,,,,,,,,,
HIST 447,FFree,FFree,FFree,FFree,FFree,FFree,FFree,FFree,FFree,FFree,FFree,FFree,FFree,FFree,FFree,FFree,FFree,FFree,FFree,FFree,FFree,FFree,FFree,FFree,FFree,FFree,FFree,FFree,FFree,FFree,FFree,FFree,FFree,FFree,FFree,FFree,FFree,FFree,FFree,FFree,FFree,FFree,FFree,FFree,FFree,FFree,FFree,FFree,FFree,FFree,FFree,FFree,FFree,FFree,FFree,FFree,FFree,FFree,FFree,FFree,FFree,FFree,FFree,FFree,FFree,FFree,FFree,FFree,FFree,FFree,,,,,,,,,,,,
HIST 450,FFree,FFree,FFree,FFree,FFree,FFree,FFree,FFree,FFree,FFree,FFree,FFree,FFree,FFree,FFree,FFree,FFree,FFree,FFree,FFree,FFree,FFree,FFree,FFree,FFree,FFree,FFree,FFree,FFree,FFree,FFree,FFree,FFree,FFree,FFree,FFree,FFree,FFree,FFree,FFree,FFree,FFree,FFree,FFree,FFree,FFree,FFree,FFree,FFree,FFree,FFree,FFree,FFree,FFree,FFree,FFree,FFree,FFree,FFree,FFree,FFree,FFree,FFree,FFree,FFree,FFree,FFree,FFree,FFree,FFree,,,,,,,,,,,,
HIST 455,FFree,FFree,FFree,FFree,FFree,FFree,FFree,FFree,FFree,FFree,FFree,FFree,FFree,FFree,FFree,FFree,FFree,FFree,FFree,FFree,FFree,FFree,FFree,FFree,FFree,FFree,FFree,FFree,FFree,FFree,FFree,FFree,FFree,FFree,FFree,FFree,FFree,FFree,FFree,FFree,FFree,FFree,FFree,FFree,FFree,FFree,FFree,FFree,FFree,FFree,FFree,FFree,FFree,FFree,FFree,FFree,FFree,FFree,FFree,FFree,FFree,FFree,FFree,FFree,FFree,FFree,FFree,FFree,FFree,FFree,,,,,,,,,,,,
HIST 461,FFree,FFree,FFree,FFree,FFree,FFree,FFree,FFree,FFree,FFree,FFree,FFree,FFree,FFree,FFree,FFree,FFree,FFree,FFree,FFree,FFree,FFree,FFree,FFree,FFree,FFree,FFree,FFree,FFree,FFree,FFree,FFree,FFree,FFree,FFree,FFree,FFree,FFree,FFree,FFree,FFree,FFree,FFree,FFree,FFree,FFree,FFree,FFree,FFree,FFree,FFree,FFree,FFree,FFree,FFree,FFree,FFree,FFree,FFree,FFree,FFree,FFree,FFree,FFree,FFree,FFree,FFree,FFree,FFree,FFree,,,,,,,,,,,,
HIST 462,FFree,FFree,FFree,FFree,FFree,FFree,FFree,FFree,FFree,FFree,FFree,FFree,FFree,FFree,FFree,FFree,FFree,FFree,FFree,FFree,FFree,FFree,FFree,FFree,FFree,FFree,FFree,FFree,FFree,FFree,FFree,FFree,FFree,FFree,FFree,FFree,FFree,FFree,FFree,FFree,FFree,FFree,FFree,FFree,FFree,FFree,FFree,FFree,FFree,FFree,FFree,FFree,FFree,FFree,FFree,FFree,FFree,FFree,FFree,FFree,FFree,FFree,FFree,FFree,FFree,FFree,FFree,FFree,FFree,FFree,,,,,,,,,,,,
HIST 463,FFree,FFree,FFree,FFree,FFree,FFree,FFree,FFree,FFree,FFree,FFree,FFree,FFree,FFree,FFree,FFree,FFree,FFree,FFree,FFree,FFree,FFree,FFree,FFree,FFree,FFree,FFree,FFree,FFree,FFree,FFree,FFree,FFree,FFree,FFree,FFree,FFree,FFree,FFree,FFree,FFree,FFree,FFree,FFree,FFree,FFree,FFree,FFree,FFree,FFree,FFree,FFree,FFree,FFree,FFree,FFree,FFree,FFree,FFree,FFree,FFree,FFree,FFree,FFree,FFree,FFree,FFree,FFree,FFree,FFree,,,,,,,,,,,,
HIST 465,FFree,FFree,FFree,FFree,FFree,FFree,FFree,FFree,FFree,FFree,FFree,FFree,FFree,FFree,FFree,FFree,FFree,FFree,FFree,FFree,FFree,FFree,FFree,FFree,FFree,FFree,FFree,FFree,FFree,FFree,FFree,FFree,FFree,FFree,FFree,FFree,FFree,FFree,FFree,FFree,FFree,FFree,FFree,FFree,FFree,FFree,FFree,FFree,FFree,FFree,FFree,FFree,FFree,FFree,FFree,FFree,FFree,FFree,FFree,FFree,FFree,FFree,FFree,FFree,FFree,FFree,FFree,FFree,FFree,FFree,,,,,,,,,,,,
HIST 473,FFree,FFree,FFree,FFree,FFree,FFree,FFree,FFree,FFree,FFree,FFree,FFree,FFree,FFree,FFree,FFree,FFree,FFree,FFree,FFree,FFree,FFree,FFree,FFree,FFree,FFree,FFree,FFree,FFree,FFree,FFree,FFree,FFree,FFree,FFree,FFree,FFree,FFree,FFree,FFree,FFree,FFree,FFree,FFree,FFree,FFree,FFree,FFree,FFree,FFree,FFree,FFree,FFree,FFree,FFree,FFree,FFree,FFree,FFree,FFree,FFree,FFree,FFree,FFree,FFree,FFree,FFree,FFree,FFree,FFree,,,,,,,,,,,,
HIST 475,FFree,FFree,FFree,FFree,FFree,FFree,FFree,FFree,FFree,FFree,FFree,FFree,FFree,FFree,FFree,FFree,FFree,FFree,FFree,FFree,FFree,FFree,FFree,FFree,FFree,FFree,FFree,FFree,FFree,FFree,FFree,FFree,FFree,FFree,FFree,FFree,FFree,FFree,FFree,FFree,FFree,FFree,FFree,FFree,FFree,FFree,FFree,FFree,FFree,FFree,FFree,FFree,FFree,FFree,FFree,FFree,FFree,FFree,FFree,FFree,FFree,FFree,FFree,FFree,FFree,FFree,FFree,FFree,FFree,FFree,,,,,,,,,,,,
HIST 476,FFree,FFree,FFree,FFree,FFree,FFree,FFree,FFree,FFree,FFree,FFree,FFree,FFree,FFree,FFree,FFree,FFree,FFree,FFree,FFree,FFree,FFree,FFree,FFree,FFree,FFree,FFree,FFree,FFree,FFree,FFree,FFree,FFree,FFree,FFree,FFree,FFree,FFree,FFree,FFree,FFree,FFree,FFree,FFree,FFree,FFree,FFree,FFree,FFree,FFree,FFree,FFree,FFree,FFree,FFree,FFree,FFree,FFree,FFree,FFree,FFree,FFree,FFree,FFree,FFree,FFree,FFree,FFree,FFree,FFree,,,,,,,,,,,,
HIST 484,FFree,FFree,FFree,FFree,FFree,FFree,FFree,FFree,FFree,FFree,FFree,FFree,FFree,FFree,FFree,FFree,FFree,FFree,FFree,FFree,FFree,FFree,FFree,FFree,FFree,FFree,FFree,FFree,FFree,FFree,FFree,FFree,FFree,FFree,FFree,FFree,FFree,FFree,FFree,FFree,FFree,FFree,FFree,FFree,FFree,FFree,FFree,FFree,FFree,FFree,FFree,FFree,FFree,FFree,FFree,FFree,FFree,FFree,FFree,FFree,FFree,FFree,FFree,FFree,FFree,FFree,FFree,FFree,FFree,FFree,,,,,,,,,,,,
HIST 485,FFree,FFree,FFree,FFree,FFree,FFree,FFree,FFree,FFree,FFree,FFree,FFree,FFree,FFree,FFree,FFree,FFree,FFree,FFree,FFree,FFree,FFree,FFree,FFree,FFree,FFree,FFree,FFree,FFree,FFree,FFree,FFree,FFree,FFree,FFree,FFree,FFree,FFree,FFree,FFree,FFree,FFree,FFree,FFree,FFree,FFree,FFree,FFree,FFree,FFree,FFree,FFree,FFree,FFree,FFree,FFree,FFree,FFree,FFree,FFree,,,,,,,,,,,,,,,,,,,,,,
HIST 486,FFree,FFree,FFree,FFree,FFree,FFree,FFree,FFree,FFree,FFree,FFree,FFree,FFree,FFree,FFree,FFree,FFree,FFree,FFree,FFree,FFree,FFree,FFree,FFree,FFree,FFree,FFree,FFree,FFree,FFree,FFree,FFree,FFree,FFree,FFree,FFree,FFree,FFree,FFree,FFree,FFree,FFree,FFree,FFree,FFree,FFree,FFree,FFree,FFree,FFree,FFree,FFree,FFree,FFree,FFree,FFree,FFree,FFree,FFree,FFree,FFree,FFree,FFree,FFree,FFree,FFree,FFree,FFree,FFree,FFree,,,,,,,,,,,,
HIST 487,FFree,FFree,FFree,FFree,FFree,FFree,FFree,FFree,FFree,FFree,FFree,FFree,FFree,FFree,FFree,FFree,FFree,FFree,FFree,FFree,FFree,FFree,FFree,FFree,FFree,FFree,FFree,FFree,FFree,FFree,FFree,FFree,FFree,FFree,FFree,FFree,FFree,FFree,FFree,FFree,FFree,FFree,FFree,FFree,FFree,FFree,FFree,FFree,FFree,FFree,FFree,FFree,FFree,FFree,FFree,FFree,FFree,FFree,FFree,FFree,FFree,FFree,FFree,FFree,FFree,FFree,FFree,FFree,FFree,FFree,,,,,,,,,,,,
HIST 488,FFree,FFree,FFree,FFree,FFree,FFree,FFree,FFree,FFree,FFree,FFree,FFree,FFree,FFree,FFree,FFree,FFree,FFree,FFree,FFree,FFree,FFree,FFree,FFree,FFree,FFree,FFree,FFree,FFree,FFree,FFree,FFree,FFree,FFree,FFree,FFree,FFree,FFree,FFree,FFree,FFree,FFree,FFree,FFree,FFree,FFree,FFree,FFree,FFree,FFree,FFree,FFree,FFree,FFree,FFree,FFree,FFree,FFree,FFree,FFree,FFree,FFree,FFree,FFree,FFree,FFree,FFree,FFree,FFree,FFree,,,,,,,,,,,,
HIST 489,FFree,FFree,FFree,FFree,FFree,FFree,FFree,FFree,FFree,FFree,FFree,FFree,FFree,FFree,FFree,FFree,FFree,FFree,FFree,FFree,FFree,FFree,FFree,FFree,FFree,FFree,FFree,FFree,FFree,FFree,FFree,FFree,FFree,FFree,FFree,FFree,FFree,FFree,FFree,FFree,FFree,FFree,FFree,FFree,FFree,FFree,FFree,FFree,FFree,FFree,FFree,FFree,FFree,FFree,FFree,FFree,FFree,FFree,FFree,FFree,FFree,FFree,FFree,FFree,FFree,FFree,FFree,FFree,FFree,FFree,FFree,FFree,FFree,FFree,FFree,FFree,FFree,FFree,FFree,FFree,FFree,FFree
HIST 490,FFree,FFree,FFree,FFree,FFree,FFree,FFree,FFree,FFree,FFree,FFree,FFree,FFree,FFree,FFree,FFree,FFree,FFree,FFree,FFree,FFree,FFree,FFree,FFree,FFree,FFree,FFree,FFree,FFree,FFree,FFree,FFree,FFree,FFree,FFree,FFree,FFree,FFree,FFree,FFree,FFree,FFree,FFree,FFree,FFree,FFree,FFree,FFree,FFree,FFree,FFree,FFree,FFree,FFree,FFree,FFree,FFree,FFree,FFree,FFree,FFree,FFree,FFree,FFree,FFree,FFree,FFree,FFree,FFree,FFree,,,,,,,,,,,,
HIST 491,FFree,FFree,FFree,FFree,FFree,FFree,FFree,FFree,FFree,FFree,FFree,FFree,FFree,FFree,FFree,FFree,FFree,FFree,FFree,FFree,FFree,FFree,FFree,FFree,FFree,FFree,FFree,FFree,FFree,FFree,FFree,FFree,FFree,FFree,FFree,FFree,FFree,FFree,FFree,FFree,FFree,FFree,FFree,FFree,FFree,FFree,FFree,FFree,FFree,FFree,FFree,FFree,FFree,FFree,FFree,FFree,FFree,FFree,FFree,FFree,FFree,FFree,FFree,FFree,FFree,FFree,FFree,FFree,FFree,FFree,,,,,,,,,,,,
HIST 492,FFree,FFree,FFree,FFree,FFree,FFree,FFree,FFree,FFree,FFree,FFree,FFree,FFree,FFree,FFree,FFree,FFree,FFree,FFree,FFree,FFree,FFree,FFree,FFree,FFree,FFree,FFree,FFree,FFree,FFree,FFree,FFree,FFree,FFree,FFree,FFree,FFree,FFree,FFree,FFree,FFree,FFree,FFree,FFree,FFree,FFree,FFree,FFree,FFree,FFree,FFree,FFree,FFree,FFree,FFree,FFree,FFree,FFree,FFree,FFree,FFree,FFree,FFree,FFree,FFree,FFree,FFree,FFree,FFree,FFree,,,,,,,,,,,,
HIST 493,FFree,FFree,FFree,FFree,FFree,FFree,FFree,FFree,FFree,FFree,FFree,FFree,FFree,FFree,FFree,FFree,FFree,FFree,FFree,FFree,FFree,FFree,FFree,FFree,FFree,FFree,FFree,FFree,FFree,FFree,FFree,FFree,FFree,FFree,FFree,FFree,FFree,FFree,FFree,FFree,FFree,FFree,FFree,FFree,FFree,FFree,FFree,FFree,FFree,FFree,FFree,FFree,FFree,FFree,FFree,FFree,FFree,FFree,FFree,FFree,FFree,FFree,FFree,FFree,FFree,FFree,FFree,FFree,FFree,FFree,,,,,,,,,,,,
HIST 494,FFree,FFree,FFree,FFree,FFree,FFree,FFree,FFree,FFree,FFree,FFree,FFree,FFree,FFree,FFree,FFree,FFree,FFree,FFree,FFree,FFree,FFree,FFree,FFree,FFree,FFree,FFree,FFree,FFree,FFree,FFree,FFree,FFree,FFree,FFree,FFree,FFree,FFree,FFree,FFree,FFree,FFree,FFree,FFree,FFree,FFree,FFree,FFree,FFree,FFree,FFree,FFree,FFree,FFree,FFree,FFree,FFree,FFree,FFree,FFree,FFree,FFree,FFree,FFree,FFree,FFree,FFree,FFree,FFree,FFree,,,,,,,,,,,,
HIST 497,FFree,FFree,FFree,FFree,FFree,FFree,FFree,FFree,FFree,FFree,FFree,FFree,FFree,FFree,FFree,FFree,FFree,FFree,FFree,FFree,FFree,FFree,FFree,FFree,FFree,FFree,FFree,FFree,FFree,FFree,FFree,FFree,FFree,FFree,FFree,FFree,FFree,FFree,FFree,FFree,FFree,FFree,FFree,FFree,FFree,FFree,FFree,FFree,FFree,FFree,FFree,FFree,FFree,FFree,FFree,FFree,FFree,FFree,FFree,FFree,FFree,FFree,FFree,FFree,FFree,FFree,FFree,FFree,FFree,FFree,,,,,,,,,,,,
HIST 498,FFree,FFree,FFree,FFree,FFree,FFree,FFree,FFree,FFree,FFree,FFree,FFree,FFree,FFree,FFree,FFree,FFree,FFree,FFree,FFree,FFree,FFree,FFree,FFree,FFree,FFree,FFree,FFree,FFree,FFree,FFree,FFree,FFree,FFree,FFree,FFree,FFree,FFree,FFree,FFree,FFree,FFree,FFree,FFree,FFree,FFree,FFree,FFree,FFree,FFree,FFree,FFree,FFree,FFree,FFree,FFree,FFree,FFree,FFree,FFree,FFree,FFree,FFree,FFree,FFree,FFree,FFree,FFree,FFree,FFree,,,,,,,,,,,,
HUM 413,FFree,FFree,FFree,FFree,FFree,FFree,FFree,FFree,FFree,FFree,FFree,FFree,FFree,FFree,FFree,FFree,FFree,FFree,FFree,FFree,FFree,FFree,FFree,FFree,FFree,FFree,FFree,FFree,FFree,FFree,FFree,FFree,FFree,FFree,FFree,FFree,FFree,FFree,FFree,FFree,FFree,FFree,FFree,FFree,FFree,FFree,FFree,FFree,FFree,FFree,FFree,FFree,FFree,FFree,FFree,FFree,FFree,FFree,FFree,FFree,FFree,FFree,FFree,FFree,FFree,FFree,FFree,FFree,FFree,FFree,FFree,FFree,FFree,FFree,FFree,FFree,FFree,FFree,FFree,FFree,FFree,FFree
HUM 414,FFree,FFree,FFree,FFree,FFree,FFree,FFree,FFree,FFree,FFree,FFree,FFree,FFree,FFree,FFree,FFree,FFree,FFree,FFree,FFree,FFree,FFree,FFree,FFree,FFree,FFree,FFree,FFree,FFree,FFree,FFree,FFree,FFree,FFree,FFree,FFree,FFree,FFree,FFree,FFree,FFree,FFree,FFree,FFree,FFree,FFree,FFree,FFree,FFree,FFree,FFree,FFree,FFree,FFree,FFree,FFree,FFree,FFree,FFree,FFree,FFree,FFree,FFree,FFree,FFree,FFree,FFree,FFree,FFree,FFree,FFree,FFree,FFree,FFree,FFree,FFree,FFree,FFree,FFree,FFree,FFree,FFree
IE 301,FFree,FFree,FFree,FFree,FFree,FFree,FFree,FFree,FFree,FFree,FFree,FFree,FFree,FFree,FFree,FFree,FFree,FFree,FFree,FFree,FFree,FFree,FFree,FFree,FFree,FFree,FFree,FFree,FFree,FFree,FFree,FFree,FFree,FFree,FFree,FFree,FFree,FFree,FFree,FFree,FFree,FFree,FFree,FFree,FFree,FFree,FFree,FFree,FFree,FFree,FFree,FFree,FFree,FFree,FFree,FFree,FFree,FFree,,,,,,,,,,,,,,,,,,,,,,,,
IE 302,FFree,FFree,FFree,FFree,FFree,FFree,FFree,FFree,FFree,FFree,FFree,FFree,FFree,FFree,FFree,FFree,FFree,FFree,FFree,FFree,FFree,FFree,FFree,FFree,FFree,FFree,FFree,FFree,FFree,FFree,FFree,FFree,FFree,FFree,FFree,FFree,FFree,FFree,FFree,FFree,FFree,FFree,FFree,FFree,FFree,FFree,FFree,FFree,FFree,FFree,FFree,FFree,FFree,FFree,FFree,FFree,FFree,FFree,FFree,FFree,FFree,,,,,,,,,,,,,,,,,,,,,
IE 303,FFree,FFree,FFree,FFree,FFree,FFree,FFree,FFree,FFree,FFree,FFree,FFree,FFree,FFree,FFree,FFree,FFree,FFree,FFree,FFree,FFree,FFree,FFree,FFree,FFree,FFree,FFree,FFree,FFree,FFree,FFree,FFree,FFree,FFree,FFree,FFree,FFree,FFree,FFree,FFree,FFree,FFree,FFree,FFree,FFree,FFree,FFree,FFree,FFree,FFree,FFree,FFree,FFree,FFree,FFree,FFree,FFree,FFree,FFree,FFree,FFree,FFree,FFree,FFree,FFree,FFree,FFree,FFree,FFree,FFree,FFree,FFree,FFree,FFree,FFree,FFree,FFree,FFree,FFree,FFree,FFree,FFree
IE 304,FFree,FFree,FFree,FFree,FFree,FFree,FFree,FFree,FFree,FFree,FFree,FFree,FFree,FFree,FFree,FFree,FFree,FFree,FFree,FFree,FFree,FFree,FFree,FFree,FFree,FFree,FFree,FFree,FFree,FFree,FFree,FFree,FFree,FFree,FFree,FFree,FFree,FFree,FFree,FFree,FFree,FFree,FFree,FFree,FFree,FFree,FFree,FFree,FFree,FFree,FFree,FFree,FFree,FFree,FFree,FFree,FFree,FFree,FFree,FFree,FFree,FFree,FFree,FFree,FFree,FFree,FFree,FFree,FFree,FFree,FFree,FFree,FFree,FFree,FFree,FFree,FFree,FFree,FFree,FFree,FFree,FFree
IE 305,FFree,FFree,FFree,FFree,FFree,FFree,FFree,FFree,FFree,FFree,FFree,FFree,FFree,FFree,FFree,FFree,FFree,FFree,FFree,FFree,FFree,FFree,FFree,FFree,FFree,FFree,FFree,FFree,FFree,FFree,FFree,FFree,FFree,FFree,FFree,FFree,FFree,FFree,FFree,FFree,FFree,FFree,FFree,FFree,FFree,FFree,FFree,FFree,FFree,FFree,FFree,FFree,FFree,FFree,FFree,FFree,FFree,FFree,FFree,FFree,FFree,FFree,FFree,FFree,FFree,FFree,FFree,FFree,FFree,FFree,FFree,FFree,FFree,FFree,FFree,FFree,FFree,FFree,FFree,FFree,FFree,FFree
IE 306,FFree,FFree,FFree,FFree,FFree,FFree,FFree,FFree,FFree,FFree,FFree,FFree,FFree,FFree,FFree,FFree,FFree,FFree,FFree,FFree,FFree,FFree,FFree,FFree,FFree,FFree,FFree,FFree,FFree,FFree,FFree,FFree,FFree,FFree,FFree,FFree,FFree,FFree,FFree,FFree,FFree,FFree,FFree,FFree,FFree,FFree,FFree,FFree,FFree,FFree,FFree,FFree,,,,,,,,,,,,,,,,,,,,,,,,,,,,,,
IE 307,FFree,FFree,FFree,FFree,FFree,FFree,FFree,FFree,FFree,FFree,FFree,FFree,FFree,FFree,FFree,FFree,FFree,FFree,FFree,FFree,FFree,FFree,FFree,FFree,FFree,FFree,FFree,FFree,FFree,FFree,FFree,FFree,FFree,FFree,FFree,FFree,FFree,FFree,FFree,FFree,FFree,FFree,FFree,FFree,FFree,FFree,FFree,FFree,FFree,FFree,FFree,,,,,,,,,,,,,,,,,,,,,,,,,,,,,,,
IE 308,FFree,FFree,FFree,FFree,FFree,FFree,FFree,FFree,FFree,FFree,FFree,FFree,FFree,FFree,FFree,FFree,FFree,FFree,FFree,FFree,FFree,FFree,FFree,FFree,FFree,FFree,FFree,FFree,FFree,FFree,FFree,FFree,FFree,FFree,FFree,FFree,FFree,FFree,FFree,FFree,FFree,FFree,FFree,FFree,FFree,FFree,FFree,FFree,FFree,FFree,FFree,FFree,FFree,FFree,FFree,FFree,FFree,FFree,FFree,FFree,FFree,FFree,FFree,FFree,FFree,FFree,FFree,FFree,FFree,FFree,,,,,,,,,,,,
IE 309,FFree,FFree,FFree,FFree,FFree,FFree,FFree,FFree,FFree,FFree,FFree,FFree,FFree,FFree,FFree,FFree,FFree,FFree,FFree,FFree,FFree,FFree,FFree,FFree,FFree,FFree,FFree,FFree,FFree,FFree,FFree,FFree,FFree,FFree,FFree,FFree,FFree,FFree,FFree,FFree,FFree,FFree,FFree,FFree,FFree,FFree,FFree,FFree,FFree,FFree,FFree,FFree,FFree,FFree,FFree,FFree,FFree,FFree,FFree,FFree,FFree,FFree,FFree,FFree,FFree,FFree,FFree,FFree,FFree,FFree,FFree,FFree,FFree,FFree,FFree,FFree,FFree,FFree,FFree,FFree,FFree,FFree
IE 311,FFree,FFree,FFree,FFree,FFree,FFree,FFree,FFree,FFree,FFree,FFree,FFree,FFree,FFree,FFree,FFree,FFree,FFree,FFree,FFree,FFree,FFree,FFree,FFree,FFree,FFree,FFree,FFree,FFree,FFree,FFree,FFree,FFree,FFree,FFree,FFree,FFree,FFree,FFree,FFree,FFree,FFree,FFree,FFree,FFree,FFree,FFree,FFree,FFree,FFree,FFree,FFree,FFree,FFree,FFree,FFree,FFree,FFree,FFree,FFree,FFree,FFree,FFree,FFree,FFree,FFree,FFree,FFree,FFree,FFree,FFree,FFree,FFree,FFree,FFree,FFree,FFree,FFree,FFree,FFree,FFree,FFree
IE 312,FFree,FFree,FFree,FFree,FFree,FFree,FFree,FFree,FFree,FFree,FFree,FFree,FFree,FFree,FFree,FFree,FFree,FFree,FFree,FFree,FFree,FFree,FFree,FFree,FFree,FFree,FFree,FFree,FFree,FFree,FFree,FFree,FFree,FFree,FFree,FFree,FFree,FFree,FFree,FFree,FFree,FFree,FFree,FFree,FFree,FFree,FFree,FFree,FFree,FFree,FFree,FFree,FFree,FFree,FFree,FFree,FFree,FFree,FFree,FFree,FFree,FFree,FFree,FFree,FFree,FFree,FFree,FFree,FFree,FFree,FFree,FFree,FFree,FFree,FFree,FFree,FFree,FFree,FFree,FFree,FFree,FFree
IE 313,FFree,FFree,FFree,FFree,FFree,FFree,FFree,FFree,FFree,FFree,FFree,FFree,FFree,FFree,FFree,FFree,FFree,FFree,FFree,FFree,FFree,FFree,FFree,FFree,FFree,FFree,FFree,FFree,FFree,FFree,FFree,FFree,FFree,FFree,FFree,FFree,FFree,FFree,FFree,FFree,FFree,FFree,FFree,FFree,FFree,FFree,FFree,FFree,FFree,FFree,FFree,FFree,FFree,FFree,FFree,FFree,FFree,FFree,FFree,FFree,FFree,FFree,FFree,FFree,FFree,FFree,FFree,FFree,FFree,FFree,FFree,FFree,FFree,FFree,FFree,FFree,FFree,FFree,FFree,FFree,FFree,FFree
IE 398,FFree,FFree,FFree,FFree,FFree,FFree,FFree,FFree,FFree,FFree,FFree,FFree,FFree,FFree,FFree,FFree,FFree,FFree,FFree,FFree,FFree,FFree,FFree,FFree,FFree,FFree,FFree,FFree,FFree,FFree,FFree,FFree,FFree,FFree,FFree,FFree,FFree,FFree,FFree,FFree,FFree,FFree,FFree,FFree,FFree,FFree,FFree,FFree,FFree,FFree,FFree,FFree,FFree,FFree,FFree,FFree,FFree,FFree,FFree,FFree,FFree,FFree,FFree,FFree,FFree,FFree,FFree,FFree,FFree,FFree,,,,,,,,,,,,
IE 399,FFree,FFree,FFree,FFree,FFree,FFree,FFree,FFree,FFree,FFree,FFree,FFree,FFree,FFree,FFree,FFree,FFree,FFree,FFree,FFree,FFree,FFree,FFree,FFree,FFree,FFree,FFree,FFree,FFree,FFree,FFree,FFree,FFree,FFree,FFree,FFree,FFree,FFree,FFree,FFree,FFree,FFree,FFree,FFree,FFree,FFree,FFree,FFree,FFree,FFree,FFree,FFree,FFree,FFree,FFree,FFree,FFree,FFree,FFree,FFree,FFree,FFree,FFree,FFree,FFree,FFree,FFree,FFree,FFree,FFree,,,,,,,,,,,,
IE 401,FFree,FFree,FFree,FFree,FFree,FFree,FFree,FFree,FFree,FFree,FFree,FFree,FFree,FFree,FFree,FFree,FFree,FFree,FFree,FFree,FFree,FFree,FFree,FFree,FFree,FFree,FFree,FFree,FFree,FFree,FFree,FFree,FFree,FFree,FFree,FFree,FFree,FFree,FFree,FFree,FFree,FFree,FFree,FFree,FFree,FFree,FFree,FFree,FFree,FFree,FFree,FFree,FFree,FFree,FFree,FFree,FFree,FFree,FFree,FFree,FFree,FFree,FFree,FFree,FFree,FFree,FFree,FFree,FFree,FFree,FFree,FFree,FFree,FFree,FFree,FFree,FFree,FFree,FFree,FFree,FFree,FFree
IE 402,FFree,FFree,FFree,FFree,FFree,FFree,FFree,FFree,FFree,FFree,FFree,FFree,FFree,FFree,FFree,FFree,FFree,FFree,FFree,FFree,FFree,FFree,FFree,FFree,FFree,FFree,FFree,FFree,FFree,FFree,FFree,FFree,FFree,FFree,FFree,FFree,FFree,FFree,FFree,FFree,FFree,FFree,FFree,FFree,FFree,FFree,FFree,FFree,FFree,FFree,FFree,FFree,FFree,FFree,FFree,FFree,FFree,FFree,FFree,FFree,FFree,FFree,FFree,FFree,FFree,FFree,FFree,FFree,FFree,FFree,FFree,FFree,FFree,FFree,FFree,FFree,FFree,FFree,FFree,FFree,FFree,FFree
IE 403,FFree,FFree,FFree,FFree,FFree,FFree,FFree,FFree,FFree,FFree,FFree,FFree,FFree,FFree,FFree,FFree,FFree,FFree,FFree,FFree,FFree,FFree,FFree,FFree,FFree,FFree,FFree,FFree,FFree,FFree,FFree,FFree,FFree,FFree,FFree,FFree,FFree,FFree,FFree,FFree,FFree,FFree,FFree,FFree,FFree,FFree,FFree,FFree,FFree,FFree,FFree,FFree,FFree,FFree,FFree,FFree,FFree,FFree,FFree,FFree,FFree,FFree,FFree,FFree,FFree,FFree,FFree,FFree,FFree,FFree,FFree,FFree,FFree,FFree,FFree,FFree,FFree,FFree,FFree,FFree,FFree,FFree
IE 404,FFree,FFree,FFree,FFree,FFree,FFree,FFree,FFree,FFree,FFree,FFree,FFree,FFree,FFree,FFree,FFree,FFree,FFree,FFree,FFree,FFree,FFree,FFree,FFree,FFree,FFree,FFree,FFree,FFree,FFree,FFree,FFree,FFree,FFree,FFree,FFree,FFree,FFree,FFree,FFree,FFree,FFree,FFree,FFree,FFree,FFree,FFree,FFree,FFree,FFree,FFree,FFree,FFree,FFree,FFree,FFree,FFree,FFree,FFree,FFree,FFree,FFree,FFree,FFree,FFree,FFree,FFree,FFree,FFree,FFree,FFree,FFree,FFree,FFree,FFree,FFree,FFree,FFree,FFree,FFree,FFree,FFree
IE 405,FFree,FFree,FFree,FFree,FFree,FFree,FFree,FFree,FFree,FFree,FFree,FFree,FFree,FFree,FFree,FFree,FFree,FFree,FFree,FFree,FFree,FFree,FFree,FFree,FFree,FFree,FFree,FFree,FFree,FFree,FFree,FFree,FFree,FFree,FFree,FFree,FFree,FFree,FFree,FFree,FFree,FFree,FFree,FFree,FFree,FFree,FFree,FFree,FFree,FFree,FFree,FFree,FFree,FFree,FFree,FFree,FFree,FFree,FFree,FFree,FFree,FFree,FFree,FFree,FFree,FFree,FFree,FFree,FFree,FFree,FFree,FFree,FFree,FFree,FFree,FFree,FFree,FFree,FFree,FFree,FFree,FFree
IE 407,FFree,FFree,FFree,FFree,FFree,FFree,FFree,FFree,FFree,FFree,FFree,FFree,FFree,FFree,FFree,FFree,FFree,FFree,FFree,FFree,FFree,FFree,FFree,FFree,FFree,FFree,FFree,FFree,FFree,FFree,FFree,FFree,FFree,FFree,FFree,FFree,FFree,FFree,FFree,FFree,FFree,FFree,FFree,FFree,FFree,FFree,FFree,FFree,FFree,FFree,FFree,FFree,FFree,FFree,FFree,FFree,FFree,FFree,FFree,FFree,FFree,FFree,FFree,FFree,FFree,FFree,FFree,FFree,FFree,FFree,,,,,,,,,,,,
IE 408,FFree,FFree,FFree,FFree,FFree,FFree,FFree,FFree,FFree,FFree,FFree,FFree,FFree,FFree,FFree,FFree,FFree,FFree,FFree,FFree,FFree,FFree,FFree,FFree,FFree,FFree,FFree,FFree,FFree,FFree,FFree,FFree,FFree,FFree,FFree,FFree,FFree,FFree,FFree,FFree,FFree,FFree,FFree,FFree,FFree,FFree,FFree,FFree,FFree,FFree,FFree,FFree,FFree,FFree,FFree,FFree,FFree,FFree,FFree,FFree,FFree,,,,,,,,,,,,,,,,,,,,,
IE 409,FFree,FFree,FFree,FFree,FFree,FFree,FFree,FFree,FFree,FFree,FFree,FFree,FFree,FFree,FFree,FFree,FFree,FFree,FFree,FFree,FFree,FFree,FFree,FFree,FFree,FFree,FFree,FFree,FFree,FFree,FFree,FFree,FFree,FFree,FFree,FFree,FFree,FFree,FFree,FFree,FFree,FFree,FFree,FFree,FFree,FFree,FFree,FFree,FFree,FFree,FFree,FFree,FFree,FFree,FFree,FFree,FFree,FFree,FFree,FFree,FFree,FFree,FFree,FFree,FFree,FFree,FFree,FFree,FFree,FFree,FFree,FFree,FFree,FFree,FFree,FFree,FFree,FFree,FFree,FFree,FFree,FFree
IE 411,FFree,FFree,FFree,FFree,FFree,FFree,FFree,FFree,FFree,FFree,FFree,FFree,FFree,FFree,FFree,FFree,FFree,FFree,FFree,FFree,FFree,FFree,FFree,FFree,FFree,FFree,FFree,FFree,FFree,FFree,FFree,FFree,FFree,FFree,FFree,FFree,FFree,FFree,FFree,FFree,FFree,FFree,FFree,FFree,FFree,FFree,FFree,FFree,FFree,FFree,FFree,FFree,FFree,FFree,FFree,FFree,FFree,FFree,FFree,FFree,FFree,FFree,FFree,FFree,FFree,FFree,FFree,FFree,FFree,FFree,FFree,FFree,FFree,FFree,FFree,FFree,FFree,FFree,FFree,FFree,FFree,FFree
IE 412,FFree,FFree,FFree,FFree,FFree,FFree,FFree,FFree,FFree,FFree,FFree,FFree,FFree,FFree,FFree,FFree,FFree,FFree,FFree,FFree,FFree,FFree,FFree,FFree,FFree,FFree,FFree,FFree,FFree,FFree,FFree,FFree,FFree,FFree,FFree,FFree,FFree,FFree,FFree,FFree,FFree,FFree,FFree,FFree,FFree,FFree,FFree,FFree,FFree,FFree,FFree,FFree,FFree,FFree,FFree,FFree,FFree,FFree,FFree,FFree,FFree,FFree,FFree,FFree,FFree,FFree,FFree,FFree,FFree,FFree,,,,,,,,,,,,
IE 413,FFree,FFree,FFree,FFree,FFree,FFree,FFree,FFree,FFree,FFree,FFree,FFree,FFree,FFree,FFree,FFree,FFree,FFree,FFree,FFree,FFree,FFree,FFree,FFree,FFree,FFree,FFree,FFree,FFree,FFree,FFree,FFree,FFree,FFree,FFree,FFree,FFree,FFree,FFree,FFree,FFree,FFree,FFree,FFree,FFree,FFree,FFree,FFree,FFree,FFree,FFree,FFree,FFree,FFree,FFree,FFree,FFree,FFree,FFree,FFree,FFree,FFree,FFree,FFree,FFree,FFree,FFree,FFree,FFree,FFree,FFree,FFree,FFree,FFree,FFree,FFree,FFree,FFree,FFree,FFree,FFree,FFree
IE 414,FFree,FFree,FFree,FFree,FFree,FFree,FFree,FFree,FFree,FFree,FFree,FFree,FFree,FFree,FFree,FFree,FFree,FFree,FFree,FFree,FFree,FFree,FFree,FFree,FFree,FFree,FFree,FFree,FFree,FFree,FFree,FFree,FFree,FFree,FFree,FFree,FFree,FFree,FFree,FFree,FFree,FFree,FFree,FFree,FFree,FFree,FFree,FFree,FFree,FFree,FFree,FFree,FFree,FFree,FFree,FFree,FFree,FFree,FFree,FFree,FFree,FFree,FFree,FFree,FFree,FFree,FFree,FFree,FFree,FFree,FFree,FFree,FFree,FFree,FFree,FFree,FFree,FFree,FFree,FFree,FFree,FFree
IE 415,FFree,FFree,FFree,FFree,FFree,FFree,FFree,FFree,FFree,FFree,FFree,FFree,FFree,FFree,FFree,FFree,FFree,FFree,FFree,FFree,FFree,FFree,FFree,FFree,FFree,FFree,FFree,FFree,FFree,FFree,FFree,FFree,FFree,FFree,FFree,FFree,FFree,FFree,FFree,FFree,FFree,FFree,FFree,FFree,FFree,FFree,FFree,FFree,FFree,FFree,FFree,FFree,FFree,FFree,,,,,,,,,,,,,,,,,,,,,,,,,,,,
IE 416,FFree,FFree,FFree,FFree,FFree,FFree,FFree,FFree,FFree,FFree,FFree,FFree,FFree,FFree,FFree,FFree,FFree,FFree,FFree,FFree,FFree,FFree,FFree,FFree,FFree,FFree,FFree,FFree,FFree,FFree,FFree,FFree,FFree,FFree,FFree,FFree,FFree,FFree,FFree,FFree,FFree,FFree,FFree,FFree,FFree,FFree,FFree,FFree,FFree,FFree,FFree,FFree,FFree,FFree,FFree,FFree,FFree,FFree,FFree,FFree,FFree,FFree,FFree,FFree,FFree,FFree,FFree,FFree,FFree,FFree,FFree,FFree,FFree,FFree,FFree,FFree,FFree,FFree,FFree,FFree,FFree,FFree
IE 417,FFree,FFree,FFree,FFree,FFree,FFree,FFree,FFree,FFree,FFree,FFree,FFree,FFree,FFree,FFree,FFree,FFree,FFree,FFree,FFree,FFree,FFree,FFree,FFree,FFree,FFree,FFree,FFree,FFree,FFree,FFree,FFree,FFree,FFree,FFree,FFree,FFree,FFree,FFree,FFree,FFree,FFree,FFree,FFree,FFree,FFree,FFree,FFree,FFree,,,,,,,,,,,,,,,,,,,,,,,,,,,,,,,,,
IE 418,FFree,FFree,FFree,FFree,FFree,FFree,FFree,FFree,FFree,FFree,FFree,FFree,FFree,FFree,FFree,FFree,FFree,FFree,FFree,FFree,FFree,FFree,FFree,FFree,FFree,FFree,FFree,FFree,FFree,FFree,FFree,FFree,FFree,FFree,FFree,FFree,FFree,FFree,FFree,FFree,FFree,FFree,FFree,FFree,FFree,FFree,FFree,FFree,FFree,FFree,FFree,FFree,FFree,FFree,FFree,FFree,FFree,FFree,FFree,FFree,FFree,FFree,FFree,FFree,FFree,FFree,FFree,FFree,FFree,FFree,,,,,,,,,,,,
IE 419,FFree,FFree,FFree,FFree,FFree,FFree,FFree,FFree,FFree,FFree,FFree,FFree,FFree,FFree,FFree,FFree,FFree,FFree,FFree,FFree,FFree,FFree,FFree,FFree,FFree,FFree,FFree,FFree,FFree,FFree,FFree,FFree,FFree,FFree,FFree,FFree,FFree,FFree,FFree,FFree,FFree,FFree,FFree,FFree,FFree,FFree,FFree,FFree,FFree,FFree,FFree,FFree,FFree,FFree,FFree,FFree,FFree,FFree,FFree,FFree,FFree,FFree,FFree,FFree,FFree,FFree,FFree,FFree,FFree,FFree,,,,,,,,,,,,
IE 420,FFree,FFree,FFree,FFree,FFree,FFree,FFree,FFree,FFree,FFree,FFree,FFree,FFree,FFree,FFree,FFree,FFree,FFree,FFree,FFree,FFree,FFree,FFree,FFree,FFree,FFree,FFree,FFree,FFree,FFree,FFree,FFree,FFree,FFree,FFree,FFree,FFree,FFree,FFree,FFree,FFree,FFree,FFree,FFree,FFree,FFree,FFree,FFree,FFree,FFree,FFree,FFree,FFree,FFree,FFree,FFree,FFree,FFree,FFree,FFree,FFree,FFree,FFree,FFree,FFree,FFree,FFree,FFree,FFree,FFree,,,,,,,,,,,,
IE 425,FFree,FFree,FFree,FFree,FFree,FFree,FFree,FFree,FFree,FFree,FFree,FFree,FFree,FFree,FFree,FFree,FFree,FFree,FFree,FFree,FFree,FFree,FFree,FFree,FFree,FFree,FFree,FFree,FFree,FFree,FFree,FFree,FFree,FFree,FFree,FFree,FFree,FFree,FFree,FFree,FFree,FFree,FFree,FFree,FFree,FFree,FFree,FFree,FFree,,,,,,,,,,,,,,,,,,,,,,,,,,,,,,,,,
IE 430,FFree,FFree,FFree,FFree,FFree,FFree,FFree,FFree,FFree,FFree,FFree,FFree,FFree,FFree,FFree,FFree,FFree,FFree,FFree,FFree,FFree,FFree,FFree,FFree,FFree,FFree,FFree,FFree,FFree,FFree,FFree,FFree,FFree,FFree,FFree,FFree,FFree,FFree,FFree,FFree,FFree,FFree,FFree,FFree,FFree,FFree,FFree,FFree,FFree,FFree,FFree,FFree,FFree,FFree,FFree,FFree,FFree,FFree,FFree,FFree,FFree,FFree,FFree,FFree,FFree,FFree,FFree,FFree,FFree,FFree,FFree,FFree,FFree,FFree,FFree,FFree,FFree,FFree,FFree,FFree,FFree,FFree
IE 432,FFree,FFree,FFree,FFree,FFree,FFree,FFree,FFree,FFree,FFree,FFree,FFree,FFree,FFree,FFree,FFree,FFree,FFree,FFree,FFree,FFree,FFree,FFree,FFree,FFree,FFree,FFree,FFree,FFree,FFree,FFree,FFree,FFree,FFree,FFree,FFree,FFree,FFree,FFree,FFree,FFree,FFree,FFree,FFree,FFree,FFree,FFree,FFree,FFree,FFree,FFree,FFree,FFree,FFree,FFree,FFree,FFree,FFree,FFree,FFree,FFree,FFree,FFree,FFree,FFree,FFree,FFree,FFree,FFree,FFree,FFree,FFree,FFree,FFree,FFree,FFree,FFree,FFree,FFree,FFree,FFree,FFree
IE 435,FFree,FFree,FFree,FFree,FFree,FFree,FFree,FFree,FFree,FFree,FFree,FFree,FFree,FFree,FFree,FFree,FFree,FFree,FFree,FFree,FFree,FFree,FFree,FFree,FFree,FFree,FFree,FFree,FFree,FFree,FFree,FFree,FFree,FFree,FFree,FFree,FFree,FFree,FFree,FFree,FFree,FFree,FFree,FFree,FFree,FFree,FFree,FFree,FFree,FFree,FFree,FFree,FFree,FFree,FFree,FFree,FFree,FFree,FFree,FFree,FFree,FFree,FFree,FFree,FFree,FFree,FFree,FFree,FFree,FFree,FFree,FFree,FFree,FFree,FFree,FFree,FFree,FFree,FFree,FFree,FFree,FFree
IE 436,FFree,FFree,FFree,FFree,FFree,FFree,FFree,FFree,FFree,FFree,FFree,FFree,FFree,FFree,FFree,FFree,FFree,FFree,FFree,FFree,FFree,FFree,FFree,FFree,FFree,FFree,FFree,FFree,FFree,FFree,FFree,FFree,FFree,FFree,FFree,FFree,FFree,FFree,FFree,FFree,FFree,FFree,FFree,FFree,FFree,FFree,FFree,FFree,FFree,FFree,FFree,FFree,FFree,FFree,FFree,FFree,FFree,FFree,FFree,FFree,FFree,FFree,FFree,FFree,FFree,FFree,FFree,FFree,FFree,FFree,FFree,FFree,FFree,FFree,FFree,FFree,FFree,FFree,FFree,FFree,FFree,FFree
IE 451,FFree,FFree,FFree,FFree,FFree,FFree,FFree,FFree,FFree,FFree,FFree,FFree,FFree,FFree,FFree,FFree,FFree,FFree,FFree,FFree,FFree,FFree,FFree,FFree,FFree,FFree,FFree,FFree,FFree,FFree,FFree,FFree,FFree,FFree,FFree,FFree,FFree,FFree,FFree,FFree,FFree,FFree,FFree,FFree,FFree,FFree,FFree,FFree,FFree,FFree,FFree,FFree,FFree,FFree,FFree,FFree,FFree,FFree,FFree,FFree,FFree,FFree,FFree,FFree,FFree,FFree,FFree,FFree,FFree,FFree,FFree,FFree,FFree,FFree,FFree,FFree,FFree,FFree,FFree,FFree,FFree,FFree
IE 454,FFree,FFree,FFree,FFree,FFree,FFree,FFree,FFree,FFree,FFree,FFree,FFree,FFree,FFree,FFree,FFree,FFree,FFree,FFree,FFree,FFree,FFree,FFree,FFree,FFree,FFree,FFree,FFree,FFree,FFree,FFree,FFree,FFree,FFree,FFree,FFree,FFree,FFree,FFree,FFree,FFree,FFree,FFree,FFree,FFree,FFree,FFree,FFree,FFree,FFree,FFree,FFree,FFree,FFree,FFree,FFree,FFree,FFree,FFree,FFree,FFree,FFree,FFree,FFree,FFree,FFree,FFree,FFree,FFree,FFree,FFree,FFree,FFree,FFree,FFree,FFree,FFree,FFree,FFree,FFree,FFree,FFree
IE 471,FFree,FFree,FFree,FFree,FFree,FFree,FFree,FFree,FFree,FFree,FFree,FFree,FFree,FFree,FFree,FFree,FFree,FFree,FFree,FFree,FFree,FFree,FFree,FFree,FFree,FFree,FFree,FFree,FFree,FFree,FFree,FFree,FFree,FFree,FFree,FFree,FFree,FFree,FFree,FFree,FFree,FFree,FFree,FFree,FFree,FFree,FFree,FFree,FFree,FFree,FFree,FFree,FFree,FFree,FFree,,,,,,,,,,,,,,,,,,,,,,,,,,,
IE 472,FFree,FFree,FFree,FFree,FFree,FFree,FFree,FFree,FFree,FFree,FFree,FFree,FFree,FFree,FFree,FFree,FFree,FFree,FFree,FFree,FFree,FFree,FFree,FFree,FFree,FFree,FFree,FFree,FFree,FFree,FFree,FFree,FFree,FFree,FFree,FFree,FFree,FFree,FFree,FFree,FFree,FFree,FFree,FFree,FFree,FFree,FFree,FFree,FFree,FFree,FFree,FFree,,,,,,,,,,,,,,,,,,,,,,,,,,,,,,
IE 480,FFree,FFree,FFree,FFree,FFree,FFree,FFree,FFree,FFree,FFree,FFree,FFree,FFree,FFree,FFree,FFree,FFree,FFree,FFree,FFree,FFree,FFree,FFree,FFree,FFree,FFree,FFree,FFree,FFree,FFree,FFree,FFree,FFree,FFree,FFree,FFree,FFree,FFree,FFree,FFree,FFree,FFree,FFree,FFree,FFree,FFree,FFree,FFree,FFree,FFree,FFree,,,,,,,,,,,,,,,,,,,,,,,,,,,,,,,
IE 48000,FFree,FFree,FFree,FFree,FFree,FFree,FFree,FFree,FFree,FFree,FFree,FFree,FFree,FFree,FFree,FFree,FFree,FFree,FFree,FFree,FFree,FFree,FFree,FFree,FFree,FFree,FFree,FFree,FFree,FFree,FFree,FFree,FFree,FFree,FFree,FFree,FFree,FFree,FFree,FFree,FFree,FFree,FFree,FFree,FFree,FFree,FFree,FFree,FFree,FFree,FFree,FFree,FFree,FFree,FFree,FFree,FFree,FFree,FFree,FFree,FFree,FFree,FFree,FFree,FFree,FFree,FFree,FFree,FFree,FFree,,,,,,,,,,,,
IE 48001,FFree,FFree,FFree,FFree,FFree,FFree,FFree,FFree,FFree,FFree,FFree,FFree,FFree,FFree,FFree,FFree,FFree,FFree,FFree,FFree,FFree,FFree,FFree,FFree,FFree,FFree,FFree,FFree,FFree,FFree,FFree,FFree,FFree,FFree,FFree,FFree,FFree,FFree,FFree,FFree,FFree,FFree,FFree,FFree,FFree,FFree,FFree,FFree,FFree,FFree,FFree,FFree,FFree,FFree,FFree,FFree,FFree,FFree,FFree,FFree,FFree,FFree,FFree,FFree,FFree,FFree,FFree,FFree,FFree,FFree,,,,,,,,,,,,
IE 48002,FFree,FFree,FFree,FFree,FFree,FFree,FFree,FFree,FFree,FFree,FFree,FFree,FFree,FFree,FFree,FFree,FFree,FFree,FFree,FFree,FFree,FFree,FFree,FFree,FFree,FFree,FFree,FFree,FFree,FFree,FFree,FFree,FFree,FFree,FFree,FFree,FFree,FFree,FFree,FFree,FFree,FFree,FFree,FFree,FFree,FFree,FFree,FFree,FFree,FFree,FFree,FFree,FFree,FFree,FFree,FFree,FFree,FFree,FFree,FFree,FFree,FFree,FFree,FFree,FFree,FFree,FFree,FFree,FFree,FFree,FFree,FFree,FFree,FFree,FFree,FFree,FFree,FFree,FFree,FFree,FFree,FFree
IE 48003,FFree,FFree,FFree,FFree,FFree,FFree,FFree,FFree,FFree,FFree,FFree,FFree,FFree,FFree,FFree,FFree,FFree,FFree,FFree,FFree,FFree,FFree,FFree,FFree,FFree,FFree,FFree,FFree,FFree,FFree,FFree,FFree,FFree,FFree,FFree,FFree,FFree,FFree,FFree,FFree,FFree,FFree,FFree,FFree,FFree,FFree,FFree,FFree,FFree,FFree,FFree,FFree,FFree,FFree,FFree,FFree,FFree,FFree,FFree,FFree,FFree,FFree,FFree,FFree,FFree,FFree,FFree,FFree,FFree,FFree,,,,,,,,,,,,
IE 48004,FFree,FFree,FFree,FFree,FFree,FFree,FFree,FFree,FFree,FFree,FFree,FFree,FFree,FFree,FFree,FFree,FFree,FFree,FFree,FFree,FFree,FFree,FFree,FFree,FFree,FFree,FFree,FFree,FFree,FFree,FFree,FFree,FFree,FFree,FFree,FFree,FFree,FFree,FFree,FFree,FFree,FFree,FFree,FFree,FFree,FFree,FFree,FFree,FFree,FFree,FFree,FFree,FFree,FFree,FFree,FFree,FFree,FFree,FFree,FFree,FFree,FFree,FFree,FFree,FFree,FFree,FFree,FFree,FFree,FFree,,,,,,,,,,,,
IE 48005,FFree,FFree,FFree,FFree,FFree,FFree,FFree,FFree,FFree,FFree,FFree,FFree,FFree,FFree,FFree,FFree,FFree,FFree,FFree,FFree,FFree,FFree,FFree,FFree,FFree,FFree,FFree,FFree,FFree,FFree,FFree,FFree,FFree,FFree,FFree,FFree,FFree,FFree,FFree,FFree,FFree,FFree,FFree,FFree,FFree,FFree,FFree,FFree,FFree,FFree,FFree,FFree,FFree,FFree,FFree,FFree,FFree,FFree,FFree,FFree,FFree,FFree,FFree,FFree,FFree,FFree,FFree,FFree,FFree,FFree,FFree,FFree,FFree,FFree,FFree,FFree,FFree,FFree,FFree,FFree,FFree,FFree
IE 481,FFree,FFree,FFree,FFree,FFree,FFree,FFree,FFree,FFree,FFree,FFree,FFree,FFree,FFree,FFree,FFree,FFree,FFree,FFree,FFree,FFree,FFree,FFree,FFree,FFree,FFree,FFree,FFree,FFree,FFree,FFree,FFree,FFree,FFree,FFree,FFree,FFree,FFree,FFree,FFree,FFree,FFree,FFree,FFree,FFree,FFree,FFree,FFree,FFree,FFree,FFree,,,,,,,,,,,,,,,,,,,,,,,,,,,,,,,
IE 482,FFree,FFree,FFree,FFree,FFree,FFree,FFree,FFree,FFree,FFree,FFree,FFree,FFree,FFree,FFree,FFree,FFree,FFree,FFree,FFree,FFree,FFree,FFree,FFree,FFree,FFree,FFree,FFree,FFree,FFree,FFree,FFree,FFree,FFree,FFree,FFree,FFree,FFree,FFree,FFree,FFree,FFree,FFree,FFree,FFree,FFree,FFree,FFree,FFree,FFree,FFree,,,,,,,,,,,,,,,,,,,,,,,,,,,,,,,
IE 483,FFree,FFree,FFree,FFree,FFree,FFree,FFree,FFree,FFree,FFree,FFree,FFree,FFree,FFree,FFree,FFree,FFree,FFree,FFree,FFree,FFree,FFree,FFree,FFree,FFree,FFree,FFree,FFree,FFree,FFree,FFree,FFree,FFree,FFree,FFree,FFree,FFree,FFree,FFree,FFree,FFree,FFree,FFree,FFree,FFree,FFree,FFree,FFree,FFree,FFree,FFree,,,,,,,,,,,,,,,,,,,,,,,,,,,,,,,
IF 200,FFree,FFree,FFree,FFree,FFree,FFree,FFree,FFree,FFree,FFree,FFree,FFree,FFree,FFree,FFree,FFree,FFree,FFree,FFree,FFree,FFree,FFree,FFree,FFree,FFree,FFree,FFree,FFree,FFree,FFree,FFree,FFree,FFree,FFree,FFree,FFree,FFree,FFree,FFree,FFree,FFree,FFree,FFree,FFree,FFree,FFree,FFree,FFree,FFree,FFree,FFree,FFree,FFree,FFree,FFree,FFree,FFree,FFree,FFree,FFree,FFree,FFree,FFree,FFree,FFree,FFree,FFree,FFree,FFree,FFree,FFree,FFree,FFree,FFree,FFree,FFree,FFree,FFree,FFree,FFree,FFree,FFree
IF 201,FFree,FFree,FFree,FFree,FFree,FFree,FFree,FFree,FFree,FFree,FFree,FFree,FFree,FFree,FFree,FFree,FFree,FFree,FFree,FFree,FFree,FFree,FFree,FFree,FFree,FFree,FFree,FFree,FFree,FFree,FFree,FFree,FFree,FFree,FFree,FFree,FFree,FFree,FFree,FFree,FFree,FFree,FFree,FFree,FFree,FFree,FFree,FFree,FFree,FFree,FFree,FFree,FFree,FFree,FFree,FFree,FFree,FFree,FFree,FFree,FFree,FFree,FFree,FFree,FFree,FFree,FFree,FFree,FFree,FFree,FFree,FFree,FFree,FFree,FFree,FFree,FFree,FFree,FFree,FFree,FFree,FFree
IF 301,FFree,FFree,FFree,FFree,FFree,FFree,FFree,FFree,FFree,FFree,FFree,FFree,FFree,FFree,FFree,FFree,FFree,FFree,FFree,FFree,FFree,FFree,FFree,FFree,FFree,FFree,FFree,FFree,FFree,FFree,FFree,FFree,FFree,FFree,FFree,FFree,FFree,FFree,FFree,FFree,FFree,FFree,FFree,FFree,FFree,FFree,FFree,FFree,FFree,FFree,FFree,FFree,FFree,FFree,FFree,FFree,FFree,FFree,FFree,FFree,FFree,FFree,FFree,FFree,FFree,FFree,FFree,FFree,FFree,FFree,FFree,FFree,FFree,FFree,FFree,FFree,FFree,FFree,FFree,FFree,FFree,FFree
IF 333,FFree,FFree,FFree,FFree,FFree,FFree,FFree,FFree,FFree,FFree,FFree,FFree,FFree,FFree,FFree,FFree,FFree,FFree,FFree,FFree,FFree,FFree,FFree,FFree,FFree,FFree,FFree,FFree,FFree,FFree,FFree,FFree,FFree,FFree,FFree,FFree,FFree,FFree,FFree,FFree,FFree,FFree,FFree,FFree,FFree,FFree,FFree,FFree,FFree,FFree,FFree,FFree,FFree,FFree,FFree,FFree,FFree,FFree,FFree,FFree,FFree,FFree,FFree,FFree,FFree,FFree,FFree,FFree,FFree,FFree,FFree,FFree,FFree,FFree,FFree,FFree,FFree,FFree,FFree,FFree,FFree,FFree
IF 401,FFree,FFree,FFree,FFree,FFree,FFree,FFree,FFree,FFree,FFree,FFree,FFree,FFree,FFree,FFree,FFree,FFree,FFree,FFree,FFree,FFree,FFree,FFree,FFree,FFree,FFree,FFree,FFree,FFree,FFree,FFree,FFree,FFree,FFree,FFree,FFree,FFree,FFree,FFree,FFree,FFree,FFree,FFree,FFree,FFree,FFree,FFree,FFree,FFree,FFree,FFree,FFree,FFree,FFree,FFree,FFree,FFree,FFree,FFree,FFree,FFree,FFree,FFree,FFree,FFree,FFree,FFree,FFree,FFree,FFree,FFree,FFree,,,,,,,,,,
IF 402,FFree,FFree,FFree,FFree,FFree,FFree,FFree,FFree,FFree,FFree,FFree,FFree,FFree,FFree,FFree,FFree,FFree,FFree,FFree,FFree,FFree,FFree,FFree,FFree,FFree,FFree,FFree,FFree,FFree,FFree,FFree,FFree,FFree,FFree,FFree,FFree,FFree,FFree,FFree,FFree,FFree,FFree,FFree,FFree,FFree,FFree,FFree,FFree,FFree,FFree,FFree,FFree,FFree,FFree,FFree,FFree,FFree,FFree,FFree,FFree,FFree,FFree,FFree,FFree,FFree,FFree,FFree,FFree,FFree,FFree,FFree,FFree,FFree,FFree,FFree,FFree,FFree,FFree,FFree,FFree,FFree,FFree
IF 405,FFree,FFree,FFree,FFree,FFree,FFree,FFree,FFree,FFree,FFree,FFree,FFree,FFree,FFree,FFree,FFree,FFree,FFree,FFree,FFree,FFree,FFree,FFree,FFree,FFree,FFree,FFree,FFree,FFree,FFree,FFree,FFree,FFree,FFree,FFree,FFree,FFree,FFree,FFree,FFree,FFree,FFree,FFree,FFree,FFree,FFree,FFree,FFree,FFree,FFree,FFree,FFree,FFree,FFree,FFree,FFree,FFree,FFree,FFree,FFree,FFree,FFree,FFree,FFree,FFree,FFree,FFree,FFree,FFree,FFree,FFree,FFree,FFree,FFree,FFree,FFree,FFree,FFree,FFree,FFree,FFree,FFree
IF 467,FFree,FFree,FFree,FFree,FFree,FFree,FFree,FFree,FFree,FFree,FFree,FFree,FFree,FFree,FFree,FFree,FFree,FFree,FFree,FFree,FFree,FFree,FFree,FFree,FFree,FFree,FFree,FFree,FFree,FFree,FFree,FFree,FFree,FFree,FFree,FFree,FFree,FFree,FFree,FFree,FFree,FFree,FFree,FFree,FFree,FFree,FFree,FFree,FFree,FFree,FFree,FFree,FFree,FFree,FFree,FFree,FFree,FFree,FFree,FFree,FFree,FFree,FFree,FFree,FFree,FFree,FFree,FFree,FFree,FFree,FFree,FFree,FFree,FFree,FFree,FFree,FFree,FFree,FFree,FFree,FFree,FFree
IR 201,FFree:A,FFree:A,FFree:A,FFree:A,FFree:A,FFree:A,FFree:A,FFree:A,FFree:A,FFree:A,FFree:A,FFree:A,FFree:A,FFree:A,FFree:A,FFree:A,FFree:A,FFree:A,FFree:A,FFree:A,FFree:A,FFree:A,FFree:A,FFree:A,FFree:A,FFree:A,FFree:A,FFree:A,FFree:A,FFree:A,FFree:A,FFree:A,FFree:A,FFree:A,FFree:A,FFree:A,FFree:A,FFree:A,FFree:A,FFree:A,FFree:A,FFree:A,FFree:A,FFree:A,FFree:A,FFree:A,FFree:A,FFree:A,FFree:A,FFree:A,FFree:A,FFree:A,FFree:A,FFree:A,FFree:A,FFree:A,FFree:A,FFree:A,FFree:A,FFree:A,FFree:A,FFree:A,FFree:A,FFree:A,FFree:A,FFree:A,FFree:A,FFree:A,FFree:A,FFree:A,FFree:A,FFree:A,FFree:A,FFree:A,FFree:A,FFree:A,FFree:A,FFree:A,FFree:A,FFree:A,FFree:A,FFree:A
IR 291,FFree:A,FFree:A,FFree:A,FFree:A,FFree:A,FFree:A,FFree:A,FFree:A,FFree:A,FFree:A,FFree:A,FFree:A,FFree:A,FFree:A,FFree:A,FFree:A,FFree:A,FFree:A,FFree:A,FFree:A,FFree:A,FFree:A,,,,,,,,,,,,,,,,,,,,,,,,,,,,,,,,,,,,,,,,,,,,,,,,,,,,,,,,,,,,
IR 292,FFree:A,FFree:A,FFree:A,FFree:A,FFree:A,FFree:A,FFree:A,FFree:A,FFree:A,FFree:A,FFree:A,FFree:A,FFree:A,FFree:A,FFree:A,FFree:A,FFree:A,FFree:A,FFree:A,FFree:A,FFree:A,,,,,,,,,,,,,,,,,,,,,,,,,,,,,,,,,,,,,,,,,,,,,,,,,,,,,,,,,,,,,
IR 301,FFree,FFree,FFree,FFree,FFree,FFree,FFree,FFree,FFree,FFree,FFree,FFree,FFree,FFree,FFree,FFree,FFree,FFree,FFree,FFree,FFree,FFree,FFree,FFree,FFree,FFree,FFree,FFree,FFree,FFree,FFree:A,FFree:A,FFree:A,FFree:A,FFree:A,FFree:A,FFree:A,FFree:A,FFree:A,FFree:A,FFree:A,FFree:A,FFree:A,FFree:A,FFree:A,FFree:A,FFree:A,FFree:A,FFree:A,FFree:A,FFree:A,FFree:A,FFree:A,FFree:A,FFree:A,FFree:A,FFree:A,FFree:A,FFree:A,FFree:A,FFree:A,FFree:A,FFree:A,FFree:A,FFree:A,FFree:A,FFree:A,FFree:A,FFree:A,FFree:A,FFree:A,FFree:A,FFree:A,FFree:A,FFree:A,FFree:A,FFree:A,FFree:A,FFree:A,FFree:A,FFree:A,FFree:A
IR 310,FFree,FFree,FFree,FFree,FFree,FFree,FFree,FFree,FFree,FFree,FFree,FFree,FFree,FFree,FFree,FFree,FFree,FFree,FFree,FFree,FFree,FFree,FFree,FFree,FFree,FFree,FFree,FFree,FFree,FFree,FFree,FFree,FFree,FFree,,,,,,,,,,,,,,,,,,,,,,,,,,,,,,,,,,,,,,,,,,,,,,,,
IR 311,FFree,FFree,FFree,FFree,FFree,FFree,FFree,FFree,FFree,FFree,FFree,FFree,FFree,FFree,FFree,FFree,FFree,FFree,FFree,FFree,FFree,FFree,FFree,FFree,FFree,FFree,FFree,FFree,FFree,FFree,FFree,FFree,FFree,FFree,,,,,,,,,,,,,,,,,,,,,,,,,,,,,,,,,,,,,,,,,,,,,,,,
IR 312,FFree,FFree,FFree,FFree,FFree,FFree,FFree,FFree,FFree,FFree,FFree,FFree,FFree,FFree,FFree,FFree,FFree,FFree,FFree,FFree,FFree,FFree,FFree,FFree,FFree,FFree,FFree,FFree,FFree,FFree,FFree,FFree,FFree,FFree,FFree,FFree,FFree,FFree,FFree,,,,,,,,,,,,,,,,,,,,,,,,,,,,,,,,,,,,,,,,,,,
IR 341,FFree,FFree,FFree,FFree,FFree,FFree,FFree,FFree,FFree,FFree,FFree,FFree,FFree,FFree,FFree,FFree,FFree,FFree,FFree,FFree,FFree,FFree,FFree,FFree,FFree,FFree,FFree,FFree,FFree,FFree,FFree,FFree,FFree,FFree,FFree,FFree,FFree,FFree,FFree,FFree,FFree,FFree,FFree,FFree,FFree,FFree,FFree,FFree,FFree,FFree,FFree,FFree,FFree,FFree,FFree,FFree,FFree,FFree,FFree,FFree,FFree,FFree,FFree,FFree,FFree,FFree,FFree,FFree,FFree,FFree,FFree,FFree,FFree,FFree,FFree,FFree,FFree,FFree,FFree,FFree,FFree,FFree
IR 342,FFree,FFree,FFree,FFree,FFree,FFree,FFree,FFree,FFree,FFree,FFree,FFree,FFree,FFree,FFree,FFree,FFree,FFree,FFree,FFree,FFree,FFree:A,FFree:A,FFree:A,FFree,FFree,FFree,FFree,FFree,FFree,FFree,FFree,FFree,FFree,FFree,FFree,FFree,FFree,FFree,FFree,FFree,FFree,FFree,FFree,FFree,FFree,FFree,FFree,FFree,FFree,FFree,FFree,FFree,FFree,FFree,FFree,FFree,FFree,FFree,FFree,FFree,FFree,FFree,FFree,FFree,FFree,FFree,FFree,FFree,FFree,FFree,FFree,FFree,FFree,FFree,FFree,FFree,FFree,FFree,FFree,FFree,FFree
IR 389,FFree,FFree,FFree,FFree,FFree,FFree,FFree,FFree,FFree,FFree,FFree,FFree,FFree,FFree,FFree,FFree,FFree,FFree,FFree,FFree,FFree,FFree,FFree,FFree,FFree,FFree,FFree,FFree,FFree,FFree,FFree,FFree,FFree,FFree,FFree,FFree,FFree,FFree,FFree,FFree,FFree,FFree,FFree,FFree,FFree,FFree,FFree,FFree,FFree,FFree,FFree,FFree,FFree,FFree,FFree,FFree,FFree,FFree,FFree,FFree,FFree,FFree,FFree,,,,,,,,,,,,,,,,,,,
IR 391,FFree,FFree,FFree,FFree,FFree,FFree,FFree,FFree,FFree,FFree,FFree,FFree,FFree,FFree,FFree,FFree,FFree,FFree,FFree,FFree,FFree,FFree,FFree,FFree,FFree,FFree,FFree,FFree,FFree,FFree,FFree:A,FFree:A,FFree:A,FFree:A,FFree:A,FFree:A,FFree:A,FFree:A,FFree:A,FFree:A,FFree:A,FFree:A,FFree:A,FFree:A,FFree:A,FFree:A,FFree:A,FFree:A,FFree:A,FFree:A,FFree:A,FFree:A,FFree:A,FFree:A,FFree:A,FFree:A,FFree:A,FFree:A,FFree:A,FFree:A,FFree:A,FFree:A,FFree:A,FFree:A,FFree:A,FFree:A,FFree:A,FFree:A,FFree:A,FFree:A,FFree:A,FFree:A,FFree:A,FFree:A,FFree:A,FFree:A,FFree:A,FFree:A,FFree:A,FFree:A,FFree:A,FFree:A
IR 392,FFree,FFree,FFree,FFree,FFree,FFree,FFree,FFree,FFree,FFree,FFree,FFree,FFree,FFree,FFree,FFree,FFree,FFree,FFree,FFree,FFree,FFree,FFree,FFree,FFree,FFree,FFree,FFree,FFree,FFree,FFree,FFree,FFree,FFree,FFree,FFree,FFree,FFree,FFree,FFree,FFree,FFree,FFree,FFree,FFree,FFree,FFree,FFree,FFree,FFree,FFree,FFree,FFree,FFree,FFree,FFree,FFree,FFree,FFree,FFree,FFree,FFree,FFree,FFree,FFree,FFree,FFree,FFree,FFree,FFree,FFree,FFree,FFree,FFree,FFree,FFree,FFree,FFree,FFree,FFree,FFree,FFree
IR 393,FFree,FFree,FFree,FFree,FFree,FFree,FFree,FFree,FFree,FFree,FFree,FFree,FFree,FFree,FFree,FFree,FFree,FFree,FFree,FFree,FFree,FFree,FFree,FFree,FFree,FFree,,,,,,,,,,,,,,,,,,,,,,,,,,,,,,,,,,,,,,,,,,,,,,,,,,,,,,,,
IR 394,FFree,FFree,FFree,FFree,FFree,FFree,FFree,FFree,FFree,FFree,FFree,FFree,FFree,FFree,FFree,FFree,FFree,FFree,FFree,FFree,FFree,FFree,FFree,FFree,FFree,FFree,FFree,FFree,FFree,FFree,FFree:A,FFree:A,FFree:A,FFree:A,FFree:A,FFree:A,FFree:A,FFree:A,FFree:A,FFree:A,FFree:A,FFree:A,FFree:A,FFree:A,FFree:A,FFree:A,FFree:A,FFree:A,FFree:A,FFree:A,FFree:A,FFree:A,FFree:A,FFree:A,FFree:A,FFree:A,FFree:A,FFree:A,FFree:A,FFree:A,FFree:A,FFree:A,FFree:A,FFree:A,FFree:A,FFree:A,FFree:A,FFree:A,FFree:A,FFree:A,FFree:A,FFree:A,FFree:A,FFree:A,FFree:A,FFree:A,FFree:A,FFree:A,FFree:A,FFree:A,FFree:A,FFree:A
IR 400,FFree,FFree,FFree,FFree,FFree,FFree,FFree,FFree,FFree,FFree,FFree,FFree,FFree,FFree,FFree,FFree,FFree,FFree,FFree,FFree,FFree,FFree,FFree,FFree,FFree,FFree,FFree,FFree,FFree,FFree,FFree,FFree,FFree,FFree,FFree,FFree,FFree,FFree,FFree,FFree,FFree,FFree,FFree,FFree,FFree,FFree,FFree,FFree,FFree,FFree,FFree,FFree,FFree,FFree,FFree,FFree,FFree,FFree,FFree,FFree,FFree,FFree,FFree,,,,,,,,,,,,,,,,,,,
IR 401,FFree,FFree,FFree,FFree,FFree,FFree,FFree,FFree,FFree,FFree,FFree,FFree,FFree,FFree,FFree,FFree,FFree,FFree,FFree,FFree,FFree,FFree,FFree,FFree,FFree,FFree,FFree,FFree,FFree,FFree,FFree,FFree,FFree,FFree,FFree,FFree,FFree,FFree,FFree,FFree,FFree,FFree,,,,,,,,,,,,,,,,,,,,,,,,,,,,,,,,,,,,,,,,
IR 402,FFree,FFree,FFree,FFree,FFree,FFree,FFree,FFree,FFree,FFree,FFree,FFree,FFree,FFree,FFree,FFree,FFree,FFree,FFree,FFree,FFree,FFree,FFree,FFree,FFree,FFree,FFree,FFree,FFree,FFree,FFree,FFree,FFree,FFree,FFree,FFree,FFree,FFree,FFree,FFree,FFree,FFree,FFree,FFree,FFree,FFree,FFree,FFree,FFree,FFree,FFree,FFree,FFree,FFree,FFree,FFree,FFree,FFree,FFree,FFree,FFree,FFree,FFree,FFree,FFree,FFree,FFree,FFree,FFree,FFree,FFree,FFree,FFree,FFree,FFree,FFree,FFree,FFree,FFree,FFree,FFree,FFree
IR 403,FFree,FFree,FFree,FFree,FFree,FFree,FFree,FFree,FFree,FFree,FFree,FFree,FFree,FFree,FFree,FFree,FFree,FFree,FFree,FFree,FFree,FFree,FFree,FFree,FFree,FFree,FFree,FFree,FFree,FFree,FFree,FFree,FFree,FFree,FFree,FFree,FFree,FFree,FFree,FFree,FFree,FFree,FFree,FFree,FFree,FFree,FFree,FFree,FFree,FFree,FFree,FFree,FFree,FFree,FFree,FFree,FFree,FFree,FFree,FFree,FFree,,,,,,,,,,,,,,,,,,,,,
IR 404,FFree,FFree,FFree,FFree,FFree,FFree,FFree,FFree,FFree,FFree,FFree,FFree,FFree,FFree,FFree,FFree,FFree,FFree,FFree,FFree,FFree,FFree,FFree,FFree,FFree,FFree,FFree,FFree,FFree,FFree,FFree,FFree,FFree,FFree,FFree,FFree,FFree,FFree,FFree,FFree,FFree,FFree,FFree,FFree,FFree,FFree,FFree,FFree,FFree,FFree,FFree,FFree,FFree,FFree,FFree,FFree,FFree,FFree,FFree,FFree,,,,,,,,,,,,,,,,,,,,,,
IR 405,FFree,FFree,FFree,FFree,FFree,FFree,FFree,FFree,FFree,FFree,FFree,FFree,FFree,FFree,FFree,FFree,FFree,FFree,FFree,FFree,FFree,FFree,FFree,FFree,FFree,FFree,FFree,FFree,FFree,FFree,FFree,FFree,FFree,FFree,FFree,FFree,FFree,FFree,FFree,FFree,FFree,FFree,FFree,FFree,FFree,FFree,FFree,FFree,FFree,FFree,FFree,FFree,FFree,FFree,FFree,FFree,FFree,FFree,FFree,FFree,FFree,FFree,FFree,FFree,FFree,FFree,FFree,FFree,FFree,FFree,FFree,FFree,FFree,FFree,FFree,FFree,FFree,FFree,FFree,FFree,FFree,FFree
IR 406,FFree,FFree,FFree,FFree,FFree,FFree,FFree,FFree,FFree,FFree,FFree,FFree,FFree,FFree,FFree,FFree,FFree,FFree,FFree,FFree,FFree,FFree,FFree,FFree,FFree,FFree,FFree,FFree,FFree,FFree,FFree,FFree,FFree,FFree,FFree,FFree,FFree,FFree,FFree,FFree,FFree,FFree,FFree,FFree,FFree,,,,,,,,,,,,,,,,,,,,,,,,,,,,,,,,,,,,,
IR 407,FFree,FFree,FFree,FFree,FFree,FFree,FFree,FFree,FFree,FFree,FFree,FFree,FFree,FFree,FFree,FFree,FFree,FFree,FFree,FFree,FFree,FFree,FFree,FFree,FFree,FFree,FFree,FFree,FFree,FFree,FFree,FFree,FFree,FFree,FFree,FFree,FFree,FFree,FFree,FFree,FFree,FFree,FFree,,,,,,,,,,,,,,,,,,,,,,,,,,,,,,,,,,,,,,,
IR 410,FFree,FFree,FFree,FFree,FFree,FFree,FFree,FFree,FFree,FFree,FFree,FFree,FFree,FFree,FFree,FFree,FFree,FFree,FFree,FFree,FFree,FFree,FFree,FFree,FFree,FFree,FFree,FFree,FFree,FFree,FFree,FFree,FFree,FFree,FFree,FFree,FFree,FFree,FFree,FFree,FFree,FFree,FFree,FFree,FFree,FFree,FFree,FFree,FFree,FFree,FFree,FFree,FFree,FFree,FFree,FFree,FFree,FFree,FFree,FFree,FFree,FFree,FFree,FFree,FFree,FFree,FFree,FFree,FFree,FFree,FFree,FFree,FFree,FFree,FFree,FFree,FFree,FFree,FFree,FFree,FFree,FFree
IR 411,FFree,FFree,FFree,FFree,FFree,FFree,FFree,FFree,FFree,FFree,FFree,FFree,FFree,FFree,FFree,FFree,FFree,FFree,FFree,FFree,FFree,FFree,FFree,FFree,FFree,FFree,FFree,FFree,FFree,FFree,FFree,FFree,FFree,FFree,,,,,,,,,,,,,,,,,,,,,,,,,,,,,,,,,,,,,,,,,,,,,,,,
IR 489,FFree,FFree,FFree,FFree,FFree,FFree,FFree,FFree,FFree,FFree,FFree,FFree,FFree,FFree,FFree,FFree,FFree,FFree,FFree,FFree,FFree,FFree,FFree,FFree,FFree,FFree,FFree,FFree,FFree,FFree,FFree,FFree,FFree,FFree,FFree,FFree,FFree,FFree,FFree,FFree,FFree,FFree,FFree,FFree,FFree,FFree,FFree,FFree,FFree,FFree,FFree,FFree,FFree,FFree,FFree,FFree,FFree,FFree,FFree,FFree,FFree,FFree,FFree,FFree,FFree,FFree,FFree,FFree,FFree,FFree,FFree,FFree,FFree,FFree,FFree,FFree,FFree,FFree,FFree,FFree,FFree,FFree
IR 493,FFree,FFree,FFree,FFree,FFree,FFree,FFree,FFree,FFree,FFree,FFree,FFree,FFree,FFree,FFree,FFree,FFree,FFree,FFree,FFree,FFree,FFree,FFree,FFree,FFree,FFree,FFree,FFree,FFree,FFree,FFree,FFree,FFree,FFree,FFree,FFree,FFree,FFree,FFree,FFree,FFree,FFree,FFree,FFree,FFree,FFree,FFree,FFree,FFree,FFree,FFree,FFree,FFree,FFree,FFree,FFree,FFree,FFree,FFree,FFree,FFree,FFree,FFree,,,,,,,,,,,,,,,,,,,
ITA 101,FFree,FFree,FFree,FFree,FFree,FFree,FFree,FFree,FFree,FFree,FFree,FFree,FFree,FFree,FFree,FFree,FFree,FFree,FFree,FFree,FFree,FFree,FFree,FFree,FFree,FFree,FFree,FFree,FFree,FFree,FFree,FFree,FFree,FFree,FFree,FFree,FFree,FFree,FFree,FFree,FFree,FFree,,,,,,,,,,,,,,,,,,,,,,,,,,,,,,,,,,,,,,,,
ITA 102,FFree,FFree,FFree,FFree,FFree,FFree,FFree,FFree,FFree,FFree,FFree,FFree,FFree,FFree,FFree,FFree,FFree,FFree,FFree,FFree,FFree,FFree,FFree,FFree,FFree,FFree,FFree,FFree,FFree,FFree,FFree,FFree,FFree,FFree,FFree,FFree,FFree,FFree,FFree,FFree,FFree,FFree,,,,,,,,,,,,,,,,,,,,,,,,,,,,,,,,,,,,,,,,
ITA 110,FFree,FFree,FFree,FFree,FFree,FFree,FFree,FFree,FFree,FFree,FFree,FFree,FFree,FFree,FFree,FFree,FFree,FFree,FFree,FFree,FFree,FFree,FFree,FFree,FFree,FFree,FFree,FFree,FFree,FFree,FFree,FFree,FFree,FFree,FFree,FFree,FFree,FFree,FFree,FFree,FFree,FFree,FFree,FFree,FFree,FFree,FFree,FFree,FFree,FFree,FFree,FFree,FFree,FFree,FFree,FFree,FFree,FFree,FFree,FFree,FFree,FFree,,,,,,,,,,,,,,,,,,,,
ITA 120,FFree,FFree,FFree,FFree,FFree,FFree,FFree,FFree,FFree,FFree,FFree,FFree,FFree,FFree,FFree,FFree,FFree,FFree,FFree,FFree,FFree,FFree,FFree,FFree,FFree,FFree,FFree,FFree,FFree,FFree,FFree,FFree,FFree,FFree,FFree,FFree,FFree,FFree,FFree,FFree,FFree,FFree,FFree,FFree,FFree,FFree,FFree,FFree,FFree,FFree,FFree,FFree,FFree,FFree,FFree,FFree,FFree,FFree,FFree,FFree,FFree,FFree,,,,,,,,,,,,,,,,,,,,
ITA 130,FFree,FFree,FFree,FFree,FFree,FFree,FFree,FFree,FFree,FFree,FFree,FFree,FFree,FFree,FFree,FFree,FFree,FFree,FFree,FFree,FFree,FFree,FFree,FFree,FFree,FFree,FFree,FFree,FFree,FFree,FFree,FFree,FFree,FFree,FFree,FFree,FFree,FFree,FFree,FFree,FFree,FFree,FFree,FFree,FFree,FFree,FFree,FFree,FFree,FFree,FFree,FFree,FFree,FFree,FFree,FFree,FFree,FFree,,,,,,,,,,,,,,,,,,,,,,,,
ITA 140,FFree,FFree,FFree,FFree,FFree,FFree,FFree,FFree,FFree,FFree,FFree,FFree,FFree,FFree,FFree,FFree,FFree,FFree,FFree,FFree,FFree,FFree,FFree,FFree,FFree,FFree,FFree,FFree,FFree,FFree,FFree,FFree,FFree,FFree,FFree,FFree,FFree,FFree,FFree,FFree,FFree,FFree,FFree,FFree,FFree,FFree,FFree,FFree,FFree,FFree,FFree,FFree,FFree,FFree,FFree,FFree,FFree,FFree,FFree,,,,,,,,,,,,,,,,,,,,,,,
ITA 201,FFree,FFree,FFree,FFree,FFree,FFree,FFree,FFree,FFree,FFree,FFree,FFree,FFree,FFree,FFree,FFree,FFree,FFree,FFree,FFree,FFree,FFree,FFree,FFree,FFree,FFree,FFree,FFree,FFree,FFree,FFree,FFree,FFree,FFree,FFree,FFree,FFree,FFree,FFree,FFree,FFree,FFree,,,,,,,,,,,,,,,,,,,,,,,,,,,,,,,,,,,,,,,,
ITA 202,FFree,FFree,FFree,FFree,FFree,FFree,FFree,FFree,FFree,FFree,FFree,FFree,FFree,FFree,FFree,FFree,FFree,FFree,FFree,FFree,FFree,FFree,FFree,FFree,FFree,FFree,FFree,FFree,FFree,FFree,FFree,FFree,FFree,FFree,FFree,FFree,FFree,FFree,FFree,FFree,FFree,FFree,,,,,,,,,,,,,,,,,,,,,,,,,,,,,,,,,,,,,,,,
ITA 301,FFree,FFree,FFree,FFree,FFree,FFree,FFree,FFree,FFree,FFree,FFree,FFree,FFree,FFree,FFree,FFree,FFree,FFree,FFree,FFree,FFree,FFree,FFree,FFree,FFree,FFree,FFree,FFree,FFree,FFree,FFree,FFree,FFree,FFree,FFree,FFree,FFree,FFree,FFree,FFree,FFree,FFree,,,,,,,,,,,,,,,,,,,,,,,,,,,,,,,,,,,,,,,,
ITA 302,FFree,FFree,FFree,FFree,FFree,FFree,FFree,FFree,FFree,FFree,FFree,FFree,FFree,FFree,FFree,FFree,FFree,FFree,FFree,FFree,FFree,FFree,FFree,FFree,FFree,FFree,FFree,FFree,FFree,FFree,FFree,FFree,FFree,FFree,FFree,FFree,FFree,FFree,FFree,FFree,FFree,FFree,,,,,,,,,,,,,,,,,,,,,,,,,,,,,,,,,,,,,,,,
ITA 401,FFree,FFree,FFree,FFree,FFree,FFree,FFree,FFree,FFree,FFree,FFree,FFree,FFree,FFree,FFree,FFree,FFree,FFree,FFree,FFree,FFree,FFree,FFree,FFree,FFree,FFree,FFree,FFree,FFree,FFree,FFree,FFree,FFree,FFree,FFree,FFree,FFree,FFree,FFree,FFree,FFree,FFree,,,,,,,,,,,,,,,,,,,,,,,,,,,,,,,,,,,,,,,,
ITA 402,FFree,FFree,FFree,FFree,FFree,FFree,FFree,FFree,FFree,FFree,FFree,FFree,FFree,FFree,FFree,FFree,FFree,FFree,FFree,FFree,FFree,FFree,FFree,FFree,FFree,FFree,FFree,FFree,FFree,FFree,FFree,FFree,FFree,FFree,FFree,FFree,FFree,FFree,FFree,FFree,FFree,FFree,,,,,,,,,,,,,,,,,,,,,,,,,,,,,,,,,,,,,,,,
JAP 101,FFree,FFree,FFree,FFree,FFree,FFree,FFree,FFree,FFree,FFree,FFree,FFree,FFree,FFree,FFree,FFree,FFree,FFree,FFree,FFree,FFree,FFree,FFree,FFree,FFree,FFree,FFree,FFree,FFree,FFree,FFree,FFree,FFree,FFree,FFree,FFree,FFree,FFree,FFree,FFree,FFree,FFree,,,,,,,,,,,,,,,,,,,,,,,,,,,,,,,,,,,,,,,,
JAP 102,FFree,FFree,FFree,FFree,FFree,FFree,FFree,FFree,FFree,FFree,FFree,FFree,FFree,FFree,FFree,FFree,FFree,FFree,FFree,FFree,FFree,FFree,FFree,FFree,FFree,FFree,FFree,FFree,FFree,FFree,FFree,FFree,FFree,FFree,FFree,FFree,FFree,FFree,FFree,FFree,FFree,FFree,,,,,,,,,,,,,,,,,,,,,,,,,,,,,,,,,,,,,,,,
JAP 110,FFree,FFree,FFree,FFree,FFree,FFree,FFree,FFree,FFree,FFree,FFree,FFree,FFree,FFree,FFree,FFree,FFree,FFree,FFree,FFree,FFree,FFree,FFree,FFree,FFree,FFree,FFree,FFree,FFree,FFree,FFree,FFree,FFree,FFree,FFree,FFree,FFree,FFree,FFree,FFree,FFree,FFree,FFree,FFree,FFree,FFree,,,,,,,,,,,,,,,,,,,,,,,,,,,,,,,,,,,,
JAP 120,FFree,FFree,FFree,FFree,FFree,FFree,FFree,FFree,FFree,FFree,FFree,FFree,FFree,FFree,FFree,FFree,FFree,FFree,FFree,FFree,FFree,FFree,FFree,FFree,FFree,FFree,FFree,FFree,FFree,FFree,FFree,FFree,FFree,FFree,FFree,FFree,FFree,FFree,FFree,FFree,FFree,FFree,FFree,FFree,FFree,FFree,FFree,,,,,,,,,,,,,,,,,,,,,,,,,,,,,,,,,,,
JAP 130,FFree,FFree,FFree,FFree,FFree,FFree,FFree,FFree,FFree,FFree,FFree,FFree,FFree,FFree,FFree,FFree,FFree,FFree,FFree,FFree,FFree,FFree,FFree,FFree,FFree,FFree,FFree,FFree,FFree,FFree,FFree,FFree,FFree,FFree,FFree,FFree,FFree,FFree,FFree,FFree,FFree,FFree,FFree,FFree,,,,,,,,,,,,,,,,,,,,,,,,,,,,,,,,,,,,,,
JAP 140,FFree,FFree,FFree,FFree,FFree,FFree,FFree,FFree,FFree,FFree,FFree,FFree,FFree,FFree,FFree,FFree,FFree,FFree,FFree,FFree,FFree,FFree,FFree,FFree,FFree,FFree,FFree,FFree,FFree,FFree,FFree,FFree,FFree,FFree,FFree,FFree,FFree,FFree,FFree,FFree,FFree,FFree,FFree,FFree,FFree,FFree,,,,,,,,,,,,,,,,,,,,,,,,,,,,,,,,,,,,
JAP 150,FFree,FFree,FFree,FFree,FFree,FFree,FFree,FFree,FFree,FFree,FFree,FFree,FFree,FFree,FFree,FFree,FFree,FFree,FFree,FFree,FFree,FFree,FFree,FFree,FFree,FFree,FFree,FFree,FFree,FFree,FFree,FFree,FFree,FFree,FFree,FFree,FFree,FFree,FFree,FFree,FFree,FFree,FFree,FFree,FFree,FFree,FFree,,,,,,,,,,,,,,,,,,,,,,,,,,,,,,,,,,,
JAP 201,FFree,FFree,FFree,FFree,FFree,FFree,FFree,FFree,FFree,FFree,FFree,FFree,FFree,FFree,FFree,FFree,FFree,FFree,FFree,FFree,FFree,FFree,FFree,FFree,FFree,FFree,FFree,FFree,FFree,FFree,FFree,FFree,FFree,FFree,FFree,FFree,FFree,FFree,FFree,FFree,FFree,FFree,,,,,,,,,,,,,,,,,,,,,,,,,,,,,,,,,,,,,,,,
JAP 202,FFree,FFree,FFree,FFree,FFree,FFree,FFree,FFree,FFree,FFree,FFree,FFree,FFree,FFree,FFree,FFree,FFree,FFree,FFree,FFree,FFree,FFree,FFree,FFree,FFree,FFree,FFree,FFree,FFree,FFree,FFree,FFree,FFree,FFree,FFree,FFree,FFree,FFree,FFree,FFree,FFree,FFree,,,,,,,,,,,,,,,,,,,,,,,,,,,,,,,,,,,,,,,,
JAP 301,FFree,FFree,FFree,FFree,FFree,FFree,FFree,FFree,FFree,FFree,FFree,FFree,FFree,FFree,FFree,FFree,FFree,FFree,FFree,FFree,FFree,FFree,FFree,FFree,FFree,FFree,FFree,FFree,FFree,FFree,FFree,FFree,FFree,FFree,FFree,FFree,FFree,FFree,FFree,FFree,FFree,FFree,,,,,,,,,,,,,,,,,,,,,,,,,,,,,,,,,,,,,,,,
JAP 302,FFree,FFree,FFree,FFree,FFree,FFree,FFree,FFree,FFree,FFree,FFree,FFree,FFree,FFree,FFree,FFree,FFree,FFree,FFree,FFree,FFree,FFree,FFree,FFree,FFree,FFree,FFree,FFree,FFree,FFree,FFree,FFree,FFree,FFree,FFree,FFree,FFree,FFree,FFree,FFree,FFree,FFree,,,,,,,,,,,,,,,,,,,,,,,,,,,,,,,,,,,,,,,,
JAP 401,FFree,FFree,FFree,FFree,FFree,FFree,FFree,FFree,FFree,FFree,FFree,FFree,FFree,FFree,FFree,FFree,FFree,FFree,FFree,FFree,FFree,FFree,FFree,FFree,FFree,FFree,FFree,FFree,FFree,FFree,FFree,FFree,FFree,FFree,FFree,FFree,FFree,FFree,FFree,FFree,FFree,FFree,,,,,,,,,,,,,,,,,,,,,,,,,,,,,,,,,,,,,,,,
KUR 101,FFree,FFree,FFree,FFree,FFree,FFree,FFree,FFree,FFree,FFree,FFree,FFree,FFree,FFree,FFree,FFree,FFree,FFree,FFree,FFree,FFree,FFree,FFree,FFree,FFree,FFree,FFree,FFree,FFree,FFree,FFree,FFree,FFree,FFree,FFree,FFree,FFree,FFree,FFree,FFree,FFree,FFree,,,,,,,,,,,,,,,,,,,,,,,,,,,,,,,,,,,,,,,,
KUR 102,FFree,FFree,FFree,FFree,FFree,FFree,FFree,FFree,FFree,FFree,FFree,FFree,FFree,FFree,FFree,FFree,FFree,FFree,FFree,FFree,FFree,FFree,FFree,FFree,FFree,FFree,FFree,FFree,FFree,FFree,FFree,FFree,FFree,FFree,FFree,FFree,FFree,FFree,FFree,FFree,FFree,FFree,,,,,,,,,,,,,,,,,,,,,,,,,,,,,,,,,,,,,,,,
KUR 110,FFree,FFree,FFree,FFree,FFree,FFree,FFree,FFree,FFree,FFree,FFree,FFree,FFree,FFree,FFree,FFree,FFree,FFree,FFree,FFree,FFree,FFree,FFree,FFree,FFree,FFree,FFree,FFree,FFree,FFree,FFree,FFree,FFree,FFree,FFree,FFree,FFree,FFree,FFree,FFree,FFree,FFree,FFree,,,,,,,,,,,,,,,,,,,,,,,,,,,,,,,,,,,,,,,
KUR 120,FFree,FFree,FFree,FFree,FFree,FFree,FFree,FFree,FFree,FFree,FFree,FFree,FFree,FFree,FFree,FFree,FFree,FFree,FFree,FFree,FFree,FFree,FFree,FFree,FFree,FFree,FFree,FFree,FFree,FFree,FFree,FFree,FFree,FFree,FFree,FFree,FFree,FFree,FFree,FFree,FFree,FFree,FFree,,,,,,,,,,,,,,,,,,,,,,,,,,,,,,,,,,,,,,,
KUR 130,FFree,FFree,FFree,FFree,FFree,FFree,FFree,FFree,FFree,FFree,FFree,FFree,FFree,FFree,FFree,FFree,FFree,FFree,FFree,FFree,FFree,FFree,FFree,FFree,FFree,FFree,FFree,FFree,FFree,FFree,FFree,FFree,FFree,FFree,FFree,FFree,FFree,FFree,FFree,FFree,FFree,FFree,FFree,FFree,,,,,,,,,,,,,,,,,,,,,,,,,,,,,,,,,,,,,,
KUR 201,FFree,FFree,FFree,FFree,FFree,FFree,FFree,FFree,FFree,FFree,FFree,FFree,FFree,FFree,FFree,FFree,FFree,FFree,FFree,FFree,FFree,FFree,FFree,FFree,FFree,FFree,FFree,FFree,FFree,FFree,FFree,FFree,FFree,FFree,FFree,FFree,FFree,FFree,FFree,FFree,FFree,FFree,,,,,,,,,,,,,,,,,,,,,,,,,,,,,,,,,,,,,,,,
KUR 202,FFree,FFree,FFree,FFree,FFree,FFree,FFree,FFree,FFree,FFree,FFree,FFree,FFree,FFree,FFree,FFree,FFree,FFree,FFree,FFree,FFree,FFree,FFree,FFree,FFree,FFree,FFree,FFree,FFree,FFree,FFree,FFree,FFree,FFree,FFree,FFree,FFree,FFree,FFree,FFree,FFree,FFree,,,,,,,,,,,,,,,,,,,,,,,,,,,,,,,,,,,,,,,,
KUR 301,FFree,FFree,FFree,FFree,FFree,FFree,FFree,FFree,FFree,FFree,FFree,FFree,FFree,FFree,FFree,FFree,FFree,FFree,FFree,FFree,FFree,FFree,FFree,FFree,FFree,FFree,FFree,FFree,FFree,FFree,FFree,FFree,FFree,FFree,FFree,FFree,FFree,FFree,FFree,FFree,FFree,FFree,,,,,,,,,,,,,,,,,,,,,,,,,,,,,,,,,,,,,,,,
KUR 302,FFree,FFree,FFree,FFree,FFree,FFree,FFree,FFree,FFree,FFree,FFree,FFree,FFree,FFree,FFree,FFree,FFree,FFree,FFree,FFree,FFree,FFree,FFree,FFree,FFree,FFree,FFree,FFree,FFree,FFree,FFree,FFree,FFree,FFree,FFree,FFree,FFree,FFree,FFree,FFree,FFree,FFree,,,,,,,,,,,,,,,,,,,,,,,,,,,,,,,,,,,,,,,,
LAT 101,FFree,FFree,FFree,FFree,FFree,FFree,FFree,FFree,FFree,FFree,FFree,FFree,FFree,FFree,FFree,FFree,FFree,FFree,FFree,FFree,FFree,FFree,FFree,FFree,FFree,FFree,FFree,FFree,FFree,FFree,FFree,FFree,FFree,FFree,FFree,FFree,FFree,FFree,FFree,FFree,FFree,,,,,,,,,,,,,,,,,,,,,,,,,,,,,,,,,,,,,,,,,
LAT 102,FFree,FFree,FFree,FFree,FFree,FFree,FFree,FFree,FFree,FFree,FFree,FFree,FFree,FFree,FFree,FFree,FFree,FFree,FFree,FFree,FFree,FFree,FFree,FFree,FFree,FFree,FFree,FFree,FFree,FFree,FFree,FFree,FFree,FFree,FFree,FFree,FFree,FFree,FFree,FFree,FFree,,,,,,,,,,,,,,,,,,,,,,,,,,,,,,,,,,,,,,,,,
LAT 110,FFree,FFree,FFree,FFree,FFree,FFree,FFree,FFree,FFree,FFree,FFree,FFree,FFree,FFree,FFree,FFree,FFree,FFree,FFree,FFree,FFree,FFree,FFree,FFree,FFree,FFree,FFree,FFree,FFree,FFree,FFree,FFree,FFree,FFree,FFree,FFree,FFree,FFree,FFree,FFree,FFree,FFree,FFree,FFree,FFree,FFree,FFree,FFree,FFree,FFree,FFree,FFree,FFree,FFree,FFree,FFree,FFree,FFree,FFree,FFree,FFree,FFree,FFree,FFree,FFree,,,,,,,,,,,,,,,,,
LAT 120,FFree,FFree,FFree,FFree,FFree,FFree,FFree,FFree,FFree,FFree,FFree,FFree,FFree,FFree,FFree,FFree,FFree,FFree,FFree,FFree,FFree,FFree,FFree,FFree,FFree,FFree,FFree,FFree,FFree,FFree,FFree,FFree,FFree,FFree,FFree,FFree,FFree,FFree,FFree,FFree,FFree,FFree,FFree,FFree,FFree,FFree,FFree,FFree,FFree,FFree,FFree,FFree,FFree,FFree,FFree,FFree,FFree,FFree,FFree,FFree,FFree,FFree,FFree,FFree,FFree,,,,,,,,,,,,,,,,,
LAT 130,FFree,FFree,FFree,FFree,FFree,FFree,FFree,FFree,FFree,FFree,FFree,FFree,FFree,FFree,FFree,FFree,FFree,FFree,FFree,FFree,FFree,FFree,FFree,FFree,FFree,FFree,FFree,FFree,FFree,FFree,FFree,FFree,FFree,FFree,FFree,FFree,FFree,FFree,FFree,FFree,FFree,FFree,FFree,FFree,FFree,FFree,FFree,FFree,FFree,FFree,FFree,FFree,FFree,FFree,FFree,FFree,FFree,FFree,FFree,FFree,FFree,FFree,FFree,FFree,FFree,,,,,,,,,,,,,,,,,
LAT 140,FFree,FFree,FFree,FFree,FFree,FFree,FFree,FFree,FFree,FFree,FFree,FFree,FFree,FFree,FFree,FFree,FFree,FFree,FFree,FFree,FFree,FFree,FFree,FFree,FFree,FFree,FFree,FFree,FFree,FFree,FFree,FFree,FFree,FFree,FFree,FFree,FFree,FFree,FFree,FFree,FFree,FFree,FFree,FFree,FFree,FFree,FFree,FFree,FFree,FFree,FFree,FFree,FFree,FFree,FFree,FFree,FFree,FFree,FFree,FFree,FFree,FFree,FFree,FFree,FFree,,,,,,,,,,,,,,,,,
LAT 150,FFree,FFree,FFree,FFree,FFree,FFree,FFree,FFree,FFree,FFree,FFree,FFree,FFree,FFree,FFree,FFree,FFree,FFree,FFree,FFree,FFree,FFree,FFree,FFree,FFree,FFree,FFree,FFree,FFree,FFree,FFree,FFree,FFree,FFree,FFree,FFree,FFree,FFree,FFree,FFree,FFree,FFree,FFree,FFree,FFree,FFree,FFree,FFree,FFree,FFree,FFree,FFree,FFree,FFree,,,,,,,,,,,,,,,,,,,,,,,,,,,,
LAT 201,FFree,FFree,FFree,FFree,FFree,FFree,FFree,FFree,FFree,FFree,FFree,FFree,FFree,FFree,FFree,FFree,FFree,FFree,FFree,FFree,FFree,FFree,FFree,FFree,FFree,FFree,FFree,FFree,FFree,FFree,FFree,FFree,FFree,FFree,FFree,FFree,FFree,FFree,FFree,FFree,FFree,,,,,,,,,,,,,,,,,,,,,,,,,,,,,,,,,,,,,,,,,
LAT 202,FFree,FFree,FFree,FFree,FFree,FFree,FFree,FFree,FFree,FFree,FFree,FFree,FFree,FFree,FFree,FFree,FFree,FFree,FFree,FFree,FFree,FFree,FFree,FFree,FFree,FFree,FFree,FFree,FFree,FFree,FFree,FFree,FFree,FFree,FFree,FFree,FFree,FFree,FFree,FFree,FFree,,,,,,,,,,,,,,,,,,,,,,,,,,,,,,,,,,,,,,,,,
LAT 301,FFree,FFree,FFree,FFree,FFree,FFree,FFree,FFree,FFree,FFree,FFree,FFree,FFree,FFree,FFree,FFree,FFree,FFree,FFree,FFree,FFree,FFree,FFree,FFree,FFree,FFree,FFree,FFree,FFree,FFree,FFree,FFree,FFree,FFree,FFree,FFree,FFree,FFree,FFree,FFree,FFree,,,,,,,,,,,,,,,,,,,,,,,,,,,,,,,,,,,,,,,,,
LAT 302,FFree,FFree,FFree,FFree,FFree,FFree,FFree,FFree,FFree,FFree,FFree,FFree,FFree,FFree,FFree,FFree,FFree,FFree,FFree,FFree,FFree,FFree,FFree,FFree,FFree,FFree,FFree,FFree,FFree,FFree,FFree,FFree,FFree,FFree,FFree,FFree,FFree,FFree,FFree,FFree,FFree,,,,,,,,,,,,,,,,,,,,,,,,,,,,,,,,,,,,,,,,,
LAT 311,FFree,FFree,FFree,FFree,FFree,FFree,FFree,FFree,FFree,FFree,FFree,FFree,FFree,FFree,FFree,FFree,FFree,FFree,FFree,FFree,FFree,FFree,FFree,FFree,FFree,FFree,FFree,FFree,FFree,FFree,FFree,FFree,FFree,FFree,FFree,FFree,FFree,FFree,FFree,FFree,FFree,FFree,,,,,,,,,,,,,,,,,,,,,,,,,,,,,,,,,,,,,,,,
LAT 312,FFree,FFree,FFree,FFree,FFree,FFree,FFree,FFree,FFree,FFree,FFree,FFree,FFree,FFree,FFree,FFree,FFree,FFree,FFree,FFree,FFree,FFree,FFree,FFree,FFree,FFree,FFree,FFree,FFree,FFree,FFree,FFree,FFree,FFree,FFree,FFree,FFree,FFree,FFree,FFree,FFree,FFree,,,,,,,,,,,,,,,,,,,,,,,,,,,,,,,,,,,,,,,,
LAT 313,FFree,FFree,FFree,FFree,FFree,FFree,FFree,FFree,FFree,FFree,FFree,FFree,FFree,FFree,FFree,FFree,FFree,FFree,FFree,FFree,FFree,FFree,FFree,FFree,FFree,FFree,FFree,FFree,FFree,FFree,FFree,FFree,FFree,FFree,FFree,FFree,FFree,FFree,FFree,FFree,FFree,FFree,,,,,,,,,,,,,,,,,,,,,,,,,,,,,,,,,,,,,,,,
LAW 309,FFree,FFree,FFree,FFree,FFree,FFree,FFree,FFree,FFree,FFree,FFree,FFree,FFree,FFree,FFree,FFree,FFree,FFree,FFree,FFree,FFree,FFree,FFree,FFree,FFree,FFree,FFree,FFree,FFree,FFree,FFree,FFree,FFree,FFree,,,,,,,,,,,,,,,,,,,,,,,,,,,,,,,,,,,,,,,,,,,,,,,,
LAW 310,FFree,FFree,FFree,FFree,FFree,FFree,FFree,FFree,FFree,FFree,FFree,FFree,FFree,FFree,FFree,FFree,FFree,FFree,FFree,FFree,FFree,FFree,FFree,FFree,FFree,FFree,FFree,FFree,FFree,FFree,FFree,FFree,FFree,FFree,FFree,FFree,FFree,,,,,,,,,,,,,,,,,,,,,,,,,,,,,,,,,,,,,,,,,,,,,
LAW 311,FFree,FFree,FFree,FFree,FFree,FFree,FFree,FFree,FFree,FFree,FFree,FFree,FFree,FFree,FFree,FFree,FFree,FFree,FFree,FFree,FFree,FFree,FFree,FFree,FFree,FFree,FFree,FFree,FFree,FFree,FFree,FFree,FFree,FFree,FFree,FFree,FFree,FFree,FFree,FFree,FFree,FFree,FFree,FFree,FFree,FFree,FFree,FFree,FFree,FFree,FFree,FFree,FFree,FFree,FFree,FFree,FFree,FFree,FFree,FFree,FFree,FFree,FFree,FFree,FFree,FFree,FFree,FFree,FFree,FFree,FFree,FFree,FFree,FFree,FFree,FFree,FFree,FFree,FFree,FFree,FFree,FFree
LAW 312,FFree,FFree,FFree,FFree,FFree,FFree,FFree,FFree,FFree,FFree,FFree,FFree,FFree,FFree,FFree,FFree,FFree,FFree,FFree,FFree,FFree,FFree,FFree,FFree,FFree,FFree,FFree,FFree,FFree,FFree,FFree,FFree,FFree,FFree,FFree,FFree,FFree,FFree,FFree,FFree,FFree,FFree,FFree,FFree,FFree,FFree,FFree,FFree,FFree,FFree,FFree,FFree,FFree,FFree,FFree,FFree,FFree,FFree,FFree,FFree,FFree,FFree,FFree,FFree,FFree,FFree,FFree,FFree,FFree,FFree,FFree,FFree,FFree,FFree,FFree,FFree,FFree,FFree,FFree,FFree,FFree,FFree
LAW 401,FFree,FFree,FFree,FFree,FFree,FFree,FFree,FFree,FFree,FFree,FFree,FFree,FFree,FFree,FFree,FFree,FFree,FFree,FFree,FFree,FFree,FFree,FFree,FFree,FFree,FFree,FFree,FFree,FFree,FFree,FFree,FFree,FFree,FFree,FFree,FFree,FFree,FFree,FFree,FFree,FFree,FFree,,,,,,,,,,,,,,,,,,,,,,,,,,,,,,,,,,,,,,,,
LAW 403,FFree,FFree,FFree,FFree,FFree,FFree,FFree,FFree,FFree,FFree,FFree,FFree,FFree,FFree,FFree,FFree,FFree,FFree,FFree,FFree,FFree,FFree,FFree,FFree,FFree,FFree,FFree,FFree,FFree,FFree,FFree,FFree,FFree,FFree,FFree,FFree,FFree,FFree,FFree,FFree,FFree,FFree,FFree,FFree,FFree,FFree,FFree,FFree,FFree,FFree,FFree,FFree,FFree,FFree,,,,,,,,,,,,,,,,,,,,,,,,,,,,
LAW 404,FFree,FFree,FFree,FFree,FFree,FFree,FFree,FFree,FFree,FFree,FFree,FFree,FFree,FFree,FFree,FFree,FFree,FFree,FFree,FFree,FFree,FFree,FFree,FFree,FFree,FFree,FFree,FFree,FFree,FFree,FFree,FFree,FFree,FFree,FFree,FFree,FFree,FFree,FFree,FFree,FFree,FFree,FFree,FFree,FFree,FFree,FFree,FFree,,,,,,,,,,,,,,,,,,,,,,,,,,,,,,,,,,
MAN 250,FFree,FFree,FFree,FFree,FFree,FFree,FFree,FFree,FFree,FFree,FFree,FFree,FFree,FFree,FFree,,,,,,,,,,,,,,,,,,,,,,,,,,,,,,,,,,,,,,,,,,,,,,,,,,,,,,,,,,,,,,,,,,,
MAN 270,FFree:M,FFree:M,FFree:M,FFree:M,FFree:M,FFree:M,FFree:M,FFree:M,FFree:M,FFree:M,FFree:M,FFree:M,FFree:M,FFree:M,FFree:M,,,,,,,,,,,,,,,,,,,,,,,,,,,,,,,,,,,,,,,,,,,,,,,,,,,,,,,,,,,,,,,,,,,
MAN 350,FFree,FFree,FFree,FFree,FFree,FFree,FFree,FFree,FFree,FFree,FFree,,,,,,,,,,,,,,,,,,,,,,,,,,,,,,,,,,,,,,,,,,,,,,,,,,,,,,,,,,,,,,,,,,,,,,,
MAN 370,FFree:M,FFree:M,FFree:M,FFree:M,FFree:M,FFree:M,FFree:M,FFree:M,FFree:M,FFree:M,FFree:M,,,,,,,,,,,,,,,,,,,,,,,,,,,,,,,,,,,,,,,,,,,,,,,,,,,,,,,,,,,,,,,,,,,,,,,
MAN 380,FFree,FFree,FFree,FFree,FFree,FFree,FFree,FFree,FFree,FFree,FFree,FFree,FFree,FFree,FFree,,,,,,,,,,,,,,,,,,,,,,,,,,,,,,,,,,,,,,,,,,,,,,,,,,,,,,,,,,,,,,,,,,,
MAN 390,FFree,FFree,FFree,FFree,FFree,FFree,FFree,FFree,FFree,FFree,FFree,FFree,FFree,FFree,FFree,,,,,,,,,,,,,,,,,,,,,,,,,,,,,,,,,,,,,,,,,,,,,,,,,,,,,,,,,,,,,,,,,,,
MAN 410,FFree,FFree,FFree,FFree,FFree,FFree,FFree,FFree,FFree,FFree,FFree,FFree,FFree,FFree,FFree,,,,,,,,,,,,,,,,,,,,,,,,,,,,,,,,,,,,,,,,,,,,,,,,,,,,,,,,,,,,,,,,,,,
MAN 412,FFree,FFree,FFree,FFree,FFree,FFree,FFree,FFree,FFree,FFree,FFree,FFree,FFree,FFree,FFree,,,,,,,,,,,,,,,,,,,,,,,,,,,,,,,,,,,,,,,,,,,,,,,,,,,,,,,,,,,,,,,,,,,
MAN 486,FFree,FFree,FFree,FFree,FFree,FFree,FFree,FFree,FFree,FFree,FFree,FFree,FFree,FFree,FFree,,,,,,,,,,,,,,,,,,,,,,,,,,,,,,,,,,,,,,,,,,,,,,,,,,,,,,,,,,,,,,,,,,,
MATH 201,FFree:E,FFree:E,FFree:E,FFree:E,FFree:E,FFree:E,FFree:E,FFree:E,FFree:E,FFree:E,FFree:E,FFree:E,FFree:E,FFree:E,FFree:E,FFree:E,FFree:E,FFree:E,FFree:E,FFree:E,FFree:E,FFree:E,FFree:E,FFree:E,FFree:E,FFree:E,FFree:E,FFree:E,FFree:E,FFree:E,FFree:E,FFree:E,FFree:E,FFree:E,FFree:E,FFree:E,FFree:E,FFree:E,FFree:E,FFree:E,FFree:E,FFree:E,FFree:E,FFree:E,FFree:E,FFree:E,FFree:E,FFree:E,FFree:E,FFree:E,FFree:E,FFree:E,FFree:E,FFree:E,FFree:E,FFree:E,FFree:E,FFree:E,FFree:E,FFree:E,FFree:E,FFree:E,FFree:E,FFree:E,FFree:E,FFree:E,FFree:E,FFree:E,FFree:E,FFree:E,FFree:E,FFree:E,FFree:E,FFree:E,FFree:E,FFree:E,FFree:E,FFree:E,FFree:E,FFree:E,FFree:E,FFree:E
MATH 202,FFree:E,FFree:E,FFree:E,FFree:E,FFree:E,FFree:E,FFree:E,FFree:E,FFree:E,FFree:E,FFree:E,FFree:E,FFree:E,FFree:E,FFree:E,FFree:E,FFree:E,FFree:E,FFree:E,FFree:E,FFree:E,FFree:E,FFree:E,FFree:E,FFree:E,FFree:E,FFree:E,FFree:E,FFree:E,FFree:E,FFree:E,FFree:E,FFree:E,FFree:E,FFree:E,FFree:E,FFree:E,FFree:E,FFree:E,FFree:E,FFree:E,FFree:E,FFree:E,FFree:E,FFree:E,FFree:E,FFree:E,FFree:E,FFree:E,FFree:E,FFree:E,FFree:E,FFree:E,FFree:E,FFree:E,FFree:E,FFree:E,FFree:E,FFree:E,FFree:E,FFree:E,FFree:E,FFree:E,FFree:E,FFree:E,FFree:E,FFree:E,FFree:E,FFree:E,FFree:E,FFree:E,FFree:E,FFree:E,FFree:E,FFree:E,FFree:E,FFree:E,FFree:E,FFree:E,FFree:E,FFree:E,FFree:E
MATH 203,FFree:E,FFree:E,FFree:E,FFree:E,FFree:E,FFree:E,FFree:E,FFree:E,FFree:E,FFree:E,FFree:E,FFree:E,FFree:E,FFree:E,FFree:E,FFree:E,FFree:E,FFree:E,FFree:E,FFree:E,FFree:E,FFree:E,FFree:E,FFree:E,FFree:E,FFree:E,FFree:E,FFree:E,FFree:E,FFree:E,FFree:E,FFree:E,FFree:E,FFree:E,FFree:E,FFree:E,FFree:E,FFree:E,FFree:E,FFree:E,FFree:E,FFree:E,FFree:E,FFree:E,FFree:E,FFree:E,FFree:E,FFree:E,FFree:E,FFree:E,FFree:E,FFree:E,FFree:E,FFree:E,FFree:E,FFree:E,FFree:E,FFree:E,FFree:E,FFree:E,FFree:E,FFree:E,FFree:E,FFree:E,FFree:E,FFree:E,FFree:E,FFree:E,FFree:E,FFree:E,FFree:E,FFree:E,FFree:E,FFree:E,FFree:E,FFree:E,FFree:E,FFree:E,FFree:E,FFree:E,FFree:E,FFree:E
MATH 204,FFree:E,FFree:E,FFree:E,FFree:E,FFree:E,FFree:E,FFree:E,FFree:E,FFree:E,FFree:E,FFree:E,FFree:E,FFree:E,FFree:E,FFree:E,FFree:E,FFree:E,FFree:E,FFree:E,FFree:E,FFree:E,FFree:E,FFree:E,FFree:E,FFree:E,FFree:E,FFree:E,FFree:E,FFree:E,FFree:E,FFree:E,FFree:E,FFree:E,FFree:E,FFree:E,FFree:E,FFree:E,FFree:E,FFree:E,FFree:E,FFree:E,FFree:E,FFree:E,FFree:E,FFree:E,FFree:E,FFree:E,FFree:E,FFree:E,FFree:E,FFree:E,FFree:E,FFree:E,FFree:E,FFree:E,FFree:E,FFree:E,FFree:E,FFree:E,FFree:E,FFree:E,FFree:E,FFree:E,FFree:E,FFree:E,FFree:E,FFree:E,FFree:E,FFree:E,FFree:E,FFree:E,FFree:E,FFree:E,FFree:E,FFree:E,FFree:E,FFree:E,FFree:E,FFree:E,FFree:E,FFree:E,FFree:E
MATH 206,FFree,FFree,FFree,FFree,FFree,FFree,FFree,FFree,FFree,FFree,FFree,FFree,FFree,FFree,FFree,FFree,FFree,FFree,FFree,FFree,FFree,FFree,FFree,FFree,FFree,FFree,FFree,FFree,FFree,FFree,FFree,FFree,FFree,FFree,FFree,FFree,FFree,FFree,FFree,FFree,FFree,FFree,FFree,FFree,FFree,FFree,FFree,FFree,FFree,FFree,FFree,FFree,FFree,FFree,FFree,FFree,FFree,FFree,FFree,FFree,FFree,FFree,FFree,FFree,FFree,FFree,FFree,FFree,FFree,FFree,FFree,FFree,FFree,FFree,FFree,FFree,FFree,FFree,FFree,FFree,FFree,FFree
MATH 212,FFree:E,FFree:E,FFree:E,FFree:E,FFree:E,FFree:E,FFree:E,FFree:E,FFree:E,FFree:E,FFree:E,FFree:E,FFree:E,FFree:E,FFree:E,FFree:E,FFree:E,FFree:E,FFree:E,FFree:E,FFree:E,FFree:E,FFree:E,FFree:E,FFree:E,FFree:E,FFree:E,FFree:E,FFree:E,FFree:E,FFree:E,FFree:E,FFree:E,FFree:E,FFree:E,FFree:E,FFree:E,FFree:E,FFree:E,FFree:E,FFree:E,FFree:E,FFree:E,FFree:E,FFree:E,FFree:E,FFree:E,FFree:E,FFree:E,FFree:E,FFree:E,FFree:E,FFree:E,FFree:E,FFree:E,FFree:E,FFree:E,FFree:E,FFree:E,FFree:E,FFree:E,FFree:E,FFree:E,FFree:E,FFree:E,FFree:E,FFree:E,FFree:E,FFree:E,FFree:E,FFree:E,FFree:E,FFree:E,FFree:E,FFree:E,FFree:E,FFree:E,FFree:E,FFree:E,FFree:E,FFree:E,FFree:E
MATH 221,FFree,FFree,FFree,FFree,FFree,FFree,FFree,FFree,FFree,FFree,FFree,FFree,FFree,FFree,FFree,FFree,FFree,FFree,FFree,FFree,FFree,FFree,FFree,FFree,FFree,FFree,FFree,FFree,FFree,FFree,FFree,FFree,FFree,FFree,FFree,FFree,FFree,FFree,FFree,FFree,FFree,FFree,FFree,FFree,FFree,FFree,FFree,FFree,FFree,FFree,FFree,FFree,FFree,FFree,FFree,FFree,FFree,FFree,FFree,FFree,,,,,,,,,,,,,,,,,,,,,,
MATH 301,FFree,FFree,FFree,FFree,FFree,FFree,FFree,FFree,FFree,FFree,FFree,FFree,FFree,FFree,FFree,FFree,FFree,FFree,FFree,FFree,FFree,FFree,FFree,FFree,FFree,FFree,FFree,FFree,FFree,FFree,FFree,FFree,FFree,FFree,FFree,FFree,FFree,FFree,FFree,FFree,FFree,FFree,FFree,FFree,FFree,FFree,FFree,FFree,FFree,FFree,FFree,FFree,FFree,FFree,FFree,FFree,FFree,FFree,FFree,FFree,FFree,FFree,FFree,FFree,FFree,FFree,FFree,FFree,FFree,FFree,FFree,FFree,FFree,FFree,FFree,FFree,FFree,FFree,FFree,FFree,FFree,FFree
MATH 302,FFree,FFree,FFree,FFree,FFree,FFree,FFree,FFree,FFree,FFree,FFree,FFree,FFree,FFree,FFree,FFree,FFree,FFree,FFree,FFree,FFree,FFree,FFree,FFree,FFree,FFree,FFree,FFree,FFree,FFree,FFree,FFree,FFree,FFree,FFree,FFree,FFree,FFree,FFree,FFree,FFree,FFree,FFree,FFree,FFree,,,,,,,,,,,,,,,,,,,,,,,,,,,,,,,,,,,,,
MATH 305,FFree,FFree,FFree,FFree,FFree,FFree,FFree,FFree,FFree,FFree,FFree,FFree,FFree,FFree,FFree,FFree,FFree,FFree,FFree,FFree,FFree,FFree,FFree,FFree,FFree,FFree,FFree,FFree,FFree,FFree,FFree,FFree,FFree,FFree,FFree,FFree,FFree,FFree,FFree,FFree,FFree,FFree,FFree,FFree,FFree,FFree,FFree,FFree,FFree,FFree,FFree,FFree,FFree,FFree,FFree,FFree,FFree,FFree,FFree,FFree,FFree,FFree,FFree,FFree,FFree,FFree,FFree,FFree,FFree,FFree,FFree,FFree,FFree,FFree,FFree,FFree,FFree,FFree,FFree,FFree,FFree,FFree
MATH 306,FFree,FFree,FFree,FFree,FFree,FFree,FFree,FFree,FFree,FFree,FFree,FFree,FFree,FFree,FFree,FFree,FFree,FFree,FFree,FFree,FFree,FFree,FFree,FFree,FFree,FFree,FFree,FFree,FFree,FFree,FFree,FFree,FFree,FFree,FFree,FFree,FFree,FFree,FFree,FFree,FFree,FFree,FFree,FFree,FFree,FFree,FFree,FFree,FFree,FFree,FFree,FFree,FFree,FFree,FFree,FFree,FFree,FFree,FFree,FFree,FFree,FFree,FFree,FFree,FFree,FFree,FFree,FFree,FFree,FFree,FFree,FFree,FFree,FFree,FFree,FFree,FFree,FFree,FFree,FFree,FFree,FFree
MATH 307,FFree,FFree,FFree,FFree,FFree,FFree,FFree,FFree,FFree,FFree,FFree,FFree,FFree,FFree,FFree,FFree,FFree,FFree,FFree,FFree,FFree,FFree,FFree,FFree,FFree,FFree,FFree,FFree,FFree,FFree,FFree,FFree,FFree,FFree,FFree,FFree,FFree,FFree,FFree,FFree,FFree,FFree,FFree,FFree,FFree,FFree,FFree,FFree,FFree,FFree,FFree,FFree,FFree,FFree,FFree,FFree,FFree,FFree,FFree,FFree,FFree,FFree,FFree,FFree,FFree,FFree,FFree,FFree,FFree,FFree,FFree,FFree,FFree,FFree,FFree,FFree,FFree,FFree,FFree,FFree,FFree,FFree
MATH 311,FFree,FFree,FFree,FFree,FFree,FFree,FFree,FFree,FFree,FFree,FFree,FFree,FFree,FFree,FFree,FFree,FFree,FFree,FFree,FFree,FFree,FFree,FFree,FFree,FFree,FFree,FFree,FFree,FFree,FFree,FFree,FFree,FFree,FFree,FFree,FFree,FFree,FFree,FFree,FFree,FFree,FFree,FFree,FFree,FFree,FFree,FFree,FFree,FFree,FFree,FFree,FFree,FFree,FFree,FFree,FFree,FFree,FFree,FFree,FFree,FFree,FFree,FFree,FFree,FFree,FFree,FFree,FFree,FFree,FFree,FFree,FFree,FFree,FFree,FFree,FFree,FFree,FFree,FFree,FFree,FFree,FFree
MATH 317,FFree,FFree,FFree,FFree,FFree,FFree,FFree,FFree,FFree,FFree,FFree,FFree,FFree,FFree,FFree,FFree,FFree,FFree,FFree,FFree,FFree,FFree,FFree,FFree,FFree,FFree,FFree,FFree,FFree,FFree,FFree,FFree,FFree,FFree,FFree,FFree,FFree,FFree,FFree,FFree,FFree,FFree,FFree,FFree,FFree,FFree,FFree,FFree,FFree,FFree,FFree,FFree,FFree,FFree,FFree,FFree,FFree,FFree,FFree,FFree,FFree,FFree,FFree,FFree,FFree,FFree,FFree,FFree,FFree,FFree,FFree,FFree,FFree,FFree,FFree,FFree,FFree,FFree,FFree,FFree,FFree,FFree
MATH 318,FFree,FFree,FFree,FFree,FFree,FFree,FFree,FFree,FFree,FFree,FFree,FFree,FFree,FFree,FFree,FFree,FFree,FFree,FFree,FFree,FFree,FFree,FFree,FFree,FFree,FFree,FFree,FFree,FFree,FFree,FFree,FFree,FFree,FFree,FFree,FFree,FFree,FFree,FFree,FFree,FFree,FFree,FFree,FFree,FFree,FFree,FFree,FFree,FFree,FFree,FFree,FFree,FFree,FFree,FFree,FFree,FFree,FFree,FFree,FFree,FFree,FFree,FFree,FFree,FFree,FFree,FFree,FFree,FFree,FFree,FFree,FFree,FFree,FFree,FFree,FFree,FFree,FFree,FFree,FFree,FFree,FFree
MATH 322,FFree,FFree,FFree,FFree,FFree,FFree,FFree,FFree,FFree,FFree,FFree,FFree,FFree,FFree,FFree,FFree,FFree,FFree,FFree,FFree,FFree,FFree,FFree,FFree,FFree,FFree,FFree,FFree,FFree,FFree,FFree,FFree,FFree,FFree,FFree,FFree,FFree,FFree,FFree,FFree,FFree,FFree,FFree,FFree,FFree,FFree,FFree,FFree,FFree,FFree,FFree,FFree,FFree,FFree,FFree,FFree,FFree,FFree,FFree,FFree,FFree,FFree,FFree,FFree,FFree,FFree,FFree,FFree,FFree,FFree,FFree,FFree,FFree,FFree,FFree,FFree,FFree,FFree,FFree,FFree,FFree,FFree
MATH 401,FFree,FFree,FFree,FFree,FFree,FFree,FFree,FFree,FFree,FFree,FFree,FFree,FFree,FFree,FFree,FFree,FFree,FFree,FFree,FFree,FFree,FFree,FFree,FFree,FFree,FFree,FFree,FFree,FFree,FFree,FFree,FFree,FFree,FFree,FFree,FFree,FFree,FFree,FFree,FFree,FFree,FFree,FFree,FFree,FFree,FFree,FFree,FFree,FFree,,,,,,,,,,,,,,,,,,,,,,,,,,,,,,,,,
MATH 402,FFree,FFree,FFree,FFree,FFree,FFree,FFree,FFree,FFree,FFree,FFree,FFree,FFree,FFree,FFree,FFree,FFree,FFree,FFree,FFree,FFree,FFree,FFree,FFree,FFree,FFree,FFree,FFree,FFree,FFree,FFree,FFree,FFree,FFree,FFree,FFree,FFree,FFree,FFree,FFree,FFree,FFree,FFree,FFree,FFree,FFree,FFree,FFree,FFree,FFree,FFree,FFree,FFree,FFree,FFree,FFree,FFree,FFree,FFree,FFree,FFree,FFree,FFree,FFree,FFree,FFree,,,,,,,,,,,,,,,,
MATH 405,FFree,FFree,FFree,FFree,FFree,FFree,FFree,FFree,FFree,FFree,FFree,FFree,FFree,FFree,FFree,FFree,FFree,FFree,FFree,FFree,FFree,FFree,FFree,FFree,FFree,FFree,FFree,FFree,FFree,FFree,FFree,FFree,FFree,FFree,FFree,FFree,FFree,FFree,FFree,FFree,FFree,FFree,FFree,FFree,FFree,FFree,FFree,FFree,FFree,FFree,FFree,FFree,FFree,FFree,FFree,FFree,FFree,FFree,FFree,FFree,FFree,FFree,FFree,FFree,FFree,FFree,FFree,FFree,FFree,FFree,,,,,,,,,,,,
MATH 409,FFree,FFree,FFree,FFree,FFree,FFree,FFree,FFree,FFree,FFree,FFree,FFree,FFree,FFree,FFree,FFree,FFree,FFree,FFree,FFree,FFree,FFree,FFree,FFree,FFree,FFree,FFree,FFree,FFree,FFree,FFree,FFree,FFree,FFree,FFree,FFree,FFree,FFree,FFree,FFree,FFree,FFree,FFree,FFree,FFree,FFree,FFree,FFree,FFree,FFree,FFree,FFree,FFree,FFree,FFree,FFree,FFree,FFree,FFree,FFree,FFree,FFree,FFree,FFree,FFree,FFree,FFree,FFree,FFree,FFree,FFree,FFree,FFree,FFree,FFree,FFree,FFree,FFree,FFree,FFree,FFree,FFree
MATH 410,FFree,FFree,FFree,FFree,FFree,FFree,FFree,FFree,FFree,FFree,FFree,FFree,FFree,FFree,FFree,FFree,FFree,FFree,FFree,FFree,FFree,FFree,FFree,FFree,FFree,FFree,FFree,FFree,FFree,FFree,FFree,FFree,FFree,FFree,FFree,FFree,FFree,FFree,FFree,FFree,FFree,FFree,FFree,FFree,FFree,FFree,FFree,FFree,FFree,FFree,FFree,FFree,FFree,FFree,FFree,FFree,FFree,FFree,FFree,FFree,FFree,FFree,FFree,FFree,FFree,FFree,FFree,FFree,FFree,FFree,FFree,FFree,FFree,FFree,FFree,FFree,FFree,FFree,FFree,FFree,FFree,FFree
MATH 414,FFree,FFree,FFree,FFree,FFree,FFree,FFree,FFree,FFree,FFree,FFree,FFree,FFree,FFree,FFree,FFree,FFree,FFree,FFree,FFree,FFree,FFree,FFree,FFree,FFree,FFree,FFree,FFree,FFree,FFree,FFree,FFree,FFree,FFree,FFree,FFree,FFree,FFree,FFree,FFree,FFree,FFree,FFree,FFree,FFree,FFree,FFree,FFree,FFree,FFree,FFree,FFree,FFree,FFree,FFree,FFree,FFree,FFree,FFree,FFree,FFree,FFree,FFree,FFree,FFree,FFree,FFree,FFree,FFree,FFree,FFree,FFree,FFree,FFree,FFree,FFree,FFree,FFree,FFree,FFree,FFree,FFree
MATH 417,FFree,FFree,FFree,FFree,FFree,FFree,FFree,FFree,FFree,FFree,FFree,FFree,FFree,FFree,FFree,FFree,FFree,FFree,FFree,FFree,FFree,FFree,FFree,FFree,FFree,FFree,FFree,FFree,FFree,FFree,FFree,FFree,FFree,FFree,FFree,FFree,FFree,FFree,FFree,,,,,,,,,,,,,,,,,,,,,,,,,,,,,,,,,,,,,,,,,,,
MATH 428,FFree,FFree,FFree,FFree,FFree,FFree,FFree,FFree,FFree,FFree,FFree,FFree,FFree,FFree,FFree,FFree,FFree,FFree,FFree,FFree,FFree,FFree,FFree,FFree,FFree,FFree,FFree,FFree,FFree,FFree,FFree,FFree,FFree,FFree,FFree,FFree,FFree,FFree,FFree,FFree,FFree,FFree,FFree,FFree,FFree,FFree,FFree,FFree,FFree,FFree,FFree,FFree,FFree,FFree,FFree,FFree,FFree,FFree,FFree,FFree,FFree,FFree,FFree,FFree,FFree,FFree,FFree,FFree,FFree,FFree,FFree,FFree,FFree,FFree,FFree,FFree,FFree,FFree,FFree,FFree,FFree,FFree
MATH 479,FFree,FFree,FFree,FFree,FFree,FFree,FFree,FFree,FFree,FFree,FFree,FFree,FFree,FFree,FFree,FFree,FFree,FFree,FFree,FFree,FFree,FFree,FFree,FFree,FFree,FFree,FFree,FFree,FFree,FFree,FFree,FFree,FFree,FFree,FFree,FFree,FFree,FFree,FFree,FFree,FFree,FFree,FFree,FFree,FFree,FFree,FFree,FFree,FFree,FFree,FFree,FFree,FFree,FFree,FFree,FFree,FFree,FFree,FFree,FFree,FFree,FFree,FFree,FFree,FFree,FFree,FFree,FFree,FFree,FFree,,,,,,,,,,,,
MATH 480,FFree,FFree,FFree,FFree,FFree,FFree,FFree,FFree,FFree,FFree,FFree,FFree,FFree,FFree,FFree,FFree,FFree,FFree,FFree,FFree,FFree,FFree,FFree,FFree,FFree,FFree,FFree,FFree,FFree,FFree,FFree,FFree,FFree,FFree,FFree,FFree,FFree,FFree,FFree,FFree,FFree,FFree,FFree,FFree,FFree,FFree,FFree,FFree,FFree,FFree,FFree,,,,,,,,,,,,,,,,,,,,,,,,,,,,,,,
MATH 481,FFree,FFree,FFree,FFree,FFree,FFree,FFree,FFree,FFree,FFree,FFree,FFree,FFree,FFree,FFree,FFree,FFree,FFree,FFree,FFree,FFree,FFree,FFree,FFree,FFree,FFree,FFree,FFree,FFree,FFree,FFree,FFree,FFree,FFree,FFree,FFree,FFree,FFree,FFree,FFree,FFree,FFree,FFree,FFree,FFree,FFree,FFree,FFree,FFree,FFree,FFree,,,,,,,,,,,,,,,,,,,,,,,,,,,,,,,
MATH 484,FFree,FFree,FFree,FFree,FFree,FFree,FFree,FFree,FFree,FFree,FFree,FFree,FFree,FFree,FFree,FFree,FFree,FFree,FFree,FFree,FFree,FFree,FFree,FFree,FFree,FFree,FFree,FFree,FFree,FFree,FFree,FFree,FFree,FFree,FFree,FFree,FFree,FFree,FFree,FFree,FFree,FFree,FFree,FFree,FFree,FFree,FFree,FFree,FFree,FFree,FFree,FFree,FFree,FFree,FFree,FFree,FFree,FFree,FFree,FFree,FFree,FFree,FFree,FFree,FFree,FFree,FFree,FFree,FFree,FFree,FFree,FFree,FFree,FFree,FFree,FFree,FFree,FFree,FFree,FFree,FFree,FFree
MAT 202,FFree,FFree,FFree,FFree,FFree,FFree,FFree,FFree,FFree,FFree,FFree,FFree,FFree,FFree,FFree,FFree,FFree,FFree,FFree,FFree,FFree,FFree,FFree,FFree,FFree,FFree,FFree,FFree,FFree,FFree,FFree,FFree,FFree,FFree,FFree,FFree,FFree,FFree,FFree,FFree,FFree,FFree,FFree,FFree,FFree,FFree,,,,,,,,,,,,,,,,,,,,,,,,,,,,,,,,,,,,
MAT 204,FFree,FFree,FFree,FFree,FFree,FFree,FFree,FFree,FFree,FFree,FFree,FFree,FFree,FFree,FFree,FFree,FFree,FFree,FFree,FFree,FFree,FFree,FFree,FFree,FFree,FFree,FFree,FFree,FFree,FFree,FFree,FFree,FFree,FFree,FFree,FFree,FFree,FFree,FFree,FFree,FFree,FFree,FFree,FFree,FFree,FFree,FFree,FFree,FFree,FFree,FFree,FFree,FFree,FFree,FFree,FFree,FFree,FFree,FFree,FFree,FFree,FFree,FFree,FFree,FFree,FFree,FFree,FFree,FFree,FFree,FFree,FFree,FFree,FFree,FFree,FFree:E,FFree:E,FFree:E,FFree:E,FFree:E,FFree:E,FFree:E
MAT 206,FFree,FFree,FFree,FFree,FFree,FFree,FFree,FFree,FFree,FFree,FFree,FFree,FFree,FFree,FFree,FFree,FFree,FFree,FFree,FFree,FFree,FFree,FFree,FFree,FFree,FFree,FFree,FFree,FFree,FFree,FFree,FFree,FFree,FFree,FFree,FFree,FFree,FFree,FFree,FFree,FFree,FFree,FFree,FFree,FFree,FFree,FFree,FFree,FFree,FFree,FFree,FFree,FFree,FFree,FFree,FFree,FFree,FFree,FFree,FFree,FFree,FFree,FFree,FFree,FFree,FFree,FFree,FFree,FFree,FFree,FFree,FFree,FFree,FFree,FFree,FFree,FFree,FFree,FFree,FFree,FFree,FFree
MAT 301,FFree,FFree,FFree,FFree,FFree,FFree,FFree,FFree,FFree,FFree,FFree,FFree,FFree,FFree,FFree,FFree,FFree,FFree,FFree,FFree,FFree,FFree,FFree,FFree,FFree,FFree,FFree,FFree,FFree,FFree,FFree,,,,,,,,,,,,,,,,,,,,,,,,,,,,,,,,,,,,,,,,,,,,,,,,,,,
MAT 302,FFree,FFree,FFree,FFree,FFree,FFree,FFree,FFree,FFree,FFree,FFree,FFree,FFree,FFree,FFree,FFree,FFree,FFree,FFree,FFree,FFree,FFree,FFree,FFree,FFree,FFree,FFree,FFree,FFree,FFree,FFree,FFree,FFree,FFree,FFree,FFree,FFree,FFree,FFree,FFree,FFree,FFree,FFree,FFree,FFree,FFree,FFree,FFree,FFree,FFree,FFree,FFree,FFree,FFree,FFree,FFree,FFree,FFree,FFree,FFree,FFree,FFree,FFree,FFree,FFree,FFree,FFree,FFree,FFree,FFree,FFree,FFree,FFree,FFree,FFree,FFree,FFree,FFree,FFree,FFree,FFree,FFree
MAT 304,FFree,FFree,FFree,FFree,FFree,FFree,FFree,FFree,FFree,FFree,FFree,FFree,FFree,FFree,FFree,FFree,FFree,FFree,FFree,FFree,FFree,FFree,FFree,FFree,FFree,FFree,FFree,FFree,FFree,FFree,FFree,FFree,FFree,FFree,FFree,FFree,FFree,FFree,FFree,FFree,FFree,FFree,FFree,FFree,FFree,FFree,FFree,FFree,FFree,FFree,FFree,FFree,FFree,FFree,FFree,FFree,FFree,FFree,FFree,FFree,FFree,FFree,FFree,FFree,FFree,FFree,FFree,FFree,FFree,FFree,,,,,,,,,,,,
MAT 305,FFree,FFree,FFree,FFree,FFree,FFree,FFree,FFree,FFree,FFree,FFree,FFree,FFree,FFree,FFree,FFree,FFree,FFree,FFree,FFree,FFree,FFree,FFree,FFree,FFree,FFree,FFree,FFree,FFree,FFree,FFree,FFree,FFree,FFree,FFree,FFree,FFree,FFree,FFree,FFree,FFree,FFree,FFree,FFree,FFree,FFree,FFree,FFree,FFree,FFree,FFree,FFree,FFree,FFree,FFree,FFree,FFree,FFree,FFree,FFree,FFree,FFree,FFree,FFree,FFree,FFree,FFree,FFree,FFree,FFree,FFree,FFree,FFree,FFree,FFree,FFree,FFree,FFree,FFree,FFree,FFree,FFree
MAT 306,FFree,FFree,FFree,FFree,FFree,FFree,FFree,FFree,FFree,FFree,FFree,FFree,FFree,FFree,FFree,FFree,FFree,FFree,FFree,FFree,FFree,FFree,FFree,FFree,FFree,FFree,FFree,FFree,FFree,FFree,FFree,FFree,FFree,FFree,FFree,FFree,FFree,FFree,FFree,FFree,FFree,FFree,FFree,FFree,FFree,FFree,FFree,FFree,FFree,FFree,FFree,FFree,FFree,FFree,FFree,FFree,FFree,FFree,FFree,FFree,FFree,FFree,FFree,FFree,FFree,FFree,FFree,FFree,FFree,FFree,FFree,FFree,FFree,FFree,FFree,FFree,FFree,FFree,FFree,FFree,FFree,FFree
MAT 307,FFree,FFree,FFree,FFree,FFree,FFree,FFree,FFree,FFree,FFree,FFree,FFree,FFree,FFree,FFree,FFree,FFree,FFree,FFree,FFree,FFree,FFree,FFree,FFree,FFree,FFree,FFree,FFree,FFree,FFree,FFree,FFree,FFree,FFree,FFree,FFree,FFree,FFree,FFree,FFree,FFree,FFree,FFree,FFree,FFree,FFree,FFree,FFree,FFree,FFree,FFree,FFree,FFree,FFree,FFree,FFree,FFree,FFree,FFree,FFree,FFree,FFree,FFree,FFree,FFree,FFree,FFree,FFree,FFree,FFree,FFree,FFree,FFree,FFree,FFree,FFree,FFree,FFree,FFree,FFree,FFree,FFree
MAT 308,FFree,FFree,FFree,FFree,FFree,FFree,FFree,FFree,FFree,FFree,FFree,FFree,FFree,FFree,FFree,FFree,FFree,FFree,FFree,FFree,FFree,FFree,FFree,FFree,FFree,FFree,FFree,FFree,FFree,FFree,FFree,FFree,FFree,FFree,FFree,FFree,FFree,FFree,FFree,FFree,FFree,FFree,FFree,FFree,FFree,FFree,FFree,FFree,FFree,FFree,FFree,FFree,FFree,FFree,FFree,FFree,FFree,FFree,FFree,FFree,FFree,FFree,FFree,FFree,FFree,FFree,FFree,FFree,FFree,FFree,FFree,FFree,FFree,FFree,FFree,FFree,FFree,FFree,FFree,FFree,FFree,FFree
MAT 309,FFree,FFree,FFree,FFree,FFree,FFree,FFree,FFree,FFree,FFree,FFree,FFree,FFree,FFree,FFree,FFree,FFree,FFree,FFree,FFree,FFree,FFree,FFree,FFree,FFree,FFree,FFree,FFree,FFree,FFree,FFree,FFree,FFree,FFree,FFree,FFree,FFree,FFree,FFree,FFree,FFree,FFree,FFree,FFree,FFree,FFree,FFree,FFree,FFree,FFree,FFree,FFree,FFree,FFree,FFree,FFree,FFree,FFree,FFree,FFree,FFree,FFree,FFree,FFree,FFree,FFree,FFree,FFree,FFree,FFree,FFree,FFree,FFree,FFree,FFree,FFree,FFree,FFree,FFree,FFree,FFree,FFree
MAT 310,FFree,FFree,FFree,FFree,FFree,FFree,FFree,FFree,FFree,FFree,FFree,FFree,FFree,FFree,FFree,FFree,FFree,FFree,FFree,FFree,FFree,FFree,FFree,FFree,FFree,FFree,FFree,FFree,FFree,FFree,FFree,FFree,FFree,FFree,FFree,FFree,FFree,FFree,FFree,FFree,FFree,FFree,FFree,FFree,FFree,FFree,FFree,FFree,FFree,FFree,FFree,FFree,FFree,FFree,FFree,FFree,FFree,FFree,FFree,FFree,FFree,FFree,FFree,FFree,FFree,FFree,FFree,FFree,FFree,FFree,,,,,,,,,,,,
MAT 312,FFree,FFree,FFree,FFree,FFree,FFree,FFree,FFree,FFree,FFree,FFree,FFree,FFree,FFree,FFree,FFree,FFree,FFree,FFree,FFree,FFree,FFree,FFree,FFree,FFree,FFree,FFree,FFree,FFree,FFree,FFree,FFree,FFree,FFree,FFree,FFree,FFree,FFree,FFree,FFree,FFree,FFree,FFree,FFree,FFree,FFree,FFree,FFree,FFree,FFree,FFree,FFree,FFree,FFree,FFree,FFree,FFree,FFree,FFree,FFree,FFree,FFree,FFree,FFree,FFree,FFree,FFree,FFree,FFree,FFree,FFree,FFree,FFree,FFree,FFree,FFree,FFree,FFree,FFree,FFree,FFree,FFree
MAT 314,FFree,FFree,FFree,FFree,FFree,FFree,FFree,FFree,FFree,FFree,FFree,FFree,FFree,FFree,FFree,FFree,FFree,FFree,FFree,FFree,FFree,FFree,FFree,FFree,FFree,FFree,FFree,FFree,FFree,FFree,FFree,FFree,FFree,FFree,FFree,FFree,FFree,FFree,FFree,FFree,FFree,FFree,FFree,FFree,FFree,FFree,FFree,FFree,FFree,FFree,FFree,FFree,FFree,FFree,FFree,FFree,FFree,FFree,FFree,FFree,FFree,FFree,FFree,FFree,FFree,FFree,FFree,FFree,FFree,FFree,FFree,FFree,FFree,FFree,FFree,FFree,FFree,FFree,FFree,FFree,FFree,FFree
MAT 401,FFree,FFree,FFree,FFree,FFree,FFree,FFree,FFree,FFree,FFree,FFree,FFree,FFree,FFree,FFree,FFree,FFree,FFree,FFree,FFree,FFree,FFree,FFree,FFree,FFree,FFree,FFree,FFree,FFree,FFree,FFree,FFree,FFree,FFree,FFree,FFree,FFree,FFree,FFree,FFree,FFree,FFree,FFree,FFree,FFree,FFree,FFree,FFree,FFree,FFree,FFree,FFree,FFree,FFree,FFree,FFree,FFree,FFree,FFree,FFree,FFree,FFree,FFree,FFree,FFree,FFree,FFree,FFree,FFree,FFree,FFree,FFree,FFree,FFree,FFree,FFree,FFree,FFree,FFree,FFree,FFree,FFree
MAT 402,FFree,FFree,FFree,FFree,FFree,FFree,FFree,FFree,FFree,FFree,FFree,FFree,FFree,FFree,FFree,FFree,FFree,FFree,FFree,FFree,FFree,FFree,FFree,FFree,FFree,FFree,FFree,FFree,FFree,FFree,FFree,FFree,FFree,FFree,FFree,FFree,FFree,FFree,FFree,FFree,FFree,FFree,FFree,FFree,FFree,FFree,FFree,FFree,FFree,FFree,FFree,FFree,FFree,FFree,FFree,FFree,FFree,FFree,FFree,FFree,FFree,FFree,FFree,FFree,FFree,FFree,FFree,FFree,FFree,FFree,FFree,FFree,FFree,FFree,FFree,FFree,FFree,FFree,FFree,FFree,FFree,FFree
MAT 403,FFree,FFree,FFree,FFree,FFree,FFree,FFree,FFree,FFree,FFree,FFree,FFree,FFree,FFree,FFree,FFree,FFree,FFree,FFree,FFree,FFree,FFree,FFree,FFree,FFree,FFree,FFree,FFree,FFree,FFree,FFree,FFree,FFree,FFree,FFree,FFree,FFree,FFree,FFree,FFree,FFree,FFree,FFree,FFree,FFree,FFree,FFree,FFree,FFree,FFree,FFree,FFree,FFree,FFree,FFree,FFree,FFree,FFree,FFree,FFree,FFree,FFree,FFree,FFree,FFree,FFree,FFree,FFree,FFree,FFree,,,,,,,,,,,,
MAT 404,FFree,FFree,FFree,FFree,FFree,FFree,FFree,FFree,FFree,FFree,FFree,FFree,FFree,FFree,FFree,FFree,FFree,FFree,FFree,FFree,FFree,FFree,FFree,FFree,FFree,FFree,FFree,FFree,FFree,FFree,FFree,FFree,FFree,FFree,FFree,FFree,FFree,FFree,FFree,FFree,FFree,FFree,FFree,FFree,FFree,FFree,FFree,FFree,FFree,FFree,FFree,FFree,FFree,FFree,FFree,FFree,FFree,FFree,FFree,FFree,FFree,FFree,FFree,FFree,FFree,FFree,FFree,FFree,FFree,FFree,FFree,FFree,FFree,FFree,FFree,FFree,FFree,FFree,FFree,FFree,FFree,FFree
MAT 405,FFree,FFree,FFree,FFree,FFree,FFree,FFree,FFree,FFree,FFree,FFree,FFree,FFree,FFree,FFree,FFree,FFree,FFree,FFree,FFree,FFree,FFree,FFree,FFree,FFree,FFree,FFree,FFree,FFree,FFree,FFree,FFree,FFree,FFree,FFree,FFree,FFree,FFree,FFree,FFree,FFree,FFree,FFree,FFree,FFree,FFree,FFree,FFree,FFree,FFree,FFree,FFree,FFree,FFree,FFree,FFree,FFree,FFree,FFree,FFree,FFree,FFree,FFree,FFree,FFree,FFree,FFree,FFree,FFree,FFree,FFree,FFree,FFree,FFree,FFree,FFree,FFree,FFree,FFree,FFree,FFree,FFree
MAT 406,FFree,FFree,FFree,FFree,FFree,FFree,FFree,FFree,FFree,FFree,FFree,FFree,FFree,FFree,FFree,FFree,FFree,FFree,FFree,FFree,FFree,FFree,FFree,FFree,FFree,FFree,FFree,FFree,FFree,FFree,FFree,FFree,FFree,FFree,FFree,FFree,FFree,FFree,FFree,FFree,FFree,FFree,FFree,FFree,FFree,FFree,FFree,FFree,FFree,FFree,FFree,FFree,FFree,FFree,FFree,FFree,FFree,FFree,FFree,FFree,FFree,FFree,FFree,FFree,FFree,FFree,FFree,FFree,FFree,FFree,FFree,FFree,FFree,FFree,FFree,FFree,FFree,FFree,FFree,FFree,FFree,FFree
MAT 408,FFree,FFree,FFree,FFree,FFree,FFree,FFree,FFree,FFree,FFree,FFree,FFree,FFree,FFree,FFree,FFree,FFree,FFree,FFree,FFree,FFree,FFree,FFree,FFree,FFree,FFree,FFree,FFree,FFree,FFree,FFree,FFree,FFree,FFree,FFree,FFree,FFree,FFree,FFree,FFree,FFree,FFree,FFree,FFree,FFree,FFree,FFree,FFree,FFree,FFree,FFree,FFree,FFree,FFree,FFree,FFree,FFree,FFree,FFree,FFree,FFree,FFree,FFree,FFree,FFree,FFree,FFree,FFree,FFree,FFree,FFree,FFree,FFree,FFree,FFree,FFree,FFree,FFree,FFree,FFree,FFree,FFree
MAT 416,FFree,FFree,FFree,FFree,FFree,FFree,FFree,FFree,FFree,FFree,FFree,FFree,FFree,FFree,FFree,FFree,FFree,FFree,FFree,FFree,FFree,FFree,FFree,FFree,FFree,FFree,FFree,FFree,FFree,FFree,FFree,FFree,FFree,FFree,FFree,FFree,FFree,FFree,FFree,FFree,FFree,FFree,FFree,FFree,FFree,FFree,FFree,FFree,FFree,FFree,FFree,FFree,FFree,FFree,FFree,FFree,FFree,FFree,FFree,FFree,FFree,FFree,FFree,FFree,FFree,FFree,FFree,FFree,FFree,FFree,FFree,FFree,FFree,FFree,FFree,FFree,FFree,FFree,FFree,FFree,FFree,FFree
MAT 422,FFree,FFree,FFree,FFree,FFree,FFree,FFree,FFree,FFree,FFree,FFree,FFree,FFree,FFree,FFree,FFree,FFree,FFree,FFree,FFree,FFree,FFree,FFree,FFree,FFree,FFree,FFree,FFree,FFree,FFree,FFree,FFree,FFree,FFree,FFree,FFree,FFree,FFree,FFree,FFree,FFree,FFree,FFree,FFree,FFree,FFree,FFree,FFree,FFree,FFree,FFree,FFree,FFree,FFree,FFree,FFree,FFree,FFree,FFree,FFree,FFree,FFree,FFree,FFree,FFree,FFree,FFree,FFree,FFree,FFree,FFree,FFree,FFree,FFree,FFree,FFree,FFree,FFree,FFree,FFree,FFree,FFree
MAT 423,FFree,FFree,FFree,FFree,FFree,FFree,FFree,FFree,FFree,FFree,FFree,FFree,FFree,FFree,FFree,FFree,FFree,FFree,FFree,FFree,FFree,FFree,FFree,FFree,FFree,FFree,FFree,FFree,FFree,FFree,FFree,FFree,FFree,FFree,FFree,FFree,FFree,FFree,FFree,FFree,FFree,FFree,FFree,FFree,FFree,FFree,FFree,FFree,FFree,FFree,FFree,FFree,FFree,FFree,FFree,FFree,FFree,FFree,FFree,FFree,FFree,FFree,FFree,FFree,FFree,FFree,FFree,FFree,FFree,FFree,FFree,FFree,FFree,FFree,FFree,FFree,FFree,FFree,FFree,FFree,FFree,FFree
MAT 424,FFree,FFree,FFree,FFree,FFree,FFree,FFree,FFree,FFree,FFree,FFree,FFree,FFree,FFree,FFree,FFree,FFree,FFree,FFree,FFree,FFree,FFree,FFree,FFree,FFree,FFree,FFree,FFree,FFree,FFree,FFree,FFree,FFree,FFree,FFree,FFree,FFree,FFree,FFree,FFree,FFree,FFree,FFree,FFree,FFree,FFree,FFree,FFree,FFree,FFree,FFree,FFree,FFree,FFree,FFree,FFree,FFree,FFree,FFree,FFree,FFree,FFree,FFree,FFree,FFree,FFree,FFree,FFree,FFree,FFree,FFree,FFree,FFree,FFree,FFree,FFree,FFree,FFree,FFree,FFree,FFree,FFree
MAT 480,FFree,FFree,FFree,FFree,FFree,FFree,FFree,FFree,FFree,FFree,FFree,FFree,FFree,FFree,FFree,FFree,FFree,FFree,FFree,FFree,FFree,FFree,FFree,FFree,FFree,FFree,FFree,FFree,FFree,FFree,FFree,FFree,FFree,FFree,FFree,FFree,FFree,FFree,FFree,FFree,FFree,FFree,FFree,FFree,FFree,FFree,FFree,FFree,FFree,FFree,FFree,,,,,,,,,,,,,,,,,,,,,,,,,,,,,,,
MAT 48000,FFree,FFree,FFree,FFree,FFree,FFree,FFree,FFree,FFree,FFree,FFree,FFree,FFree,FFree,FFree,FFree,FFree,FFree,FFree,FFree,FFree,FFree,FFree,FFree,FFree,FFree,FFree,FFree,FFree,FFree,FFree,FFree,FFree,FFree,FFree,FFree,FFree,FFree,FFree,FFree,FFree,FFree,FFree,FFree,FFree,FFree,FFree,FFree,FFree,FFree,FFree,FFree,FFree,FFree,FFree,FFree,FFree,FFree,FFree,FFree,FFree,FFree,FFree,FFree,FFree,FFree,FFree,FFree,FFree,FFree,FFree,FFree,FFree,FFree,FFree,FFree,FFree,FFree,FFree,FFree,FFree,FFree
MAT 48003,FFree,FFree,FFree,FFree,FFree,FFree,FFree,FFree,FFree,FFree,FFree,FFree,FFree,FFree,FFree,FFree,FFree,FFree,FFree,FFree,FFree,FFree,FFree,FFree,FFree,FFree,FFree,FFree,FFree,FFree,FFree,FFree,FFree,FFree,FFree,FFree,FFree,FFree,FFree,FFree,FFree,FFree,FFree,FFree,FFree,FFree,FFree,FFree,FFree,FFree,FFree,FFree,FFree,FFree,FFree,FFree,FFree,FFree,FFree,FFree,FFree,FFree,FFree,FFree,FFree,FFree,FFree,FFree,FFree,FFree,FFree,FFree,FFree,FFree,FFree,FFree,FFree,FFree,FFree,FFree,FFree,FFree
MAT 48004,FFree,FFree,FFree,FFree,FFree,FFree,FFree,FFree,FFree,FFree,FFree,FFree,FFree,FFree,FFree,FFree,FFree,FFree,FFree,FFree,FFree,FFree,FFree,FFree,FFree,FFree,FFree,FFree,FFree,FFree,FFree,FFree,FFree,FFree,FFree,FFree,FFree,FFree,FFree,FFree,FFree,FFree,FFree,FFree,FFree,FFree,FFree,FFree,FFree,FFree,FFree,FFree,FFree,FFree,FFree,FFree,FFree,FFree,FFree,FFree,FFree,FFree,FFree,FFree,FFree,FFree,FFree,FFree,FFree,FFree,FFree,FFree,FFree,FFree,FFree,FFree,FFree,FFree,FFree,FFree,FFree,FFree
MAT 48005,FFree,FFree,FFree,FFree,FFree,FFree,FFree,FFree,FFree,FFree,FFree,FFree,FFree,FFree,FFree,FFree,FFree,FFree,FFree,FFree,FFree,FFree,FFree,FFree,FFree,FFree,FFree,FFree,FFree,FFree,FFree,FFree,FFree,FFree,FFree,FFree,FFree,FFree,FFree,FFree,FFree,FFree,FFree,FFree,FFree,FFree,FFree,FFree,FFree,FFree,FFree,FFree,FFree,FFree,FFree,FFree,FFree,FFree,FFree,FFree,FFree,FFree,FFree,FFree,FFree,FFree,FFree,FFree,FFree,FFree,FFree,FFree,FFree,FFree,FFree,FFree,FFree,,,,,
MAT 481,FFree,FFree,FFree,FFree,FFree,FFree,FFree,FFree,FFree,FFree,FFree,FFree,FFree,FFree,FFree,FFree,FFree,FFree,FFree,FFree,FFree,FFree,FFree,FFree,FFree,FFree,FFree,FFree,FFree,FFree,FFree,FFree,FFree,FFree,FFree,FFree,FFree,FFree,FFree,FFree,FFree,FFree,FFree,FFree,FFree,FFree,FFree,FFree,FFree,FFree,FFree,,,,,,,,,,,,,,,,,,,,,,,,,,,,,,,
ME 301,FFree,FFree,FFree,FFree,FFree,FFree,FFree,FFree,FFree,FFree,FFree,FFree,FFree,FFree,FFree,FFree,FFree,FFree,FFree,FFree,FFree,FFree,FFree,FFree,FFree,FFree,FFree,FFree,FFree,FFree,FFree,FFree,FFree,FFree,FFree,FFree,FFree,FFree,FFree,FFree,FFree,FFree,FFree,FFree,FFree,FFree,FFree,FFree,FFree,FFree,FFree,FFree,FFree,FFree,FFree,FFree,FFree,FFree,FFree,FFree,FFree,FFree,FFree,FFree,FFree,FFree,FFree,FFree,FFree,FFree,FFree,FFree,FFree,FFree,FFree,FFree,FFree,FFree,FFree,FFree,FFree,FFree
ME 302,FFree,FFree,FFree,FFree,FFree,FFree,FFree,FFree,FFree,FFree,FFree,FFree,FFree,FFree,FFree,FFree,FFree,FFree,FFree,FFree,FFree,FFree,FFree,FFree,FFree,FFree,FFree,FFree,FFree,FFree,FFree,FFree,FFree,FFree,FFree,FFree,FFree,FFree,FFree,FFree,FFree,FFree,FFree,FFree,FFree,FFree,FFree,FFree,FFree,FFree,FFree,FFree,FFree,FFree,FFree,FFree,FFree,FFree,FFree,FFree,FFree,FFree,FFree,FFree,FFree,FFree,FFree,FFree,FFree,FFree,FFree,FFree,FFree,FFree,FFree,FFree,FFree,FFree,FFree,FFree,FFree,FFree
ME 303,FFree,FFree,FFree,FFree,FFree,FFree,FFree,FFree,FFree,FFree,FFree,FFree,FFree,FFree,FFree,FFree,FFree,FFree,FFree,FFree,FFree,FFree,FFree,FFree,FFree,FFree,FFree,FFree,FFree,FFree,FFree,FFree,FFree,FFree,FFree,FFree,FFree,FFree,FFree,FFree,FFree,FFree,FFree,FFree,FFree,FFree,FFree,FFree,FFree,FFree,FFree,FFree,FFree,FFree,FFree,FFree,FFree,FFree,FFree,FFree,FFree,FFree,FFree,FFree,FFree,FFree,FFree,FFree,FFree,FFree,FFree,FFree,FFree,FFree,FFree,FFree,FFree,FFree,FFree,FFree,FFree,FFree
ME 304,FFree,FFree,FFree,FFree,FFree,FFree,FFree,FFree,FFree,FFree,FFree,FFree,FFree,FFree,FFree,FFree,FFree,FFree,FFree,FFree,FFree,FFree,FFree,FFree,FFree,FFree,FFree,FFree,FFree,FFree,FFree,FFree,FFree,FFree,FFree,FFree,FFree,FFree,FFree,FFree,FFree,FFree,FFree,FFree,FFree,FFree,FFree,FFree,FFree,FFree,FFree,FFree,FFree,FFree,FFree,FFree,FFree,FFree,FFree,FFree,FFree,FFree,FFree,FFree,FFree,FFree,FFree,FFree,FFree,FFree,FFree,FFree,FFree,FFree,FFree,FFree,FFree,FFree,FFree,FFree,FFree,FFree
ME 305,FFree,FFree,FFree,FFree,FFree,FFree,FFree,FFree,FFree,FFree,FFree,FFree,FFree,FFree,FFree,FFree,FFree,FFree,FFree,FFree,FFree,FFree,FFree,FFree,FFree,FFree,FFree,FFree,FFree,FFree,FFree,FFree,FFree,FFree,FFree,FFree,FFree,FFree,FFree,FFree,FFree,FFree,FFree,FFree,FFree,FFree,FFree,FFree,FFree,FFree,FFree,FFree,FFree,FFree,FFree,FFree,FFree,FFree,FFree,FFree,FFree,FFree,FFree,FFree,FFree,FFree,FFree,FFree,FFree,FFree,FFree,FFree,FFree,FFree,FFree,FFree,FFree,FFree,FFree,FFree,FFree,FFree
ME 307,FFree,FFree,FFree,FFree,FFree,FFree,FFree,FFree,FFree,FFree,FFree,FFree,FFree,FFree,FFree,FFree,FFree,FFree,FFree,FFree,FFree,FFree,FFree,FFree,FFree,FFree,FFree,FFree,FFree,FFree,FFree,FFree,FFree,FFree,FFree,FFree,FFree,FFree,FFree,FFree,FFree,FFree,FFree,FFree,FFree,FFree,FFree,FFree,FFree,FFree,FFree,FFree,FFree,FFree,FFree,FFree,FFree,FFree,FFree,FFree,FFree,FFree,FFree,FFree,FFree,FFree,FFree,FFree,FFree,FFree,FFree,FFree,FFree,FFree,FFree,FFree,FFree,FFree,FFree,FFree,FFree,FFree
ME 308,FFree,FFree,FFree,FFree,FFree,FFree,FFree,FFree,FFree,FFree,FFree,FFree,FFree,FFree,FFree,FFree,FFree,FFree,FFree,FFree,FFree,FFree,FFree,FFree,FFree,FFree,FFree,FFree,FFree,FFree,FFree,FFree,FFree,FFree,FFree,FFree,FFree,FFree,FFree,FFree,FFree,FFree,FFree,FFree,FFree,FFree,FFree,FFree,FFree,FFree,FFree,FFree,FFree,FFree,FFree,FFree,FFree,FFree,FFree,FFree,FFree,FFree,FFree,FFree,FFree,FFree,FFree,FFree,FFree,FFree,FFree,FFree,FFree,FFree,FFree,FFree,FFree,FFree,FFree,FFree,FFree,FFree
ME 309,FFree,FFree,FFree,FFree,FFree,FFree,FFree,FFree,FFree,FFree,FFree,FFree,FFree,FFree,FFree,FFree,FFree,FFree,FFree,FFree,FFree,FFree,FFree,FFree,FFree,FFree,FFree,FFree,FFree,FFree,FFree,FFree,FFree,FFree,FFree,FFree,FFree,FFree,FFree,FFree,FFree,FFree,FFree,FFree,FFree,FFree,FFree,FFree,FFree,FFree,FFree,FFree,FFree,FFree,FFree,FFree,FFree,FFree,FFree,FFree,FFree,FFree,FFree,FFree,FFree,FFree,FFree,FFree,FFree,FFree,FFree,FFree,FFree,FFree,FFree,FFree,FFree,FFree,FFree,FFree,FFree,FFree
ME 310,FFree,FFree,FFree,FFree,FFree,FFree,FFree,FFree,FFree,,,,,,,,,,,,,,,,,,,,,,,,,,,,,,,,,,,,,,,,,,,,,,,,,,,,,,,,,,,,,,,,,,,,,,,,,
ME 311,FFree,FFree,FFree,FFree,FFree,FFree,FFree,FFree,FFree,FFree,FFree,FFree,FFree,FFree,FFree,FFree,FFree,FFree,FFree,FFree,FFree,FFree,FFree,FFree,FFree,FFree,FFree,FFree,FFree,FFree,FFree,FFree,FFree,FFree,FFree,FFree,FFree,FFree,FFree,,,,,,,,,,,,,,,,,,,,,,,,,,,,,,,,,,,,,,,,,,,
ME 312,FFree,FFree,FFree,FFree,FFree,FFree,FFree,FFree,FFree,FFree,FFree,FFree,FFree,FFree,FFree,FFree,FFree,FFree,FFree,FFree,FFree,FFree,FFree,FFree,FFree,FFree,FFree,FFree,FFree,FFree,FFree,FFree,FFree,FFree,FFree,FFree,FFree,FFree,FFree,FFree,FFree,FFree,FFree,FFree,FFree,FFree,FFree,FFree,FFree,FFree,FFree,FFree,FFree,FFree,FFree,FFree,FFree,FFree,FFree,FFree,FFree,FFree,FFree,FFree,FFree,FFree,FFree,FFree,FFree,FFree,FFree,FFree,FFree,FFree,FFree,FFree,FFree,FFree,FFree,FFree,FFree,FFree
ME 402,FFree,FFree,FFree,FFree,FFree,FFree,FFree,FFree,FFree,FFree,FFree,FFree,FFree,FFree,FFree,FFree,FFree,FFree,FFree,FFree,FFree,FFree,FFree,FFree,FFree,FFree,FFree,FFree,FFree,FFree,FFree,FFree,FFree,FFree,FFree,FFree,FFree,FFree,FFree,FFree,FFree,FFree,FFree,FFree,FFree,FFree,FFree,FFree,FFree,FFree,FFree,FFree,FFree,FFree,FFree,FFree,FFree,FFree,FFree,FFree,FFree,FFree,FFree,FFree,FFree,FFree,FFree,FFree,FFree,FFree,FFree,FFree,FFree,FFree,FFree,FFree,FFree,FFree,FFree,FFree,FFree,FFree
ME 403,FFree,FFree,FFree,FFree,FFree,FFree,FFree,FFree,FFree,FFree,FFree,FFree,FFree,FFree,FFree,FFree,FFree,FFree,FFree,FFree,FFree,FFree,FFree,FFree,FFree,FFree,FFree,FFree,FFree,FFree,FFree,FFree,FFree,FFree,FFree,FFree,FFree,FFree,FFree,FFree,FFree,FFree,FFree,FFree,FFree,FFree,FFree,FFree,FFree,FFree,FFree,FFree,FFree,FFree,FFree,FFree,FFree,FFree,FFree,FFree,FFree,FFree,FFree,FFree,FFree,FFree,FFree,FFree,FFree,FFree,FFree,FFree,FFree,FFree,FFree,FFree,FFree,FFree,FFree,FFree,FFree,FFree
ME 404,FFree,FFree,FFree,FFree,FFree,FFree,FFree,FFree,FFree,FFree,FFree,,,,,,,,,,,,,,,,,,,,,,,,,,,,,,,,,,,,,,,,,,,,,,,,,,,,,,,,,,,,,,,,,,,,,,,
ME 405,FFree,FFree,FFree,FFree,FFree,FFree,FFree,FFree,FFree,FFree,FFree,FFree,FFree,FFree,FFree,FFree,FFree,FFree,FFree,FFree,FFree,FFree,FFree,FFree,FFree,FFree,FFree,FFree,FFree,FFree,FFree,FFree,FFree,FFree,FFree,FFree,FFree,FFree,FFree,FFree,FFree,FFree,FFree,FFree,FFree,FFree,FFree,FFree,FFree,FFree,FFree,FFree,FFree,FFree,FFree,FFree,FFree,FFree,FFree,FFree,FFree,FFree,FFree,FFree,FFree,FFree,FFree,FFree,FFree,FFree,FFree,FFree,FFree,FFree,FFree,FFree,FFree,FFree,FFree,FFree,FFree,FFree
ME 406,FFree,FFree,FFree,FFree,FFree,FFree,FFree,FFree,FFree,FFree,FFree,FFree,FFree,FFree,FFree,FFree,,,,,,,,,,,,,,,,,,,,,,,,,,,,,,,,,,,,,,,,,,,,,,,,,,,,,,,,,,,,,,,,,,
ME 407,FFree,FFree,FFree,FFree,FFree,FFree,FFree,FFree,FFree,FFree,FFree,FFree,FFree,FFree,FFree,FFree,FFree,FFree,FFree,FFree,FFree,FFree,FFree,FFree,FFree,FFree,FFree,FFree,FFree,FFree,FFree,FFree,FFree,FFree,FFree,FFree,FFree,FFree,FFree,FFree,FFree,FFree,FFree,FFree,FFree,FFree,FFree,FFree,FFree,FFree,FFree,FFree,FFree,FFree,FFree,FFree,FFree,FFree,FFree,FFree,FFree,FFree,FFree,FFree,FFree,FFree,,,,,,,,,,,,,,,,
ME 408,FFree,FFree,FFree,FFree,FFree,FFree,FFree,FFree,FFree,FFree,FFree,FFree,FFree,FFree,FFree,FFree,FFree,FFree,FFree,FFree,FFree,FFree,FFree,FFree,FFree,FFree,FFree,FFree,FFree,FFree,FFree,FFree,FFree,FFree,FFree,FFree,FFree,FFree,FFree,FFree,FFree,FFree,FFree,FFree,FFree,FFree,FFree,FFree,FFree,FFree,FFree,FFree,FFree,FFree,FFree,FFree,FFree,FFree,FFree,FFree,FFree,FFree,FFree,FFree,FFree,FFree,FFree,FFree,FFree,FFree,FFree,FFree,FFree,FFree,FFree,FFree,FFree,FFree,FFree,FFree,FFree,FFree
ME 409,FFree,FFree,FFree,FFree,FFree,FFree,FFree,FFree,FFree,FFree,FFree,FFree,FFree,FFree,FFree,FFree,FFree,FFree,FFree,FFree,FFree,FFree,FFree,FFree,FFree,FFree,FFree,FFree,FFree,FFree,FFree,FFree,FFree,FFree,FFree,FFree,FFree,FFree,FFree,FFree,FFree,FFree,FFree,FFree,FFree,FFree,FFree,FFree,FFree,FFree,FFree,FFree,FFree,FFree,FFree,FFree,FFree,FFree,FFree,FFree,FFree,FFree,FFree,FFree,FFree,FFree,FFree,FFree,FFree,FFree,FFree,FFree,FFree,FFree,FFree,FFree,FFree,FFree,FFree,FFree,FFree,FFree
ME 410,FFree,FFree,FFree,FFree,FFree,FFree,FFree,FFree,FFree,FFree,FFree,FFree,FFree,FFree,FFree,FFree,FFree,FFree,FFree,FFree,FFree,FFree,FFree,FFree,FFree,FFree,FFree,FFree,FFree,FFree,FFree,FFree,FFree,FFree,FFree,FFree,FFree,FFree,FFree,FFree,FFree,FFree,FFree,FFree,FFree,FFree,FFree,FFree,FFree,FFree,FFree,FFree,FFree,FFree,FFree,FFree,FFree,FFree,FFree,FFree,FFree,FFree,FFree,FFree,FFree,FFree,FFree,FFree,FFree,FFree,,,,,,,,,,,,
ME 411,FFree,FFree,FFree,FFree,FFree,FFree,FFree,FFree,FFree,FFree,FFree,FFree,FFree,FFree,FFree,FFree,FFree,FFree,FFree,FFree,FFree,FFree,FFree,FFree,FFree,FFree,FFree,FFree,FFree,FFree,FFree,FFree,FFree,FFree,FFree,FFree,FFree,FFree,FFree,FFree,FFree,FFree,FFree,FFree,FFree,FFree,FFree,FFree,FFree,FFree,FFree,FFree,FFree,FFree,FFree,FFree,FFree,FFree,FFree,FFree,FFree,FFree,FFree,FFree,FFree,FFree,FFree,FFree,FFree,FFree,,,,,,,,,,,,
ME 412,FFree,FFree,FFree,FFree,FFree,FFree,FFree,FFree,FFree,FFree,FFree,FFree,FFree,FFree,FFree,FFree,FFree,FFree,FFree,FFree,FFree,FFree,FFree,FFree,FFree,FFree,FFree,FFree,FFree,FFree,FFree,FFree,FFree,FFree,FFree,FFree,FFree,FFree,FFree,FFree,FFree,FFree,FFree,FFree,FFree,FFree,FFree,FFree,FFree,FFree,FFree,FFree,FFree,FFree,FFree,FFree,FFree,FFree,FFree,FFree,FFree,FFree,FFree,FFree,FFree,FFree,FFree,FFree,FFree,FFree,FFree,FFree,FFree,FFree,FFree,FFree,FFree,FFree,FFree,FFree,FFree,FFree
ME 415,FFree,FFree,FFree,FFree,FFree,FFree,FFree,FFree,FFree,FFree,FFree,FFree,FFree,FFree,FFree,FFree,FFree,FFree,FFree,FFree,FFree,FFree,FFree,FFree,FFree,FFree,FFree,FFree,FFree,FFree,FFree,FFree,FFree,FFree,FFree,FFree,FFree,FFree,FFree,FFree,FFree,FFree,FFree,FFree,FFree,FFree,FFree,FFree,FFree,FFree,FFree,FFree,FFree,FFree,FFree,FFree,FFree,FFree,FFree,FFree,FFree,FFree,FFree,FFree,FFree,FFree,FFree,FFree,FFree,FFree,FFree,FFree,FFree,FFree,FFree,FFree,FFree,FFree,FFree,FFree,FFree,FFree
ME 420,FFree,FFree,FFree,FFree,FFree,FFree,FFree,FFree,FFree,FFree,FFree,FFree,FFree,FFree,FFree,FFree,FFree,FFree,FFree,FFree,FFree,FFree,FFree,FFree,FFree,FFree,FFree,FFree,FFree,FFree,FFree,FFree,FFree,FFree,FFree,FFree,FFree,FFree,FFree,FFree,FFree,FFree,FFree,FFree,FFree,FFree,FFree,FFree,FFree,FFree,FFree,FFree,FFree,FFree,FFree,FFree,FFree,FFree,FFree,FFree,FFree,FFree,FFree,FFree,FFree,FFree,FFree,FFree,FFree,FFree,FFree,FFree,FFree,FFree,FFree,FFree,FFree,FFree,FFree,FFree,FFree,FFree
ME 425,FFree,FFree,FFree,FFree,FFree,FFree,FFree,FFree,FFree,FFree,FFree,FFree,FFree,FFree,FFree,FFree,FFree,FFree,FFree,FFree,FFree,FFree,FFree,FFree,FFree,FFree,FFree,FFree,FFree,FFree,FFree,FFree,FFree,FFree,FFree,FFree,FFree,FFree,FFree,FFree,FFree,FFree,FFree,FFree,FFree,FFree,FFree,FFree,FFree,FFree,FFree,FFree,FFree,FFree,FFree,FFree,FFree,FFree,FFree,FFree,FFree,FFree,FFree,FFree,FFree,FFree,FFree,FFree,FFree,FFree,FFree,FFree,FFree,FFree,FFree,FFree,FFree,FFree,FFree,FFree,FFree,FFree
ME 435,FFree,FFree,FFree,FFree,FFree,FFree,FFree,FFree,FFree,FFree,FFree,FFree,FFree,FFree,FFree,FFree,FFree,FFree,FFree,FFree,FFree,FFree,FFree,FFree,FFree,FFree,FFree,FFree,FFree,FFree,FFree,FFree,FFree,FFree,FFree,FFree,FFree,FFree,FFree,FFree,FFree,FFree,FFree,FFree,FFree,FFree,FFree,FFree,FFree,FFree,FFree,FFree,FFree,FFree,FFree,FFree,FFree,FFree,FFree,FFree,FFree,FFree,FFree,FFree,FFree,FFree,FFree,FFree,FFree,FFree,FFree,FFree,FFree,FFree,FFree,FFree,FFree,FFree,FFree,FFree,FFree,FFree
ME 437,FFree,FFree,FFree,FFree,FFree,FFree,FFree,FFree,FFree,FFree,FFree,FFree,FFree,FFree,FFree,FFree,FFree,FFree,FFree,FFree,FFree,FFree,FFree,FFree,FFree,FFree,FFree,FFree,FFree,FFree,FFree,FFree,FFree,FFree,FFree,FFree,FFree,FFree,FFree,FFree,FFree,FFree,FFree,FFree,FFree,FFree,FFree,FFree,FFree,FFree,FFree,FFree,FFree,FFree,FFree,FFree,FFree,FFree,FFree,FFree,FFree,FFree,FFree,FFree,FFree,FFree,FFree,FFree,FFree,FFree,FFree,FFree,FFree,FFree,FFree,FFree,FFree,FFree,FFree,FFree,FFree,FFree
ME 441,FFree,FFree,FFree,FFree,FFree,FFree,FFree,FFree,FFree,FFree,FFree,FFree,FFree,FFree,FFree,FFree,FFree,FFree,FFree,FFree,FFree,FFree,FFree,FFree,FFree,FFree,FFree,FFree,FFree,FFree,FFree,FFree,FFree,FFree,FFree,FFree,FFree,FFree,FFree,FFree,FFree,FFree,FFree,FFree,FFree,FFree,FFree,FFree,FFree,FFree,FFree,FFree,FFree,FFree,FFree,FFree,FFree,FFree,FFree,FFree,FFree,FFree,FFree,FFree,FFree,FFree,FFree,FFree,FFree,FFree,FFree,FFree,FFree,FFree,FFree,FFree,FFree,FFree,FFree,FFree,FFree,FFree
ME 480,FFree,FFree,FFree,FFree,FFree,FFree,FFree,FFree,FFree,FFree,FFree,FFree,FFree,FFree,FFree,FFree,FFree,FFree,FFree,FFree,FFree,FFree,FFree,FFree,FFree,FFree,FFree,FFree,FFree,FFree,FFree,FFree,FFree,FFree,FFree,FFree,FFree,FFree,FFree,FFree,FFree,FFree,FFree,FFree,FFree,FFree,FFree,FFree,FFree,FFree,FFree,,,,,,,,,,,,,,,,,,,,,,,,,,,,,,,
ME 48000,FFree,FFree,FFree,FFree,FFree,FFree,FFree,FFree,FFree,FFree,FFree,FFree,FFree,FFree,FFree,FFree,FFree,FFree,FFree,FFree,FFree,FFree,FFree,FFree,FFree,FFree,FFree,FFree,FFree,FFree,FFree,FFree,FFree,FFree,FFree,FFree,FFree,FFree,FFree,FFree,FFree,FFree,FFree,FFree,FFree,FFree,FFree,FFree,FFree,FFree,FFree,FFree,FFree,FFree,FFree,FFree,FFree,FFree,FFree,FFree,FFree,FFree,FFree,FFree,FFree,FFree,FFree,FFree,FFree,FFree,,,,,,,,,,,,
ME 48001,FFree,FFree,FFree,FFree,FFree,FFree,FFree,FFree,FFree,FFree,FFree,FFree,FFree,FFree,FFree,FFree,FFree,FFree,FFree,FFree,FFree,FFree,FFree,FFree,FFree,FFree,FFree,FFree,FFree,FFree,FFree,FFree,FFree,FFree,FFree,FFree,FFree,FFree,FFree,FFree,FFree,FFree,FFree,FFree,FFree,FFree,FFree,FFree,FFree,FFree,FFree,FFree,FFree,FFree,FFree,FFree,FFree,FFree,FFree,FFree,FFree,FFree,FFree,FFree,FFree,FFree,FFree,FFree,FFree,FFree,,,,,,,,,,,,
ME 48002,FFree,FFree,FFree,FFree,FFree,FFree,FFree,FFree,FFree,FFree,FFree,FFree,FFree,FFree,FFree,FFree,FFree,FFree,FFree,FFree,FFree,FFree,FFree,FFree,FFree,FFree,FFree,FFree,FFree,FFree,FFree,FFree,FFree,FFree,FFree,FFree,FFree,FFree,FFree,FFree,FFree,FFree,FFree,FFree,FFree,FFree,FFree,FFree,FFree,FFree,FFree,FFree,FFree,FFree,FFree,FFree,FFree,FFree,FFree,FFree,FFree,FFree,FFree,FFree,FFree,FFree,FFree,FFree,FFree,FFree,,,,,,,,,,,,
ME 481,FFree,FFree,FFree,FFree,FFree,FFree,FFree,FFree,FFree,FFree,FFree,FFree,FFree,FFree,FFree,FFree,FFree,FFree,FFree,FFree,FFree,FFree,FFree,FFree,FFree,FFree,FFree,FFree,FFree,FFree,FFree,FFree,FFree,FFree,FFree,FFree,FFree,FFree,FFree,FFree,FFree,FFree,FFree,FFree,FFree,FFree,FFree,FFree,FFree,FFree,FFree,,,,,,,,,,,,,,,,,,,,,,,,,,,,,,,
MGMT 201,FFree:M,FFree:M,FFree:M,FFree:M,FFree:M,FFree:M,FFree:M,FFree:M,FFree:M,FFree:M,FFree:M,FFree:M,FFree:M,FFree:M,FFree:M,FFree:M,FFree:M,FFree:M,FFree:M,FFree:M,FFree:M,FFree:M,FFree:M,FFree:M,FFree:M,FFree:M,FFree:M,FFree:M,FFree:M,FFree:M,FFree,FFree,FFree,FFree,FFree,FFree,FFree,FFree,FFree,FFree,FFree,FFree,FFree,FFree,FFree,FFree,FFree,FFree,FFree,FFree,FFree,FFree,FFree,FFree,FFree,FFree,FFree,FFree,FFree,FFree,FFree,FFree,FFree,FFree,FFree,FFree,FFree,FFree,FFree,FFree,FFree,FFree,FFree,FFree,FFree,FFree,FFree,FFree,FFree,FFree,FFree,FFree
MGMT 202,FFree:M,FFree:M,FFree:M,FFree:M,FFree:M,FFree:M,FFree:M,FFree:M,FFree:M,FFree:M,FFree:M,FFree:M,FFree:M,FFree:M,FFree:M,FFree:M,FFree:M,FFree:M,FFree:M,FFree:M,FFree:M,FFree:M,FFree:M,FFree:M,FFree:M,FFree:M,FFree:M,FFree:M,FFree:M,FFree:M,FFree,FFree,FFree,,,,,,,,,,,,,,,,,,,,,,,,,,,,,,,,,,,,,,,,,,,,,,,,,
MGMT 203,FFree,FFree,FFree,FFree,FFree,FFree,FFree,FFree,FFree,FFree,FFree,FFree,FFree,FFree,FFree,FFree,FFree,FFree,FFree,FFree,FFree,FFree,FFree,FFree,FFree,FFree,FFree,FFree,FFree,FFree,FFree,FFree,FFree,FFree,FFree,FFree,FFree,FFree,FFree,FFree,FFree,FFree,FFree,FFree,FFree,FFree,FFree,FFree,FFree,FFree,FFree,FFree,FFree,FFree,FFree,FFree,FFree,FFree,FFree,FFree,FFree,FFree,FFree,FFree,FFree,FFree,FFree,FFree,FFree,FFree,FFree,FFree,FFree,FFree,FFree,FFree,FFree,FFree,FFree,FFree,FFree,FFree
MGMT 213,FFree,FFree,FFree,FFree,FFree,FFree,FFree,FFree,FFree,FFree,FFree,FFree,FFree,FFree,FFree,FFree,FFree,FFree,FFree,FFree,FFree,FFree,FFree,FFree,FFree,FFree,FFree,FFree,FFree,FFree,FFree,FFree,FFree,FFree,FFree,FFree,FFree,FFree,FFree,FFree,FFree,FFree,FFree,FFree,FFree,FFree,FFree,FFree,FFree,FFree,FFree,FFree,FFree,FFree,FFree,FFree,FFree,FFree,FFree,FFree,FFree,FFree,FFree,FFree,FFree,FFree,FFree,FFree,FFree,FFree,FFree,FFree,FFree,FFree,FFree,FFree,FFree,FFree,FFree,FFree,FFree,FFree
MGMT 301,FFree,FFree,FFree,FFree,FFree,FFree,FFree,FFree,FFree,FFree,FFree,FFree,FFree,FFree,FFree,FFree,FFree,FFree,FFree,FFree,FFree,FFree,FFree,FFree,FFree,FFree,FFree,FFree,FFree,FFree,FFree,FFree,FFree,FFree,FFree,FFree,FFree,FFree,FFree,FFree,FFree,FFree,FFree,FFree,FFree,FFree,FFree,FFree,FFree,FFree,FFree,FFree,FFree,FFree,FFree,FFree,FFree,FFree,FFree,FFree,FFree,FFree,FFree,FFree,FFree,FFree,FFree,FFree,FFree,FFree,FFree,FFree,FFree,FFree,FFree,FFree,FFree,FFree,FFree,FFree,FFree,FFree
MGMT 302,FFree,FFree,FFree,FFree,FFree,FFree,FFree,FFree,FFree,FFree,FFree,FFree,FFree,FFree,FFree,FFree,FFree,FFree,FFree,FFree,FFree,FFree,FFree,FFree,FFree,FFree,FFree,FFree,FFree,FFree,FFree,FFree,FFree,FFree,FFree,FFree,FFree,FFree,FFree,FFree,FFree,FFree,FFree,FFree,FFree,FFree,FFree,FFree,FFree,FFree,FFree,FFree,FFree,FFree,FFree,FFree,FFree,FFree,FFree,FFree,FFree,FFree,FFree,FFree,FFree,FFree,FFree,FFree,FFree,FFree,FFree,FFree,FFree,FFree,FFree,FFree,FFree,FFree,FFree,FFree,FFree,FFree
MGMT 307,FFree,FFree,FFree,FFree,FFree,FFree,FFree,FFree,FFree,FFree,FFree,FFree,FFree,FFree,FFree,FFree,FFree,FFree,FFree,FFree,FFree,FFree,FFree,FFree,FFree,FFree,FFree,FFree,FFree,FFree,FFree,FFree,FFree,FFree,FFree,FFree,FFree,FFree,FFree,FFree,FFree,FFree,FFree,,,,,,,,,,,,,,,,,,,,,,,,,,,,,,,,,,,,,,,
MGMT 308,FFree,FFree,FFree,FFree,FFree,FFree,FFree,FFree,FFree,FFree,FFree,FFree,FFree,FFree,FFree,FFree,FFree,FFree,FFree,FFree,FFree,FFree,FFree,FFree,FFree,FFree,FFree,FFree,FFree,FFree,FFree,FFree,FFree,FFree,FFree,FFree,FFree,FFree,FFree,FFree,FFree,,,,,,,,,,,,,,,,,,,,,,,,,,,,,,,,,,,,,,,,,
MGMT 309,FFree,FFree,FFree,FFree,FFree,FFree,FFree,FFree,FFree,FFree,FFree,FFree,FFree,FFree,FFree,FFree,FFree,FFree,FFree,FFree,FFree,FFree,FFree,FFree,FFree,FFree,FFree,FFree,FFree,FFree,FFree,FFree,FFree,FFree,FFree,FFree,FFree,FFree,FFree,FFree,FFree,FFree,FFree,FFree,FFree,FFree,FFree,FFree,FFree,FFree,FFree,FFree,FFree,FFree,FFree,FFree,FFree,FFree,FFree,FFree,FFree,FFree,FFree,FFree,FFree,FFree,FFree,FFree,FFree,FFree,FFree,FFree,FFree,FFree,FFree,FFree,FFree,FFree,FFree,FFree,FFree,FFree
MGMT 310,FFree,FFree,FFree,FFree,FFree,FFree,FFree,FFree,FFree,FFree,FFree,FFree,FFree,FFree,FFree,FFree,FFree,FFree,FFree,FFree,FFree,FFree,FFree,FFree,FFree,FFree,FFree,FFree,FFree,FFree,FFree,FFree,FFree,FFree,FFree,FFree,FFree,FFree,FFree,FFree,FFree,FFree,FFree,FFree,FFree,FFree,FFree,FFree,FFree,FFree,FFree,FFree,FFree,FFree,FFree,FFree,FFree,FFree,FFree,FFree,FFree,FFree,FFree,FFree,FFree,FFree,FFree,FFree,FFree,FFree,FFree,FFree,FFree,FFree,FFree,FFree,FFree,FFree,FFree,FFree,FFree,FFree
MGMT 333,FFree,FFree,FFree,FFree,FFree,FFree,FFree,FFree,FFree,FFree,FFree,FFree,FFree,FFree,FFree,FFree,FFree,FFree,FFree,FFree,FFree,FFree,FFree,FFree,FFree,FFree,FFree,FFree,FFree,FFree,FFree,FFree,FFree,FFree,FFree,FFree,FFree,FFree,FFree,FFree,FFree,FFree,FFree,FFree,FFree,FFree,FFree,FFree,FFree,FFree,FFree,FFree,FFree,FFree,FFree,FFree,FFree,FFree,FFree,FFree,FFree,FFree,FFree,FFree,FFree,FFree,FFree,FFree,FFree,FFree,FFree,FFree,FFree,FFree,FFree,FFree,FFree,FFree,FFree,FFree,FFree,FFree
MGMT 401,FFree,FFree,FFree,FFree,FFree,FFree,FFree,FFree,FFree,FFree,FFree,FFree,FFree,FFree,FFree,FFree,FFree,FFree,FFree,FFree,FFree,FFree,FFree,FFree,FFree,FFree,FFree,FFree,FFree,FFree,FFree,FFree,FFree,FFree,FFree,FFree,FFree,FFree,FFree,FFree,FFree,FFree,FFree,FFree,FFree,FFree,FFree,FFree,FFree,FFree,FFree,FFree,FFree,FFree,FFree,FFree,FFree,FFree,FFree,FFree,FFree,FFree,FFree,FFree,FFree,FFree,FFree,FFree,FFree,FFree,FFree,FFree,FFree,FFree,FFree,FFree,FFree,FFree,FFree,FFree,FFree,FFree
MGMT 402,FFree,FFree,FFree,FFree,FFree,FFree,FFree,FFree,FFree,FFree,FFree,FFree,FFree,FFree,FFree,FFree,FFree,FFree,FFree,FFree,FFree,FFree,FFree,FFree,FFree,FFree,FFree,FFree,FFree,FFree,FFree,FFree,FFree,FFree,FFree,FFree,FFree,FFree,FFree,FFree,FFree,FFree,FFree,FFree,FFree,FFree,FFree,FFree,FFree,FFree,FFree,FFree,FFree,FFree,FFree,FFree,FFree,FFree,FFree,FFree,FFree,FFree,FFree,FFree,FFree,FFree,FFree,FFree,FFree,FFree,FFree,FFree,FFree,FFree,FFree,FFree:M,FFree:M,FFree:M,FFree:M,FFree:M,FFree:M,FFree:M
MGMT 403,FFree,FFree,FFree,FFree,FFree,FFree,FFree,FFree,FFree,FFree,FFree,FFree,FFree,FFree,FFree,FFree,FFree,FFree,FFree,FFree,FFree,FFree,FFree,FFree,FFree,FFree,FFree,FFree,FFree,FFree,FFree,FFree,FFree,FFree,FFree,FFree,FFree,FFree,FFree,FFree,FFree,FFree,FFree,FFree,FFree,FFree,FFree,FFree,FFree,FFree,FFree,FFree,FFree,FFree,FFree,FFree,FFree,FFree,FFree,FFree,FFree,FFree,FFree,FFree,FFree,FFree,FFree,FFree,FFree,FFree,FFree,FFree,FFree,FFree,FFree,FFree,FFree,FFree,FFree,FFree,FFree,FFree
MGMT 404,FFree,FFree,FFree,FFree,FFree,FFree,FFree,FFree,FFree,FFree,FFree,FFree,FFree,FFree,FFree,FFree,FFree,FFree,FFree,FFree,FFree,FFree,FFree,FFree,FFree,FFree,FFree,FFree,FFree,FFree,FFree,FFree,FFree,FFree,FFree,FFree,FFree,FFree,FFree,FFree,FFree,FFree,FFree,FFree,FFree,FFree,FFree,FFree,FFree,FFree,FFree,FFree,FFree,FFree,FFree,FFree,FFree,FFree,FFree,FFree,FFree,FFree,FFree,FFree,FFree,FFree,FFree,FFree,FFree,FFree,FFree,FFree,FFree,FFree,FFree,FFree,FFree,FFree,FFree,FFree,FFree,FFree
MGMT 405,FFree,FFree,FFree,FFree,FFree,FFree,FFree,FFree,FFree,FFree,FFree,FFree,FFree,FFree,FFree,FFree,FFree,FFree,FFree,FFree,FFree,FFree,FFree,FFree,FFree,FFree,FFree,FFree,FFree,FFree,FFree,FFree,FFree,FFree,FFree,FFree,FFree,FFree,FFree,FFree,FFree,FFree,FFree,FFree,FFree,FFree,FFree,FFree,FFree,FFree,FFree,FFree,FFree,FFree,FFree,FFree,FFree,FFree,FFree,FFree,FFree,FFree,FFree,FFree,FFree,FFree,FFree,FFree,FFree,FFree,FFree,FFree,FFree,FFree,FFree,FFree,FFree,FFree,FFree,FFree,FFree,FFree
MGMT 406,FFree,FFree,FFree,FFree,FFree,FFree,FFree,FFree,FFree,FFree,FFree,FFree,FFree,FFree,FFree,FFree,FFree,FFree,FFree,FFree,FFree,FFree,FFree,FFree,FFree,FFree,FFree,FFree,FFree,FFree,FFree,FFree,FFree,FFree,FFree,FFree,FFree,FFree,FFree,FFree,FFree,FFree,FFree,FFree,FFree,FFree,FFree,FFree,FFree,FFree,FFree,FFree,FFree,FFree,FFree,FFree,FFree,FFree,FFree,FFree,FFree,FFree,FFree,FFree,FFree,FFree,FFree,,,,,,,,,,,,,,,
MGMT 407,FFree,FFree,FFree,FFree,FFree,FFree,FFree,FFree,FFree,FFree,FFree,FFree,FFree,FFree,FFree,FFree,FFree,FFree,FFree,FFree,FFree,FFree,FFree,FFree,FFree,FFree,FFree,FFree,FFree,FFree,FFree,FFree,FFree,FFree,FFree,FFree,FFree,FFree,FFree,FFree,FFree,FFree,FFree,FFree,FFree,FFree,FFree,FFree,FFree,FFree,FFree,FFree,FFree,FFree,FFree,FFree,FFree,FFree,FFree,FFree,FFree,FFree,FFree,FFree,FFree,FFree,FFree,,,,,,,,,,,,,,,
MGMT 408,FFree,FFree,FFree,FFree,FFree,FFree,FFree,FFree,FFree,FFree,FFree,FFree,FFree,FFree,FFree,FFree,FFree,FFree,FFree,FFree,FFree,FFree,FFree,FFree,FFree,FFree,FFree,FFree,FFree,FFree,FFree,FFree,FFree,FFree,FFree,FFree,FFree,FFree,FFree,FFree,FFree,FFree,FFree,FFree,FFree,FFree,FFree,FFree,FFree,FFree,FFree,FFree,FFree,FFree,FFree,FFree,FFree,FFree,FFree,,,,,,,,,,,,,,,,,,,,,,,
MGMT 409,FFree,FFree,FFree,FFree,FFree,FFree,FFree,FFree,FFree,FFree,FFree,FFree,FFree,FFree,FFree,FFree,FFree,FFree,FFree,FFree,FFree,FFree,FFree,FFree,FFree,FFree,FFree,FFree,FFree,FFree,FFree,FFree,FFree,FFree,FFree,FFree,FFree,FFree,FFree,FFree,FFree,FFree,FFree,FFree,FFree,FFree,FFree,FFree,FFree,FFree,FFree,FFree,FFree,FFree,FFree,FFree,FFree,FFree,FFree,,,,,,,,,,,,,,,,,,,,,,,
MGMT 410,FFree,FFree,FFree,FFree,FFree,FFree,FFree,FFree,FFree,FFree,FFree,FFree,FFree,FFree,FFree,FFree,FFree,FFree,FFree,FFree,FFree,FFree,FFree,FFree,FFree,FFree,FFree,FFree,FFree,FFree,FFree,FFree,FFree,FFree,FFree,FFree,FFree,FFree,FFree,FFree,FFree,FFree,FFree,FFree,FFree,FFree,FFree,FFree,FFree,FFree,FFree,FFree,FFree,FFree,FFree,FFree,FFree,FFree,FFree,FFree,FFree,FFree,FFree,FFree,FFree,FFree,FFree,FFree,FFree,FFree,FFree,FFree,FFree,FFree,FFree,FFree,FFree,FFree,FFree,FFree,FFree,FFree
MGMT 411,FFree,FFree,FFree,FFree,FFree,FFree,FFree,FFree,FFree,FFree,FFree,FFree,FFree,FFree,FFree,FFree,FFree,FFree,FFree,FFree,FFree,FFree,FFree,FFree,FFree,FFree,FFree,FFree,FFree,FFree,FFree,FFree,FFree,FFree,FFree,FFree,FFree,FFree,FFree,FFree,FFree,FFree,FFree,FFree,FFree,FFree,FFree,FFree,FFree,FFree,FFree,FFree,FFree,FFree,FFree,FFree,FFree,FFree,FFree,FFree,FFree,FFree,FFree,FFree,FFree,FFree,FFree,FFree,FFree,FFree,FFree,FFree,FFree,FFree,FFree,FFree,FFree,FFree,FFree,FFree,FFree,FFree
MGMT 412,FFree,FFree,FFree,FFree,FFree,FFree,FFree,FFree,FFree,FFree,FFree,FFree,FFree,FFree,FFree,FFree,FFree,FFree,FFree,FFree,FFree,FFree,FFree,FFree,FFree,FFree,FFree,FFree,FFree,FFree,FFree,FFree,FFree,FFree,FFree,FFree,FFree,FFree,FFree,FFree,FFree,FFree,FFree,FFree,FFree,FFree,FFree,FFree,FFree,FFree,FFree,FFree,FFree,FFree,FFree,FFree,FFree,FFree,FFree,FFree,FFree,FFree,FFree,FFree,FFree,FFree,FFree,FFree,FFree,FFree,FFree,FFree,FFree,FFree,FFree,FFree,FFree,FFree,FFree,FFree,FFree,FFree
MGMT 413,FFree,FFree,FFree,FFree,FFree,FFree,FFree,FFree,FFree,FFree,FFree,FFree,FFree,FFree,FFree,FFree,FFree,FFree,FFree,FFree,FFree,FFree,FFree,FFree,FFree,FFree,FFree,FFree,FFree,FFree,FFree,FFree,FFree,FFree,FFree,FFree,FFree,FFree,FFree,FFree,FFree,FFree,FFree,FFree,FFree,FFree,FFree,FFree,FFree,FFree,FFree,FFree,FFree,FFree,FFree,FFree,FFree,FFree,FFree,FFree,FFree,FFree,FFree,FFree,FFree,FFree,FFree,FFree,FFree,FFree,FFree,FFree,FFree,FFree,FFree,FFree,FFree,FFree,FFree,FFree,FFree,FFree
MGMT 414,FFree,FFree,FFree,FFree,FFree,FFree,FFree,FFree,FFree,FFree,FFree,FFree,FFree,FFree,FFree,FFree,FFree,FFree,FFree,FFree,FFree,FFree,FFree,FFree,FFree,FFree,FFree,FFree,FFree,FFree,FFree,FFree,FFree,FFree,FFree,FFree,FFree,FFree,FFree,FFree,FFree,FFree,FFree,FFree,FFree,FFree,FFree,FFree,FFree,FFree,FFree,FFree,FFree,FFree,FFree,FFree,FFree,FFree,FFree,FFree,FFree,FFree,FFree,FFree,FFree,FFree,FFree,FFree,FFree,FFree,FFree,FFree,FFree,FFree,FFree,FFree,FFree,FFree,FFree,FFree,FFree,FFree
MGMT 415,FFree,FFree,FFree,FFree,FFree,FFree,FFree,FFree,FFree,FFree,FFree,FFree,FFree,FFree,FFree,FFree,FFree,FFree,FFree,FFree,FFree,FFree,FFree,FFree,FFree,FFree,FFree,FFree,FFree,FFree,FFree,FFree,FFree,FFree,FFree,FFree,FFree,FFree,FFree,FFree,FFree,FFree,FFree,FFree,FFree,FFree,FFree,FFree,FFree,FFree,FFree,FFree,FFree,FFree,FFree,FFree,FFree,FFree,FFree,FFree,FFree,FFree,FFree,FFree,FFree,FFree,FFree,FFree,FFree,FFree,FFree,FFree,FFree,FFree,FFree,FFree,FFree,FFree,FFree,FFree,FFree,FFree
MGMT 416,FFree,FFree,FFree,FFree,FFree,FFree,FFree,FFree,FFree,FFree,FFree,FFree,FFree,FFree,FFree,FFree,FFree,FFree,FFree,FFree,FFree,FFree,FFree,FFree,FFree,FFree,FFree,FFree,FFree,FFree,FFree,FFree,FFree,FFree,FFree,FFree,FFree,FFree,FFree,FFree,FFree,FFree,FFree,FFree,FFree,FFree,FFree,FFree,FFree,FFree,FFree,FFree,FFree,FFree,FFree,,,,,,,,,,,,,,,,,,,,,,,,,,,
MGMT 417,FFree,FFree,FFree,FFree,FFree,FFree,FFree,FFree,FFree,FFree,FFree,FFree,FFree,FFree,FFree,FFree,FFree,FFree,FFree,FFree,FFree,FFree,FFree,FFree,FFree,FFree,FFree,FFree,FFree,FFree,FFree,FFree,FFree,FFree,FFree,FFree,FFree,FFree,FFree,FFree,FFree,FFree,FFree,FFree,FFree,FFree,FFree,FFree,FFree,FFree,FFree,FFree,FFree,FFree,FFree,FFree,FFree,FFree,FFree,FFree,FFree,FFree,FFree,FFree,FFree,FFree,FFree,FFree,FFree,FFree,FFree,FFree,FFree,FFree,FFree,FFree,FFree,FFree,FFree,FFree,FFree,FFree
MGMT 418,FFree,FFree,FFree,FFree,FFree,FFree,FFree,FFree,FFree,FFree,FFree,FFree,FFree,FFree,FFree,FFree,FFree,FFree,FFree,FFree,FFree,FFree,FFree,FFree,FFree,FFree,FFree,FFree,FFree,FFree,FFree,FFree,FFree,FFree,FFree,FFree,FFree,FFree,FFree,FFree,FFree,FFree,FFree,FFree,FFree,FFree,FFree,FFree,FFree,FFree,FFree,FFree,FFree,FFree,FFree,FFree,FFree,FFree,FFree,FFree,FFree,FFree,FFree,FFree,FFree,FFree,FFree,FFree,FFree,FFree,FFree,FFree,FFree,FFree,FFree,FFree,FFree,FFree,FFree,FFree,FFree,FFree
MGMT 419,FFree,FFree,FFree,FFree,FFree,FFree,FFree,FFree,FFree,FFree,FFree,FFree,FFree,FFree,FFree,FFree,FFree,FFree,FFree,FFree,FFree,FFree,FFree,FFree,FFree,FFree,FFree,FFree,FFree,FFree,FFree,FFree,FFree,FFree,FFree,FFree,FFree,FFree,FFree,FFree,FFree,FFree,FFree,FFree,FFree,FFree,FFree,FFree,FFree,FFree,FFree,FFree,FFree,FFree,FFree,FFree,FFree,FFree,FFree,FFree,FFree,FFree,FFree,FFree,FFree,FFree,FFree,FFree,FFree,FFree,FFree,FFree,FFree,FFree,FFree,FFree,FFree,FFree,FFree,FFree,FFree,FFree
MGMT 420,FFree,FFree,FFree,FFree,FFree,FFree,FFree,FFree,FFree,FFree,FFree,FFree,FFree,FFree,FFree,FFree,FFree,FFree,FFree,FFree,FFree,FFree,FFree,FFree,FFree,FFree,FFree,FFree,FFree,FFree,FFree,FFree,FFree,FFree,FFree,FFree,FFree,FFree,FFree,FFree,FFree,FFree,FFree,FFree,FFree,FFree,FFree,FFree,FFree,FFree,FFree,FFree,FFree,FFree,FFree,FFree,FFree,FFree,FFree,FFree,FFree,FFree,FFree,FFree,FFree,FFree,FFree,,,,,,,,,,,,,,,
MGMT 421,FFree,FFree,FFree,FFree,FFree,FFree,FFree,FFree,FFree,FFree,FFree,FFree,FFree,FFree,FFree,FFree,FFree,FFree,FFree,FFree,FFree,FFree,FFree,FFree,FFree,FFree,FFree,FFree,FFree,FFree,FFree,FFree,FFree,FFree,FFree,FFree,FFree,FFree,FFree,FFree,FFree,FFree,FFree,FFree,FFree,FFree,FFree,FFree,FFree,FFree,FFree,FFree,FFree,FFree,FFree,FFree,FFree,FFree,FFree,FFree,FFree,FFree,FFree,FFree,FFree,FFree,FFree,FFree,FFree,FFree,FFree,FFree,FFree,FFree,FFree,FFree,FFree,FFree,FFree,FFree,FFree,FFree
MGMT 422,FFree,FFree,FFree,FFree,FFree,FFree,FFree,FFree,FFree,FFree,FFree,FFree,FFree,FFree,FFree,FFree,FFree,FFree,FFree,FFree,FFree,FFree,FFree,FFree,FFree,FFree,FFree,FFree,FFree,FFree,FFree,FFree,FFree,FFree,FFree,FFree,FFree,FFree,FFree,FFree,FFree,FFree,FFree,FFree,FFree,FFree,FFree,FFree,FFree,FFree,FFree,FFree,FFree,FFree,FFree,FFree,FFree,FFree,FFree,FFree,FFree,FFree,FFree,FFree,FFree,,,,,,,,,,,,,,,,,
MGMT 423,FFree,FFree,FFree,FFree,FFree,FFree,FFree,FFree,FFree,FFree,FFree,FFree,FFree,FFree,FFree,FFree,FFree,FFree,FFree,FFree,FFree,FFree,FFree,FFree,FFree,FFree,FFree,FFree,FFree,FFree,FFree,FFree,FFree,FFree,FFree,FFree,FFree,FFree,FFree,FFree,FFree,FFree,FFree,FFree,FFree,FFree,FFree,FFree,FFree,FFree,FFree,FFree,FFree,FFree,FFree,FFree,FFree,FFree,FFree,FFree,FFree,FFree,FFree,FFree,FFree,FFree,FFree,FFree,FFree,FFree,FFree,FFree,FFree,FFree,FFree,FFree,FFree,FFree,FFree,FFree,FFree,FFree
MGMT 424,FFree,FFree,FFree,FFree,FFree,FFree,FFree,FFree,FFree,FFree,FFree,FFree,FFree,FFree,FFree,FFree,FFree,FFree,FFree,FFree,FFree,FFree,FFree,FFree,FFree,FFree,FFree,FFree,FFree,FFree,FFree,FFree,FFree,FFree,FFree,FFree,FFree,FFree,FFree,FFree,FFree,FFree,FFree,FFree,FFree,FFree,FFree,FFree,FFree,FFree,FFree,FFree,FFree,FFree,FFree,FFree,FFree,FFree,FFree,FFree,FFree,FFree,FFree,FFree,FFree,FFree,FFree,FFree,FFree,FFree,FFree,FFree,FFree,FFree,FFree,FFree,FFree,FFree,FFree,FFree,FFree,FFree
MGMT 425,FFree,FFree,FFree,FFree,FFree,FFree,FFree,FFree,FFree,FFree,FFree,FFree,FFree,FFree,FFree,FFree,FFree,FFree,FFree,FFree,FFree,FFree,FFree,FFree,FFree,FFree,FFree,FFree,FFree,FFree,FFree,FFree,FFree,FFree,FFree,FFree,FFree,FFree,FFree,FFree,FFree,FFree,FFree,FFree,FFree,FFree,FFree,FFree,FFree,FFree,FFree,FFree,FFree,FFree,FFree,FFree,FFree,AArea,AArea,AArea,AArea,AArea,AArea,AArea,AArea,AArea,AArea,AArea,AArea,AArea,AArea,AArea,AArea,AArea,AArea,AArea,AArea,AArea,AArea,AArea,AArea,AArea
MGMT 426,FFree,FFree,FFree,FFree,FFree,FFree,FFree,FFree,FFree,FFree,FFree,FFree,FFree,FFree,FFree,FFree,FFree,FFree,FFree,FFree,FFree,FFree,FFree,FFree,FFree,FFree,FFree,FFree,FFree,FFree,FFree,FFree,FFree,FFree,FFree,FFree,FFree,FFree,FFree,FFree,FFree,FFree,FFree,FFree,FFree,FFree,FFree,FFree,FFree,FFree,FFree,FFree,FFree,FFree,FFree,FFree,FFree,FFree,FFree,FFree,FFree,FFree,FFree,FFree,FFree,FFree,FFree,FFree,FFree,FFree,FFree,FFree,FFree,FFree,FFree,FFree,FFree,FFree,FFree,FFree,FFree,FFree
MGMT 450,FFree,FFree,FFree,FFree,FFree,FFree,FFree,FFree,FFree,FFree,FFree,FFree,FFree,FFree,FFree,FFree,FFree,FFree,FFree,FFree,FFree,FFree,FFree,FFree,FFree,FFree,FFree,FFree,FFree,FFree,FFree,FFree,FFree,FFree,FFree,FFree,FFree,FFree,FFree,FFree,FFree,FFree,FFree,FFree,FFree,FFree,FFree,FFree,FFree,FFree,FFree,FFree,FFree,FFree,FFree,FFree,FFree,FFree,FFree,FFree,FFree,,,,,,,,,,,,,,,,,,,,,
MGMT 451,FFree,FFree,FFree,FFree,FFree,FFree,FFree,FFree,FFree,FFree,FFree,FFree,FFree,FFree,FFree,FFree,FFree,FFree,FFree,FFree,FFree,FFree,FFree,FFree,FFree,FFree,FFree,FFree,FFree,FFree,FFree,FFree,FFree,FFree,FFree,FFree,FFree,FFree,FFree,FFree,FFree,FFree,FFree,FFree,FFree,FFree,FFree,FFree,FFree,FFree,FFree,FFree,FFree,FFree,FFree,FFree,FFree,FFree,FFree,FFree,FFree,FFree,FFree,FFree,,,,,,,,,,,,,,,,,,
MGMT 452,FFree,FFree,FFree,FFree,FFree,FFree,FFree,FFree,FFree,FFree,FFree,FFree,FFree,FFree,FFree,FFree,FFree,FFree,FFree,FFree,FFree,FFree,,,,,,,,,,,,,,,,,,,,,,,,,,,,,,,,,,,,,,,,,,,,,,,,,,,,,,,,,,,,
MGMT 453,FFree,FFree,FFree,FFree,FFree,FFree,FFree,FFree,FFree,FFree,FFree,FFree,FFree,FFree,FFree,FFree,FFree,FFree,FFree,FFree,FFree,FFree,,,,,,,,,,,,,,,,,,,,,,,,,,,,,,,,,,,,,,,,,,,,,,,,,,,,,,,,,,,,
MGMT 491,FFree,FFree,FFree,FFree,FFree,FFree,FFree,FFree,FFree,FFree,FFree,FFree,FFree,FFree,FFree,FFree,FFree,FFree,FFree,FFree,FFree,FFree,FFree,FFree,FFree,FFree,FFree,FFree,FFree,FFree,FFree,FFree,FFree,FFree,FFree,FFree,FFree,FFree,FFree,FFree,FFree,FFree,FFree,FFree,FFree,FFree,FFree,FFree,FFree,FFree,FFree,FFree,FFree,FFree,FFree,FFree,FFree,FFree,FFree,FFree,FFree,FFree,FFree,FFree,FFree,FFree,FFree,FFree,FFree,FFree,FFree,FFree,FFree,FFree,FFree,FFree,FFree,FFree,FFree,FFree,FFree,FFree
MGMT 492,FFree,FFree,FFree,FFree,FFree,FFree,FFree,FFree,FFree,FFree,FFree,FFree,FFree,FFree,FFree,FFree,FFree,FFree,FFree,FFree,FFree,FFree,FFree,FFree,FFree,FFree,FFree,FFree,FFree,FFree,FFree,FFree,FFree,FFree,FFree,FFree,FFree,FFree,FFree,FFree,FFree,FFree,FFree,FFree,FFree,FFree,FFree,FFree,FFree,FFree,FFree,FFree,FFree,FFree,FFree,FFree,FFree,FFree,FFree,FFree,FFree,FFree,FFree,FFree,FFree,FFree,FFree,FFree,FFree,FFree,FFree,FFree,FFree,FFree,FFree,FFree,FFree,FFree,FFree,FFree,FFree,FFree
MGMT 495,FFree,FFree,FFree,FFree,FFree,FFree,FFree,FFree,FFree,FFree,FFree,FFree,FFree,FFree,FFree,FFree,FFree,FFree,FFree,FFree,FFree,FFree,FFree,FFree,FFree,FFree,FFree,FFree,FFree,FFree,FFree,FFree,FFree,FFree,FFree,FFree,FFree,FFree,FFree,FFree,FFree,FFree,FFree,FFree,FFree,FFree,FFree,FFree,FFree,FFree,FFree,FFree,FFree,FFree,FFree,FFree,FFree,FFree,FFree,FFree,FFree,FFree,FFree,FFree,FFree,FFree,FFree,FFree,FFree,FFree,FFree,FFree,FFree,FFree,FFree,FFree,FFree,FFree,FFree,FFree,FFree,FFree
MGMT 496,FFree,FFree,FFree,FFree,FFree,FFree,FFree,FFree,FFree,FFree,FFree,FFree,FFree,FFree,FFree,FFree,FFree,FFree,FFree,FFree,FFree,FFree,FFree,FFree,FFree,FFree,FFree,FFree,FFree,FFree,FFree,FFree,FFree,FFree,FFree,FFree,FFree,FFree,FFree,FFree,FFree,FFree,FFree,FFree,FFree,FFree,FFree,FFree,FFree,FFree,FFree,FFree,FFree,FFree,FFree,FFree,FFree,FFree,FFree,FFree,FFree,FFree,FFree,FFree,FFree,FFree,FFree,FFree,FFree,FFree,FFree,FFree,FFree,FFree,FFree,FFree,FFree,FFree,FFree,FFree,FFree,FFree
MGMT 499,FFree,FFree,FFree,FFree,FFree,FFree,FFree,FFree,FFree,FFree,FFree,FFree,FFree,FFree,FFree,FFree,FFree,FFree,FFree,FFree,FFree,FFree,FFree,FFree,FFree,FFree,FFree,FFree,FFree,FFree,FFree,FFree,FFree,FFree,FFree,FFree,FFree,FFree,FFree,FFree,FFree,FFree,FFree,FFree,FFree,FFree,FFree,FFree,FFree,FFree,FFree,FFree,FFree,FFree,FFree,FFree,FFree,FFree,FFree,FFree,FFree,FFree,FFree,FFree,FFree,FFree,FFree,FFree,FFree,FFree,FFree,FFree,FFree,FFree,FFree,FFree,FFree,FFree,FFree,FFree,FFree,FFree
MKTG 301,FFree,FFree,FFree,FFree,FFree,FFree,FFree,FFree,FFree,FFree,FFree,FFree,FFree,FFree,FFree,FFree,FFree,FFree,FFree,FFree,FFree,FFree,FFree,FFree,FFree,FFree,FFree,FFree,FFree,FFree,FFree:M,FFree:M,FFree:M,FFree:M,FFree:M,FFree:M,FFree:M,FFree:M,FFree:M,FFree:M,FFree:M,FFree:M,FFree:M,FFree:M,FFree:M,FFree:M,FFree:M,FFree:M,FFree:M,FFree:M,FFree:M,FFree:M,FFree:M,FFree:M,FFree:M,FFree:M,FFree:M,FFree:M,FFree:M,FFree:M,FFree:M,FFree:M,FFree:M,FFree:M,FFree:M,FFree:M,FFree:M,FFree:M,FFree:M,FFree:M,FFree:M,FFree:M,FFree:M,FFree:M,FFree:M,FFree:M,FFree:M,FFree:M,FFree:M,FFree:M,FFree:M,FFree:M
MKTG 401,FFree,FFree,FFree,FFree,FFree,FFree,FFree,FFree,FFree,FFree,FFree,FFree,FFree,FFree,FFree,FFree,FFree,FFree,FFree,FFree,FFree,FFree,FFree,FFree,FFree,FFree,FFree,FFree,FFree,FFree,FFree,FFree,FFree,FFree,FFree,FFree,FFree,FFree,FFree,FFree,FFree,FFree,FFree,FFree,FFree,FFree,FFree,FFree,FFree,FFree,FFree,FFree,FFree,FFree,FFree,FFree,FFree,FFree,FFree,FFree,FFree,FFree,FFree,FFree,FFree,FFree,FFree,FFree,FFree,FFree,FFree,FFree,FFree,FFree,FFree,FFree,FFree,FFree,FFree,FFree,FFree,FFree
MKTG 402,FFree,FFree,FFree,FFree,FFree,FFree,FFree,FFree,FFree,FFree,FFree,FFree,FFree,FFree,FFree,FFree,FFree,FFree,FFree,FFree,FFree,FFree,FFree,FFree,FFree,FFree,FFree,FFree,FFree,FFree,FFree,FFree,FFree,FFree,FFree,FFree,FFree,FFree,FFree,FFree,FFree,FFree,FFree,FFree,FFree,FFree,FFree,FFree,FFree,FFree,FFree,FFree,FFree,FFree,FFree,FFree,FFree,FFree,FFree,FFree,FFree,FFree,FFree,FFree,FFree,FFree,FFree,FFree,FFree,FFree,FFree,FFree,FFree,FFree,FFree,FFree,FFree,FFree,FFree,FFree,FFree,FFree
MKTG 403,FFree,FFree,FFree,FFree,FFree,FFree,FFree,FFree,FFree,FFree,FFree,FFree,FFree,FFree,FFree,FFree,FFree,FFree,FFree,FFree,FFree,FFree,FFree,FFree,FFree,FFree,FFree,FFree,FFree,FFree,FFree,FFree,FFree,FFree,FFree,FFree,FFree,FFree,FFree,FFree,FFree,FFree,FFree,FFree,FFree,FFree,FFree,FFree,FFree,FFree,FFree,FFree,FFree,FFree,FFree,FFree,FFree,FFree,FFree,FFree,FFree,FFree,,,,,,,,,,,,,,,,,,,,
MKTG 404,FFree,FFree,FFree,FFree,FFree,FFree,FFree,FFree,FFree,FFree,FFree,FFree,FFree,FFree,FFree,FFree,FFree,FFree,FFree,FFree,FFree,FFree,FFree,FFree,FFree,FFree,FFree,FFree,FFree,FFree,FFree,FFree,FFree,FFree,FFree,FFree,FFree,FFree,FFree,FFree,FFree,FFree,FFree,FFree,FFree,FFree,FFree,FFree,FFree,FFree,FFree,FFree,FFree,FFree,FFree,FFree,FFree,FFree,FFree,FFree,FFree,FFree,FFree,FFree,FFree,FFree,FFree,FFree,FFree,FFree,FFree,FFree,FFree,FFree,FFree,FFree,FFree,FFree,FFree,FFree,FFree,FFree
MKTG 405,FFree,FFree,FFree,FFree,FFree,FFree,FFree,FFree,FFree,FFree,FFree,FFree,FFree,FFree,FFree,FFree,FFree,FFree,FFree,FFree,FFree,FFree,FFree,FFree,FFree,FFree,FFree,FFree,FFree,FFree,FFree,FFree,FFree,FFree,FFree,FFree,FFree,FFree,FFree,FFree,FFree,FFree,FFree,FFree,FFree,FFree,FFree,FFree,FFree,FFree,FFree,FFree,FFree,FFree,FFree,FFree,FFree,FFree,FFree,FFree,FFree,FFree,FFree,FFree,FFree,FFree,FFree,FFree,FFree,FFree,FFree,FFree,FFree,FFree,FFree,FFree,FFree,FFree,FFree,FFree,FFree,FFree
MKTG 406,FFree,FFree,FFree,FFree,FFree,FFree,FFree,FFree,FFree,FFree,FFree,FFree,FFree,FFree,FFree,FFree,FFree,FFree,FFree,FFree,FFree,FFree,FFree,FFree,FFree,FFree,FFree,FFree,FFree,FFree,FFree,FFree,FFree,FFree,FFree,FFree,FFree,FFree,FFree,FFree,FFree,FFree,FFree,FFree,FFree,FFree,FFree,FFree,FFree,FFree,FFree,FFree,FFree,FFree,FFree,FFree,FFree,FFree,FFree,FFree,FFree,FFree,FFree,FFree,FFree,FFree,FFree,FFree,FFree,FFree,FFree,FFree,FFree,FFree,FFree,FFree,FFree,FFree,FFree,FFree,FFree,FFree
MKTG 407,FFree,FFree,FFree,FFree,FFree,FFree,FFree,FFree,FFree,FFree,FFree,FFree,FFree,FFree,FFree,FFree,FFree,FFree,FFree,FFree,FFree,FFree,FFree,FFree,FFree,FFree,FFree,FFree,FFree,FFree,FFree,FFree,FFree,FFree,FFree,FFree,FFree,FFree,FFree,FFree,FFree,FFree,FFree,FFree,FFree,FFree,FFree,FFree,FFree,FFree,FFree,FFree,FFree,FFree,FFree,FFree,FFree,FFree,FFree,FFree,FFree,FFree,FFree,FFree,FFree,FFree,FFree,FFree,FFree,FFree,FFree,FFree,FFree,FFree,FFree,FFree,FFree,FFree,FFree,FFree,FFree,FFree
MKTG 408,FFree,FFree,FFree,FFree,FFree,FFree,FFree,FFree,FFree,FFree,FFree,FFree,FFree,FFree,FFree,FFree,FFree,FFree,FFree,FFree,FFree,FFree,FFree,FFree,FFree,FFree,FFree,FFree,FFree,FFree,FFree,FFree,FFree,FFree,FFree,FFree,FFree,FFree,FFree,FFree,FFree,,,,,,,,,,,,,,,,,,,,,,,,,,,,,,,,,,,,,,,,,
MKTG 409,FFree,FFree,FFree,FFree,FFree,FFree,FFree,FFree,FFree,FFree,FFree,FFree,FFree,FFree,FFree,FFree,FFree,FFree,FFree,FFree,FFree,FFree,FFree,FFree,FFree,FFree,FFree,FFree,FFree,FFree,FFree,FFree,FFree,FFree,FFree,FFree,FFree,FFree,FFree,FFree,FFree,FFree,FFree,FFree,FFree,FFree,FFree,FFree,FFree,FFree,FFree,FFree,FFree,FFree,FFree,FFree,FFree,FFree,FFree,FFree,FFree,FFree,FFree,FFree,FFree,FFree,FFree,FFree,FFree,FFree,FFree,FFree,FFree,FFree,FFree,FFree,FFree,FFree,FFree,FFree,FFree,FFree
MKTG 410,FFree,FFree,FFree,FFree,FFree,FFree,FFree,FFree,FFree,FFree,FFree,FFree,FFree,FFree,FFree,FFree,FFree,FFree,FFree,FFree,FFree,FFree,FFree,FFree,FFree,FFree,FFree,FFree,FFree,FFree,FFree,FFree,FFree,FFree,FFree,FFree,FFree,FFree,FFree,FFree,FFree,FFree,FFree,FFree,FFree,FFree,FFree,FFree,FFree,FFree,FFree,FFree,FFree,FFree,FFree,FFree,FFree,FFree,FFree,FFree,FFree,FFree,FFree,FFree,FFree,FFree,FFree,FFree,FFree,FFree,FFree,FFree,FFree,FFree,FFree,FFree,FFree,FFree,FFree,FFree,FFree,FFree
MKTG 411,FFree,FFree,FFree,FFree,FFree,FFree,FFree,FFree,FFree,FFree,FFree,FFree,FFree,FFree,FFree,FFree,FFree,FFree,FFree,FFree,FFree,FFree,FFree,FFree,FFree,FFree,FFree,FFree,FFree,FFree,FFree,FFree,FFree,FFree,FFree,FFree,FFree,FFree,FFree,FFree,FFree,FFree,FFree,FFree,FFree,FFree,FFree,FFree,FFree,FFree,FFree,FFree,FFree,FFree,FFree,FFree,FFree,FFree,FFree,FFree,FFree,FFree,FFree,FFree,FFree,FFree,FFree,FFree,FFree,FFree,FFree,FFree,FFree,FFree,FFree,FFree,FFree,FFree,FFree,FFree,FFree,FFree
MKTG 412,FFree,FFree,FFree,FFree,FFree,FFree,FFree,FFree,FFree,FFree,FFree,FFree,FFree,FFree,FFree,FFree,FFree,FFree,FFree,FFree,FFree,FFree,FFree,FFree,FFree,FFree,FFree,FFree,FFree,FFree,FFree,FFree,FFree,FFree,FFree,FFree,FFree,FFree,FFree,FFree,FFree,FFree,FFree,FFree,FFree,FFree,FFree,FFree,FFree,FFree,FFree,FFree,FFree,FFree,FFree,FFree,FFree,FFree,FFree,FFree,FFree,FFree,FFree,FFree,FFree,FFree,FFree,FFree,FFree,FFree,FFree,FFree,FFree,FFree,FFree,FFree,FFree,FFree,FFree,FFree,FFree,FFree
MKTG 413,FFree,FFree,FFree,FFree,FFree,FFree,FFree,FFree,FFree,FFree,FFree,FFree,FFree,FFree,FFree,FFree,FFree,FFree,FFree,FFree,FFree,FFree,FFree,FFree,FFree,FFree,FFree,FFree,FFree,FFree,FFree,FFree,FFree,FFree,FFree,FFree,FFree,FFree,FFree,FFree,FFree,FFree,FFree,FFree,FFree,FFree,FFree,FFree,FFree,FFree,FFree,FFree,FFree,FFree,FFree,FFree,FFree,FFree,FFree,FFree,FFree,FFree,FFree,FFree,FFree,FFree,FFree,FFree,FFree,FFree,FFree,FFree,FFree,FFree,FFree,FFree,FFree,FFree,FFree,FFree,FFree,FFree
MKTG 414,FFree,FFree,FFree,FFree,FFree,FFree,FFree,FFree,FFree,FFree,FFree,FFree,FFree,FFree,FFree,FFree,FFree,FFree,FFree,FFree,FFree,FFree,FFree,FFree,FFree,FFree,FFree,FFree,FFree,FFree,FFree,FFree,FFree,FFree,FFree,FFree,FFree,FFree,FFree,FFree,FFree,FFree,FFree,FFree,FFree,FFree,FFree,FFree,FFree,FFree,FFree,FFree,FFree,FFree,FFree,FFree,FFree,FFree,FFree,FFree,FFree,FFree,FFree,FFree,FFree,FFree,FFree,FFree,FFree,FFree,FFree,FFree,FFree,FFree,FFree,FFree,FFree,FFree,FFree,FFree,FFree,FFree
MKTG 450,FFree,FFree,FFree,FFree,FFree,FFree,FFree,FFree,FFree,FFree,FFree,FFree,FFree,FFree,FFree,FFree,FFree,FFree,FFree,FFree,FFree,FFree,FFree,FFree,FFree,FFree,FFree,FFree,FFree,FFree,FFree,FFree,FFree,FFree,FFree,FFree,FFree,FFree,FFree,FFree,FFree,FFree,FFree,FFree,FFree,FFree,FFree,FFree,FFree,FFree,FFree,FFree,FFree,FFree,FFree,FFree,FFree,FFree,FFree,,,,,,,,,,,,,,,,,,,,,,,
MKTG 451,FFree,FFree,FFree,FFree,FFree,FFree,FFree,FFree,FFree,FFree,FFree,FFree,FFree,FFree,FFree,FFree,FFree,FFree,FFree,FFree,FFree,FFree,FFree,FFree,FFree,FFree,FFree,FFree,FFree,FFree,FFree,FFree,FFree,FFree,FFree,FFree,FFree,FFree,FFree,FFree,FFree,FFree,FFree,FFree,FFree,FFree,FFree,FFree,FFree,FFree,FFree,FFree,FFree,FFree,FFree,FFree,FFree,FFree,FFree,,,,,,,,,,,,,,,,,,,,,,,
MS 301,FFree,FFree,FFree,FFree,FFree,FFree,FFree,FFree,FFree,FFree,FFree,FFree,FFree,FFree,FFree,FFree,FFree,FFree,FFree,FFree,FFree,FFree,FFree,FFree,FFree,FFree,FFree,FFree,FFree,FFree,FFree,FFree,FFree,FFree,FFree,FFree,FFree,FFree,FFree,FFree,FFree,FFree,FFree,FFree,FFree,FFree,FFree,FFree,,,,,,,,,,,,,,,,,,,,,,,,,,,,,,,,,,
MS 302,FFree,FFree,FFree,FFree,FFree,FFree,FFree,FFree,FFree,FFree,FFree,FFree,FFree,FFree,FFree,FFree,FFree,FFree,FFree,FFree,FFree,FFree,FFree,FFree,FFree,FFree,FFree,FFree,FFree,FFree,FFree,FFree,FFree,FFree,FFree,FFree,FFree,FFree,FFree,FFree,FFree,FFree,FFree,FFree,FFree,FFree,FFree,FFree,,,,,,,,,,,,,,,,,,,,,,,,,,,,,,,,,,
MS 303,FFree,FFree,FFree,FFree,FFree,FFree,FFree,FFree,FFree,FFree,FFree,FFree,FFree,FFree,FFree,FFree,FFree,FFree,FFree,FFree,FFree,FFree,FFree,FFree,FFree,FFree,FFree,FFree,FFree,FFree,FFree,FFree,FFree,FFree,FFree,FFree,FFree,FFree,FFree,FFree,FFree,FFree,FFree,FFree,FFree,FFree,FFree,FFree,,,,,,,,,,,,,,,,,,,,,,,,,,,,,,,,,,
MS 304,FFree,FFree,FFree,FFree,FFree,FFree,FFree,FFree,FFree,FFree,FFree,FFree,FFree,FFree,FFree,FFree,FFree,FFree,FFree,FFree,FFree,FFree,FFree,FFree,FFree,FFree,FFree,FFree,FFree,FFree,FFree,FFree,FFree,FFree,FFree,FFree,FFree,FFree,FFree,FFree,FFree,FFree,FFree,FFree,FFree,FFree,FFree,FFree,,,,,,,,,,,,,,,,,,,,,,,,,,,,,,,,,,
MS 305,FFree,FFree,FFree,FFree,FFree,FFree,FFree,FFree,FFree,FFree,FFree,FFree,FFree,FFree,FFree,FFree,FFree,FFree,FFree,FFree,FFree,FFree,FFree,FFree,FFree,FFree,FFree,FFree,FFree,FFree,FFree,FFree,FFree,FFree,FFree,FFree,FFree,FFree,FFree,FFree,FFree,FFree,FFree,FFree,FFree,FFree,FFree,FFree,,,,,,,,,,,,,,,,,,,,,,,,,,,,,,,,,,
MS 306,FFree,FFree,FFree,FFree,FFree,FFree,FFree,FFree,FFree,FFree,FFree,FFree,FFree,FFree,FFree,FFree,FFree,FFree,FFree,FFree,FFree,FFree,FFree,FFree,FFree,FFree,FFree,FFree,FFree,FFree,FFree,FFree,FFree,FFree,FFree,FFree,FFree,FFree,FFree,FFree,FFree,FFree,FFree,FFree,FFree,FFree,FFree,FFree,,,,,,,,,,,,,,,,,,,,,,,,,,,,,,,,,,
MS 307,FFree,FFree,FFree,FFree,FFree,FFree,FFree,FFree,FFree,FFree,FFree,FFree,FFree,FFree,FFree,FFree,FFree,FFree,FFree,FFree,FFree,FFree,FFree,FFree,FFree,FFree,FFree,FFree,FFree,FFree,FFree,FFree,FFree,FFree,FFree,FFree,FFree,FFree,FFree,FFree,FFree,FFree,FFree,FFree,FFree,FFree,FFree,FFree,,,,,,,,,,,,,,,,,,,,,,,,,,,,,,,,,,
MS 308,FFree,FFree,FFree,FFree,FFree,FFree,FFree,FFree,FFree,FFree,FFree,FFree,FFree,FFree,FFree,FFree,FFree,FFree,FFree,FFree,FFree,FFree,FFree,FFree,FFree,FFree,FFree,FFree,FFree,FFree,FFree,FFree,FFree,FFree,FFree,FFree,FFree,FFree,FFree,FFree,FFree,FFree,FFree,FFree,FFree,FFree,FFree,FFree,,,,,,,,,,,,,,,,,,,,,,,,,,,,,,,,,,
MS 309,FFree,FFree,FFree,FFree,FFree,FFree,FFree,FFree,FFree,FFree,FFree,FFree,FFree,FFree,FFree,FFree,FFree,FFree,FFree,FFree,FFree,FFree,FFree,FFree,FFree,FFree,FFree,FFree,FFree,FFree,FFree,FFree,FFree,FFree,FFree,FFree,FFree,FFree,FFree,FFree,FFree,FFree,FFree,FFree,FFree,FFree,FFree,FFree,,,,,,,,,,,,,,,,,,,,,,,,,,,,,,,,,,
MS 401,FFree,FFree,FFree,FFree,FFree,FFree,FFree,FFree,FFree,FFree,FFree,FFree,FFree,FFree,FFree,FFree,FFree,FFree,FFree,FFree,FFree,FFree,FFree,FFree,FFree,FFree,FFree,FFree,FFree,FFree,FFree,FFree,FFree,FFree,FFree,FFree,FFree,FFree,FFree,FFree,FFree,FFree,FFree,FFree,FFree,FFree,FFree,FFree,,,,,,,,,,,,,,,,,,,,,,,,,,,,,,,,,,
MS 402,FFree,FFree,FFree,FFree,FFree,FFree,FFree,FFree,FFree,FFree,FFree,FFree,FFree,FFree,FFree,FFree,FFree,FFree,FFree,FFree,FFree,FFree,FFree,FFree,FFree,FFree,FFree,FFree,FFree,FFree,FFree,FFree,FFree,FFree,FFree,FFree,FFree,FFree,FFree,FFree,FFree,FFree,FFree,FFree,FFree,FFree,FFree,FFree,,,,,,,,,,,,,,,,,,,,,,,,,,,,,,,,,,
MS 403,FFree,FFree,FFree,FFree,FFree,FFree,FFree,FFree,FFree,FFree,FFree,FFree,FFree,FFree,FFree,FFree,FFree,FFree,FFree,FFree,FFree,FFree,FFree,FFree,FFree,FFree,FFree,FFree,FFree,FFree,FFree,FFree,FFree,FFree,FFree,FFree,FFree,FFree,FFree,FFree,FFree,FFree,FFree,FFree,FFree,FFree,FFree,FFree,,,,,,,,,,,,,,,,,,,,,,,,,,,,,,,,,,
MS 405,FFree,FFree,FFree,FFree,FFree,FFree,FFree,FFree,FFree,FFree,FFree,FFree,FFree,FFree,FFree,FFree,FFree,FFree,FFree,FFree,FFree,FFree,FFree,FFree,FFree,FFree,FFree,FFree,FFree,FFree,FFree,FFree,FFree,FFree,FFree,FFree,FFree,FFree,FFree,FFree,FFree,FFree,FFree,FFree,FFree,FFree,FFree,FFree,,,,,,,,,,,,,,,,,,,,,,,,,,,,,,,,,,
MS 407,FFree,FFree,FFree,FFree,FFree,FFree,FFree,FFree,FFree,FFree,FFree,FFree,FFree,FFree,FFree,FFree,FFree,FFree,FFree,FFree,FFree,FFree,FFree,FFree,FFree,FFree,FFree,FFree,FFree,FFree,FFree,FFree,FFree,FFree,FFree,FFree,FFree,FFree,FFree,FFree,FFree,FFree,FFree,FFree,FFree,FFree,FFree,FFree,,,,,,,,,,,,,,,,,,,,,,,,,,,,,,,,,,
MS 408,FFree,FFree,FFree,FFree,FFree,FFree,FFree,FFree,FFree,FFree,FFree,FFree,FFree,FFree,FFree,FFree,FFree,FFree,FFree,FFree,FFree,FFree,FFree,FFree,FFree,FFree,FFree,FFree,FFree,FFree,FFree,FFree,FFree,FFree,FFree,FFree,FFree,FFree,FFree,FFree,FFree,FFree,FFree,FFree,FFree,FFree,FFree,FFree,,,,,,,,,,,,,,,,,,,,,,,,,,,,,,,,,,
MS 409,FFree,FFree,FFree,FFree,FFree,FFree,FFree,FFree,FFree,FFree,FFree,FFree,FFree,FFree,FFree,FFree,FFree,FFree,FFree,FFree,FFree,FFree,FFree,FFree,FFree,FFree,FFree,FFree,FFree,FFree,FFree,FFree,FFree,FFree,FFree,FFree,FFree,FFree,FFree,FFree,FFree,FFree,FFree,FFree,FFree,FFree,FFree,FFree,,,,,,,,,,,,,,,,,,,,,,,,,,,,,,,,,,
MS 411,FFree,FFree,FFree,FFree,FFree,FFree,FFree,FFree,FFree,FFree,FFree,FFree,FFree,FFree,FFree,FFree,FFree,FFree,FFree,FFree,FFree,FFree,FFree,FFree,FFree,FFree,FFree,FFree,FFree,FFree,FFree,FFree,FFree,FFree,FFree,FFree,FFree,FFree,FFree,FFree,FFree,FFree,FFree,FFree,FFree,FFree,FFree,FFree,,,,,,,,,,,,,,,,,,,,,,,,,,,,,,,,,,
MS 412,FFree,FFree,FFree,FFree,FFree,FFree,FFree,FFree,FFree,FFree,FFree,FFree,FFree,FFree,FFree,FFree,FFree,FFree,FFree,FFree,FFree,FFree,FFree,FFree,FFree,FFree,FFree,FFree,FFree,FFree,FFree,FFree,FFree,FFree,FFree,FFree,FFree,FFree,FFree,FFree,FFree,FFree,FFree,FFree,FFree,FFree,FFree,FFree,,,,,,,,,,,,,,,,,,,,,,,,,,,,,,,,,,
MS 413,FFree,FFree,FFree,FFree,FFree,FFree,FFree,FFree,FFree,FFree,FFree,FFree,FFree,FFree,FFree,FFree,FFree,FFree,FFree,FFree,FFree,FFree,FFree,FFree,FFree,FFree,FFree,FFree,FFree,FFree,FFree,FFree,FFree,FFree,FFree,FFree,FFree,FFree,FFree,FFree,FFree,FFree,FFree,FFree,FFree,FFree,FFree,FFree,,,,,,,,,,,,,,,,,,,,,,,,,,,,,,,,,,
MS 414,FFree,FFree,FFree,FFree,FFree,FFree,FFree,FFree,FFree,FFree,FFree,FFree,FFree,FFree,FFree,FFree,FFree,FFree,FFree,FFree,FFree,FFree,FFree,FFree,FFree,FFree,FFree,FFree,FFree,FFree,FFree,FFree,FFree,FFree,FFree,FFree,FFree,FFree,FFree,FFree,FFree,FFree,FFree,FFree,FFree,FFree,FFree,FFree,,,,,,,,,,,,,,,,,,,,,,,,,,,,,,,,,,
MS 415,FFree,FFree,FFree,FFree,FFree,FFree,FFree,FFree,FFree,FFree,FFree,FFree,FFree,FFree,FFree,FFree,FFree,FFree,FFree,FFree,FFree,FFree,FFree,FFree,FFree,FFree,FFree,FFree,FFree,FFree,FFree,FFree,FFree,FFree,FFree,FFree,FFree,FFree,FFree,FFree,FFree,FFree,FFree,FFree,FFree,FFree,FFree,FFree,,,,,,,,,,,,,,,,,,,,,,,,,,,,,,,,,,
MS 417,FFree,FFree,FFree,FFree,FFree,FFree,FFree,FFree,FFree,FFree,FFree,FFree,FFree,FFree,FFree,FFree,FFree,FFree,FFree,FFree,FFree,FFree,FFree,FFree,FFree,FFree,FFree,FFree,FFree,FFree,FFree,FFree,FFree,FFree,FFree,FFree,FFree,FFree,FFree,FFree,FFree,FFree,FFree,FFree,FFree,FFree,FFree,FFree,,,,,,,,,,,,,,,,,,,,,,,,,,,,,,,,,,
MS 418,FFree,FFree,FFree,FFree,FFree,FFree,FFree,FFree,FFree,FFree,FFree,FFree,FFree,FFree,FFree,FFree,FFree,FFree,FFree,FFree,FFree,FFree,FFree,FFree,FFree,FFree,FFree,FFree,FFree,FFree,FFree,FFree,FFree,FFree,FFree,FFree,FFree,FFree,FFree,FFree,FFree,FFree,FFree,FFree,FFree,FFree,FFree,FFree,,,,,,,,,,,,,,,,,,,,,,,,,,,,,,,,,,
MS 419,FFree,FFree,FFree,FFree,FFree,FFree,FFree,FFree,FFree,FFree,FFree,FFree,FFree,FFree,FFree,FFree,FFree,FFree,FFree,FFree,FFree,FFree,FFree,FFree,FFree,FFree,FFree,FFree,FFree,FFree,FFree,FFree,FFree,FFree,FFree,FFree,FFree,FFree,FFree,FFree,FFree,FFree,FFree,FFree,FFree,FFree,FFree,FFree,,,,,,,,,,,,,,,,,,,,,,,,,,,,,,,,,,
MS 420,FFree,FFree,FFree,FFree,FFree,FFree,FFree,FFree,FFree,FFree,FFree,FFree,FFree,FFree,FFree,FFree,FFree,FFree,FFree,FFree,FFree,FFree,FFree,FFree,FFree,FFree,FFree,FFree,FFree,FFree,FFree,FFree,FFree,FFree,FFree,FFree,FFree,FFree,FFree,FFree,FFree,FFree,FFree,FFree,FFree,FFree,FFree,FFree,,,,,,,,,,,,,,,,,,,,,,,,,,,,,,,,,,
MS 422,FFree,FFree,FFree,FFree,FFree,FFree,FFree,FFree,FFree,FFree,FFree,FFree,FFree,FFree,FFree,FFree,FFree,FFree,FFree,FFree,FFree,FFree,FFree,FFree,FFree,FFree,FFree,FFree,FFree,FFree,FFree,FFree,FFree,FFree,FFree,FFree,FFree,FFree,FFree,FFree,FFree,FFree,,,,,,,,,,,,,,,,,,,,,,,,,,,,,,,,,,,,,,,,
MS 425,FFree,FFree,FFree,FFree,FFree,FFree,FFree,FFree,FFree,FFree,FFree,FFree,FFree,FFree,FFree,FFree,FFree,FFree,FFree,FFree,FFree,FFree,FFree,FFree,FFree,FFree,FFree,FFree,FFree,FFree,FFree,FFree,FFree,FFree,FFree,FFree,FFree,FFree,FFree,FFree,FFree,FFree,FFree,FFree,FFree,FFree,FFree,FFree,,,,,,,,,,,,,,,,,,,,,,,,,,,,,,,,,,
MS 430,FFree,FFree,FFree,FFree,FFree,FFree,FFree,FFree,FFree,FFree,FFree,FFree,FFree,FFree,FFree,FFree,FFree,FFree,FFree,FFree,FFree,FFree,FFree,FFree,FFree,FFree,FFree,FFree,FFree,FFree,FFree,FFree,FFree,FFree,FFree,FFree,FFree,FFree,FFree,FFree,FFree,FFree,FFree,FFree,FFree,FFree,FFree,FFree,,,,,,,,,,,,,,,,,,,,,,,,,,,,,,,,,,
MS 432,FFree,FFree,FFree,FFree,FFree,FFree,FFree,FFree,FFree,FFree,FFree,FFree,FFree,FFree,FFree,FFree,FFree,FFree,FFree,FFree,FFree,FFree,FFree,FFree,FFree,FFree,FFree,FFree,FFree,FFree,FFree,FFree,FFree,FFree,FFree,FFree,FFree,FFree,FFree,FFree,FFree,FFree,FFree,FFree,FFree,FFree,FFree,FFree,,,,,,,,,,,,,,,,,,,,,,,,,,,,,,,,,,
MS 451,FFree,FFree,FFree,FFree,FFree,FFree,FFree,FFree,FFree,FFree,FFree,FFree,FFree,FFree,FFree,FFree,FFree,FFree,FFree,FFree,FFree,FFree,FFree,FFree,FFree,FFree,FFree,FFree,FFree,FFree,FFree,FFree,FFree,FFree,FFree,FFree,FFree,FFree,FFree,FFree,FFree,FFree,FFree,FFree,FFree,FFree,FFree,FFree,,,,,,,,,,,,,,,,,,,,,,,,,,,,,,,,,,
MS 454,FFree,FFree,FFree,FFree,FFree,FFree,FFree,FFree,FFree,FFree,FFree,FFree,FFree,FFree,FFree,FFree,FFree,FFree,FFree,FFree,FFree,FFree,FFree,FFree,FFree,FFree,FFree,FFree,FFree,FFree,FFree,FFree,FFree,FFree,FFree,FFree,FFree,FFree,FFree,FFree,FFree,FFree,FFree,FFree,FFree,FFree,FFree,FFree,,,,,,,,,,,,,,,,,,,,,,,,,,,,,,,,,,
MS 480,FFree,FFree,FFree,FFree,FFree,FFree,FFree,FFree,FFree,FFree,FFree,FFree,FFree,FFree,FFree,FFree,FFree,FFree,FFree,FFree,FFree,FFree,FFree,FFree,FFree,FFree,FFree,FFree,FFree,FFree,FFree,FFree,FFree,FFree,FFree,FFree,FFree,FFree,FFree,FFree,FFree,FFree,FFree,FFree,FFree,FFree,FFree,FFree,,,,,,,,,,,,,,,,,,,,,,,,,,,,,,,,,,
MS 481,FFree,FFree,FFree,FFree,FFree,FFree,FFree,FFree,FFree,FFree,FFree,FFree,FFree,FFree,FFree,FFree,FFree,FFree,FFree,FFree,FFree,FFree,FFree,FFree,FFree,FFree,FFree,FFree,FFree,FFree,FFree,FFree,FFree,FFree,FFree,FFree,FFree,FFree,FFree,FFree,FFree,FFree,FFree,FFree,FFree,FFree,FFree,FFree,,,,,,,,,,,,,,,,,,,,,,,,,,,,,,,,,,
MS 482,FFree,FFree,FFree,FFree,FFree,FFree,FFree,FFree,FFree,FFree,FFree,FFree,FFree,FFree,FFree,FFree,FFree,FFree,FFree,FFree,FFree,FFree,FFree,FFree,FFree,FFree,FFree,FFree,FFree,FFree,FFree,FFree,FFree,FFree,FFree,FFree,FFree,FFree,FFree,FFree,FFree,FFree,FFree,FFree,FFree,FFree,FFree,FFree,,,,,,,,,,,,,,,,,,,,,,,,,,,,,,,,,,
NS 200,FFree,FFree,FFree,FFree,FFree,FFree,FFree,FFree,FFree,FFree,FFree,FFree,FFree,FFree,FFree,FFree,FFree,FFree,FFree,FFree,FFree,FFree,FFree,FFree,FFree,FFree,FFree,FFree,FFree,FFree,FFree,FFree,FFree,FFree,FFree,FFree,FFree,FFree,FFree,FFree,FFree,FFree,FFree,FFree,FFree,FFree,FFree,FFree,FFree,FFree,FFree,FFree,FFree,FFree,FFree,FFree,FFree,FFree,FFree,FFree,FFree,FFree,FFree,FFree,FFree,FFree,FFree,FFree,FFree,FFree,FFree,FFree,FFree,FFree,FFree,FFree,FFree,FFree,FFree,FFree,FFree,FFree
NS 201,FFree:E,FFree:E,FFree:E,FFree:E,FFree:E,FFree:E,FFree:E,FFree:E,FFree:E,FFree:E,FFree:E,FFree:E,FFree:E,FFree:E,FFree:E,FFree:E,FFree:E,FFree:E,FFree:E,FFree:E,FFree:E,FFree:E,FFree:E,FFree:E,FFree:E,FFree:E,FFree:E,FFree:E,FFree:E,FFree:E,FFree:E,FFree:E,FFree:E,FFree:E,FFree:E,FFree:E,FFree:E,FFree:E,FFree:E,FFree:E,FFree:E,FFree:E,FFree:E,FFree:E,FFree:E,FFree:E,FFree:E,FFree:E,FFree:E,FFree:E,FFree:E,FFree:E,FFree:E,FFree:E,FFree:E,FFree:E,FFree:E,FFree:E,FFree:E,FFree:E,FFree:E,FFree:E,FFree:E,FFree:E,FFree:E,FFree:E,FFree:E,FFree:E,FFree:E,FFree:E,FFree:E,FFree:E,FFree:E,FFree:E,FFree:E,FFree:E,FFree:E,FFree:E,FFree:E,FFree:E,FFree:E,FFree:E
NS 202,FFree:E,FFree:E,FFree:E,FFree:E,FFree:E,FFree:E,FFree:E,FFree:E,FFree:E,FFree:E,FFree:E,FFree:E,FFree:E,FFree:E,FFree:E,,,,,,,,,,,,,,,,,,,,,,,,,,,,,,,,,,,,,,,,,,,,,,,,,,,,,,,,,,,,,,,,,,,
NS 203,FFree,FFree,FFree,FFree,FFree,FFree,FFree,FFree,FFree,FFree,FFree,FFree,FFree,FFree,FFree,FFree,FFree,FFree,FFree,FFree,FFree,FFree,FFree,FFree,FFree,FFree,FFree,FFree,FFree,FFree,FFree,FFree,FFree,FFree,FFree,FFree,FFree,FFree,FFree,,,,,,,,,,,,,,,,,,,,,,,,,,,,,,,,,,,,,,,,,,,
NS 204,FFree,FFree,FFree,FFree,FFree,FFree,FFree,FFree,FFree,,,,,,,,,,,,,,,,,,,,,,,,,,,,,,,,,,,,,,,,,,,,,,,,,,,,,,,,,,,,,,,,,,,,,,,,,
NS 205,FFree:E,FFree:E,FFree:E,FFree:E,FFree:E,FFree:E,FFree:E,FFree:E,FFree:E,FFree:E,FFree:E,FFree:E,FFree:E,FFree:E,FFree:E,,,,,,,,,,,,,,,,,,,,,,,,,,,,,,,,,,,,,,,,,,,,,,,,,,,,,,,,,,,,,,,,,,,
NS 206,FFree,FFree,FFree,FFree,FFree,FFree,FFree,FFree,FFree,FFree,FFree,FFree,FFree,FFree,FFree,FFree,FFree,FFree,FFree,FFree,FFree,FFree,FFree,FFree,FFree,FFree,FFree,FFree,FFree,FFree,FFree,FFree,FFree,FFree,FFree,FFree,FFree,FFree,FFree,FFree,FFree,FFree,FFree,FFree,FFree,FFree,FFree,FFree,FFree,FFree,FFree,FFree,FFree,FFree,FFree,FFree,FFree,FFree,FFree,FFree,FFree,FFree,FFree,FFree,FFree,FFree,FFree,FFree,FFree,FFree,FFree,FFree,FFree,FFree,FFree,FFree,FFree,FFree,FFree,FFree,FFree,FFree
NS 207,FFree:E,FFree:E,FFree:E,FFree:E,FFree:E,FFree:E,FFree:E,FFree:E,FFree:E,FFree:E,FFree:E,FFree:E,FFree:E,FFree:E,FFree:E,FFree:E,FFree:E,FFree:E,FFree:E,FFree:E,FFree:E,FFree:E,FFree:E,FFree:E,FFree:E,FFree:E,FFree:E,FFree:E,FFree:E,FFree:E,FFree:E,FFree:E,FFree:E,FFree:E,FFree:E,FFree:E,FFree:E,FFree:E,FFree:E,FFree:E,FFree:E,FFree:E,FFree:E,FFree:E,FFree:E,FFree:E,FFree:E,FFree:E,FFree:E,FFree:E,FFree:E,FFree:E,FFree:E,FFree:E,FFree:E,FFree:E,FFree:E,FFree:E,FFree:E,FFree:E,FFree:E,FFree:E,FFree:E,FFree:E,FFree:E,FFree:E,FFree:E,FFree:E,FFree:E,FFree:E,FFree:E,FFree:E,FFree:E,FFree:E,FFree:E,FFree:E,FFree:E,FFree:E,FFree:E,FFree:E,FFree:E,FFree:E
NS 208,FFree,FFree,FFree,FFree,FFree,FFree,FFree,FFree,FFree,FFree,FFree,FFree,FFree,FFree,FFree,FFree,FFree,FFree,FFree,FFree,FFree,FFree,FFree,FFree,FFree,FFree,FFree,FFree,FFree,FFree,FFree,FFree,FFree,FFree,FFree,FFree,FFree,FFree,FFree,FFree,FFree,FFree,FFree,FFree,FFree,FFree,FFree,FFree,FFree,FFree,FFree,FFree,FFree,FFree,FFree,FFree,FFree,FFree,FFree,FFree,FFree,FFree,FFree,FFree,FFree,FFree,FFree,FFree,FFree,FFree,FFree,FFree,FFree,FFree,FFree,FFree,FFree,FFree,FFree,FFree,FFree,FFree
NS 209,FFree,FFree,FFree,FFree,FFree,FFree,FFree,FFree,FFree,FFree,FFree,FFree,FFree,FFree,FFree,FFree,FFree,FFree,FFree,FFree,FFree,FFree,FFree,FFree,FFree,FFree,FFree,FFree,FFree,FFree,FFree,FFree,FFree,FFree,FFree,FFree,FFree,FFree,FFree,FFree,FFree,FFree,FFree,FFree,FFree,FFree,FFree,FFree,FFree,FFree,FFree,FFree,FFree,FFree,FFree,FFree,FFree,FFree,FFree,FFree,FFree,FFree,FFree,FFree,FFree,FFree,FFree,FFree,FFree,FFree,FFree,FFree,FFree,FFree,FFree,FFree,FFree,FFree,FFree,FFree,FFree,FFree
NS 210,FFree,FFree,FFree,FFree,FFree,FFree,FFree,FFree,FFree,FFree,FFree,FFree,FFree,FFree,FFree,FFree,FFree,FFree,FFree,FFree,FFree,FFree,FFree,FFree,FFree,FFree,FFree,FFree,FFree,FFree,FFree,FFree,FFree,FFree,FFree,FFree,FFree,FFree,FFree,FFree,FFree,FFree,FFree,FFree,FFree,FFree,FFree,FFree,FFree,FFree,FFree,FFree,FFree,FFree,FFree,FFree,FFree,FFree,FFree,FFree,FFree,FFree,FFree,FFree,FFree,FFree,FFree,FFree,FFree,FFree,,,,,,,,,,,,
NS 212,FFree,FFree,FFree,FFree,FFree,FFree,FFree,FFree,FFree,FFree,FFree,FFree,FFree,FFree,FFree,FFree,FFree,FFree,FFree,FFree,FFree,FFree,FFree,FFree,FFree,FFree,FFree,FFree,FFree,FFree,FFree,FFree,FFree,FFree,FFree,FFree,FFree,FFree,FFree,FFree,FFree,FFree,FFree,FFree,FFree,FFree,FFree,FFree,FFree,FFree,FFree,FFree,FFree,FFree,FFree,FFree,FFree,FFree,FFree,FFree,FFree,FFree,FFree,FFree,FFree,FFree,FFree,FFree,FFree,FFree,,,,,,,,,,,,
NS 216,FFree,FFree,FFree,FFree,FFree,FFree,FFree,FFree,FFree,FFree,FFree,FFree,FFree,FFree,FFree,FFree,FFree,FFree,FFree,FFree,FFree,FFree,FFree,FFree,FFree,FFree,FFree,FFree,FFree,FFree,FFree,FFree,FFree,FFree,FFree,FFree,FFree,FFree,FFree,FFree,FFree,FFree,FFree,FFree,FFree,FFree,FFree,FFree,FFree,FFree,FFree,FFree,FFree,FFree,FFree,FFree,FFree,FFree,FFree,FFree,FFree,FFree,FFree,FFree,FFree,FFree,FFree,FFree,FFree,FFree,FFree,FFree,FFree,FFree,FFree,FFree:E,FFree:E,FFree:E,FFree:E,FFree:E,FFree:E,FFree:E
NS 218,FFree,FFree,FFree,FFree,FFree,FFree,FFree,FFree,FFree,FFree,FFree,FFree,FFree,FFree,FFree,FFree,FFree,FFree,FFree,FFree,FFree,FFree,FFree,FFree,FFree,FFree,FFree,FFree,FFree,FFree,FFree,FFree,FFree,FFree,FFree,FFree,FFree,FFree,FFree,FFree,FFree,FFree,FFree,FFree,FFree,FFree,FFree,FFree,FFree,FFree,FFree,FFree,FFree,FFree,FFree,FFree,FFree,FFree,FFree,FFree,FFree,FFree,FFree,FFree,FFree,FFree,FFree,FFree,FFree,FFree,FFree,FFree,FFree,FFree,FFree,FFree:E,FFree:E,FFree:E,FFree:E,FFree:E,FFree:E,FFree:E
NS 220,FFree,FFree,FFree,FFree,FFree,FFree,FFree,FFree,FFree,FFree,FFree,FFree,FFree,FFree,FFree,FFree,FFree,FFree,FFree,FFree,FFree,FFree,FFree,FFree,FFree,FFree,FFree,FFree,FFree,FFree,FFree,FFree,FFree,FFree,FFree,FFree,FFree,FFree,FFree,FFree,FFree,FFree,FFree,FFree,FFree,FFree,FFree,FFree,FFree,FFree,FFree,FFree,FFree,FFree,FFree,FFree,FFree,FFree,FFree,FFree,FFree,FFree,FFree,FFree,FFree,FFree,FFree,FFree,FFree,FFree,FFree,FFree,,,,,,,,,,
NS 222,FFree,FFree,FFree,FFree,FFree,FFree,FFree,FFree,FFree,FFree,FFree,FFree,FFree,FFree,FFree,FFree,FFree,FFree,FFree,FFree,FFree,FFree,FFree,FFree,FFree,FFree,FFree,FFree,FFree,FFree,FFree,FFree,FFree,FFree,FFree,FFree,FFree,FFree,FFree,FFree,FFree,FFree,FFree,FFree,FFree,FFree,FFree,FFree,FFree,FFree,FFree,FFree,FFree,FFree,FFree,FFree,FFree,FFree,FFree,FFree,FFree,FFree,FFree,FFree,FFree,FFree,FFree,FFree,,,,,,,,,,,,,,
NS 223,FFree,FFree,FFree,FFree,FFree,FFree,FFree,FFree,FFree,FFree,FFree,FFree,FFree,FFree,FFree,FFree,FFree,FFree,FFree,FFree,FFree,FFree,FFree,FFree,FFree,FFree,FFree,FFree,FFree,FFree,FFree,FFree,FFree,FFree,FFree,FFree,FFree,FFree,FFree,,,,,,,,,,,,,,,,,,,,,,,,,,,,,,,,,,,,,,,,,,,
NS 224,FFree,FFree,FFree,FFree,FFree,FFree,FFree,FFree,FFree,FFree,FFree,FFree,FFree,FFree,FFree,FFree,FFree,FFree,FFree,FFree,FFree,FFree,FFree,FFree,FFree,FFree,FFree,FFree,FFree,FFree,FFree,FFree,FFree,FFree,FFree,FFree,FFree,FFree,FFree,FFree,FFree,FFree,FFree,FFree,FFree,FFree,FFree,FFree,FFree,FFree,FFree,FFree,FFree,FFree,,,,,,,,,,,,,,,,,,,,,,,,,,,,
NS 48000,FFree,FFree,FFree,FFree,FFree,FFree,FFree,FFree,FFree,FFree,FFree,FFree,FFree,FFree,FFree,FFree,FFree,FFree,FFree,FFree,FFree,FFree,FFree,FFree,FFree,FFree,FFree,FFree,FFree,FFree,FFree,FFree,FFree,FFree,FFree,FFree,FFree,FFree,FFree,FFree,FFree,FFree,FFree,FFree,FFree,FFree,FFree,FFree,FFree,FFree,FFree,FFree,FFree,FFree,FFree,FFree,FFree,FFree,FFree,FFree,FFree,FFree,FFree,FFree,FFree,FFree,FFree,FFree,FFree,FFree,FFree,FFree,FFree,FFree,FFree,,,,,,,
OPIM 301,FFree,FFree,FFree,FFree,FFree,FFree,FFree,FFree,FFree,FFree,FFree,FFree,FFree,FFree,FFree,FFree,FFree,FFree,FFree,FFree,FFree,FFree,FFree,FFree,FFree,FFree,FFree,FFree,FFree,FFree,FFree,FFree,FFree,FFree,FFree,FFree,FFree,FFree,FFree,FFree,FFree,FFree,FFree,FFree,FFree,FFree,FFree,FFree,FFree,FFree,FFree,FFree,FFree,FFree,FFree,FFree,FFree,FFree,FFree,FFree,FFree,FFree,FFree,FFree,FFree,FFree,FFree,FFree,FFree,FFree,FFree,FFree,FFree,FFree,FFree,FFree,FFree,FFree,FFree,FFree,FFree,FFree
OPIM 302,FFree,FFree,FFree,FFree,FFree,FFree,FFree,FFree,FFree,FFree,FFree,FFree,FFree,FFree,FFree,FFree,FFree,FFree,FFree,FFree,FFree,FFree,FFree,FFree,FFree,FFree,FFree,FFree,FFree,FFree,FFree,FFree,FFree,FFree,FFree,FFree,FFree,FFree,FFree,FFree,FFree,FFree,FFree,FFree,FFree,FFree,FFree,FFree,FFree,FFree,FFree,FFree,FFree,FFree,FFree,FFree,FFree,FFree,FFree,FFree,FFree,FFree,FFree,FFree,FFree,FFree,FFree,FFree,FFree,FFree,FFree,FFree,FFree,FFree,FFree,FFree:M,FFree:M,FFree:M,FFree:M,FFree:M,FFree:M,FFree:M
OPIM 390,FFree,FFree,FFree,FFree,FFree,FFree,FFree,FFree,FFree,FFree,FFree,FFree,FFree,FFree,FFree,FFree,FFree,FFree,FFree,FFree,FFree,FFree,FFree,FFree,FFree,FFree,FFree,FFree,FFree,FFree,FFree,FFree,FFree,FFree,FFree,FFree,FFree,FFree,FFree,FFree,FFree,FFree,FFree,FFree,FFree,FFree,FFree,FFree,FFree,FFree,FFree,FFree,FFree,FFree,FFree,FFree,FFree,FFree,FFree,FFree,FFree,FFree,FFree,FFree,FFree,FFree,FFree,FFree,FFree,FFree,FFree,FFree,FFree,FFree,FFree,FFree,FFree,FFree,FFree,FFree,FFree,FFree
OPIM 401,FFree,FFree,FFree,FFree,FFree,FFree,FFree,FFree,FFree,FFree,FFree,FFree,FFree,FFree,FFree,FFree,FFree,FFree,FFree,FFree,FFree,FFree,FFree,FFree,FFree,FFree,FFree,FFree,FFree,FFree,FFree,FFree,FFree,FFree,FFree,FFree,FFree,FFree,FFree,FFree,FFree,FFree,FFree,FFree,FFree,FFree,FFree,FFree,FFree,FFree,FFree,FFree,FFree,FFree,FFree,FFree,FFree,FFree,FFree,FFree,FFree,FFree,FFree,FFree,FFree,FFree,FFree,FFree,FFree,FFree,FFree,FFree,FFree,FFree,FFree,FFree,FFree,FFree,FFree,FFree,FFree,FFree
OPIM 402,FFree,FFree,FFree,FFree,FFree,FFree,FFree,FFree,FFree,FFree,FFree,FFree,FFree,FFree,FFree,FFree,FFree,FFree,FFree,FFree,FFree,FFree,FFree,FFree,FFree,FFree,FFree,FFree,FFree,FFree,FFree,FFree,FFree,FFree,FFree,FFree,FFree,FFree,FFree,FFree,FFree,FFree,FFree,FFree,FFree,FFree,FFree,FFree,FFree,FFree,FFree,FFree,FFree,FFree,FFree,FFree,FFree,FFree,FFree,FFree,FFree,FFree,FFree,FFree,FFree,FFree,FFree,FFree,FFree,FFree,FFree,FFree,FFree,FFree,FFree,FFree,FFree,FFree,FFree,FFree,FFree,FFree
OPIM 403,FFree,FFree,FFree,FFree,FFree,FFree,FFree,FFree,FFree,FFree,FFree,FFree,FFree,FFree,FFree,FFree,FFree,FFree,FFree,FFree,FFree,FFree,FFree,FFree,FFree,FFree,FFree,FFree,FFree,FFree,FFree,FFree,FFree,FFree,FFree,FFree,FFree,FFree,FFree,FFree,FFree,FFree,FFree,FFree,FFree,FFree,FFree,FFree,FFree,FFree,FFree,FFree,FFree,FFree,FFree,FFree,FFree,FFree,FFree,FFree,FFree,FFree,FFree,FFree,FFree,FFree,FFree,FFree,FFree,FFree,FFree,,,,,,,,,,,
OPIM 404,FFree,FFree,FFree,FFree,FFree,FFree,FFree,FFree,FFree,FFree,FFree,FFree,FFree,FFree,FFree,FFree,FFree,FFree,FFree,FFree,FFree,FFree,FFree,FFree,FFree,FFree,FFree,FFree,FFree,FFree,FFree,FFree,FFree,FFree,FFree,FFree,FFree,FFree,FFree,FFree,FFree,FFree,FFree,FFree,FFree,FFree,FFree,FFree,FFree,FFree,FFree,FFree,FFree,FFree,FFree,FFree,FFree,FFree,FFree,FFree,FFree,FFree,FFree,FFree,FFree,FFree,FFree,FFree,FFree,FFree,FFree,FFree,FFree,FFree,FFree,FFree,FFree,FFree,FFree,FFree,FFree,FFree
OPIM 405,FFree,FFree,FFree,FFree,FFree,FFree,FFree,FFree,FFree,FFree,FFree,FFree,FFree,FFree,FFree,FFree,FFree,FFree,FFree,FFree,FFree,FFree,FFree,FFree,FFree,FFree,FFree,FFree,FFree,FFree,FFree,FFree,FFree,FFree,FFree,FFree,FFree,FFree,FFree,FFree,FFree,FFree,FFree,FFree,FFree,FFree,FFree,FFree,FFree,FFree,FFree,FFree,FFree,FFree,FFree,FFree,FFree,FFree,FFree,FFree,FFree,FFree,FFree,FFree,FFree,FFree,FFree,FFree,FFree,FFree,FFree,,,,,,,,,,,
OPIM 406,FFree,FFree,FFree,FFree,FFree,FFree,FFree,FFree,FFree,FFree,FFree,FFree,FFree,FFree,FFree,FFree,FFree,FFree,FFree,FFree,FFree,FFree,FFree,FFree,FFree,FFree,FFree,FFree,FFree,FFree,FFree,FFree,FFree,FFree,FFree,FFree,FFree,FFree,FFree,FFree,FFree,FFree,FFree,FFree,FFree,FFree,FFree,FFree,FFree,FFree,FFree,FFree,FFree,FFree,FFree,FFree,FFree,FFree,FFree,FFree,FFree,FFree,FFree,FFree,FFree,FFree,FFree,FFree,FFree,FFree,FFree,,,,,,,,,,,
OPIM 407,FFree,FFree,FFree,FFree,FFree,FFree,FFree,FFree,FFree,FFree,FFree,FFree,FFree,FFree,FFree,FFree,FFree,FFree,FFree,FFree,FFree,FFree,FFree,FFree,FFree,FFree,FFree,FFree,FFree,FFree,FFree,FFree,FFree,FFree,FFree,FFree,FFree,FFree,FFree,FFree,FFree,FFree,FFree,FFree,FFree,FFree,FFree,FFree,FFree,FFree,FFree,FFree,FFree,FFree,FFree,FFree,FFree,FFree,FFree,FFree,FFree,FFree,FFree,FFree,FFree,FFree,FFree,FFree,FFree,FFree,FFree,FFree,FFree,FFree,FFree,FFree,FFree,FFree,FFree,FFree,FFree,FFree
OPIM 408,FFree,FFree,FFree,FFree,FFree,FFree,FFree,FFree,FFree,FFree,FFree,FFree,FFree,FFree,FFree,FFree,FFree,FFree,FFree,FFree,FFree,FFree,FFree,FFree,FFree,FFree,FFree,FFree,FFree,FFree,FFree,FFree,FFree,FFree,FFree,FFree,FFree,FFree,FFree,FFree,FFree,FFree,FFree,FFree,FFree,FFree,FFree,FFree,FFree,FFree,FFree,FFree,FFree,FFree,FFree,FFree,FFree,FFree,FFree,FFree,FFree,FFree,FFree,FFree,FFree,FFree,FFree,FFree,FFree,FFree,FFree,FFree,FFree,FFree,FFree,FFree,FFree,FFree,FFree,FFree,FFree,FFree
OPIM 409,FFree,FFree,FFree,FFree,FFree,FFree,FFree,FFree,FFree,FFree,FFree,FFree,FFree,FFree,FFree,FFree,FFree,FFree,FFree,FFree,FFree,FFree,FFree,FFree,FFree,FFree,FFree,FFree,FFree,FFree,FFree,FFree,FFree,FFree,FFree,FFree,FFree,FFree,FFree,FFree,FFree,FFree,FFree,FFree,FFree,FFree,FFree,FFree,FFree,FFree,FFree,FFree,FFree,FFree,FFree,FFree,FFree,FFree,FFree,FFree,FFree,FFree,FFree,FFree,FFree,FFree,FFree,FFree,FFree,FFree,FFree,FFree,FFree,FFree,FFree,FFree,FFree,FFree,FFree,FFree,FFree,FFree
OPIM 410,FFree,FFree,FFree,FFree,FFree,FFree,FFree,FFree,FFree,FFree,FFree,FFree,FFree,FFree,FFree,FFree,FFree,FFree,FFree,FFree,FFree,FFree,FFree,FFree,FFree,FFree,FFree,FFree,FFree,FFree,FFree,FFree,FFree,FFree,FFree,FFree,FFree,FFree,FFree,FFree,FFree,FFree,FFree,FFree,FFree,FFree,FFree,FFree,FFree,FFree,FFree,FFree,FFree,FFree,FFree,FFree,FFree,FFree,FFree,FFree,FFree,FFree,FFree,FFree,FFree,FFree,FFree,FFree,FFree,FFree,FFree,FFree,FFree,FFree,FFree,FFree,FFree,FFree,FFree,FFree,FFree,FFree
OPIM 411,FFree,FFree,FFree,FFree,FFree,FFree,FFree,FFree,FFree,FFree,FFree,FFree,FFree,FFree,FFree,FFree,FFree,FFree,FFree,FFree,FFree,FFree,FFree,FFree,FFree,FFree,FFree,FFree,FFree,FFree,FFree,FFree,FFree,FFree,FFree,FFree,FFree,FFree,FFree,FFree,FFree,FFree,FFree,FFree,FFree,FFree,FFree,FFree,FFree,FFree,FFree,FFree,FFree,FFree,FFree,,,,,,,,,,,,,,,,,,,,,,,,,,,
OPIM 412,FFree,FFree,FFree,FFree,FFree,FFree,FFree,FFree,FFree,FFree,FFree,FFree,FFree,FFree,FFree,FFree,FFree,FFree,FFree,FFree,FFree,FFree,FFree,FFree,FFree,FFree,FFree,FFree,FFree,FFree,FFree,FFree,FFree,FFree,FFree,FFree,FFree,FFree,FFree,FFree,FFree,FFree,FFree,FFree,FFree,FFree,FFree,FFree,FFree,FFree,FFree,FFree,FFree,FFree,FFree,FFree,FFree,FFree,FFree,FFree,FFree,FFree,FFree,FFree,FFree,FFree,FFree,FFree,FFree,FFree,FFree,FFree,FFree,FFree,FFree,FFree,FFree,FFree,FFree,FFree,FFree,FFree
OPIM 413,FFree,FFree,FFree,FFree,FFree,FFree,FFree,FFree,FFree,FFree,FFree,FFree,FFree,FFree,FFree,FFree,FFree,FFree,FFree,FFree,FFree,FFree,FFree,FFree,FFree,FFree,FFree,FFree,FFree,FFree,FFree,FFree,FFree,FFree,FFree,FFree,FFree,FFree,FFree,FFree,FFree,FFree,FFree,FFree,FFree,FFree,FFree,FFree,FFree,FFree,FFree,FFree,FFree,FFree,FFree,FFree,FFree,FFree,FFree,FFree,FFree,FFree,FFree,FFree,FFree,FFree,FFree,FFree,FFree,FFree,FFree,FFree,FFree,FFree,FFree,FFree,FFree,FFree,FFree,FFree,FFree,FFree
OPIM 416,FFree,FFree,FFree,FFree,FFree,FFree,FFree,FFree,FFree,FFree,FFree,FFree,FFree,FFree,FFree,FFree,FFree,FFree,FFree,FFree,FFree,FFree,FFree,FFree,FFree,FFree,FFree,FFree,FFree,FFree,FFree,FFree,FFree,FFree,FFree,FFree,FFree,FFree,FFree,FFree,FFree,FFree,FFree,FFree,FFree,FFree,FFree,FFree,FFree,FFree,FFree,FFree,FFree,FFree,FFree,FFree,FFree,FFree,FFree,FFree,FFree,FFree,FFree,FFree,FFree,FFree,FFree,FFree,FFree,FFree,FFree,,,,,,,,,,,
OPIM 450,FFree,FFree,FFree,FFree,FFree,FFree,FFree,FFree,FFree,FFree,FFree,FFree,FFree,FFree,FFree,FFree,FFree,FFree,FFree,FFree,FFree,FFree,FFree,FFree,FFree,FFree,FFree,FFree,FFree,FFree,FFree,FFree,FFree,FFree,FFree,FFree,FFree,FFree,FFree,FFree,FFree,FFree,FFree,FFree,FFree,FFree,FFree,FFree,FFree,FFree,FFree,FFree,FFree,FFree,FFree,FFree,FFree,FFree,FFree,,,,,,,,,,,,,,,,,,,,,,,
OPIM 451,FFree,FFree,FFree,FFree,FFree,FFree,FFree,FFree,FFree,FFree,FFree,FFree,FFree,FFree,FFree,FFree,FFree,FFree,FFree,FFree,FFree,FFree,FFree,FFree,FFree,FFree,FFree,FFree,FFree,FFree,FFree,FFree,FFree,FFree,FFree,FFree,FFree,FFree,FFree,FFree,FFree,FFree,FFree,FFree,FFree,FFree,FFree,FFree,FFree,FFree,FFree,FFree,FFree,FFree,FFree,FFree,FFree,FFree,FFree,,,,,,,,,,,,,,,,,,,,,,,
OPIM 452,FFree,FFree,FFree,FFree,FFree,FFree,FFree,FFree,FFree,FFree,FFree,FFree,FFree,FFree,FFree,FFree,FFree,FFree,FFree,FFree,FFree,FFree,FFree,FFree,FFree,FFree,FFree,FFree,FFree,FFree,FFree,FFree,FFree,FFree,FFree,FFree,FFree,FFree,FFree,FFree,FFree,FFree,FFree,FFree,FFree,FFree,FFree,FFree,FFree,FFree,FFree,FFree,FFree,FFree,FFree,FFree,FFree,FFree,FFree,,,,,,,,,,,,,,,,,,,,,,,
OPIM 453,FFree,FFree,FFree,FFree,FFree,FFree,FFree,FFree,FFree,FFree,FFree,FFree,FFree,FFree,FFree,FFree,FFree,FFree,FFree,FFree,FFree,FFree,FFree,FFree,FFree,FFree,FFree,FFree,FFree,FFree,FFree,FFree,FFree,FFree,FFree,FFree,FFree,FFree,FFree,FFree,FFree,FFree,FFree,FFree,FFree,FFree,FFree,FFree,FFree,FFree,FFree,FFree,FFree,FFree,FFree,FFree,FFree,FFree,FFree,,,,,,,,,,,,,,,,,,,,,,,
OPIM 491,FFree,FFree,FFree,FFree,FFree,FFree,FFree,FFree,FFree,FFree,FFree,FFree,FFree,FFree,FFree,FFree,FFree,FFree,FFree,FFree,FFree,FFree,FFree,FFree,FFree,FFree,FFree,FFree,FFree,FFree,FFree,FFree,FFree,FFree,FFree,FFree,FFree,FFree,FFree,FFree,FFree,FFree,FFree,FFree,FFree,FFree,FFree,FFree,,,,,,,,,,,,,,,,,,,,,,,,,,,,,,,,,,
OPIM 492,FFree,FFree,FFree,FFree,FFree,FFree,FFree,FFree,FFree,FFree,FFree,FFree,FFree,FFree,FFree,FFree,FFree,FFree,FFree,FFree,FFree,FFree,FFree,FFree,FFree,FFree,FFree,FFree,FFree,FFree,FFree,FFree,FFree,FFree,FFree,FFree,FFree,FFree,FFree,FFree,FFree,FFree,FFree,FFree,FFree,FFree,FFree,FFree,,,,,,,,,,,,,,,,,,,,,,,,,,,,,,,,,,
ORG 301,FFree:M,FFree:M,FFree:M,FFree:M,FFree:M,FFree:M,FFree:M,FFree:M,FFree:M,FFree:M,FFree:M,FFree:M,FFree:M,FFree:M,FFree:M,FFree:M,FFree:M,FFree:M,FFree:M,FFree:M,FFree:M,FFree:M,FFree:M,FFree:M,FFree:M,FFree:M,FFree:M,FFree:M,FFree:M,FFree:M,FFree:M,FFree:M,FFree:M,FFree:M,FFree:M,FFree:M,FFree:M,FFree:M,FFree:M,FFree:M,FFree:M,FFree:M,FFree:M,FFree:M,FFree:M,FFree:M,FFree:M,FFree:M,FFree:M,FFree:M,FFree:M,FFree:M,FFree:M,FFree:M,FFree:M,FFree:M,FFree:M,FFree:M,FFree:M,FFree:M,FFree:M,FFree:M,FFree:M,FFree:M,FFree:M,FFree:M,FFree:M,FFree:M,FFree:M,FFree:M,FFree:M,FFree:M,FFree:M,FFree:M,FFree:M,FFree:M,FFree:M,FFree:M,FFree:M,FFree:M,FFree:M,FFree:M
ORG 302,FFree,FFree,FFree,FFree,FFree,FFree,FFree,FFree,FFree,FFree,FFree,FFree,FFree,FFree,FFree,FFree,FFree,FFree,FFree,FFree,FFree,FFree,FFree,FFree,FFree,FFree,FFree,FFree,FFree,FFree,FFree,FFree,FFree,FFree,FFree,FFree,FFree,FFree,FFree,FFree,FFree,FFree,FFree,FFree,FFree,FFree,FFree,FFree,FFree,FFree,FFree,FFree,FFree,FFree,FFree,FFree,FFree,FFree,FFree,FFree,FFree,FFree,FFree,FFree,FFree,FFree,FFree,FFree,FFree,FFree,FFree,FFree,FFree,FFree,FFree,FFree:M,FFree:M,FFree:M,FFree:M,FFree:M,FFree:M,FFree:M
ORG 401,FFree,FFree,FFree,FFree,FFree,FFree,FFree,FFree,FFree,FFree,FFree,FFree,FFree,FFree,FFree,FFree,FFree,FFree,FFree,FFree,FFree,FFree,FFree,FFree,FFree,FFree,FFree,FFree,FFree,FFree,FFree,FFree,FFree,FFree,FFree,FFree,FFree,FFree,FFree,FFree,FFree,FFree,FFree,FFree,FFree,FFree,FFree,FFree,FFree,FFree,FFree,FFree,FFree,FFree,FFree,FFree,FFree,FFree,FFree,FFree,FFree,FFree,FFree,FFree,FFree,FFree,FFree,FFree,FFree,FFree,FFree,FFree,FFree,FFree,FFree,FFree,FFree,FFree,FFree,FFree,FFree,FFree
ORG 402,FFree,FFree,FFree,FFree,FFree,FFree,FFree,FFree,FFree,FFree,FFree,FFree,FFree,FFree,FFree,FFree,FFree,FFree,FFree,FFree,FFree,FFree,FFree,FFree,FFree,FFree,FFree,FFree,FFree,FFree,FFree,FFree,FFree,FFree,FFree,FFree,FFree,FFree,FFree,FFree,FFree,FFree,FFree,FFree,FFree,FFree,FFree,FFree,FFree,FFree,FFree,FFree,,,,,,,,,,,,,,,,,,,,,,,,,,,,,,
ORG 403,FFree,FFree,FFree,FFree,FFree,FFree,FFree,FFree,FFree,FFree,FFree,FFree,FFree,FFree,FFree,FFree,FFree,FFree,FFree,FFree,FFree,FFree,FFree,FFree,FFree,FFree,FFree,FFree,FFree,FFree,FFree,FFree,FFree,FFree,FFree,FFree,FFree,FFree,FFree,FFree,FFree,FFree,FFree,FFree,FFree,FFree,FFree,FFree,FFree,FFree,FFree,FFree,FFree,FFree,FFree,FFree,FFree,FFree,FFree,FFree,FFree,FFree,FFree,FFree,FFree,FFree,FFree,FFree,FFree,FFree,FFree,FFree,FFree,FFree,FFree,FFree,FFree,FFree,FFree,FFree,FFree,FFree
ORG 404,FFree,FFree,FFree,FFree,FFree,FFree,FFree,FFree,FFree,FFree,FFree,FFree,FFree,FFree,FFree,FFree,FFree,FFree,FFree,FFree,FFree,FFree,FFree,FFree,FFree,FFree,FFree,FFree,FFree,FFree,FFree,FFree,FFree,FFree,FFree,FFree,FFree,FFree,FFree,FFree,FFree,FFree,FFree,FFree,FFree,FFree,FFree,FFree,FFree,FFree,FFree,FFree,FFree,FFree,FFree,FFree,FFree,FFree,FFree,FFree,FFree,FFree,FFree,FFree,FFree,FFree,FFree,FFree,FFree,FFree,FFree,FFree,FFree,FFree,FFree,FFree,FFree,FFree,FFree,FFree,FFree,FFree
ORG 405,FFree,FFree,FFree,FFree,FFree,FFree,FFree,FFree,FFree,FFree,FFree,FFree,FFree,FFree,FFree,FFree,FFree,FFree,FFree,FFree,FFree,FFree,FFree,FFree,FFree,FFree,FFree,FFree,FFree,FFree,FFree,FFree,FFree,FFree,FFree,FFree,FFree,FFree,FFree,FFree,FFree,FFree,FFree,FFree,FFree,FFree,FFree,FFree,FFree,FFree,FFree,FFree,FFree,FFree,FFree,FFree,FFree,FFree,FFree,FFree,FFree,FFree,FFree,FFree,FFree,FFree,FFree,FFree,FFree,FFree,FFree,FFree,FFree,FFree,FFree,FFree,FFree,FFree,FFree,FFree,FFree,FFree
ORG 450,FFree,FFree,FFree,FFree,FFree,FFree,FFree,FFree,FFree,FFree,FFree,FFree,FFree,FFree,FFree,FFree,FFree,FFree,FFree,FFree,FFree,FFree,FFree,FFree,FFree,FFree,FFree,FFree,FFree,FFree,FFree,FFree,FFree,FFree,FFree,FFree,FFree,FFree,FFree,FFree,FFree,FFree,FFree,FFree,FFree,FFree,FFree,FFree,FFree,FFree,FFree,FFree,FFree,FFree,FFree,FFree,FFree,FFree,FFree,FFree,FFree,FFree,FFree,FFree,FFree,,,,,,,,,,,,,,,,,
ORG 451,FFree,FFree,FFree,FFree,FFree,FFree,FFree,FFree,FFree,FFree,FFree,FFree,FFree,FFree,FFree,FFree,FFree,FFree,FFree,FFree,FFree,FFree,FFree,FFree,FFree,FFree,FFree,FFree,FFree,FFree,FFree,FFree,FFree,FFree,FFree,FFree,FFree,FFree,FFree,FFree,FFree,FFree,FFree,FFree,FFree,FFree,FFree,FFree,FFree,FFree,FFree,FFree,FFree,FFree,FFree,FFree,FFree,FFree,FFree,FFree,FFree,FFree,FFree,FFree,,,,,,,,,,,,,,,,,,
PERS 110,FFree,FFree,FFree,FFree,FFree,FFree,FFree,FFree,FFree,FFree,FFree,FFree,FFree,FFree,FFree,FFree,FFree,FFree,FFree,FFree,FFree,FFree,FFree,FFree,FFree,FFree,FFree,FFree,FFree,FFree,FFree,FFree,FFree,FFree,FFree,FFree,FFree,FFree,FFree,FFree,FFree,FFree,FFree,FFree,FFree,FFree,FFree,FFree,FFree,FFree,FFree,FFree,FFree,FFree,FFree,FFree,FFree,FFree,FFree,FFree,FFree,FFree,FFree,FFree,,,,,,,,,,,,,,,,,,
PERS 120,FFree,FFree,FFree,FFree,FFree,FFree,FFree,FFree,FFree,FFree,FFree,FFree,FFree,FFree,FFree,FFree,FFree,FFree,FFree,FFree,FFree,FFree,FFree,FFree,FFree,FFree,FFree,FFree,FFree,FFree,FFree,FFree,FFree,FFree,FFree,FFree,FFree,FFree,FFree,FFree,FFree,FFree,FFree,FFree,FFree,FFree,FFree,FFree,FFree,FFree,FFree,FFree,FFree,FFree,FFree,FFree,FFree,FFree,FFree,FFree,FFree,FFree,FFree,FFree,FFree,,,,,,,,,,,,,,,,,
PERS 130,FFree,FFree,FFree,FFree,FFree,FFree,FFree,FFree,FFree,FFree,FFree,FFree,FFree,FFree,FFree,FFree,FFree,FFree,FFree,FFree,FFree,FFree,FFree,FFree,FFree,FFree,FFree,FFree,FFree,FFree,FFree,FFree,FFree,FFree,FFree,FFree,FFree,FFree,FFree,FFree,FFree,FFree,FFree,FFree,FFree,FFree,FFree,FFree,FFree,FFree,FFree,FFree,,,,,,,,,,,,,,,,,,,,,,,,,,,,,,
PERS 140,FFree,FFree,FFree,FFree,FFree,FFree,FFree,FFree,FFree,FFree,FFree,FFree,FFree,FFree,FFree,FFree,FFree,FFree,FFree,FFree,FFree,FFree,FFree,FFree,FFree,FFree,FFree,FFree,FFree,FFree,FFree,FFree,FFree,FFree,FFree,FFree,FFree,FFree,FFree,FFree,FFree,FFree,FFree,FFree,FFree,FFree,FFree,FFree,FFree,FFree,FFree,FFree,FFree,,,,,,,,,,,,,,,,,,,,,,,,,,,,,
PERS 150,FFree,FFree,FFree,FFree,FFree,FFree,FFree,FFree,FFree,FFree,FFree,FFree,FFree,FFree,FFree,FFree,FFree,FFree,FFree,FFree,FFree,FFree,FFree,FFree,FFree,FFree,FFree,FFree,FFree,FFree,FFree,FFree,FFree,FFree,FFree,FFree,FFree,FFree,FFree,FFree,FFree,FFree,FFree,FFree,FFree,FFree,FFree,FFree,FFree,FFree,,,,,,,,,,,,,,,,,,,,,,,,,,,,,,,,
PERS 160,FFree,FFree,FFree,FFree,FFree,FFree,FFree,FFree,FFree,FFree,FFree,FFree,FFree,FFree,FFree,FFree,FFree,FFree,FFree,FFree,FFree,FFree,FFree,FFree,FFree,FFree,FFree,FFree,FFree,FFree,FFree,FFree,FFree,FFree,FFree,FFree,FFree,FFree,FFree,FFree,FFree,FFree,FFree,FFree,FFree,FFree,FFree,FFree,FFree,,,,,,,,,,,,,,,,,,,,,,,,,,,,,,,,,
PERS 301,FFree,FFree,FFree,FFree,FFree,FFree,FFree,FFree,FFree,FFree,FFree,FFree,FFree,FFree,FFree,FFree,FFree,FFree,FFree,FFree,FFree,FFree,FFree,FFree,FFree,FFree,FFree,FFree,FFree,FFree,FFree,FFree,FFree,FFree,FFree,FFree,FFree,FFree,FFree,FFree,FFree,FFree,,,,,,,,,,,,,,,,,,,,,,,,,,,,,,,,,,,,,,,,
PERS 302,FFree,FFree,FFree,FFree,FFree,FFree,FFree,FFree,FFree,FFree,FFree,FFree,FFree,FFree,FFree,FFree,FFree,FFree,FFree,FFree,FFree,FFree,FFree,FFree,FFree,FFree,FFree,FFree,FFree,FFree,FFree,FFree,FFree,FFree,FFree,FFree,FFree,FFree,FFree,FFree,FFree,FFree,,,,,,,,,,,,,,,,,,,,,,,,,,,,,,,,,,,,,,,,
PERS 303,FFree,FFree,FFree,FFree,FFree,FFree,FFree,FFree,FFree,FFree,FFree,FFree,FFree,FFree,FFree,FFree,FFree,FFree,FFree,FFree,FFree,FFree,FFree,FFree,FFree,FFree,FFree,FFree,FFree,FFree,FFree,FFree,FFree,FFree,FFree,FFree,FFree,FFree,FFree,FFree,FFree,FFree,,,,,,,,,,,,,,,,,,,,,,,,,,,,,,,,,,,,,,,,
PHIL 201,FFree:A,FFree:A,FFree:A,FFree:A,FFree:A,FFree:A,FFree:A,FFree:A,FFree:A,FFree:A,FFree:A,FFree:A,FFree:A,FFree:A,FFree:A,FFree:A,FFree:A,FFree:A,FFree:A,FFree:A,FFree:A,FFree:A,FFree:A,FFree:A,FFree:A,FFree:A,FFree:A,FFree:A,FFree:A,FFree:A,FFree:A,FFree:A,FFree:A,FFree:A,FFree:A,FFree:A,FFree:A,FFree:A,FFree:A,FFree:A,FFree:A,FFree:A,FFree:A,FFree:A,FFree:A,FFree:A,FFree:A,FFree:A,FFree:A,FFree:A,FFree:A,FFree:A,FFree:A,FFree:A,FFree:A,FFree:A,FFree:A,FFree:A,FFree:A,FFree:A,FFree:A,FFree:A,FFree:A,,,,,,,,,,,,,,,,,,,
PHIL 202,FFree,FFree,FFree,FFree,FFree,FFree,FFree,FFree,FFree,FFree,FFree,FFree,FFree,FFree,FFree,FFree,FFree,FFree,FFree,FFree,FFree,FFree,FFree,FFree,FFree,FFree,FFree,FFree,FFree,FFree,FFree:A,FFree:A,FFree:A,FFree:A,FFree:A,FFree:A,FFree:A,FFree:A,FFree:A,FFree:A,FFree:A,FFree:A,FFree:A,FFree:A,FFree:A,FFree:A,FFree:A,FFree:A,FFree:A,FFree:A,FFree:A,FFree:A,FFree:A,FFree:A,FFree:A,FFree:A,FFree:A,FFree:A,FFree:A,FFree:A,FFree:A,FFree:A,FFree:A,FFree:A,FFree:A,FFree:A,FFree:A,FFree:A,FFree:A,FFree:A,FFree:A,FFree:A,FFree:A,FFree:A,FFree:A,FFree:A,FFree:A,FFree:A,FFree:A,FFree:A,FFree:A,FFree:A
PHIL 224,FFree,FFree,FFree,FFree,FFree,FFree,FFree,FFree,FFree,FFree,FFree,FFree,FFree,FFree,FFree,FFree,FFree,FFree,FFree,FFree,FFree,FFree,FFree,FFree,FFree,FFree,FFree,FFree,FFree,FFree,FFree,FFree,FFree,FFree,FFree,FFree,,,,,,,,,,,,,,,,,,,,,,,,,,,,,,,,,,,,,,,,,,,,,,
PHIL 240,FFree,FFree,FFree,FFree,FFree,FFree,FFree,FFree,FFree,FFree,FFree,FFree,FFree,FFree,FFree,FFree,FFree,FFree,FFree,FFree,FFree,FFree,FFree,FFree,FFree,FFree,FFree,FFree,FFree,FFree,FFree,FFree,FFree,FFree,FFree,FFree,FFree,FFree,FFree,FFree,FFree,FFree,FFree,FFree,FFree,FFree,FFree,FFree,FFree,FFree,FFree,FFree,FFree,FFree,FFree,FFree,FFree,FFree,FFree,FFree,FFree,FFree,FFree,,,,,,,,,,,,,,,,,,,
PHIL 300,FFree,FFree,FFree,FFree,FFree,FFree,FFree,FFree,FFree,FFree,FFree,FFree,FFree,FFree,FFree,FFree,FFree,FFree,FFree,FFree,FFree,FFree,FFree,FFree,FFree,FFree,FFree,FFree,FFree,FFree,FFree,FFree,FFree,FFree,FFree,FFree,FFree,FFree,FFree,FFree,FFree,FFree,FFree,FFree,FFree,FFree,FFree,FFree,FFree,FFree,FFree,FFree,FFree,FFree,FFree,FFree,FFree,FFree,FFree,FFree,FFree,FFree,FFree,FFree,FFree,FFree,FFree,FFree,FFree,FFree,FFree,FFree,FFree,FFree,FFree,FFree,FFree,FFree,FFree,FFree,FFree,FFree
PHIL 301,FFree,FFree,FFree,FFree,FFree,FFree,FFree,FFree,FFree,FFree,FFree,FFree,FFree,FFree,FFree,FFree,FFree,FFree,FFree,FFree,FFree,FFree,FFree,FFree,FFree,FFree,FFree,FFree,FFree,FFree,FFree,FFree,FFree,FFree,FFree,FFree,FFree,FFree,FFree,FFree,FFree,FFree,FFree,FFree,FFree,FFree,FFree,FFree,FFree,FFree,FFree,FFree,FFree,FFree,FFree,FFree,FFree,FFree,FFree,FFree,FFree,FFree,FFree,FFree,FFree,FFree,FFree,FFree,FFree,FFree,FFree,FFree,FFree,FFree,FFree,FFree,FFree,FFree,FFree,FFree,FFree,FFree
PHIL 310,FFree,FFree,FFree,FFree,FFree,FFree,FFree,FFree,FFree,FFree,FFree,FFree,FFree,FFree,FFree,FFree,FFree,FFree,FFree,FFree,FFree,FFree,FFree,FFree,FFree,FFree,FFree,FFree,FFree,FFree,FFree,FFree,FFree,FFree,FFree,FFree,FFree,FFree,FFree,FFree,FFree,FFree,FFree,FFree,FFree,FFree,FFree,FFree,FFree,FFree,FFree,FFree,FFree,FFree,FFree,FFree,FFree,FFree,FFree,FFree,FFree,FFree,FFree,FFree,FFree,FFree,FFree,FFree,FFree,FFree,FFree,FFree,FFree,FFree,FFree,FFree,FFree,FFree,FFree,FFree,FFree,FFree
PHIL 313,FFree,FFree,FFree,FFree,FFree,FFree,FFree,FFree,FFree,FFree,FFree,FFree,FFree,FFree,FFree,FFree,FFree,FFree,FFree,FFree,FFree,FFree,FFree,FFree,FFree,FFree,FFree,FFree,FFree,FFree,FFree,FFree,FFree,FFree,FFree,FFree,FFree,FFree,FFree,FFree,FFree,FFree,FFree,FFree,FFree,FFree,FFree,FFree,FFree,FFree,FFree,,,,,,,,,,,,,,,,,,,,,,,,,,,,,,,
PHIL 321,FFree,FFree,FFree,FFree,FFree,FFree,FFree,FFree,FFree,FFree,FFree,FFree,FFree,FFree,FFree,FFree,FFree,FFree,FFree,FFree,FFree,FFree,FFree,FFree,FFree,FFree,FFree,FFree,FFree,FFree,FFree:A,FFree:A,FFree:A,FFree:A,FFree:A,FFree:A,FFree:A,FFree:A,FFree:A,FFree:A,FFree:A,FFree:A,FFree:A,FFree:A,FFree:A,FFree:A,FFree:A,FFree:A,FFree:A,FFree:A,FFree:A,FFree:A,FFree:A,FFree:A,FFree:A,FFree:A,FFree:A,FFree:A,FFree:A,FFree:A,FFree:A,FFree:A,FFree:A,FFree:A,FFree:A,FFree:A,FFree:A,FFree:A,FFree:A,FFree:A,FFree:A,FFree:A,FFree:A,FFree:A,FFree:A,FFree:A,FFree:A,FFree:A,FFree:A,FFree:A,FFree:A,FFree:A
PHIL 323,FFree,FFree,FFree,FFree,FFree,FFree,FFree,FFree,FFree,FFree,FFree,FFree,FFree,FFree,FFree,FFree,FFree,FFree,FFree,FFree,FFree,FFree,FFree,FFree,FFree,FFree,FFree,FFree,FFree,FFree,FFree,FFree,FFree,FFree,FFree,FFree,FFree,FFree,FFree,FFree,FFree,FFree,FFree,FFree,FFree,FFree,FFree,FFree,FFree,FFree,FFree,,,,,,,,,,,,,,,,,,,,,,,,,,,,,,,
PHIL 330,FFree,FFree,FFree,FFree,FFree,FFree,FFree,FFree,FFree,FFree,FFree,FFree,FFree,FFree,FFree,FFree,FFree,FFree,FFree,FFree,FFree,FFree,FFree,FFree,FFree,FFree,FFree,FFree,FFree,FFree,FFree,FFree,FFree,FFree,FFree,FFree,FFree,FFree,FFree,FFree,FFree,FFree,FFree,FFree,FFree,FFree,FFree,FFree,,,,,,,,,,,,,,,,,,,,,,,,,,,,,,,,,,
PHIL 340,FFree,FFree,FFree,FFree,FFree,FFree,FFree,FFree,FFree,FFree,FFree,FFree,FFree,FFree,FFree,FFree,FFree,FFree,FFree,FFree,FFree,FFree,FFree,FFree,FFree,FFree,FFree,FFree,FFree,FFree,FFree,FFree,FFree,FFree,FFree,FFree,FFree,FFree,FFree,FFree,FFree,FFree,FFree,FFree,FFree,FFree,FFree,FFree,FFree,FFree,FFree,FFree,FFree,FFree,FFree,FFree,FFree,FFree,FFree,FFree,FFree,FFree,FFree,FFree,FFree,FFree,FFree,,,,,,,,,,,,,,,
PHIL 342,FFree,FFree,FFree,FFree,FFree,FFree,FFree,FFree,FFree,FFree,FFree,FFree,FFree,FFree,FFree,FFree,FFree,FFree,FFree,FFree,FFree,FFree,FFree,FFree,FFree,FFree,FFree,FFree,FFree,FFree,FFree,FFree,FFree,FFree,FFree,FFree,FFree,FFree,FFree,FFree,FFree,FFree,FFree,FFree,FFree,FFree,FFree,FFree,FFree,FFree,FFree,FFree,FFree,FFree,,,,,,,,,,,,,,,,,,,,,,,,,,,,
PHIL 370,FFree,FFree,FFree,FFree,FFree,FFree,FFree,FFree,FFree,FFree,FFree,FFree,FFree,FFree,FFree,FFree,FFree,FFree,FFree,FFree,FFree,FFree,FFree,FFree,FFree,FFree,FFree,FFree,FFree,FFree,FFree,FFree,FFree,FFree,FFree,FFree,FFree,FFree,FFree,FFree,FFree,FFree,FFree,FFree,FFree,FFree,FFree,FFree,FFree,FFree,FFree,FFree,FFree,FFree,FFree,FFree,FFree,FFree,FFree,FFree,FFree,FFree,FFree,FFree,FFree,FFree,FFree,FFree,FFree,FFree,FFree,FFree,FFree,FFree,FFree,FFree,FFree,FFree,FFree,FFree,FFree,FFree
PHIL 399,FFree,FFree,FFree,FFree,FFree,FFree,FFree,FFree,FFree,FFree,FFree,FFree,FFree,FFree,FFree,FFree,FFree,FFree,FFree,FFree,FFree,FFree,FFree,FFree,FFree,FFree,FFree,FFree,FFree,FFree,FFree,FFree,FFree,FFree,FFree,FFree,FFree,FFree,FFree,FFree,FFree,FFree,FFree,FFree,FFree,FFree,FFree,FFree,FFree,FFree,FFree,FFree,FFree,FFree,FFree,FFree,FFree,FFree,FFree,FFree,FFree,FFree,FFree,FFree,FFree,FFree,FFree,FFree,FFree,FFree,FFree,FFree,FFree,FFree,FFree,FFree,FFree,FFree,FFree,FFree,FFree,FFree
PHIL 401,FFree,FFree,FFree,FFree,FFree,FFree,FFree,FFree,FFree,FFree,FFree,FFree,FFree,FFree,FFree,FFree,FFree,FFree,FFree,FFree,FFree,FFree,FFree,FFree,FFree,FFree,FFree,FFree,FFree,FFree,FFree,FFree,FFree,FFree,FFree,FFree,FFree,FFree,FFree,FFree,FFree,FFree,FFree,FFree,FFree,FFree,FFree,FFree,FFree,FFree,FFree,FFree,FFree,FFree,FFree,FFree,FFree,FFree,FFree,FFree,FFree,FFree,FFree,FFree,FFree,FFree,FFree,FFree,FFree,FFree,FFree,FFree,FFree,FFree,FFree,FFree,FFree,FFree,FFree,FFree,FFree,FFree
PHIL 421,FFree,FFree,FFree,FFree,FFree,FFree,FFree,FFree,FFree,FFree,FFree,FFree,FFree,FFree,FFree,FFree,FFree,FFree,FFree,FFree,FFree,FFree,FFree,FFree,FFree,FFree,FFree,FFree,FFree,FFree,FFree,FFree,FFree,FFree,FFree,FFree,FFree,FFree,FFree,FFree,FFree,FFree,,,,,,,,,,,,,,,,,,,,,,,,,,,,,,,,,,,,,,,,
PHIL 425,FFree,FFree,FFree,FFree,FFree,FFree,FFree,FFree,FFree,FFree,FFree,FFree,FFree,FFree,FFree,FFree,FFree,FFree,FFree,FFree,FFree,FFree,FFree,FFree,FFree,FFree,FFree,FFree,FFree,FFree,FFree,FFree,FFree,FFree,FFree,FFree,FFree,FFree,FFree,FFree,FFree,FFree,FFree,,,,,,,,,,,,,,,,,,,,,,,,,,,,,,,,,,,,,,,
PHIL 433,FFree,FFree,FFree,FFree,FFree,FFree,FFree,FFree,FFree,FFree,FFree,FFree,FFree,FFree,FFree,FFree,FFree,FFree,FFree,FFree,FFree,FFree,FFree,,,,,,,,,,,,,,,,,,,,,,,,,,,,,,,,,,,,,,,,,,,,,,,,,,,,,,,,,,,
PHIL 450,FFree,FFree,FFree,FFree,FFree,FFree,FFree,FFree,FFree,FFree,FFree,FFree,FFree,FFree,FFree,FFree,FFree,FFree,FFree,FFree,FFree,FFree,FFree,FFree,FFree,FFree,FFree,FFree,FFree,FFree,FFree,FFree,FFree,FFree,FFree,FFree,FFree,FFree,FFree,FFree,FFree,FFree,FFree,FFree,FFree,FFree,FFree,FFree,FFree,FFree,FFree,FFree,FFree,FFree,FFree,FFree,FFree,FFree,FFree,FFree,FFree,FFree,FFree,FFree,FFree,FFree,FFree,FFree,FFree,FFree,FFree,FFree,FFree,FFree,FFree,FFree,FFree,FFree,FFree,FFree,FFree,FFree
PHIL 460,FFree,FFree,FFree,FFree,FFree,FFree,FFree,FFree,FFree,FFree,FFree,FFree,FFree,FFree,FFree,FFree,FFree,FFree,FFree,FFree,FFree,FFree,FFree,FFree,FFree,FFree,FFree,FFree,FFree,FFree,FFree,FFree,FFree,FFree,FFree,FFree,FFree,FFree,FFree,FFree,FFree,FFree,FFree,FFree,FFree,FFree,FFree,FFree,FFree,FFree,FFree,FFree,FFree,FFree,FFree,FFree,FFree,FFree,FFree,FFree,FFree,FFree,FFree,FFree,FFree,FFree,FFree,FFree,FFree,FFree,FFree,FFree,FFree,FFree,FFree,FFree,FFree,FFree,FFree,FFree,FFree,FFree
PHYS 113,FFree:E,FFree:E,FFree:E,FFree:E,FFree:E,FFree:E,FFree:E,FFree:E,FFree:E,FFree:E,FFree:E,FFree:E,FFree:E,FFree:E,FFree:E,FFree:E,FFree:E,FFree:E,FFree:E,FFree:E,FFree:E,FFree:E,FFree:E,FFree:E,FFree:E,FFree:E,FFree:E,FFree:E,FFree:E,FFree:E,FFree:E,FFree:E,FFree:E,FFree:E,FFree:E,FFree:E,FFree:E,FFree:E,FFree:E,FFree:E,FFree:E,FFree:E,FFree:E,FFree:E,FFree:E,FFree:E,FFree:E,FFree:E,FFree:E,FFree:E,FFree:E,FFree:E,FFree:E,FFree:E,FFree:E,FFree:E,FFree:E,FFree:E,FFree:E,FFree:E,FFree:E,FFree:E,FFree:E,FFree:E,FFree:E,FFree:E,FFree:E,FFree:E,FFree:E,FFree:E,FFree:E,FFree:E,FFree:E,FFree:E,FFree:E,FFree:E,FFree:E,FFree:E,FFree:E,FFree:E,FFree:E,FFree:E
PHYS 211,FFree,FFree,FFree,FFree,FFree,FFree,FFree,FFree,FFree,FFree,FFree,FFree,FFree,FFree,FFree,FFree,FFree,FFree,FFree,FFree,FFree,FFree,FFree,FFree,FFree,FFree,FFree,FFree,FFree,FFree,FFree,FFree,FFree,FFree,FFree,FFree,FFree,FFree,FFree,FFree,FFree,FFree,FFree,FFree,FFree,FFree,FFree,FFree,FFree,FFree,FFree,FFree,FFree,FFree,FFree,FFree,FFree,FFree,FFree,FFree,FFree,FFree,FFree,FFree,FFree,FFree,FFree,FFree,FFree,FFree,FFree,FFree,FFree,FFree,FFree,FFree:E,FFree:E,FFree:E,FFree:E,FFree:E,FFree:E,FFree:E
PHYS 302,FFree,FFree,FFree,FFree,FFree,FFree,FFree,FFree,FFree,FFree,FFree,FFree,FFree,FFree,FFree,FFree,FFree,FFree,FFree,FFree,FFree,FFree,FFree,FFree,FFree,FFree,FFree,FFree,FFree,FFree,FFree,FFree,FFree,FFree,FFree,FFree,FFree,FFree,FFree,FFree,FFree,FFree,FFree,FFree,FFree,FFree,FFree,FFree,FFree,FFree,FFree,FFree,FFree,FFree,FFree,FFree,FFree,FFree,FFree,FFree,FFree,FFree,FFree,FFree,FFree,FFree,FFree,FFree,FFree,FFree,FFree,FFree,FFree,FFree,FFree,FFree,FFree,FFree,FFree,FFree,FFree,FFree
PHYS 303,FFree:E,FFree:E,FFree:E,FFree:E,FFree:E,FFree:E,FFree:E,FFree:E,FFree:E,FFree:E,FFree:E,FFree:E,FFree:E,FFree:E,FFree:E,FFree:E,FFree:E,FFree:E,FFree:E,FFree:E,FFree:E,FFree:E,FFree:E,FFree:E,FFree:E,FFree:E,FFree:E,FFree:E,FFree:E,FFree:E,FFree:E,FFree:E,FFree:E,FFree:E,FFree:E,FFree:E,FFree:E,FFree:E,FFree:E,FFree:E,FFree:E,FFree:E,FFree:E,FFree:E,FFree:E,FFree:E,FFree:E,FFree:E,FFree:E,FFree:E,FFree:E,FFree:E,FFree:E,FFree:E,FFree:E,FFree:E,FFree:E,FFree:E,FFree:E,FFree:E,FFree:E,FFree:E,FFree:E,FFree:E,FFree:E,FFree:E,FFree:E,FFree:E,FFree:E,FFree:E,FFree:E,FFree:E,FFree:E,FFree:E,FFree:E,FFree,FFree,FFree,FFree,FFree,FFree,FFree
PHYS 304,FFree,FFree,FFree,FFree,FFree,FFree,FFree,FFree,FFree,FFree,FFree,FFree,FFree,FFree,FFree,FFree,FFree,FFree,FFree,FFree,FFree,FFree,FFree,FFree,FFree,FFree,FFree,FFree,FFree,FFree,FFree,FFree,FFree,FFree,FFree,FFree,FFree,FFree,FFree,FFree,FFree,FFree,FFree,FFree,FFree,FFree,FFree,FFree,FFree,FFree,FFree,FFree,FFree,FFree,FFree,FFree,FFree,FFree,FFree,FFree,FFree,FFree,FFree,FFree,FFree,FFree,FFree,FFree,FFree,FFree,FFree,FFree,FFree,FFree,FFree,FFree,FFree,FFree,FFree,FFree,FFree,FFree
PHYS 312,FFree,FFree,FFree,FFree,FFree,FFree,FFree,FFree,FFree,FFree,FFree,FFree,FFree,FFree,FFree,FFree,FFree,FFree,FFree,FFree,FFree,FFree,FFree,FFree,FFree,FFree,FFree,FFree,FFree,FFree,FFree,FFree,FFree,FFree,FFree,FFree,,,,,,,,,,,,,,,,,,,,,,,,,,,,,,,,,,,,,,,,,,,,,,
PHYS 313,FFree,FFree,FFree,FFree,FFree,FFree,FFree,FFree,FFree,FFree,FFree,FFree,FFree,FFree,FFree,FFree,FFree,FFree,FFree,FFree,FFree,FFree,FFree,FFree,FFree,FFree,FFree,FFree,FFree,FFree,FFree,FFree,FFree,FFree,FFree,FFree,FFree,FFree,FFree,FFree,FFree,FFree,FFree,FFree,FFree,FFree,FFree,FFree,FFree,FFree,FFree,FFree,FFree,FFree,FFree,FFree,FFree,FFree,FFree,FFree,FFree,FFree,FFree,FFree,FFree,FFree,FFree,FFree,FFree,FFree,,,,,,,,,,,,
PHYS 322,FFree,FFree,FFree,FFree,FFree,FFree,FFree,FFree,FFree,FFree,FFree,FFree,FFree,FFree,FFree,FFree,FFree,FFree,FFree,FFree,FFree,FFree,FFree,FFree,FFree,FFree,FFree,FFree,FFree,,,,,,,,,,,,,,,,,,,,,,,,,,,,,,,,,,,,,,,,,,,,,,,,,,,,,
PHYS 401,FFree,FFree,FFree,FFree,FFree,FFree,FFree,FFree,FFree,FFree,FFree,FFree,FFree,FFree,FFree,FFree,FFree,FFree,FFree,FFree,FFree,FFree,FFree,FFree,FFree,FFree,FFree,FFree,FFree,FFree,FFree,FFree,FFree,FFree,FFree,FFree,FFree,FFree,FFree,FFree,FFree,FFree,FFree,FFree,FFree,FFree,FFree,FFree,FFree,FFree,FFree,FFree,FFree,FFree,FFree,FFree,FFree,FFree,FFree,FFree,FFree,FFree,FFree,FFree,FFree,FFree,FFree,FFree,FFree,FFree,FFree,FFree,FFree,FFree,FFree,FFree,FFree,FFree,FFree,FFree,FFree,FFree
PHYS 411,FFree,FFree,FFree,FFree,FFree,FFree,FFree,FFree,FFree,FFree,FFree,FFree,FFree,FFree,FFree,FFree,FFree,FFree,FFree,FFree,FFree,FFree,FFree,FFree,FFree,FFree,FFree,FFree,FFree,FFree,FFree,FFree,FFree,FFree,FFree,FFree,FFree,FFree,FFree,FFree,FFree,FFree,FFree,FFree,FFree,FFree,FFree,FFree,FFree,FFree,FFree,FFree,FFree,FFree,FFree,FFree,FFree,FFree,FFree,FFree,FFree,FFree,FFree,FFree,FFree,FFree,FFree,FFree,FFree,FFree,FFree,FFree,FFree,FFree,FFree,FFree,FFree,FFree,FFree,FFree,FFree,FFree
PHYS 412,FFree,FFree,FFree,FFree,FFree,FFree,FFree,FFree,FFree,FFree,FFree,FFree,FFree,FFree,FFree,FFree,FFree,FFree,FFree,FFree,FFree,FFree,FFree,FFree,FFree,FFree,FFree,FFree,FFree,FFree,FFree,FFree,FFree,FFree,FFree,FFree,FFree,FFree,FFree,FFree,FFree,FFree,FFree,FFree,FFree,FFree,FFree,FFree,FFree,FFree,FFree,FFree,FFree,FFree,FFree,FFree,FFree,FFree,FFree,FFree,FFree,FFree,FFree,FFree,FFree,FFree,FFree,FFree,FFree,FFree,FFree,FFree,FFree,FFree,FFree,FFree,FFree,FFree,FFree,FFree,FFree,FFree
PHYS 438,FFree,FFree,FFree,FFree,FFree,FFree,FFree,FFree,FFree,FFree,FFree,FFree,FFree,FFree,FFree,FFree,FFree,FFree,FFree,FFree,FFree,FFree,FFree,FFree,FFree,FFree,FFree,FFree,FFree,FFree,FFree,FFree,FFree,FFree,FFree,FFree,FFree,FFree,FFree,FFree,FFree,FFree,FFree,FFree,FFree,FFree,FFree,FFree,FFree,FFree,FFree,FFree,,,,,,,,,,,,,,,,,,,,,,,,,,,,,,
PHYS 484,FFree,FFree,FFree,FFree,FFree,FFree,FFree,FFree,FFree,FFree,FFree,FFree,FFree,FFree,FFree,FFree,FFree,FFree,FFree,FFree,FFree,FFree,FFree,FFree,FFree,FFree,FFree,FFree,FFree,FFree,FFree,FFree,FFree,FFree,FFree,FFree,FFree,FFree,FFree,FFree,FFree,FFree,FFree,FFree,FFree,FFree,FFree,FFree,FFree,FFree,FFree,FFree,FFree,FFree,FFree,FFree,FFree,FFree,FFree,FFree,FFree,FFree,FFree,FFree,FFree,FFree,FFree,FFree,FFree,FFree,FFree,FFree,FFree,FFree,FFree,FFree,FFree,FFree,FFree,FFree,FFree,FFree
PHYS 492,FFree,FFree,FFree,FFree,FFree,FFree,FFree,FFree,FFree,FFree,FFree,FFree,FFree,FFree,FFree,FFree,FFree,FFree,FFree,FFree,FFree,FFree,FFree,FFree,FFree,FFree,FFree,FFree,FFree,FFree,FFree,FFree,FFree,FFree,FFree,FFree,FFree,FFree,FFree,FFree,FFree,FFree,FFree,FFree,FFree,FFree,FFree,FFree,FFree,FFree,FFree,FFree,FFree,FFree,FFree,FFree,FFree,FFree,FFree,FFree,FFree,FFree,FFree,FFree,FFree,FFree,FFree,FFree,FFree,FFree,FFree,FFree,FFree,FFree,FFree,,,,,,,
POLS 222,FFree:A,FFree:A,FFree:A,FFree:A,FFree:A,FFree:A,FFree:A,FFree:A,FFree:A,FFree:A,FFree:A,FFree:A,FFree:A,FFree:A,FFree:A,FFree:A,FFree:A,FFree:A,FFree:A,FFree:A,FFree:A,FFree:A,,,,,,,,,,,,,,,,,,,,,,,,,,,,,,,,,,,,,,,,,,,,,,,,,,,,,,,,,,,,
POLS 250,FFree:A,FFree:A,FFree:A,FFree:A,FFree:A,FFree:A,FFree:A,FFree:A,FFree:A,FFree:A,FFree:A,FFree:A,FFree:A,FFree:A,FFree:A,FFree:A,FFree:A,FFree:A,FFree:A,FFree:A,FFree:A,FFree:A,FFree:A,FFree:A,FFree:A,FFree:A,FFree:A,FFree:A,FFree:A,FFree:A,FFree:A,FFree:A,FFree:A,FFree:A,FFree:A,FFree:A,FFree:A,FFree:A,FFree:A,FFree:A,FFree:A,FFree:A,FFree:A,FFree:A,FFree:A,FFree:A,FFree:A,FFree:A,FFree:A,FFree:A,FFree:A,FFree:A,FFree:A,FFree:A,FFree:A,FFree:A,FFree:A,FFree:A,FFree:A,FFree:A,FFree:A,FFree:A,FFree:A,FFree:A,FFree:A,FFree:A,FFree:A,FFree:A,FFree:A,FFree:A,FFree:A,FFree:A,FFree:A,FFree:A,FFree:A,FFree:A,FFree:A,FFree:A,FFree:A,FFree:A,FFree:A,FFree:A
POLS 251,FFree,FFree,FFree,FFree,FFree,FFree,FFree,FFree,FFree,FFree,FFree,FFree,FFree,FFree,FFree,FFree,FFree,FFree,FFree,FFree,FFree,FFree,FFree,FFree,FFree,FFree,FFree,FFree,FFree,FFree,FFree,FFree,FFree,FFree,FFree,FFree,FFree,FFree,FFree,FFree,FFree,FFree,FFree,FFree,FFree,FFree,FFree,FFree,FFree,FFree,FFree,FFree,FFree,FFree,FFree,FFree,FFree,FFree,FFree,FFree,FFree,FFree,FFree,FFree,FFree,FFree,FFree,FFree,FFree,FFree,FFree,FFree,FFree,FFree,FFree,FFree,FFree,FFree,FFree,FFree,FFree,FFree
POLS 252,FFree:A,FFree:A,FFree:A,FFree:A,FFree:A,FFree:A,FFree:A,FFree:A,FFree:A,FFree:A,FFree:A,FFree:A,FFree:A,FFree:A,FFree:A,FFree:A,FFree:A,FFree:A,FFree:A,FFree:A,FFree:A,FFree:A,FFree:A,FFree:A,,,,,,,,,,,,,,,,,,,,,,,,,,,,,,,,,,,,,,,,,,,,,,,,,,,,,,,,,,
POLS 254,FFree:A,FFree:A,FFree:A,FFree:A,FFree:A,FFree:A,FFree:A,FFree:A,FFree:A,FFree:A,FFree:A,FFree:A,FFree:A,FFree:A,FFree:A,FFree:A,FFree:A,FFree:A,FFree:A,FFree:A,FFree:A,FFree:A,,,,,,,,,,,,,,,,,,,,,,,,,,,,,,,,,,,,,,,,,,,,,,,,,,,,,,,,,,,,
POLS 271,FFree:A,FFree:A,FFree:A,FFree:A,FFree:A,FFree:A,FFree:A,FFree:A,FFree:A,FFree:A,FFree:A,FFree:A,FFree:A,FFree:A,FFree:A,FFree:A,FFree:A,FFree:A,FFree:A,FFree:A,FFree:A,FFree:A,FFree:A,FFree:A,FFree,FFree,FFree,FFree,FFree,FFree,FFree,FFree,FFree,FFree,FFree,FFree,FFree,,,,,,,,,,,,,,,,,,,,,,,,,,,,,,,,,,,,,,,,,,,,,
POLS 301,FFree,FFree,FFree,FFree,FFree,FFree,FFree,FFree,FFree,FFree,FFree,FFree,FFree,FFree,FFree,FFree,FFree,FFree,FFree,FFree,FFree,FFree,FFree,FFree,FFree,FFree,FFree,FFree,FFree,FFree,FFree:A,FFree:A,FFree:A,FFree:A,FFree:A,FFree:A,FFree:A,FFree:A,FFree:A,FFree:A,FFree:A,FFree:A,FFree:A,FFree:A,FFree:A,FFree:A,FFree:A,FFree:A,FFree:A,FFree:A,FFree:A,FFree:A,FFree:A,FFree:A,FFree:A,FFree:A,FFree:A,FFree:A,FFree:A,FFree:A,FFree:A,FFree:A,FFree:A,FFree:A,FFree:A,FFree:A,FFree:A,FFree:A,FFree:A,FFree:A,FFree:A,FFree:A,FFree:A,FFree:A,FFree:A,FFree:A,FFree:A,FFree:A,FFree:A,FFree:A,FFree:A,FFree:A
POLS 302,FFree,FFree,FFree,FFree,FFree,FFree,FFree,FFree,FFree,FFree,FFree,FFree,FFree,FFree,FFree,FFree,FFree,FFree,FFree,FFree,FFree,FFree,FFree,FFree,FFree,FFree,FFree,FFree,FFree,FFree,FFree,FFree,FFree,FFree,FFree,FFree,FFree,FFree,FFree,FFree,FFree,FFree,FFree,FFree,FFree,FFree,FFree,FFree,FFree,FFree,FFree,FFree,FFree,FFree,FFree,FFree,FFree,FFree,FFree,FFree,FFree,FFree,FFree,FFree,FFree,FFree,FFree,FFree,FFree,FFree,FFree,FFree,FFree,FFree,FFree,FFree,FFree,FFree,FFree,FFree,FFree,FFree
POLS 303,FFree,FFree,FFree,FFree,FFree,FFree,FFree,FFree,FFree,FFree,FFree,FFree,FFree,FFree,FFree,FFree,FFree,FFree,FFree,FFree,FFree,FFree,FFree,FFree,FFree,FFree,FFree,FFree,FFree,FFree,FFree,FFree,FFree,FFree,FFree,FFree,FFree,FFree,FFree,FFree,FFree,FFree,FFree,FFree,FFree,FFree,FFree,FFree,FFree,FFree,FFree,FFree,FFree,FFree,FFree,FFree,FFree,FFree,FFree,FFree,FFree,FFree,FFree,FFree,FFree,FFree,FFree,FFree,FFree,FFree,FFree,FFree,FFree,FFree,FFree,FFree,FFree,FFree,FFree,FFree,FFree,FFree
POLS 304,FFree,FFree,FFree,FFree,FFree,FFree,FFree,FFree,FFree,FFree,FFree,FFree,FFree,FFree,FFree,FFree,FFree,FFree,FFree,FFree,FFree,FFree,FFree,FFree,FFree,FFree,FFree,FFree,FFree,FFree,FFree,FFree,FFree,FFree,FFree,FFree,FFree,FFree,FFree,FFree,FFree,FFree,FFree,FFree,FFree,FFree,FFree,FFree,FFree,FFree,FFree,FFree,FFree,FFree,FFree,FFree,FFree,FFree,FFree,FFree,FFree,FFree,FFree,,,,,,,,,,,,,,,,,,,
POLS 305,FFree,FFree,FFree,FFree,FFree,FFree,FFree,FFree,FFree,FFree,FFree,FFree,FFree,FFree,FFree,FFree,FFree,FFree,FFree,FFree,FFree,FFree,FFree,FFree,FFree,FFree,FFree,FFree,FFree,FFree,FFree,FFree,FFree,FFree,FFree,FFree,FFree,FFree,FFree,FFree,FFree,FFree,FFree,FFree,FFree,FFree,FFree,FFree,FFree,FFree,FFree,FFree,FFree,FFree,FFree,FFree,FFree,FFree,FFree,FFree,FFree,FFree,FFree,FFree,FFree,FFree,FFree,FFree,FFree,FFree,FFree,FFree,FFree,FFree,FFree,FFree,FFree,FFree,FFree,FFree,FFree,FFree
POLS 306,FFree,FFree,FFree,FFree,FFree,FFree,FFree,FFree,FFree,FFree,FFree,FFree,FFree,FFree,FFree,FFree,FFree,FFree,FFree,FFree,FFree,FFree,,,,,,,,,,,,,,,,,,,,,,,,,,,,,,,,,,,,,,,,,,,,,,,,,,,,,,,,,,,,
POLS 307,FFree,FFree,FFree,FFree,FFree,FFree,FFree,FFree,FFree,FFree,FFree,FFree,FFree,FFree,FFree,FFree,FFree,FFree,FFree,FFree,FFree,FFree,FFree,FFree,FFree,FFree,FFree,FFree,FFree,FFree,FFree,FFree,FFree,FFree,FFree,FFree,FFree,FFree,FFree,FFree,FFree,FFree,FFree,FFree,FFree,FFree,FFree,FFree,FFree,FFree,FFree,FFree,FFree,FFree,FFree,FFree,FFree,FFree,FFree,FFree,FFree,FFree,FFree,FFree,FFree,FFree,FFree,FFree,FFree,FFree,FFree,FFree,FFree,FFree,FFree,FFree,FFree,FFree,FFree,FFree,FFree,FFree
POLS 308,FFree,FFree,FFree,FFree,FFree,FFree,FFree,FFree,FFree,FFree,FFree,FFree,FFree,FFree,FFree,FFree,FFree,FFree,FFree,FFree,FFree,FFree,FFree,FFree,FFree,FFree,FFree,FFree,FFree,FFree,FFree,FFree,FFree,FFree,,,,,,,,,,,,,,,,,,,,,,,,,,,,,,,,,,,,,,,,,,,,,,,,
POLS 348,FFree,FFree,FFree,FFree,FFree,FFree,FFree,FFree,FFree,FFree,FFree,FFree,FFree,FFree,FFree,FFree,FFree,FFree,FFree,FFree,FFree,FFree,FFree,FFree,FFree,FFree,FFree,FFree,FFree,FFree,FFree,FFree,FFree,FFree,FFree,FFree,FFree,FFree,FFree,FFree,FFree,FFree,FFree,FFree,FFree,FFree,FFree,FFree,FFree,FFree,FFree,,,,,,,,,,,,,,,,,,,,,,,,,,,,,,,
POLS 349,FFree,FFree,FFree,FFree,FFree,FFree,FFree,FFree,FFree,FFree,FFree,FFree,FFree,FFree,FFree,FFree,FFree,FFree,FFree,FFree,FFree,FFree,FFree,FFree,FFree,FFree,FFree,FFree,,,,,,,,,,,,,,,,,,,,,,,,,,,,,,,,,,,,,,,,,,,,,,,,,,,,,,
POLS 350,FFree,FFree,FFree,FFree,FFree,FFree,FFree,FFree,FFree,FFree,FFree,FFree,FFree,FFree,FFree,FFree,FFree,FFree,,,,,,,,,,,,,,,,,,,,,,,,,,,,,,,,,,,,,,,,,,,,,,,,,,,,,,,,,,,,,,,,
POLS 351,FFree,FFree,FFree,FFree,FFree,FFree,FFree,FFree,FFree,FFree,FFree,FFree,FFree,FFree,FFree,FFree,FFree,FFree,FFree,FFree,FFree,FFree,FFree,FFree,FFree,FFree,FFree,FFree,FFree,FFree,FFree,FFree,FFree,FFree,FFree,FFree,FFree,FFree,FFree,FFree,FFree,FFree,FFree,FFree,FFree,FFree,FFree,FFree,FFree,FFree,FFree,FFree,FFree,FFree,FFree,FFree,FFree,FFree,FFree,FFree,FFree,FFree,FFree,FFree,FFree,FFree,FFree,FFree,FFree,FFree,FFree,FFree,FFree,FFree,FFree,FFree,FFree,FFree,FFree,FFree,FFree,FFree
POLS 352,FFree,FFree,FFree,FFree,FFree,FFree,FFree,FFree,FFree,FFree,FFree,FFree,FFree,FFree,FFree,FFree,FFree,FFree,FFree,FFree,FFree,FFree,FFree,FFree,FFree,FFree,FFree,FFree,FFree,FFree,FFree,FFree,FFree,FFree,FFree,FFree,FFree,FFree,FFree,FFree,FFree,FFree,FFree,FFree,FFree,FFree,FFree,FFree,FFree,FFree,FFree,FFree,FFree,FFree,FFree,FFree,FFree,FFree,FFree,FFree,FFree,FFree,FFree,FFree,FFree,FFree,FFree,FFree,FFree,FFree,FFree,FFree,FFree,FFree,FFree,FFree,FFree,FFree,FFree,FFree,FFree,FFree
POLS 353,FFree,FFree,FFree,FFree,FFree,FFree,FFree,FFree,FFree,FFree,FFree,FFree,FFree,FFree,FFree,FFree,FFree,FFree,FFree,FFree,FFree,FFree,FFree,FFree,FFree,FFree,FFree,FFree,FFree,FFree,FFree,FFree,FFree,FFree,FFree,FFree,FFree,FFree,FFree,FFree,FFree,FFree,FFree,FFree,FFree,FFree,FFree,FFree,FFree,FFree,FFree,FFree,FFree,FFree,FFree,FFree,FFree,FFree,FFree,FFree,FFree,FFree,FFree,FFree,FFree,FFree,FFree,FFree,FFree,FFree,FFree,FFree,FFree,FFree,FFree,FFree,FFree,FFree,FFree,FFree,FFree,FFree
POLS 354,FFree,FFree,FFree,FFree,FFree,FFree,FFree,FFree,FFree,FFree,FFree,FFree,FFree,FFree,FFree,FFree,FFree,FFree,FFree,FFree,FFree,FFree,FFree,FFree,FFree,FFree,FFree,FFree,FFree,FFree,FFree,FFree,FFree,FFree,FFree,FFree,FFree,FFree,FFree,FFree,FFree,FFree,FFree,FFree,FFree,FFree,FFree,FFree,FFree,FFree,FFree,FFree,FFree,FFree,FFree,FFree,FFree,FFree,FFree,FFree,FFree,FFree,FFree,FFree,FFree,FFree,FFree,FFree,FFree,FFree,FFree,FFree,FFree,FFree,FFree,FFree,FFree,FFree,FFree,FFree,FFree,FFree
POLS 364,FFree,FFree,FFree,FFree,FFree,FFree,FFree,FFree,FFree,FFree,FFree,FFree,FFree,FFree,FFree,FFree,FFree,FFree,FFree,FFree,FFree,FFree,FFree,FFree,FFree,FFree,FFree,FFree,FFree,FFree,FFree,FFree,FFree,FFree,FFree,FFree,FFree,FFree,FFree,FFree,FFree,FFree,FFree,FFree,FFree,FFree,FFree,FFree,FFree,FFree,FFree,FFree,FFree,FFree,FFree,FFree,FFree,FFree,FFree,FFree,FFree,FFree,FFree,FFree,FFree,FFree,FFree,FFree,FFree,FFree,FFree,FFree,FFree,FFree,FFree,FFree,FFree,FFree,FFree,FFree,FFree,FFree
POLS 365,FFree,FFree,FFree,FFree,FFree,FFree,FFree,FFree,FFree,FFree,FFree,FFree,FFree,FFree,FFree,FFree,FFree,FFree,FFree,FFree,FFree,FFree,FFree,FFree,FFree,FFree,FFree,FFree,FFree,FFree,FFree,FFree,FFree,FFree,FFree,FFree,FFree,FFree,FFree,FFree,FFree,FFree,FFree,FFree,FFree,FFree,FFree,FFree,FFree,FFree,FFree,FFree,FFree,FFree,FFree,FFree,FFree,FFree,FFree,FFree,FFree,FFree,FFree,FFree,FFree,FFree,FFree,FFree,FFree,FFree,FFree,FFree,FFree,FFree,FFree,FFree,FFree,FFree,FFree,FFree,FFree,FFree
POLS 366,FFree,FFree,FFree,FFree,FFree,FFree,FFree,FFree,FFree,FFree,FFree,FFree,FFree,FFree,FFree,FFree,FFree,FFree,FFree,FFree,FFree,FFree,FFree,FFree,FFree,FFree,FFree,FFree,FFree,FFree,FFree,FFree,FFree,FFree,FFree,FFree,FFree,FFree,FFree,FFree,FFree,FFree,FFree,FFree,FFree,FFree,FFree,FFree,FFree,FFree,FFree,FFree,FFree,FFree,FFree,FFree,FFree,FFree,FFree,FFree,FFree,FFree,FFree,FFree,FFree,FFree,FFree,FFree,FFree,FFree,FFree,FFree,FFree,FFree,FFree,FFree,FFree,FFree,FFree,FFree,FFree,FFree
POLS 372,FFree,FFree,FFree,FFree,FFree,FFree,FFree,FFree,FFree,FFree,FFree,FFree,FFree,FFree,FFree,FFree,FFree,FFree,FFree,,,,,,,,,,,,,,,,,,,,,,,,,,,,,,,,,,,,,,,,,,,,,,,,,,,,,,,,,,,,,,,
POLS 383,FFree,FFree,FFree,FFree,FFree,FFree,FFree,FFree,FFree,FFree,FFree,FFree,FFree,FFree,FFree,FFree,FFree,FFree,FFree,FFree,FFree,FFree,,,,,,,,,,,,,,,,,,,,,,,,,,,,,,,,,,,,,,,,,,,,,,,,,,,,,,,,,,,,
POLS 384,FFree,FFree,FFree,FFree,FFree,FFree,FFree,FFree,FFree,FFree,FFree,FFree,FFree,FFree,FFree,FFree,FFree,FFree,FFree,FFree,FFree,FFree,,,,,,,,,,,,,,,,,,,,,,,,,,,,,,,,,,,,,,,,,,,,,,,,,,,,,,,,,,,,
POLS 392,FFree,FFree,FFree,FFree,FFree,FFree,FFree,FFree,FFree,FFree,FFree,FFree,FFree,FFree,FFree,FFree,FFree,FFree,FFree,FFree,FFree,FFree,FFree,FFree,FFree,FFree,FFree,FFree,FFree,FFree,FFree,FFree,FFree,FFree,FFree,FFree,FFree,FFree,FFree,FFree,FFree,FFree,FFree,FFree,FFree,FFree,FFree,FFree,FFree,FFree,FFree,FFree,FFree,FFree,FFree,FFree,FFree,FFree,FFree,FFree,FFree,FFree,FFree,FFree,FFree,FFree,FFree,FFree,FFree,FFree,FFree,FFree,FFree,FFree,FFree,FFree,FFree,FFree,FFree,FFree,FFree,FFree
POLS 393,FFree,FFree,FFree,FFree,FFree,FFree,FFree,FFree,FFree,FFree,FFree,FFree,FFree,FFree,FFree,FFree,FFree,FFree,FFree,FFree,FFree,FFree,FFree,FFree,FFree,FFree,FFree,FFree,FFree,FFree,FFree,FFree,FFree,FFree,FFree,FFree,FFree,FFree,FFree,FFree,FFree,FFree,FFree,FFree,FFree,FFree,FFree,FFree,FFree,FFree,FFree,FFree,FFree,FFree,FFree,FFree,FFree,FFree,FFree,FFree,FFree,FFree,FFree,FFree,FFree,FFree,FFree,FFree,FFree,FFree,FFree,FFree,FFree,FFree,FFree,FFree,FFree,FFree,FFree,FFree,FFree,FFree
POLS 399,FFree,FFree,FFree,FFree,FFree,FFree,FFree,FFree,FFree,FFree,FFree,FFree,FFree,FFree,FFree,FFree,FFree,FFree,FFree,FFree,FFree,FFree,FFree,FFree,FFree,FFree,FFree,FFree,FFree,FFree,FFree,FFree,FFree,FFree,FFree,FFree,FFree,FFree,FFree,FFree,FFree,FFree,FFree,FFree,FFree,FFree,FFree,FFree,FFree,FFree,FFree,FFree,FFree,FFree,FFree,FFree,FFree,FFree,FFree,FFree,FFree,FFree,FFree,FFree,FFree,FFree,FFree,FFree,FFree,FFree,FFree,FFree,FFree,FFree,FFree,FFree,FFree,FFree,FFree,FFree,FFree,FFree
POLS 400,FFree,FFree,FFree,FFree,FFree,FFree,FFree,FFree,FFree,FFree,FFree,FFree,FFree,FFree,FFree,FFree,FFree,FFree,FFree,FFree,FFree,FFree,FFree,FFree,FFree,FFree,FFree,FFree,FFree,FFree,FFree,FFree,FFree,FFree,FFree,FFree,FFree,FFree,FFree,FFree,FFree,FFree,FFree,FFree,FFree,FFree,FFree,FFree,FFree,FFree,FFree,FFree,FFree,FFree,FFree,FFree,FFree,FFree,FFree,FFree,FFree,FFree,FFree,FFree,FFree,FFree,FFree,FFree,FFree,FFree,FFree,FFree,FFree,FFree,FFree,FFree,FFree,FFree,FFree,FFree,FFree,FFree
POLS 401,FFree,FFree,FFree,FFree,FFree,FFree,FFree,FFree,FFree,FFree,FFree,FFree,FFree,FFree,FFree,FFree,FFree,FFree,FFree,FFree,FFree,FFree,FFree,FFree,FFree,FFree,FFree,FFree,FFree,FFree,FFree,FFree,FFree,FFree,FFree,FFree,FFree,FFree,FFree,FFree,FFree,FFree,FFree,FFree,FFree,FFree,FFree,FFree,FFree,FFree,FFree,FFree,FFree,FFree,FFree,FFree,FFree,FFree,FFree,FFree,FFree,FFree,FFree,FFree,FFree,FFree,FFree,FFree,FFree,FFree,FFree,FFree,,,,,,,,,,
POLS 403,FFree,FFree,FFree,FFree,FFree,FFree,FFree,FFree,FFree,FFree,FFree,FFree,FFree,FFree,FFree,FFree,FFree,FFree,FFree,FFree,FFree,FFree,FFree,FFree,FFree,FFree,FFree,FFree,FFree,FFree,FFree,FFree,FFree,FFree,FFree,FFree,FFree,FFree,FFree,FFree,FFree,FFree,FFree,FFree,FFree,FFree,FFree,FFree,FFree,FFree,FFree,FFree,FFree,FFree,FFree,FFree,FFree,FFree,FFree,FFree,FFree,FFree,FFree,FFree,FFree,FFree,FFree,FFree,FFree,FFree,FFree,FFree,FFree,FFree,FFree,FFree,FFree,FFree,FFree,FFree,FFree,FFree
POLS 404,FFree,FFree,FFree,FFree,FFree,FFree,FFree,FFree,FFree,FFree,FFree,FFree,FFree,FFree,FFree,FFree,FFree,FFree,FFree,FFree,FFree,FFree,FFree,FFree,FFree,FFree,FFree,FFree,FFree,FFree,FFree,FFree,FFree,FFree,FFree,FFree,FFree,FFree,FFree,FFree,FFree,FFree,FFree,FFree,FFree,FFree,FFree,FFree,FFree,FFree,FFree,FFree,FFree,FFree,FFree,FFree,FFree,FFree,FFree,FFree,FFree,FFree,FFree,FFree,FFree,FFree,FFree,FFree,FFree,FFree,FFree,FFree,FFree,FFree,FFree,FFree,FFree,FFree,FFree,FFree,FFree,FFree
POLS 405,FFree,FFree,FFree,FFree,FFree,FFree,FFree,FFree,FFree,FFree,FFree,FFree,FFree,FFree,FFree,FFree,FFree,FFree,FFree,FFree,FFree,FFree,FFree,FFree,FFree,FFree,FFree,FFree,FFree,FFree,FFree,FFree,FFree,FFree,FFree,FFree,FFree,FFree,FFree,FFree,FFree,FFree,FFree,FFree,FFree,FFree,FFree,FFree,FFree,FFree,FFree,FFree,FFree,FFree,FFree,FFree,FFree,FFree,FFree,FFree,FFree,FFree,FFree,FFree,FFree,FFree,FFree,FFree,FFree,FFree,FFree,FFree,FFree,FFree,FFree,FFree,FFree,FFree,FFree,FFree,FFree,FFree
POLS 408,FFree,FFree,FFree,FFree,FFree,FFree,FFree,FFree,FFree,FFree,FFree,FFree,FFree,FFree,FFree,FFree,FFree,FFree,FFree,FFree,FFree,FFree,FFree,FFree,FFree,FFree,FFree,FFree,FFree,FFree,FFree,FFree,FFree,FFree,FFree,FFree,FFree,FFree,FFree,FFree,FFree,FFree,FFree,FFree,FFree,FFree,FFree,FFree,FFree,FFree,FFree,FFree,FFree,FFree,FFree,FFree,FFree,FFree,FFree,FFree,FFree,FFree,FFree,FFree,FFree,FFree,FFree,FFree,FFree,FFree,FFree,FFree,FFree,FFree,FFree,FFree,FFree,FFree,FFree,FFree,FFree,FFree
POLS 409,FFree,FFree,FFree,FFree,FFree,FFree,FFree,FFree,FFree,FFree,FFree,FFree,FFree,FFree,FFree,FFree,FFree,FFree,FFree,FFree,FFree,FFree,FFree,FFree,FFree,FFree,FFree,FFree,FFree,FFree,FFree,FFree,FFree,FFree,FFree,FFree,FFree,,,,,,,,,,,,,,,,,,,,,,,,,,,,,,,,,,,,,,,,,,,,,
POLS 410,FFree,FFree,FFree,FFree,FFree,FFree,FFree,FFree,FFree,FFree,FFree,FFree,FFree,FFree,FFree,FFree,FFree,FFree,FFree,FFree,FFree,FFree,FFree,FFree,FFree,FFree,FFree,FFree,FFree,FFree,FFree,FFree,FFree,FFree,FFree,FFree,FFree,FFree,FFree,,,,,,,,,,,,,,,,,,,,,,,,,,,,,,,,,,,,,,,,,,,
POLS 421,FFree,FFree,FFree,FFree,FFree,FFree,FFree,FFree,FFree,FFree,FFree,FFree,FFree,FFree,FFree,FFree,FFree,FFree,FFree,FFree,FFree,FFree,FFree,FFree,FFree,FFree,FFree,FFree,FFree,FFree,FFree,FFree,FFree,FFree,FFree,FFree,FFree,FFree,FFree,FFree,FFree,FFree,FFree,FFree,FFree,FFree,FFree,FFree,FFree,FFree,FFree,FFree,FFree,FFree,FFree,FFree,FFree,FFree,FFree,FFree,FFree,FFree,FFree,FFree,FFree,FFree,FFree,FFree,FFree,FFree,FFree,FFree,FFree,FFree,FFree,FFree,FFree,FFree,FFree,FFree,FFree,FFree
POLS 422,FFree,FFree,FFree,FFree,FFree,FFree,FFree,FFree,FFree,FFree,FFree,FFree,FFree,FFree,FFree,FFree,FFree,FFree,FFree,FFree,FFree,FFree,FFree,FFree,FFree,FFree,FFree,FFree,FFree,FFree,FFree,FFree,FFree,FFree,FFree,FFree,FFree,FFree,FFree,FFree,FFree,FFree,FFree,FFree,FFree,FFree,FFree,FFree,FFree,FFree,FFree,FFree,FFree,FFree,FFree,FFree,FFree,FFree,FFree,FFree,FFree,FFree,FFree,FFree,FFree,FFree,FFree,FFree,FFree,FFree,FFree,FFree,FFree,FFree,FFree,FFree,FFree,FFree,FFree,FFree,FFree,FFree
POLS 425,FFree,FFree,FFree,FFree,FFree,FFree,FFree,FFree,FFree,FFree,FFree,FFree,FFree,FFree,FFree,FFree,FFree,FFree,FFree,FFree,FFree,FFree,FFree,FFree,FFree,FFree,FFree,FFree,FFree,FFree,FFree,FFree,FFree,FFree,FFree,FFree,FFree,FFree,FFree,FFree,FFree,FFree,FFree,,,,,,,,,,,,,,,,,,,,,,,,,,,,,,,,,,,,,,,
POLS 426,FFree,FFree,FFree,FFree,FFree,FFree,FFree,FFree,FFree,FFree,FFree,FFree,FFree,FFree,FFree,FFree,FFree,FFree,FFree,FFree,FFree,FFree,FFree,FFree,FFree,FFree,FFree,FFree,FFree,FFree,FFree,FFree,FFree,FFree,FFree,FFree,FFree,FFree,FFree,FFree,FFree,FFree,FFree,FFree,FFree,,,,,,,,,,,,,,,,,,,,,,,,,,,,,,,,,,,,,
POLS 431,FFree,FFree,FFree,FFree,FFree,FFree,FFree,FFree,FFree,FFree,FFree,FFree,FFree,FFree,FFree,FFree,FFree,FFree,FFree,FFree,FFree,FFree,FFree,FFree,FFree,FFree,FFree,FFree,FFree,FFree,FFree,FFree,FFree,FFree,FFree,FFree,FFree,FFree,FFree,FFree,FFree,FFree,FFree,FFree,FFree,FFree,FFree,FFree,FFree,FFree,FFree,FFree,FFree,FFree,FFree,FFree,FFree,FFree,FFree,FFree,FFree,FFree,FFree,,,,,,,,,,,,,,,,,,,
POLS 434,FFree,FFree,FFree,FFree,FFree,FFree,FFree,FFree,FFree,FFree,FFree,FFree,FFree,FFree,FFree,FFree,FFree,FFree,FFree,FFree,FFree,FFree,FFree,FFree,FFree,FFree,FFree,FFree,FFree,FFree,FFree,FFree,FFree,FFree,FFree,FFree,FFree,FFree,FFree,FFree,FFree,FFree,FFree,FFree,FFree,FFree,FFree,FFree,FFree,FFree,FFree,FFree,FFree,FFree,FFree,FFree,FFree,FFree,FFree,FFree,FFree,FFree,FFree,FFree,FFree,FFree,FFree,FFree,FFree,FFree,FFree,FFree,FFree,FFree,FFree,FFree,FFree,FFree,FFree,FFree,FFree,FFree
POLS 440,FFree,FFree,FFree,FFree,FFree,FFree,FFree,FFree,FFree,FFree,FFree,FFree,FFree,FFree,FFree,FFree,FFree,FFree,FFree,FFree,FFree,,,,,,,,,,,,,,,,,,,,,,,,,,,,,,,,,,,,,,,,,,,,,,,,,,,,,,,,,,,,,
POLS 441,FFree,FFree,FFree,FFree,FFree,FFree,FFree,FFree,FFree,FFree,FFree,FFree,FFree,FFree,FFree,FFree,FFree,FFree,FFree,FFree,FFree,FFree,FFree,FFree,FFree,FFree,FFree,FFree,FFree,FFree,FFree,FFree,FFree,FFree,FFree,FFree,FFree,FFree,FFree,FFree,FFree,FFree,FFree,FFree,FFree,,,,,,,,,,,,,,,,,,,,,,,,,,,,,,,,,,,,,
POLS 446,FFree,FFree,FFree,FFree,FFree,FFree,FFree,FFree,FFree,FFree,FFree,FFree,FFree,FFree,FFree,FFree,FFree,FFree,FFree,FFree,FFree,FFree,FFree,FFree,FFree,FFree,FFree,FFree,FFree,FFree,FFree,FFree,FFree,FFree,FFree,FFree,FFree,FFree,FFree,FFree,FFree,FFree,FFree,FFree,FFree,FFree,FFree,FFree,FFree,FFree,FFree,FFree,FFree,FFree,FFree,FFree,FFree,FFree,FFree,FFree,FFree,FFree,FFree,FFree,FFree,FFree,FFree,FFree,FFree,FFree,FFree,FFree,FFree,FFree,FFree,FFree,FFree,FFree,FFree,FFree,FFree,FFree
POLS 448,FFree,FFree,FFree,FFree,FFree,FFree,FFree,FFree,FFree,FFree,FFree,FFree,FFree,FFree,FFree,FFree,FFree,FFree,FFree,FFree,FFree,FFree,FFree,FFree,FFree,FFree,FFree,FFree,FFree,FFree,FFree,FFree,FFree,FFree,FFree,FFree,FFree,FFree,FFree,FFree,FFree,FFree,FFree,FFree,FFree,FFree,FFree,FFree,FFree,FFree,FFree,FFree,FFree,FFree,FFree,FFree,FFree,FFree,FFree,FFree,FFree,FFree,FFree,FFree,FFree,FFree,FFree,FFree,FFree,FFree,FFree,FFree,FFree,FFree,FFree,FFree,FFree,FFree,FFree,FFree,FFree,FFree
POLS 453,FFree,FFree,FFree,FFree,FFree,FFree,FFree,FFree,FFree,FFree,FFree,FFree,FFree,FFree,FFree,FFree,FFree,FFree,FFree,FFree,FFree,FFree,,,,,,,,,,,,,,,,,,,,,,,,,,,,,,,,,,,,,,,,,,,,,,,,,,,,,,,,,,,,
POLS 455,FFree,FFree,FFree,FFree,FFree,FFree,FFree,FFree,FFree,FFree,FFree,FFree,FFree,FFree,FFree,FFree,FFree,FFree,FFree,FFree,FFree,FFree,FFree,FFree,FFree,FFree,FFree,FFree,FFree,FFree,FFree,FFree,FFree,FFree,FFree,FFree,FFree,FFree,FFree,FFree,FFree,FFree,FFree,FFree,FFree,FFree,FFree,FFree,FFree,FFree,FFree,FFree,FFree,FFree,FFree,FFree,FFree,FFree,FFree,FFree,FFree,FFree,FFree,FFree,FFree,FFree,FFree,FFree,FFree,FFree,FFree,FFree,FFree,FFree,FFree,FFree,FFree,FFree,FFree,FFree,FFree,FFree
POLS 457,FFree,FFree,FFree,FFree,FFree,FFree,FFree,FFree,FFree,FFree,FFree,FFree,FFree,FFree,FFree,FFree,FFree,FFree,FFree,FFree,FFree,FFree,FFree,FFree,FFree,FFree,FFree,FFree,FFree,FFree,FFree,FFree,FFree,FFree,FFree,FFree,FFree,FFree,FFree,FFree,FFree,FFree,FFree,FFree,FFree,FFree,FFree,FFree,FFree,FFree,FFree,FFree,FFree,FFree,FFree,FFree,FFree,FFree,FFree,FFree,FFree,FFree,FFree,FFree,FFree,FFree,FFree,FFree,FFree,FFree,FFree,FFree,FFree,FFree,FFree,FFree,FFree,FFree,FFree,FFree,FFree,FFree
POLS 462,FFree,FFree,FFree,FFree,FFree,FFree,FFree,FFree,FFree,FFree,FFree,FFree,FFree,FFree,FFree,FFree,FFree,FFree,FFree,FFree,FFree,FFree,FFree,FFree,FFree,FFree,FFree,FFree,FFree,FFree,FFree,FFree,FFree,FFree,FFree,FFree,FFree,FFree,FFree,,,,,,,,,,,,,,,,,,,,,,,,,,,,,,,,,,,,,,,,,,,
POLS 472,FFree,FFree,FFree,FFree,FFree,FFree,FFree,FFree,FFree,FFree,FFree,FFree,FFree,FFree,FFree,FFree,FFree,FFree,FFree,FFree,FFree,FFree,FFree,FFree,FFree,FFree,FFree,FFree,FFree,FFree,FFree,FFree,FFree,FFree,FFree,FFree,FFree,FFree,FFree,FFree,FFree,FFree,,,,,,,,,,,,,,,,,,,,,,,,,,,,,,,,,,,,,,,,
POLS 473,FFree,FFree,FFree,FFree,FFree,FFree,FFree,FFree,FFree,FFree,FFree,FFree,FFree,FFree,FFree,FFree,FFree,FFree,FFree,FFree,FFree,FFree,FFree,FFree,FFree,FFree,FFree,FFree,FFree,FFree,FFree,FFree,FFree,FFree,FFree,FFree,FFree,FFree,FFree,FFree,FFree,FFree,FFree,FFree,FFree,FFree,FFree,FFree,FFree,FFree,FFree,FFree,FFree,FFree,FFree,FFree,FFree,FFree,FFree,FFree,FFree,FFree,FFree,FFree,FFree,FFree,FFree,FFree,FFree,FFree,FFree,FFree,FFree,FFree,FFree,FFree,FFree,FFree,FFree,FFree,FFree,FFree
POLS 483,FFree,FFree,FFree,FFree,FFree,FFree,FFree,FFree,FFree,FFree,FFree,FFree,FFree,FFree,FFree,FFree,FFree,FFree,FFree,FFree,FFree,FFree,FFree,FFree,FFree,FFree,FFree,FFree,FFree,FFree,FFree,FFree,FFree,FFree,FFree,FFree,FFree,FFree,FFree,FFree,FFree,FFree,FFree,FFree,FFree,FFree,FFree,FFree,FFree,FFree,FFree,FFree,FFree,FFree,FFree,FFree,FFree,FFree,FFree,FFree,FFree,FFree,FFree,FFree,FFree,FFree,FFree,FFree,FFree,FFree,FFree,FFree,FFree,FFree,FFree,FFree,FFree,FFree,FFree,FFree,FFree,FFree
POLS 491,FFree,FFree,FFree,FFree,FFree,FFree,FFree,FFree,FFree,FFree,FFree,FFree,FFree,FFree,FFree,FFree,FFree,FFree,FFree,FFree,FFree,FFree,FFree,FFree,FFree,FFree,FFree,FFree,FFree,FFree,FFree,FFree,FFree,FFree,FFree,FFree,FFree,FFree,FFree,FFree,FFree,FFree,FFree,FFree,FFree,FFree,FFree,FFree,FFree,FFree,FFree,FFree,FFree,FFree,FFree,FFree,FFree,FFree,FFree,FFree,FFree,FFree,FFree,FFree,FFree,FFree,FFree,FFree,FFree,FFree,FFree,FFree,FFree,FFree,FFree,FFree,FFree,FFree,FFree,FFree,FFree,FFree
POLS 492,FFree,FFree,FFree,FFree,FFree,FFree,FFree,FFree,FFree,FFree,FFree,FFree,FFree,FFree,FFree,FFree,FFree,FFree,FFree,FFree,FFree,FFree,FFree,FFree,FFree,FFree,FFree,FFree,FFree,FFree,FFree,FFree,FFree,FFree,FFree,FFree,FFree,FFree,FFree,FFree,FFree,FFree,FFree,FFree,FFree,FFree,FFree,FFree,FFree,FFree,FFree,FFree,FFree,FFree,FFree,FFree,FFree,FFree,FFree,FFree,FFree,FFree,FFree,FFree,FFree,FFree,FFree,FFree,FFree,FFree,FFree,FFree,FFree,FFree,FFree,FFree,FFree,FFree,FFree,FFree,FFree,FFree
POLS 493,FFree,FFree,FFree,FFree,FFree,FFree,FFree,FFree,FFree,FFree,FFree,FFree,FFree,FFree,FFree,FFree,FFree,FFree,FFree,FFree,FFree,FFree,FFree,FFree,FFree,FFree,FFree,FFree,FFree,FFree,FFree,FFree,FFree,FFree,FFree,FFree,FFree,FFree,FFree,FFree,FFree,FFree,FFree,FFree,FFree,FFree,FFree,FFree,FFree,FFree,FFree,FFree,FFree,FFree,FFree,FFree,FFree,FFree,FFree,FFree,FFree,FFree,FFree,FFree,FFree,FFree,FFree,FFree,FFree,FFree,FFree,FFree,FFree,FFree,FFree,FFree,FFree,FFree,FFree,FFree,FFree,FFree
POLS 495,FFree,FFree,FFree,FFree,FFree,FFree,FFree,FFree,FFree,FFree,FFree,FFree,FFree,FFree,FFree,FFree,FFree,FFree,FFree,FFree,FFree,FFree,FFree,FFree,FFree,FFree,FFree,FFree,FFree,FFree,FFree,FFree,FFree,FFree,FFree,FFree,FFree,FFree,FFree,FFree,FFree,FFree,FFree,FFree,FFree,FFree,FFree,FFree,FFree,FFree,FFree,FFree,FFree,FFree,FFree,FFree,FFree,FFree,FFree,FFree,FFree,FFree,FFree,FFree,FFree,FFree,FFree,FFree,FFree,FFree,FFree,FFree,FFree,FFree,FFree,FFree,FFree,FFree,FFree,FFree,FFree,FFree
POLS 496,FFree,FFree,FFree,FFree,FFree,FFree,FFree,FFree,FFree,FFree,FFree,FFree,FFree,FFree,FFree,FFree,FFree,FFree,FFree,FFree,FFree,FFree,FFree,FFree,FFree,FFree,FFree,FFree,FFree,FFree,FFree,FFree,FFree,FFree,FFree,FFree,,,,,,,,,,,,,,,,,,,,,,,,,,,,,,,,,,,,,,,,,,,,,,
PROJ 300,FFree,FFree,FFree,FFree,FFree,FFree,FFree,FFree,FFree,FFree,FFree,FFree,FFree,FFree,FFree,FFree,FFree,FFree,FFree,FFree,FFree,FFree,FFree,FFree,FFree,FFree,FFree,FFree,FFree,FFree,RRequired,RRequired,RRequired,RRequired,RRequired,RRequired,RRequired,RRequired,RRequired,RRequired,RRequired,RRequired,RRequired,RRequired,RRequired,RRequired,RRequired,RRequired,RRequired,RRequired,RRequired,RRequired,RRequired,RRequired,RRequired,RRequired,RRequired,RRequired,RRequired,RRequired,RRequired,RRequired,RRequired,RRequired,RRequired,RRequired,,,,,,,,,,,,,,,,
PROJ 301,FFree,FFree,FFree,FFree,FFree,FFree,FFree,FFree,FFree,FFree,FFree,FFree,FFree,FFree,FFree,FFree,FFree,FFree,FFree,FFree,FFree,FFree,FFree,FFree,FFree,FFree,FFree,FFree,FFree,FFree,FFree,FFree,FFree,FFree,FFree,FFree,FFree,FFree,FFree,FFree,FFree,FFree,FFree,FFree,FFree,FFree,FFree,FFree,FFree,FFree,FFree,FFree,FFree,FFree,FFree,FFree,FFree,FFree,FFree,FFree,FFree,FFree,FFree,FFree,FFree,FFree,FFree,FFree,FFree,FFree,FFree,FFree,FFree,FFree,FFree,FFree,FFree,FFree,FFree,FFree,FFree,FFree
PROJ 401,FFree,FFree,FFree,FFree,FFree,FFree,FFree,FFree,FFree,FFree,FFree,FFree,FFree,FFree,FFree,FFree,FFree,FFree,FFree,FFree,FFree,FFree,FFree,FFree,FFree,FFree,FFree,FFree,FFree,FFree,FFree,FFree,FFree,FFree,FFree,FFree,FFree,FFree,FFree,FFree,FFree,FFree,FFree,FFree,FFree,FFree,FFree,FFree,FFree,FFree,FFree,FFree,FFree,FFree,FFree,FFree,FFree,FFree,FFree,FFree,FFree,FFree,FFree,FFree,FFree,FFree,FFree,FFree,FFree,FFree,FFree,FFree,FFree,FFree,FFree,FFree,FFree,FFree,FFree,FFree,FFree,FFree
PSIR 311,FFree,FFree,FFree,FFree,FFree,FFree,FFree,FFree,FFree,FFree,FFree,FFree,FFree,FFree,FFree,FFree,FFree,FFree,FFree,FFree,FFree,FFree,FFree,FFree,FFree,FFree,FFree,FFree,FFree,FFree,FFree,FFree,FFree,FFree,FFree,FFree,FFree,FFree,FFree,FFree,FFree,FFree,FFree,FFree,FFree,FFree,FFree,FFree,FFree,FFree,FFree,FFree,FFree,FFree,FFree,FFree,FFree,FFree,FFree,FFree,FFree,FFree,FFree,FFree,FFree,FFree,FFree,FFree,FFree,FFree,FFree,FFree,FFree,FFree,FFree,FFree,FFree,FFree,FFree,FFree,FFree,FFree
PSIR 401,FFree,FFree,FFree,FFree,FFree,FFree,FFree,FFree,FFree,FFree,FFree,FFree,FFree,FFree,FFree,FFree,FFree,FFree,FFree,FFree,FFree,FFree,FFree,FFree,FFree,FFree,FFree,FFree,FFree,FFree,FFree,FFree,FFree,FFree,FFree,FFree,FFree,FFree,FFree,FFree,FFree,FFree,FFree,FFree,FFree,FFree,FFree,FFree,FFree,FFree,FFree,FFree,FFree,FFree,FFree,FFree,FFree,FFree,FFree,FFree,FFree,FFree,FFree,FFree,FFree,FFree,FFree,FFree,FFree,FFree,FFree,FFree,FFree,FFree,FFree,FFree,FFree,FFree,FFree,FFree,FFree,FFree
PSY 201,FFree,FFree,FFree,FFree,FFree,FFree,FFree,FFree,FFree,FFree,FFree,FFree,FFree,FFree,FFree,FFree,FFree,FFree,FFree,FFree,FFree,FFree,FFree,FFree,FFree,FFree,FFree,FFree,FFree,FFree,FFree,FFree,FFree,FFree,FFree,FFree,FFree,FFree,FFree,FFree,FFree,FFree,FFree:A,FFree:A,FFree:A,FFree:A,FFree:A,FFree:A,FFree:A,FFree:A,FFree:A,FFree:A,FFree:A,FFree:A,FFree:A,FFree:A,FFree:A,FFree:A,FFree:A,FFree:A,FFree:A,FFree:A,FFree:A,FFree:A,FFree:A,FFree:A,FFree:A,FFree:A,FFree:A,FFree:A,FFree:A,FFree:A,FFree:A,FFree:A,FFree:A,FFree:A,FFree:A,FFree:A,FFree:A,FFree:A,FFree:A,FFree:A
PSY 202,FFree,FFree,FFree,FFree,FFree,FFree,FFree,FFree,FFree,FFree,FFree,FFree,FFree,FFree,FFree,FFree,FFree,FFree,FFree,FFree,FFree,FFree,FFree,FFree,FFree,FFree,FFree,FFree,FFree,FFree,FFree,FFree,FFree,FFree,FFree,FFree,FFree,FFree,FFree,FFree,FFree,FFree,FFree,FFree,FFree,FFree,FFree,FFree,FFree,FFree,FFree,FFree,FFree,FFree,FFree,FFree,FFree,FFree,FFree,FFree,FFree,FFree,FFree,FFree,FFree,FFree,FFree,FFree,FFree,FFree,FFree,FFree,FFree,FFree,FFree,FFree,FFree,FFree,FFree,FFree,FFree,FFree
PSY 203,FFree,FFree,FFree,FFree,FFree,FFree,FFree,FFree,FFree,FFree,FFree,FFree,FFree,FFree,FFree,FFree,FFree,FFree,FFree,FFree,FFree,FFree,FFree,FFree,FFree,FFree,FFree,FFree,FFree,FFree,FFree:A,FFree:A,FFree:A,FFree:A,FFree:A,FFree:A,FFree:A,FFree:A,FFree:A,FFree:A,FFree:A,FFree:A,FFree:A,FFree:A,FFree:A,FFree:A,FFree:A,FFree:A,FFree:A,FFree:A,FFree:A,FFree:A,FFree:A,FFree:A,FFree:A,FFree:A,FFree:A,FFree:A,FFree:A,FFree:A,FFree,FFree,FFree,FFree,FFree,FFree,FFree,FFree,FFree,FFree,FFree,FFree,FFree,FFree,FFree,FFree,FFree,FFree,FFree,FFree,FFree,FFree
PSY 303,FFree,FFree,FFree,FFree,FFree,FFree,FFree,FFree,FFree,FFree,FFree,FFree,FFree,FFree,FFree,FFree,FFree,FFree,FFree,FFree,FFree,FFree,FFree,FFree,FFree,FFree,FFree,FFree,FFree,FFree,FFree,FFree,FFree,FFree,FFree,FFree,FFree,FFree,FFree,FFree,FFree,FFree,FFree,FFree,FFree,FFree,FFree,FFree,FFree,FFree,FFree,FFree,FFree,FFree,FFree,FFree,FFree,FFree,FFree,FFree,FFree,FFree,FFree,FFree,FFree,FFree,FFree,FFree,FFree,FFree,FFree,FFree,FFree,FFree,FFree,FFree,FFree,FFree,FFree,FFree,FFree,FFree
PSY 304,FFree,FFree,FFree,FFree,FFree,FFree,FFree,FFree,FFree,FFree,FFree,FFree,FFree,FFree,FFree,FFree,FFree,FFree,FFree,FFree,FFree,FFree,FFree,FFree,FFree,FFree,FFree,FFree,FFree,FFree,FFree,FFree,FFree,FFree,FFree,FFree,FFree,FFree,FFree,FFree,FFree,FFree,FFree,FFree,FFree,FFree,FFree,FFree,FFree,FFree,FFree,FFree,FFree,FFree,FFree,FFree,FFree,FFree,FFree,FFree,FFree,FFree,FFree,FFree,FFree,FFree,FFree,FFree,FFree,FFree,FFree,FFree,FFree,FFree,FFree,FFree,FFree,FFree,FFree,FFree,FFree,FFree
PSY 305,FFree,FFree,FFree,FFree,FFree,FFree,FFree,FFree,FFree,FFree,FFree,FFree,FFree,FFree,FFree,FFree,FFree,FFree,FFree,FFree,FFree,FFree,FFree,FFree,FFree,FFree,FFree,FFree,FFree,FFree,FFree,FFree,FFree,FFree,FFree,FFree,FFree,FFree,FFree,FFree,FFree,FFree,FFree,FFree,FFree,FFree,FFree,FFree,FFree,FFree,FFree,FFree,FFree,FFree,FFree,FFree,FFree,FFree,FFree,FFree,FFree,FFree,FFree,FFree,FFree,FFree,FFree,FFree,FFree,FFree,FFree,FFree,FFree,FFree,FFree,FFree,FFree,FFree,FFree,FFree,FFree,FFree
PSY 306,FFree,FFree,FFree,FFree,FFree,FFree,FFree,FFree,FFree,FFree,FFree,FFree,FFree,FFree,FFree,FFree,FFree,FFree,FFree,FFree,FFree,FFree,FFree,FFree,FFree,FFree,FFree,FFree,FFree,FFree,FFree,FFree,FFree,FFree,FFree,FFree,FFree,FFree,FFree,FFree,FFree,FFree,FFree,FFree,FFree,FFree,FFree,FFree,FFree,FFree,FFree,FFree,FFree,FFree,FFree,FFree,FFree,FFree,FFree,FFree,FFree,FFree,FFree,FFree,FFree,FFree,FFree,FFree,FFree,FFree,FFree,FFree,FFree,FFree,FFree,FFree,FFree,FFree,FFree,FFree,FFree,FFree
PSY 308,FFree,FFree,FFree,FFree,FFree,FFree,FFree,FFree,FFree,FFree,FFree,FFree,FFree,FFree,FFree,FFree,FFree,FFree,FFree,FFree,FFree,FFree,FFree,FFree,FFree,FFree,FFree,FFree,FFree,FFree,FFree,FFree,FFree,FFree,FFree,FFree,FFree,FFree,FFree,FFree,FFree,FFree,FFree,FFree,FFree,,,,,,,,,,,,,,,,,,,,,,,,,,,,,,,,,,,,,
PSY 310,FFree,FFree,FFree,FFree,FFree,FFree,FFree,FFree,FFree,FFree,FFree,FFree,FFree,FFree,FFree,FFree,FFree,FFree,FFree,FFree,FFree,FFree,FFree,FFree,FFree,FFree,FFree,FFree,FFree,FFree,FFree:A,FFree:A,FFree:A,FFree:A,FFree:A,FFree:A,FFree:A,FFree:A,FFree:A,FFree:A,FFree:A,FFree:A,FFree:A,FFree:A,FFree:A,FFree:A,FFree:A,FFree:A,FFree:A,FFree:A,FFree:A,FFree:A,FFree:A,FFree:A,FFree:A,FFree:A,FFree:A,FFree:A,FFree:A,FFree:A,FFree:A,FFree:A,FFree:A,FFree:A,FFree:A,FFree:A,FFree:A,FFree:A,FFree:A,FFree:A,FFree:A,FFree:A,FFree:A,FFree:A,FFree:A,FFree:A,FFree:A,FFree:A,FFree:A,FFree:A,FFree:A,FFree:A
PSY 311,FFree,FFree,FFree,FFree,FFree,FFree,FFree,FFree,FFree,FFree,FFree,FFree,FFree,FFree,FFree,FFree,FFree,FFree,FFree,FFree,FFree,FFree,FFree,FFree,FFree,FFree,FFree,FFree,FFree,FFree,FFree,FFree,FFree,FFree,FFree,FFree,FFree,FFree,FFree,FFree,FFree,FFree,FFree,FFree,FFree,FFree,FFree,FFree,FFree,FFree,FFree,FFree,FFree,FFree,FFree,FFree,FFree,FFree,FFree,FFree,FFree,FFree,FFree,FFree,FFree,FFree,FFree,FFree,FFree,FFree,FFree,FFree,FFree,FFree,FFree,FFree,FFree,FFree,FFree,FFree,FFree,FFree
PSY 312,FFree,FFree,FFree,FFree,FFree,FFree,FFree,FFree,FFree,FFree,FFree,FFree,FFree,FFree,FFree,FFree,FFree,FFree,FFree,FFree,FFree,FFree,FFree,FFree,FFree,FFree,FFree,FFree,FFree,FFree,FFree,FFree,FFree,FFree,FFree,FFree,FFree,FFree,FFree,FFree,FFree,FFree,FFree,FFree,FFree,FFree,FFree,FFree,FFree,FFree,FFree,FFree,FFree,FFree,FFree,FFree,FFree,FFree,FFree,FFree,FFree,FFree,FFree,FFree,FFree,FFree,FFree,FFree,FFree,FFree,FFree,FFree,FFree,FFree,FFree,FFree,FFree,FFree,FFree,FFree,FFree,FFree
PSY 314,FFree,FFree,FFree,FFree,FFree,FFree,FFree,FFree,FFree,FFree,FFree,FFree,FFree,FFree,FFree,FFree,FFree,FFree,FFree,FFree,FFree,FFree,FFree,FFree,FFree,FFree,FFree,FFree,FFree,FFree,FFree,FFree,FFree,FFree,FFree,FFree,FFree,FFree,FFree,FFree,FFree,FFree,FFree,FFree,FFree,FFree,FFree,FFree,FFree,FFree,FFree,FFree,FFree,FFree,FFree,FFree,FFree,FFree,FFree,FFree,FFree,FFree,FFree,FFree,FFree,FFree,FFree,FFree,FFree,FFree,FFree,FFree,FFree,FFree,FFree,FFree,FFree,FFree,FFree,FFree,FFree,FFree
PSY 315,FFree,FFree,FFree,FFree,FFree,FFree,FFree,FFree,FFree,FFree,FFree,FFree,FFree,FFree,FFree,FFree,FFree,FFree,FFree,FFree,FFree,FFree,FFree,FFree,FFree,FFree,FFree,FFree,FFree,FFree,FFree,FFree,FFree,FFree,FFree,FFree,FFree,FFree,FFree,FFree,FFree,FFree,FFree,FFree,FFree,FFree,FFree,FFree,FFree,FFree,FFree,FFree,FFree,FFree,FFree,FFree,FFree,FFree,FFree,FFree,FFree,FFree,FFree,FFree,FFree,FFree,FFree,FFree,FFree,FFree,FFree,FFree,FFree,FFree,FFree,FFree,FFree,FFree,FFree,FFree,FFree,FFree
PSY 316,FFree,FFree,FFree,FFree,FFree,FFree,FFree,FFree,FFree,FFree,FFree,FFree,FFree,FFree,FFree,FFree,FFree,FFree,FFree,FFree,FFree,FFree,FFree,FFree,FFree,FFree,FFree,FFree,FFree,FFree,FFree,FFree,FFree,FFree,FFree,FFree,FFree,FFree,FFree,FFree,FFree,FFree,FFree,FFree,FFree,FFree,FFree,FFree,FFree,FFree,FFree,FFree,FFree,FFree,FFree,FFree,FFree,FFree,FFree,FFree,FFree,FFree,FFree,FFree,FFree,FFree,FFree,FFree,FFree,FFree,FFree,FFree,FFree,FFree,FFree,FFree,FFree,FFree,FFree,FFree,FFree,FFree
PSY 317,FFree,FFree,FFree,FFree,FFree,FFree,FFree,FFree,FFree,FFree,FFree,FFree,FFree,FFree,FFree,FFree,FFree,FFree,FFree,FFree,FFree,FFree,FFree,FFree,FFree,FFree,FFree,FFree,FFree,FFree,FFree,FFree,FFree,FFree,FFree,FFree,FFree,FFree,FFree,FFree,FFree,FFree,FFree,FFree,FFree,FFree,FFree,FFree,FFree,FFree,FFree,FFree,FFree,FFree,FFree,FFree,FFree,FFree,FFree,FFree,FFree,FFree,FFree,FFree,FFree,FFree,FFree,FFree,FFree,FFree,FFree,FFree,FFree,FFree,FFree,FFree,FFree,FFree,FFree,FFree,FFree,FFree
PSY 320,FFree,FFree,FFree,FFree,FFree,FFree,FFree,FFree,FFree,FFree,FFree,FFree,FFree,FFree,FFree,FFree,FFree,FFree,FFree,FFree,FFree,FFree,FFree,FFree,FFree,FFree,FFree,FFree,FFree,FFree,FFree,FFree,FFree,FFree,FFree,FFree,FFree,FFree,FFree,FFree,FFree,FFree,FFree,FFree,FFree,FFree,FFree,FFree,FFree,FFree,FFree,FFree,FFree,FFree,FFree,FFree,FFree,FFree,FFree,FFree,FFree,FFree,FFree,FFree,FFree,FFree,FFree,FFree,FFree,FFree,FFree,FFree,FFree,FFree,FFree,FFree,FFree,FFree,FFree,FFree,FFree,FFree
PSY 322,FFree,FFree,FFree,FFree,FFree,FFree,FFree,FFree,FFree,FFree,FFree,FFree,FFree,FFree,FFree,FFree,FFree,FFree,FFree,FFree,FFree,FFree,FFree,FFree,FFree,FFree,FFree,FFree,FFree,FFree,FFree,FFree,FFree,FFree,FFree,FFree,FFree,FFree,FFree,FFree,FFree,FFree,FFree,FFree,FFree,FFree,FFree,FFree,FFree,FFree,FFree,FFree,FFree,FFree,FFree,FFree,FFree,FFree,FFree,FFree,FFree,FFree,FFree,FFree,FFree,FFree,FFree,FFree,FFree,FFree,FFree,FFree,FFree,FFree,FFree,FFree,FFree,FFree,FFree,FFree,FFree,FFree
PSY 323,FFree,FFree,FFree,FFree,FFree,FFree,FFree,FFree,FFree,FFree,FFree,FFree,FFree,FFree,FFree,FFree,FFree,FFree,FFree,FFree,FFree,FFree,FFree,FFree,FFree,FFree,FFree,FFree,FFree,FFree,FFree,FFree,FFree,FFree,FFree,FFree,FFree,FFree,FFree,FFree,FFree,FFree,FFree,FFree,FFree,FFree,FFree,FFree,FFree,FFree,FFree,FFree,FFree,FFree,FFree,FFree,FFree,FFree,FFree,FFree,FFree,FFree,FFree,FFree,FFree,FFree,FFree,FFree,FFree,FFree,FFree,FFree,FFree,FFree,FFree,FFree,FFree,FFree,FFree,FFree,FFree,FFree
PSY 325,FFree,FFree,FFree,FFree,FFree,FFree,FFree,FFree,FFree,FFree,FFree,FFree,FFree,FFree,FFree,FFree,FFree,FFree,FFree,FFree,FFree,FFree,FFree,FFree,FFree,FFree,FFree,FFree,FFree,FFree,FFree,FFree,FFree,FFree,FFree,FFree,FFree,FFree,FFree,FFree,FFree,FFree,FFree,FFree,FFree,FFree,FFree,FFree,FFree,FFree,FFree,FFree,FFree,FFree,FFree,FFree,FFree,FFree,FFree,FFree,FFree,FFree,FFree,FFree,FFree,FFree,FFree,FFree,FFree,FFree,FFree,FFree,FFree,FFree,FFree,FFree,FFree,FFree,FFree,FFree,FFree,FFree
PSY 330,FFree,FFree,FFree,FFree,FFree,FFree,FFree,FFree,FFree,FFree,FFree,FFree,FFree,FFree,FFree,FFree,FFree,FFree,FFree,FFree,FFree,FFree,FFree,FFree,FFree,FFree,FFree,FFree,FFree,FFree,FFree,FFree,FFree,FFree,FFree,FFree,FFree,FFree,FFree,FFree,FFree,FFree,FFree,FFree,FFree,FFree,FFree,FFree,FFree,FFree,FFree,FFree,FFree,FFree,FFree,FFree,FFree,FFree,FFree,FFree,FFree,FFree,FFree,,,,,,,,,,,,,,,,,,,
PSY 340,FFree,FFree,FFree,FFree,FFree,FFree,FFree,FFree,FFree,FFree,FFree,FFree,FFree,FFree,FFree,FFree,FFree,FFree,FFree,FFree,FFree,FFree,FFree,FFree,FFree,FFree,FFree,FFree,FFree,FFree,FFree,FFree,FFree,FFree,FFree,FFree,FFree,FFree,FFree,FFree,FFree,FFree,FFree:A,FFree:A,FFree:A,FFree:A,FFree:A,FFree:A,FFree:A,FFree:A,FFree:A,FFree:A,FFree:A,FFree:A,FFree:A,FFree:A,FFree:A,FFree:A,FFree:A,FFree:A,FFree:A,FFree:A,FFree:A,FFree:A,FFree:A,FFree:A,FFree:A,FFree:A,FFree:A,FFree:A,FFree:A,FFree:A,FFree:A,FFree:A,FFree:A,FFree:A,FFree:A,FFree:A,FFree:A,FFree:A,FFree:A,FFree:A
PSY 341,FFree,FFree,FFree,FFree,FFree,FFree,FFree,FFree,FFree,FFree,FFree,FFree,FFree,FFree,FFree,FFree,FFree,FFree,FFree,FFree,FFree,FFree,FFree,FFree,FFree,FFree,FFree,FFree,FFree,FFree,FFree,FFree,FFree,FFree,FFree,FFree,FFree,FFree,FFree,FFree,FFree,FFree,FFree,FFree,FFree,FFree,FFree,FFree,FFree,FFree,FFree,FFree,FFree,FFree,FFree,FFree,FFree,FFree,FFree,FFree,FFree,FFree,FFree,FFree,FFree,FFree,FFree,FFree,FFree,FFree,FFree,FFree,FFree,FFree,FFree,FFree,FFree,FFree,FFree,FFree,FFree,FFree
PSY 343,FFree,FFree,FFree,FFree,FFree,FFree,FFree,FFree,FFree,FFree,FFree,FFree,FFree,FFree,FFree,FFree,FFree,FFree,FFree,FFree,FFree,FFree,FFree,FFree,FFree,FFree,FFree,FFree,FFree,FFree,FFree,FFree,FFree,FFree,FFree,FFree,FFree,FFree,FFree,FFree,FFree,FFree,FFree,FFree,FFree,FFree,FFree,FFree,FFree,FFree,FFree,FFree,FFree,FFree,FFree,FFree,FFree,FFree,FFree,FFree,FFree,FFree,FFree,FFree,FFree,FFree,FFree,FFree,FFree,FFree,FFree,FFree,FFree,FFree,FFree,FFree,FFree,FFree,FFree,FFree,FFree,FFree
PSY 344,FFree,FFree,FFree,FFree,FFree,FFree,FFree,FFree,FFree,FFree,FFree,FFree,FFree,FFree,FFree,FFree,FFree,FFree,FFree,FFree,FFree,FFree,FFree,FFree,FFree,FFree,FFree,FFree,FFree,FFree,FFree,FFree,FFree,FFree,FFree,FFree,FFree,FFree,FFree,FFree,FFree,FFree,FFree,FFree,FFree,FFree,FFree,FFree,FFree,FFree,FFree,FFree,FFree,FFree,FFree,FFree,FFree,FFree,FFree,FFree,FFree,FFree,FFree,FFree,FFree,FFree,FFree,FFree,FFree,FFree,FFree,FFree,FFree,FFree,FFree,FFree,FFree,FFree,FFree,FFree,FFree,FFree
PSY 345,FFree,FFree,FFree,FFree,FFree,FFree,FFree,FFree,FFree,FFree,FFree,FFree,FFree,FFree,FFree,FFree,FFree,FFree,FFree,FFree,FFree,FFree,FFree,FFree,FFree,FFree,FFree,FFree,FFree,FFree,FFree,FFree,FFree,FFree,FFree,FFree,FFree,FFree,FFree,FFree,FFree,FFree,FFree,FFree,FFree,FFree,FFree,FFree,FFree,FFree,FFree,FFree,FFree,FFree,FFree,FFree,FFree,FFree,FFree,FFree,FFree,FFree,FFree,FFree,FFree,FFree,FFree,,,,,,,,,,,,,,,
PSY 350,FFree,FFree,FFree,FFree,FFree,FFree,FFree,FFree,FFree,FFree,FFree,FFree,FFree,FFree,FFree,FFree,FFree,FFree,FFree,FFree,FFree,FFree,FFree,FFree,FFree,FFree,FFree,FFree,FFree,FFree,FFree,FFree,FFree,FFree,FFree,FFree,FFree,FFree,FFree,FFree,FFree,FFree,FFree,FFree,FFree,FFree,FFree,FFree,FFree,FFree,FFree,FFree,FFree,FFree,FFree,FFree,FFree,FFree,FFree,FFree,FFree,FFree,FFree,FFree,FFree,FFree,FFree,FFree,FFree,FFree,FFree,FFree,FFree,FFree,FFree,FFree,FFree,FFree,FFree,FFree,FFree,FFree
PSY 352,FFree,FFree,FFree,FFree,FFree,FFree,FFree,FFree,FFree,FFree,FFree,FFree,FFree,FFree,FFree,FFree,FFree,FFree,FFree,FFree,FFree,FFree,FFree,FFree,FFree,FFree,FFree,FFree,FFree,FFree,FFree,FFree,FFree,FFree,FFree,FFree,FFree,FFree,FFree,FFree,FFree,FFree,FFree,FFree,FFree,FFree,FFree,FFree,FFree,FFree,FFree,FFree,FFree,FFree,FFree,FFree,FFree,FFree,FFree,FFree,FFree,FFree,FFree,,,,,,,,,,,,,,,,,,,
PSY 360,FFree,FFree,FFree,FFree,FFree,FFree,FFree,FFree,FFree,FFree,FFree,FFree,FFree,FFree,FFree,FFree,FFree,FFree,FFree,FFree,FFree,FFree,FFree,FFree,FFree,FFree,FFree,FFree,FFree,FFree,FFree,FFree,FFree,FFree,FFree,FFree,FFree,FFree,FFree,FFree,FFree,FFree,FFree,FFree,FFree,FFree,FFree,FFree,FFree,FFree,FFree,FFree,FFree,FFree,FFree,FFree,FFree,FFree,FFree,FFree,FFree,FFree,FFree,FFree,FFree,FFree,FFree,FFree,FFree,FFree,FFree,FFree,FFree,FFree,FFree,FFree,FFree,FFree,FFree,FFree,FFree,FFree
PSY 361,FFree,FFree,FFree,FFree,FFree,FFree,FFree,FFree,FFree,FFree,FFree,FFree,FFree,FFree,FFree,FFree,FFree,FFree,FFree,FFree,FFree,FFree,FFree,FFree,FFree,FFree,FFree,FFree,FFree,FFree,FFree,FFree,FFree,FFree,FFree,FFree,FFree,FFree,FFree,FFree,FFree,FFree,FFree,FFree,FFree,FFree,FFree,FFree,FFree,FFree,FFree,FFree,FFree,FFree,FFree,FFree,FFree,FFree,FFree,FFree,FFree,FFree,FFree,FFree,FFree,FFree,FFree,FFree,FFree,FFree,FFree,FFree,FFree,FFree,FFree,FFree,FFree,FFree,FFree,FFree,FFree,FFree
PSY 362,FFree,FFree,FFree,FFree,FFree,FFree,FFree,FFree,FFree,FFree,FFree,FFree,FFree,FFree,FFree,FFree,FFree,FFree,FFree,FFree,FFree,FFree,FFree,FFree,FFree,FFree,FFree,FFree,FFree,FFree,FFree,FFree,FFree,FFree,FFree,FFree,FFree,FFree,FFree,FFree,FFree,FFree,FFree,FFree,FFree,FFree,FFree,FFree,FFree,FFree,FFree,FFree,FFree,FFree,FFree,FFree,FFree,FFree,FFree,FFree,FFree,FFree,FFree,FFree,FFree,FFree,FFree,FFree,FFree,FFree,FFree,FFree,FFree,FFree,FFree,FFree,FFree,FFree,FFree,FFree,FFree,FFree
PSY 363,FFree,FFree,FFree,FFree,FFree,FFree,FFree,FFree,FFree,FFree,FFree,FFree,FFree,FFree,FFree,FFree,FFree,FFree,FFree,FFree,FFree,FFree,FFree,FFree,FFree,FFree,FFree,FFree,FFree,FFree,FFree,FFree,FFree,FFree,FFree,FFree,FFree,FFree,FFree,FFree,FFree,FFree,FFree,FFree,FFree,FFree,FFree,FFree,FFree,FFree,FFree,FFree,FFree,FFree,FFree,FFree,FFree,FFree,FFree,FFree,FFree,FFree,FFree,FFree,FFree,FFree,FFree,FFree,FFree,FFree,FFree,FFree,FFree,FFree,FFree,FFree,FFree,FFree,FFree,FFree,FFree,FFree
PSY 364,FFree,FFree,FFree,FFree,FFree,FFree,FFree,FFree,FFree,FFree,FFree,FFree,FFree,FFree,FFree,FFree,FFree,FFree,FFree,FFree,FFree,FFree,FFree,FFree,FFree,FFree,FFree,FFree,FFree,FFree,FFree,FFree,FFree,FFree,FFree,FFree,FFree,FFree,FFree,FFree,FFree,FFree,FFree,FFree,FFree,FFree,FFree,FFree,FFree,FFree,FFree,FFree,FFree,FFree,FFree,FFree,FFree,FFree,FFree,FFree,FFree,FFree,FFree,FFree,FFree,FFree,FFree,FFree,FFree,FFree,FFree,FFree,FFree,FFree,FFree,FFree,FFree,FFree,FFree,FFree,FFree,FFree
PSY 365,FFree,FFree,FFree,FFree,FFree,FFree,FFree,FFree,FFree,FFree,FFree,FFree,FFree,FFree,FFree,FFree,FFree,FFree,FFree,FFree,FFree,FFree,FFree,FFree,FFree,FFree,FFree,FFree,FFree,FFree,FFree,FFree,FFree,FFree,FFree,FFree,FFree,FFree,FFree,FFree,FFree,FFree,FFree,FFree,FFree,FFree,FFree,FFree,FFree,FFree,FFree,FFree,FFree,FFree,FFree,FFree,FFree,FFree,FFree,FFree,FFree,FFree,FFree,FFree,FFree,FFree,,,,,,,,,,,,,,,,
PSY 366,FFree,FFree,FFree,FFree,FFree,FFree,FFree,FFree,FFree,FFree,FFree,FFree,FFree,FFree,FFree,FFree,FFree,FFree,FFree,FFree,FFree,FFree,FFree,FFree,FFree,FFree,FFree,FFree,FFree,FFree,FFree,FFree,FFree,FFree,FFree,FFree,FFree,FFree,FFree,FFree,FFree,FFree,FFree,FFree,FFree,FFree,FFree,FFree,FFree,FFree,FFree,FFree,FFree,FFree,FFree,FFree,FFree,FFree,FFree,FFree,FFree,FFree,FFree,FFree,FFree,FFree,FFree,FFree,FFree,FFree,FFree,FFree,FFree,FFree,FFree,FFree,FFree,FFree,FFree,FFree,FFree,FFree
PSY 368,FFree,FFree,FFree,FFree,FFree,FFree,FFree,FFree,FFree,FFree,FFree,FFree,FFree,FFree,FFree,FFree,FFree,FFree,FFree,FFree,FFree,FFree,FFree,FFree,FFree,FFree,FFree,FFree,FFree,FFree,FFree,FFree,FFree,FFree,FFree,FFree,FFree,FFree,FFree,FFree,FFree,FFree,FFree,FFree,FFree,FFree,FFree,FFree,FFree,FFree,FFree,FFree,FFree,FFree,FFree,FFree,FFree,FFree,FFree,FFree,FFree,FFree,FFree,FFree,FFree,FFree,FFree,FFree,FFree,FFree,FFree,FFree,FFree,FFree,FFree,FFree,FFree,FFree,FFree,FFree,FFree,FFree
PSY 370,FFree,FFree,FFree,FFree,FFree,FFree,FFree,FFree,FFree,FFree,FFree,FFree,FFree,FFree,FFree,FFree,FFree,FFree,FFree,FFree,FFree,FFree,FFree,FFree,FFree,FFree,FFree,FFree,FFree,FFree,FFree,FFree,FFree,FFree,FFree,FFree,FFree,FFree,FFree,FFree,FFree,FFree,FFree,FFree,FFree,FFree,FFree,FFree,FFree,FFree,FFree,FFree,FFree,FFree,FFree,FFree,FFree,FFree,FFree,FFree,FFree,FFree,FFree,,,,,,,,,,,,,,,,,,,
PSY 371,FFree,FFree,FFree,FFree,FFree,FFree,FFree,FFree,FFree,FFree,FFree,FFree,FFree,FFree,FFree,FFree,FFree,FFree,FFree,FFree,FFree,FFree,FFree,FFree,FFree,FFree,FFree,FFree,FFree,FFree,FFree,FFree,FFree,FFree,FFree,FFree,FFree,FFree,FFree,FFree,FFree,FFree,FFree,FFree,FFree,FFree,FFree,FFree,FFree,FFree,FFree,FFree,FFree,FFree,FFree,FFree,FFree,FFree,FFree,FFree,FFree,FFree,FFree,,,,,,,,,,,,,,,,,,,
PSY 380,FFree,FFree,FFree,FFree,FFree,FFree,FFree,FFree,FFree,FFree,FFree,FFree,FFree,FFree,FFree,FFree,FFree,FFree,FFree,FFree,FFree,FFree,FFree,FFree,FFree,FFree,FFree,FFree,FFree,FFree,FFree,FFree,FFree,FFree,FFree,FFree,FFree,FFree,FFree,FFree,FFree,FFree,FFree,FFree,FFree,FFree,FFree,FFree,FFree,FFree,FFree,FFree,FFree,FFree,FFree,FFree,FFree,FFree,FFree,FFree,FFree,FFree,FFree,,,,,,,,,,,,,,,,,,,
PSY 382,FFree,FFree,FFree,FFree,FFree,FFree,FFree,FFree,FFree,FFree,FFree,FFree,FFree,FFree,FFree,FFree,FFree,FFree,FFree,FFree,FFree,FFree,FFree,FFree,FFree,FFree,FFree,FFree,FFree,FFree,FFree,FFree,FFree,FFree,FFree,FFree,FFree,FFree,FFree,FFree,FFree,FFree,FFree,FFree,FFree,FFree,FFree,FFree,FFree,FFree,FFree,FFree,FFree,FFree,FFree,FFree,FFree,FFree,FFree,FFree,FFree,FFree,FFree,,,,,,,,,,,,,,,,,,,
PSY 390,FFree,FFree,FFree,FFree,FFree,FFree,FFree,FFree,FFree,FFree,FFree,FFree,FFree,FFree,FFree,FFree,FFree,FFree,FFree,FFree,FFree,FFree,FFree,FFree,FFree,FFree,FFree,FFree,FFree,FFree,FFree,FFree,FFree,FFree,FFree,FFree,FFree,FFree,FFree,FFree,FFree,FFree,FFree,FFree,FFree,FFree,FFree,FFree,FFree,FFree,FFree,FFree,FFree,FFree,FFree,FFree,FFree,FFree,FFree,FFree,FFree,FFree,FFree,,,,,,,,,,,,,,,,,,,
PSY 398,FFree,FFree,FFree,FFree,FFree,FFree,FFree,FFree,FFree,FFree,FFree,FFree,FFree,FFree,FFree,FFree,FFree,FFree,FFree,FFree,FFree,FFree,FFree,FFree,FFree,FFree,FFree,FFree,FFree,FFree,FFree,FFree,FFree,FFree,FFree,FFree,FFree,FFree,FFree,FFree,FFree,FFree,FFree,FFree,FFree,FFree,FFree,FFree,FFree,FFree,FFree,FFree,FFree,FFree,FFree,FFree,FFree,FFree,FFree,FFree,FFree,FFree,FFree,FFree,FFree,FFree,FFree,FFree,FFree,FFree,FFree,FFree,FFree,FFree,FFree,FFree,FFree,FFree,FFree,FFree,FFree,FFree
PSY 399,FFree,FFree,FFree,FFree,FFree,FFree,FFree,FFree,FFree,FFree,FFree,FFree,FFree,FFree,FFree,FFree,FFree,FFree,FFree,FFree,FFree,FFree,FFree,FFree,FFree,FFree,FFree,FFree,FFree,FFree,FFree,FFree,FFree,FFree,FFree,FFree,FFree,FFree,FFree,FFree,FFree,FFree,FFree,FFree,FFree,FFree,FFree,FFree,FFree,FFree,FFree,FFree,FFree,FFree,FFree,FFree,FFree,FFree,FFree,FFree,FFree,FFree,FFree,FFree,FFree,FFree,FFree,FFree,FFree,FFree,FFree,FFree,FFree,FFree,FFree,FFree,FFree,FFree,FFree,FFree,FFree,FFree
PSY 403,FFree,FFree,FFree,FFree,FFree,FFree,FFree,FFree,FFree,FFree,FFree,FFree,FFree,FFree,FFree,FFree,FFree,FFree,FFree,FFree,FFree,FFree,FFree,FFree,FFree,FFree,FFree,FFree,FFree,FFree,FFree,FFree,FFree,FFree,FFree,FFree,FFree,FFree,FFree,FFree,FFree,FFree,FFree,FFree,FFree,FFree,FFree,FFree,FFree,FFree,FFree,FFree,FFree,FFree,FFree,FFree,FFree,FFree,FFree,FFree,FFree,FFree,FFree,FFree,FFree,FFree,FFree,FFree,FFree,FFree,FFree,FFree,FFree,FFree,FFree,FFree,FFree,FFree,FFree,FFree,FFree,FFree
PSY 407,FFree,FFree,FFree,FFree,FFree,FFree,FFree,FFree,FFree,FFree,FFree,FFree,FFree,FFree,FFree,FFree,FFree,FFree,FFree,FFree,FFree,FFree,FFree,FFree,FFree,FFree,FFree,FFree,FFree,FFree,FFree,FFree,FFree,FFree,FFree,FFree,FFree,FFree,FFree,FFree,FFree,FFree,FFree,FFree,FFree,FFree,FFree,FFree,FFree,FFree,FFree,FFree,FFree,FFree,FFree,FFree,FFree,FFree,FFree,FFree,FFree,FFree,FFree,FFree,FFree,FFree,FFree,FFree,FFree,FFree,FFree,FFree,FFree,FFree,FFree,FFree,FFree,FFree,FFree,FFree,FFree,FFree
PSY 410,FFree,FFree,FFree,FFree,FFree,FFree,FFree,FFree,FFree,FFree,FFree,FFree,FFree,FFree,FFree,FFree,FFree,FFree,FFree,FFree,FFree,FFree,FFree,FFree,FFree,FFree,FFree,FFree,FFree,FFree,FFree,FFree,FFree,FFree,FFree,FFree,FFree,FFree,FFree,FFree,FFree,FFree,FFree,FFree,FFree,FFree,FFree,FFree,FFree,FFree,FFree,FFree,FFree,FFree,FFree,FFree,FFree,FFree,FFree,FFree,FFree,FFree,FFree,FFree,FFree,FFree,FFree,FFree,FFree,FFree,FFree,FFree,FFree,FFree,FFree,FFree,FFree,FFree,FFree,FFree,FFree,FFree
PSY 411,FFree,FFree,FFree,FFree,FFree,FFree,FFree,FFree,FFree,FFree,FFree,FFree,FFree,FFree,FFree,FFree,FFree,FFree,FFree,FFree,FFree,FFree,FFree,FFree,FFree,FFree,FFree,FFree,FFree,FFree,FFree,FFree,FFree,FFree,FFree,FFree,FFree,FFree,FFree,FFree,FFree,FFree,FFree,FFree,FFree,FFree,FFree,FFree,FFree,FFree,FFree,FFree,FFree,FFree,FFree,FFree,FFree,FFree,FFree,FFree,FFree,FFree,FFree,FFree,FFree,FFree,FFree,FFree,FFree,FFree,FFree,FFree,FFree,FFree,FFree,FFree,FFree,FFree,FFree,FFree,FFree,FFree
PSY 412,FFree,FFree,FFree,FFree,FFree,FFree,FFree,FFree,FFree,FFree,FFree,FFree,FFree,FFree,FFree,FFree,FFree,FFree,FFree,FFree,FFree,FFree,FFree,FFree,FFree,FFree,FFree,FFree,FFree,FFree,FFree,FFree,FFree,FFree,FFree,FFree,FFree,FFree,FFree,FFree,FFree,FFree,FFree,FFree,FFree,FFree,FFree,FFree,FFree,FFree,FFree,FFree,FFree,FFree,FFree,FFree,FFree,FFree,FFree,FFree,FFree,FFree,FFree,FFree,FFree,FFree,FFree,FFree,FFree,FFree,FFree,FFree,FFree,FFree,FFree,FFree,FFree,FFree,FFree,FFree,FFree,FFree
PSY 414,FFree,FFree,FFree,FFree,FFree,FFree,FFree,FFree,FFree,FFree,FFree,FFree,FFree,FFree,FFree,FFree,FFree,FFree,FFree,FFree,FFree,FFree,FFree,FFree,FFree,FFree,FFree,FFree,FFree,FFree,FFree,FFree,FFree,FFree,FFree,FFree,FFree,FFree,FFree,FFree,FFree,FFree,FFree,FFree,FFree,FFree,FFree,FFree,FFree,FFree,FFree,FFree,FFree,FFree,FFree,FFree,FFree,FFree,FFree,FFree,FFree,FFree,FFree,FFree,FFree,FFree,FFree,FFree,FFree,FFree,FFree,FFree,FFree,FFree,FFree,FFree,FFree,FFree,FFree,FFree,FFree,FFree
PSY 415,FFree,FFree,FFree,FFree,FFree,FFree,FFree,FFree,FFree,FFree,FFree,FFree,FFree,FFree,FFree,FFree,FFree,FFree,FFree,FFree,FFree,FFree,FFree,FFree,FFree,FFree,FFree,FFree,FFree,FFree,FFree,FFree,FFree,FFree,FFree,FFree,FFree,FFree,FFree,FFree,FFree,FFree,FFree,FFree,FFree,FFree,FFree,FFree,FFree,FFree,FFree,FFree,FFree,FFree,FFree,FFree,FFree,FFree,FFree,FFree,FFree,FFree,FFree,FFree,FFree,FFree,FFree,FFree,FFree,FFree,FFree,FFree,FFree,FFree,FFree,FFree,FFree,FFree,FFree,FFree,FFree,FFree
PSY 418,FFree,FFree,FFree,FFree,FFree,FFree,FFree,FFree,FFree,FFree,FFree,FFree,FFree,FFree,FFree,FFree,FFree,FFree,FFree,FFree,FFree,FFree,FFree,FFree,FFree,FFree,FFree,FFree,FFree,FFree,FFree,FFree,FFree,FFree,FFree,FFree,FFree,FFree,FFree,FFree,FFree,FFree,FFree,FFree,FFree,FFree,FFree,FFree,FFree,FFree,FFree,FFree,FFree,FFree,FFree,FFree,FFree,FFree,FFree,FFree,FFree,FFree,FFree,FFree,FFree,FFree,FFree,FFree,FFree,FFree,FFree,FFree,FFree,FFree,FFree,FFree,FFree,FFree,FFree,FFree,FFree,FFree
PSY 421,FFree,FFree,FFree,FFree,FFree,FFree,FFree,FFree,FFree,FFree,FFree,FFree,FFree,FFree,FFree,FFree,FFree,FFree,FFree,FFree,FFree,FFree,FFree,FFree,FFree,FFree,FFree,FFree,FFree,FFree,FFree,FFree,FFree,FFree,FFree,FFree,FFree,FFree,FFree,FFree,FFree,FFree,FFree,FFree,FFree,FFree,FFree,FFree,FFree,FFree,FFree,FFree,FFree,FFree,FFree,FFree,FFree,FFree,FFree,FFree,FFree,FFree,FFree,FFree,FFree,FFree,FFree,FFree,FFree,FFree,FFree,FFree,FFree,FFree,FFree,FFree,FFree,FFree,FFree,FFree,FFree,FFree
PSY 422,FFree,FFree,FFree,FFree,FFree,FFree,FFree,FFree,FFree,FFree,FFree,FFree,FFree,FFree,FFree,FFree,FFree,FFree,FFree,FFree,FFree,FFree,FFree,FFree,FFree,FFree,FFree,FFree,FFree,FFree,FFree,FFree,FFree,FFree,FFree,FFree,FFree,FFree,FFree,FFree,FFree,FFree,FFree,FFree,FFree,FFree,FFree,FFree,FFree,FFree,FFree,FFree,FFree,FFree,FFree,FFree,FFree,FFree,FFree,FFree,FFree,FFree,FFree,FFree,FFree,FFree,FFree,FFree,FFree,FFree,FFree,FFree,FFree,FFree,FFree,FFree,FFree,FFree,FFree,FFree,FFree,FFree
PSY 423,FFree,FFree,FFree,FFree,FFree,FFree,FFree,FFree,FFree,FFree,FFree,FFree,FFree,FFree,FFree,FFree,FFree,FFree,FFree,FFree,FFree,FFree,FFree,FFree,FFree,FFree,FFree,FFree,FFree,FFree,FFree,FFree,FFree,FFree,FFree,FFree,FFree,FFree,FFree,FFree,FFree,FFree,FFree,FFree,FFree,FFree,FFree,FFree,FFree,FFree,FFree,FFree,FFree,FFree,FFree,FFree,FFree,FFree,FFree,FFree,FFree,FFree,FFree,FFree,FFree,FFree,FFree,FFree,FFree,,,,,,,,,,,,,
PSY 424,FFree,FFree,FFree,FFree,FFree,FFree,FFree,FFree,FFree,FFree,FFree,FFree,FFree,FFree,FFree,FFree,FFree,FFree,FFree,FFree,FFree,FFree,FFree,FFree,FFree,FFree,FFree,FFree,FFree,FFree,FFree,FFree,FFree,FFree,FFree,FFree,FFree,FFree,FFree,FFree,FFree,FFree,FFree,FFree,FFree,FFree,FFree,FFree,FFree,FFree,FFree,FFree,FFree,FFree,FFree,FFree,FFree,FFree,FFree,FFree,FFree,FFree,FFree,FFree,FFree,FFree,FFree,FFree,FFree,FFree,FFree,FFree,FFree,FFree,FFree,FFree,FFree,FFree,FFree,FFree,FFree,FFree
PSY 430,FFree,FFree,FFree,FFree,FFree,FFree,FFree,FFree,FFree,FFree,FFree,FFree,FFree,FFree,FFree,FFree,FFree,FFree,FFree,FFree,FFree,FFree,FFree,FFree,FFree,FFree,FFree,FFree,FFree,FFree,FFree,FFree,FFree,FFree,FFree,FFree,FFree,FFree,FFree,FFree,FFree,FFree,FFree,FFree,FFree,,,,,,,,,,,,,,,,,,,,,,,,,,,,,,,,,,,,,
PSY 433,FFree,FFree,FFree,FFree,FFree,FFree,FFree,FFree,FFree,FFree,FFree,FFree,FFree,FFree,FFree,FFree,FFree,FFree,FFree,FFree,FFree,FFree,FFree,FFree,FFree,FFree,FFree,FFree,FFree,FFree,FFree,FFree,FFree,FFree,FFree,FFree,FFree,FFree,FFree,FFree,FFree,FFree,FFree,FFree,FFree,FFree,FFree,FFree,FFree,FFree,FFree,FFree,FFree,FFree,FFree,FFree,FFree,FFree,FFree,FFree,FFree,FFree,FFree,,,,,,,,,,,,,,,,,,,
PSY 440,FFree,FFree,FFree,FFree,FFree,FFree,FFree,FFree,FFree,FFree,FFree,FFree,FFree,FFree,FFree,FFree,FFree,FFree,FFree,FFree,FFree,FFree,FFree,FFree,FFree,FFree,FFree,FFree,FFree,FFree,FFree,FFree,FFree,FFree,FFree,FFree,FFree,FFree,FFree,FFree,FFree,FFree,FFree,FFree,FFree,FFree,FFree,FFree,FFree,FFree,FFree,FFree,FFree,FFree,FFree,FFree,FFree,FFree,FFree,FFree,FFree,FFree,FFree,,,,,,,,,,,,,,,,,,,
PSY 442,FFree,FFree,FFree,FFree,FFree,FFree,FFree,FFree,FFree,FFree,FFree,FFree,FFree,FFree,FFree,FFree,FFree,FFree,FFree,FFree,FFree,FFree,FFree,FFree,FFree,FFree,FFree,FFree,FFree,FFree,FFree,FFree,FFree,FFree,FFree,FFree,FFree,FFree,FFree,FFree,FFree,FFree,FFree,FFree,FFree,FFree,FFree,FFree,FFree,FFree,FFree,FFree,FFree,FFree,FFree,FFree,FFree,FFree,FFree,FFree,FFree,FFree,FFree,FFree,FFree,FFree,FFree,FFree,FFree,FFree,FFree,FFree,FFree,FFree,FFree,FFree,FFree,FFree,FFree,FFree,FFree,FFree
PSY 443,FFree,FFree,FFree,FFree,FFree,FFree,FFree,FFree,FFree,FFree,FFree,FFree,FFree,FFree,FFree,FFree,FFree,FFree,FFree,FFree,FFree,FFree,FFree,FFree,FFree,FFree,FFree,FFree,FFree,FFree,FFree,FFree,FFree,FFree,FFree,FFree,FFree,FFree,FFree,FFree,FFree,FFree,FFree,FFree,FFree,FFree,FFree,FFree,FFree,FFree,FFree,FFree,FFree,FFree,FFree,FFree,FFree,FFree,FFree,FFree,FFree,FFree,FFree,FFree,FFree,FFree,FFree,FFree,FFree,FFree,FFree,FFree,FFree,FFree,FFree,FFree,FFree,FFree,FFree,FFree,FFree,FFree
PSY 444,FFree,FFree,FFree,FFree,FFree,FFree,FFree,FFree,FFree,FFree,FFree,FFree,FFree,FFree,FFree,FFree,FFree,FFree,FFree,FFree,FFree,FFree,FFree,FFree,FFree,FFree,FFree,FFree,FFree,FFree,FFree,FFree,FFree,FFree,FFree,FFree,FFree,FFree,FFree,FFree,FFree,FFree,FFree,FFree,FFree,FFree,FFree,FFree,FFree,FFree,FFree,FFree,FFree,FFree,FFree,FFree,FFree,FFree,FFree,FFree,FFree,FFree,FFree,FFree,FFree,FFree,FFree,FFree,FFree,FFree,FFree,FFree,FFree,FFree,FFree,FFree,FFree,FFree,FFree,FFree,FFree,FFree
PSY 445,FFree,FFree,FFree,FFree,FFree,FFree,FFree,FFree,FFree,FFree,FFree,FFree,FFree,FFree,FFree,FFree,FFree,FFree,FFree,FFree,FFree,FFree,FFree,FFree,FFree,FFree,FFree,FFree,FFree,FFree,FFree,FFree,FFree,FFree,FFree,FFree,FFree,FFree,FFree,FFree,FFree,FFree,FFree,FFree,FFree,FFree,FFree,FFree,FFree,FFree,FFree,FFree,FFree,FFree,FFree,FFree,FFree,FFree,FFree,FFree,FFree,FFree,FFree,FFree,FFree,FFree,FFree,FFree,FFree,FFree,FFree,FFree,FFree,FFree,FFree,FFree,FFree,FFree,FFree,FFree,FFree,FFree
PSY 450,FFree,FFree,FFree,FFree,FFree,FFree,FFree,FFree,FFree,FFree,FFree,FFree,FFree,FFree,FFree,FFree,FFree,FFree,FFree,FFree,FFree,FFree,FFree,FFree,FFree,FFree,FFree,FFree,FFree,FFree,FFree,FFree,FFree,FFree,FFree,FFree,FFree,FFree,FFree,FFree,FFree,FFree,FFree,FFree,FFree,FFree,FFree,FFree,FFree,FFree,FFree,FFree,FFree,FFree,FFree,FFree,FFree,FFree,FFree,FFree,FFree,FFree,FFree,FFree,FFree,FFree,FFree,FFree,FFree,FFree,FFree,FFree,FFree,FFree,FFree,FFree,FFree,FFree,FFree,FFree,FFree,FFree
PSY 452,FFree,FFree,FFree,FFree,FFree,FFree,FFree,FFree,FFree,FFree,FFree,FFree,FFree,FFree,FFree,FFree,FFree,FFree,FFree,FFree,FFree,FFree,FFree,FFree,FFree,FFree,FFree,FFree,FFree,FFree,FFree,FFree,FFree,FFree,FFree,FFree,FFree,FFree,FFree,FFree,FFree,FFree,FFree,FFree,FFree,FFree,FFree,FFree,FFree,FFree,FFree,FFree,FFree,FFree,FFree,FFree,FFree,FFree,FFree,FFree,FFree,FFree,FFree,FFree,FFree,FFree,FFree,FFree,FFree,FFree,FFree,FFree,FFree,FFree,FFree,FFree,FFree,FFree,FFree,FFree,FFree,FFree
PSY 464,FFree,FFree,FFree,FFree,FFree,FFree,FFree,FFree,FFree,FFree,FFree,FFree,FFree,FFree,FFree,FFree,FFree,FFree,FFree,FFree,FFree,FFree,FFree,FFree,FFree,FFree,FFree,FFree,FFree,FFree,FFree,FFree,FFree,FFree,FFree,FFree,FFree,FFree,FFree,FFree,FFree,FFree,FFree,FFree,FFree,FFree,FFree,FFree,FFree,FFree,FFree,FFree,FFree,FFree,FFree,FFree,FFree,FFree,FFree,FFree,FFree,FFree,FFree,,,,,,,,,,,,,,,,,,,
PSY 467,FFree,FFree,FFree,FFree,FFree,FFree,FFree,FFree,FFree,FFree,FFree,FFree,FFree,FFree,FFree,FFree,FFree,FFree,FFree,FFree,FFree,FFree,FFree,FFree,FFree,FFree,FFree,FFree,FFree,FFree,FFree,FFree,FFree,FFree,FFree,FFree,FFree,FFree,FFree,FFree,FFree,FFree,FFree,FFree,FFree,FFree,FFree,FFree,FFree,FFree,FFree,FFree,FFree,FFree,FFree,FFree,FFree,FFree,FFree,FFree,FFree,FFree,FFree,FFree,FFree,FFree,FFree,FFree,FFree,FFree,FFree,FFree,FFree,FFree,FFree,FFree,FFree,FFree,FFree,FFree,FFree,FFree
PSY 469,FFree,FFree,FFree,FFree,FFree,FFree,FFree,FFree,FFree,FFree,FFree,FFree,FFree,FFree,FFree,FFree,FFree,FFree,FFree,FFree,FFree,FFree,FFree,FFree,FFree,FFree,FFree,FFree,FFree,FFree,FFree,FFree,FFree,FFree,FFree,FFree,FFree,FFree,FFree,FFree,FFree,FFree,FFree,FFree,FFree,FFree,FFree,FFree,FFree,FFree,FFree,FFree,FFree,FFree,FFree,FFree,FFree,FFree,FFree,FFree,FFree,FFree,FFree,FFree,FFree,FFree,FFree,FFree,FFree,FFree,FFree,FFree,FFree,FFree,FFree,FFree,FFree,FFree,FFree,FFree,FFree,FFree
PSY 480,FFree,FFree,FFree,FFree,FFree,FFree,FFree,FFree,FFree,FFree,FFree,FFree,FFree,FFree,FFree,FFree,FFree,FFree,FFree,FFree,FFree,FFree,FFree,FFree,FFree,FFree,FFree,FFree,FFree,FFree,FFree,FFree,FFree,FFree,FFree,FFree,FFree,FFree,FFree,FFree,FFree,FFree,FFree,FFree,FFree,FFree,FFree,FFree,FFree,FFree,FFree,FFree,FFree,FFree,FFree,FFree,FFree,FFree,FFree,FFree,FFree,FFree,FFree,FFree,FFree,FFree,FFree,FFree,FFree,FFree,FFree,FFree,FFree,FFree,FFree,FFree,FFree,FFree,FFree,FFree,FFree,FFree
PSY 481,FFree,FFree,FFree,FFree,FFree,FFree,FFree,FFree,FFree,FFree,FFree,FFree,FFree,FFree,FFree,FFree,FFree,FFree,FFree,FFree,FFree,FFree,FFree,FFree,FFree,FFree,FFree,FFree,FFree,FFree,FFree,FFree,FFree,FFree,FFree,FFree,FFree,FFree,FFree,FFree,FFree,FFree,FFree,FFree,FFree,FFree,FFree,FFree,FFree,FFree,FFree,FFree,FFree,FFree,FFree,FFree,FFree,FFree,FFree,FFree,FFree,FFree,FFree,FFree,FFree,FFree,FFree,FFree,FFree,FFree,FFree,FFree,FFree,FFree,FFree,FFree,FFree,FFree,FFree,FFree,FFree,FFree
RUS 101,FFree,FFree,FFree,FFree,FFree,FFree,FFree,FFree,FFree,FFree,FFree,FFree,FFree,FFree,FFree,FFree,FFree,FFree,FFree,FFree,FFree,FFree,FFree,FFree,FFree,FFree,FFree,FFree,FFree,FFree,FFree,FFree,FFree,FFree,FFree,FFree,FFree,FFree,FFree,FFree,FFree,FFree,,,,,,,,,,,,,,,,,,,,,,,,,,,,,,,,,,,,,,,,
RUS 102,FFree,FFree,FFree,FFree,FFree,FFree,FFree,FFree,FFree,FFree,FFree,FFree,FFree,FFree,FFree,FFree,FFree,FFree,FFree,FFree,FFree,FFree,FFree,FFree,FFree,FFree,FFree,FFree,FFree,FFree,FFree,FFree,FFree,FFree,FFree,FFree,FFree,FFree,FFree,FFree,FFree,FFree,,,,,,,,,,,,,,,,,,,,,,,,,,,,,,,,,,,,,,,,
RUS 110,FFree,FFree,FFree,FFree,FFree,FFree,FFree,FFree,FFree,FFree,FFree,FFree,FFree,FFree,FFree,FFree,FFree,FFree,FFree,FFree,FFree,FFree,FFree,FFree,FFree,FFree,FFree,FFree,FFree,FFree,FFree,FFree,FFree,FFree,FFree,FFree,FFree,FFree,FFree,FFree,FFree,FFree,FFree,FFree,FFree,FFree,FFree,FFree,FFree,FFree,FFree,FFree,FFree,FFree,FFree,FFree,FFree,FFree,FFree,,,,,,,,,,,,,,,,,,,,,,,
RUS 120,FFree,FFree,FFree,FFree,FFree,FFree,FFree,FFree,FFree,FFree,FFree,FFree,FFree,FFree,FFree,FFree,FFree,FFree,FFree,FFree,FFree,FFree,FFree,FFree,FFree,FFree,FFree,FFree,FFree,FFree,FFree,FFree,FFree,FFree,FFree,FFree,FFree,FFree,FFree,FFree,FFree,FFree,FFree,FFree,FFree,FFree,FFree,FFree,FFree,FFree,FFree,FFree,FFree,FFree,FFree,FFree,FFree,FFree,FFree,,,,,,,,,,,,,,,,,,,,,,,
RUS 130,FFree,FFree,FFree,FFree,FFree,FFree,FFree,FFree,FFree,FFree,FFree,FFree,FFree,FFree,FFree,FFree,FFree,FFree,FFree,FFree,FFree,FFree,FFree,FFree,FFree,FFree,FFree,FFree,FFree,FFree,FFree,FFree,FFree,FFree,FFree,FFree,FFree,FFree,FFree,FFree,FFree,FFree,FFree,FFree,FFree,FFree,FFree,FFree,FFree,FFree,FFree,FFree,,,,,,,,,,,,,,,,,,,,,,,,,,,,,,
RUS 140,FFree,FFree,FFree,FFree,FFree,FFree,FFree,FFree,FFree,FFree,FFree,FFree,FFree,FFree,FFree,FFree,FFree,FFree,FFree,FFree,FFree,FFree,FFree,FFree,FFree,FFree,FFree,FFree,FFree,FFree,FFree,FFree,FFree,FFree,FFree,FFree,FFree,FFree,FFree,FFree,FFree,FFree,FFree,FFree,FFree,FFree,FFree,FFree,FFree,FFree,FFree,FFree,FFree,,,,,,,,,,,,,,,,,,,,,,,,,,,,,
RUS 201,FFree,FFree,FFree,FFree,FFree,FFree,FFree,FFree,FFree,FFree,FFree,FFree,FFree,FFree,FFree,FFree,FFree,FFree,FFree,FFree,FFree,FFree,FFree,FFree,FFree,FFree,FFree,FFree,FFree,FFree,FFree,FFree,FFree,FFree,FFree,FFree,FFree,FFree,FFree,FFree,FFree,FFree,,,,,,,,,,,,,,,,,,,,,,,,,,,,,,,,,,,,,,,,
RUS 202,FFree,FFree,FFree,FFree,FFree,FFree,FFree,FFree,FFree,FFree,FFree,FFree,FFree,FFree,FFree,FFree,FFree,FFree,FFree,FFree,FFree,FFree,FFree,FFree,FFree,FFree,FFree,FFree,FFree,FFree,FFree,FFree,FFree,FFree,FFree,FFree,FFree,FFree,FFree,FFree,FFree,FFree,,,,,,,,,,,,,,,,,,,,,,,,,,,,,,,,,,,,,,,,
RUS 301,FFree,FFree,FFree,FFree,FFree,FFree,FFree,FFree,FFree,FFree,FFree,FFree,FFree,FFree,FFree,FFree,FFree,FFree,FFree,FFree,FFree,FFree,FFree,FFree,FFree,FFree,FFree,FFree,FFree,FFree,FFree,FFree,FFree,FFree,FFree,FFree,FFree,FFree,FFree,FFree,FFree,FFree,,,,,,,,,,,,,,,,,,,,,,,,,,,,,,,,,,,,,,,,
RUS 302,FFree,FFree,FFree,FFree,FFree,FFree,FFree,FFree,FFree,FFree,FFree,FFree,FFree,FFree,FFree,FFree,FFree,FFree,FFree,FFree,FFree,FFree,FFree,FFree,FFree,FFree,FFree,FFree,FFree,FFree,FFree,FFree,FFree,FFree,FFree,FFree,FFree,FFree,FFree,FFree,FFree,FFree,,,,,,,,,,,,,,,,,,,,,,,,,,,,,,,,,,,,,,,,
SOC 201,FFree:A,FFree:A,FFree:A,FFree:A,FFree:A,FFree:A,FFree:A,FFree:A,FFree:A,FFree:A,FFree:A,FFree:A,FFree:A,FFree:A,FFree:A,FFree:A,FFree:A,FFree:A,FFree:A,FFree:A,FFree:A,FFree:A,FFree:A,FFree:A,FFree:A,FFree:A,FFree:A,FFree:A,FFree:A,FFree:A,FFree:A,FFree:A,FFree:A,FFree:A,FFree:A,FFree:A,FFree:A,FFree:A,FFree:A,FFree:A,FFree:A,FFree:A,FFree:A,FFree:A,FFree:A,FFree:A,FFree:A,FFree:A,FFree:A,FFree:A,FFree:A,FFree:A,FFree:A,FFree:A,FFree:A,FFree:A,FFree:A,FFree:A,FFree:A,FFree:A,FFree:A,FFree:A,FFree:A,FFree:A,FFree:A,FFree:A,FFree:A,FFree:A,FFree:A,FFree:A,FFree:A,FFree:A,FFree:A,FFree:A,FFree:A,FFree:A,FFree:A,FFree:A,FFree:A,FFree:A,FFree:A,FFree:A
SOC 203,FFree,FFree,FFree,FFree,FFree,FFree,FFree,FFree,FFree,FFree,FFree,FFree,FFree,FFree,FFree,FFree,FFree,FFree,FFree,FFree,FFree,FFree,FFree,FFree,FFree,FFree,FFree,,,,,,,,,,,,,,,,,,,,,,,,,,,,,,,,,,,,,,,,,,,,,,,,,,,,,,,
SOC 300,FFree,FFree,FFree,FFree,FFree,FFree,FFree,FFree,FFree,FFree,FFree,FFree,FFree,FFree,FFree,FFree,FFree,FFree,FFree,FFree,FFree,FFree,FFree,FFree,FFree,FFree,FFree,FFree,FFree,FFree,FFree,FFree,FFree,FFree,FFree,FFree,FFree,FFree,FFree,FFree,FFree,FFree,FFree,FFree,FFree,FFree,FFree,FFree,FFree,FFree,FFree,FFree,FFree,FFree,FFree,,,,,,,,,,,,,,,,,,,,,,,,,,,
SOC 301,FFree,FFree,FFree,FFree,FFree,FFree,FFree,FFree,FFree,FFree,FFree,FFree,FFree,FFree,FFree,FFree,FFree,FFree,FFree,FFree,FFree,FFree,FFree,FFree,FFree,FFree,FFree,FFree,FFree,FFree,FFree:A,FFree:A,FFree:A,FFree:A,FFree:A,FFree:A,FFree:A,FFree:A,FFree:A,FFree:A,FFree:A,FFree:A,FFree:A,FFree:A,FFree:A,FFree:A,FFree:A,FFree:A,FFree:A,FFree:A,FFree:A,FFree:A,FFree:A,FFree:A,FFree:A,FFree:A,FFree:A,FFree:A,FFree:A,FFree:A,FFree:A,FFree:A,FFree:A,FFree:A,FFree:A,FFree:A,FFree:A,FFree:A,FFree:A,FFree:A,FFree:A,FFree:A,FFree:A,FFree:A,FFree:A,FFree:A,FFree:A,FFree:A,FFree:A,FFree:A,FFree:A,FFree:A
SOC 305,FFree,FFree,FFree,FFree,FFree,FFree,FFree,FFree,FFree,FFree,FFree,FFree,FFree,FFree,FFree,FFree,,,,,,,,,,,,,,,,,,,,,,,,,,,,,,,,,,,,,,,,,,,,,,,,,,,,,,,,,,,,,,,,,,
SOC 308,FFree,FFree,FFree,FFree,FFree,FFree,FFree,FFree,FFree,FFree,FFree,FFree,FFree,FFree,FFree,FFree,FFree,FFree,FFree,FFree,FFree,FFree,FFree,FFree,FFree,FFree,FFree,FFree,FFree,FFree,FFree,FFree,FFree,FFree,FFree,FFree,FFree,FFree,FFree,FFree,FFree,FFree,FFree,FFree,FFree,,,,,,,,,,,,,,,,,,,,,,,,,,,,,,,,,,,,,
SOC 313,FFree,FFree,FFree,FFree,FFree,FFree,FFree,FFree,FFree,FFree,FFree,FFree,FFree,FFree,FFree,FFree,FFree,FFree,FFree,FFree,FFree,FFree,FFree,FFree,FFree,FFree,FFree,FFree,FFree,FFree,FFree,FFree,FFree,FFree,FFree,FFree,FFree,FFree,FFree,FFree,FFree,FFree,FFree,FFree,FFree,FFree,FFree,FFree,FFree,FFree,FFree,FFree,FFree,FFree,FFree,FFree,FFree,FFree,FFree,FFree,FFree,FFree,FFree,FFree,,,,,,,,,,,,,,,,,,
SOC 318,FFree,FFree,FFree,FFree,FFree,FFree,FFree,FFree,FFree,FFree,FFree,FFree,FFree,FFree,FFree,FFree,FFree,FFree,FFree,FFree,FFree,FFree,FFree,FFree,FFree,FFree,FFree,FFree,FFree,FFree,FFree,FFree,FFree,FFree,FFree,FFree,FFree,FFree,FFree,FFree,FFree,FFree,FFree,FFree,FFree,FFree,FFree,FFree,FFree,FFree,FFree,FFree,FFree,FFree,FFree,FFree,FFree,FFree,FFree,FFree,FFree,,,,,,,,,,,,,,,,,,,,,
SOC 321,FFree,FFree,FFree,FFree,FFree,FFree,FFree,FFree,FFree,FFree,FFree,FFree,FFree,FFree,FFree,FFree,FFree,FFree,FFree,FFree,FFree,FFree,FFree,FFree,FFree,FFree,FFree,FFree,FFree,FFree,FFree,FFree,FFree,FFree,FFree,FFree,FFree,FFree,FFree,FFree,FFree,FFree,FFree,FFree,FFree,FFree,FFree,FFree,FFree,FFree,FFree,FFree,FFree,FFree,FFree,FFree,FFree,,,,,,,,,,,,,,,,,,,,,,,,,
SOC 350,FFree,FFree,FFree,FFree,FFree,FFree,FFree,FFree,FFree,FFree,FFree,FFree,FFree,FFree,FFree,FFree,FFree,FFree,FFree,FFree,FFree,FFree,FFree,FFree,FFree,FFree,FFree,FFree,FFree,FFree,FFree,FFree,FFree,FFree,FFree,FFree,FFree,FFree,FFree,FFree,FFree,FFree,FFree,FFree,FFree,,,,,,,,,,,,,,,,,,,,,,,,,,,,,,,,,,,,,
SOC 399,FFree,FFree,FFree,FFree,FFree,FFree,FFree,FFree,FFree,FFree,FFree,FFree,FFree,FFree,FFree,FFree,FFree,FFree,FFree,FFree,FFree,FFree,FFree,FFree,FFree,FFree,FFree,FFree,FFree,FFree,FFree,FFree,FFree,FFree,FFree,FFree,FFree,FFree,FFree,FFree,FFree,FFree,FFree,FFree,FFree,FFree,FFree,FFree,FFree,FFree,FFree,FFree,FFree,FFree,FFree,FFree,FFree,FFree,FFree,FFree,FFree,FFree,FFree,FFree,FFree,FFree,FFree,FFree,FFree,FFree,FFree,FFree,FFree,FFree,FFree,FFree,FFree,FFree,FFree,FFree,FFree,FFree
SOC 402,FFree,FFree,FFree,FFree,FFree,FFree,FFree,FFree,FFree,FFree,FFree,FFree,FFree,FFree,FFree,FFree,FFree,FFree,FFree,FFree,FFree,FFree,FFree,FFree,FFree,FFree,FFree,FFree,FFree,FFree,FFree,FFree,FFree,FFree,FFree,FFree,FFree,FFree,FFree,FFree,FFree,FFree,FFree,FFree,FFree,FFree,FFree,FFree,FFree,FFree,FFree,FFree,FFree,FFree,,,,,,,,,,,,,,,,,,,,,,,,,,,,
SOC 404,FFree,FFree,FFree,FFree,FFree,FFree,FFree,FFree,FFree,FFree,FFree,FFree,FFree,FFree,FFree,FFree,FFree,FFree,FFree,FFree,FFree,FFree,FFree,FFree,FFree,FFree,FFree,FFree,FFree,FFree,FFree,FFree,FFree,,,,,,,,,,,,,,,,,,,,,,,,,,,,,,,,,,,,,,,,,,,,,,,,,
SOC 406,FFree,FFree,FFree,FFree,FFree,FFree,FFree,FFree,FFree,FFree,FFree,FFree,FFree,FFree,FFree,FFree,FFree,FFree,FFree,FFree,FFree,,,,,,,,,,,,,,,,,,,,,,,,,,,,,,,,,,,,,,,,,,,,,,,,,,,,,,,,,,,,,
SOC 408,FFree,FFree,FFree,FFree,FFree,FFree,FFree,FFree,FFree,FFree,FFree,FFree,FFree,FFree,FFree,FFree,FFree,FFree,FFree,FFree,FFree,FFree,FFree,FFree,FFree,FFree,FFree,FFree,FFree,FFree,FFree,FFree,FFree,FFree,FFree,FFree,FFree,FFree,FFree,FFree,FFree,FFree,FFree,FFree,FFree,FFree,FFree,FFree,FFree,FFree,FFree,FFree,FFree,FFree,FFree,FFree,FFree,FFree,FFree,FFree,FFree,FFree,FFree,FFree,FFree,FFree,FFree,FFree,FFree,FFree,FFree,FFree,FFree,FFree,FFree,FFree,FFree,FFree,FFree,FFree,FFree,FFree
SOC 420,FFree,FFree,FFree,FFree,FFree,FFree,FFree,FFree,FFree,FFree,FFree,FFree,FFree,FFree,FFree,FFree,FFree,FFree,FFree,FFree,FFree,FFree,FFree,FFree,FFree,FFree,FFree,FFree,FFree,FFree,FFree,FFree,FFree,FFree,FFree,FFree,FFree,FFree,FFree,FFree,FFree,FFree,FFree,FFree,FFree,FFree,FFree,FFree,FFree,FFree,FFree,FFree,FFree,FFree,FFree,FFree,FFree,FFree,FFree,FFree,FFree,FFree,FFree,FFree,FFree,FFree,FFree,FFree,FFree,FFree,FFree,FFree,FFree,FFree,FFree,FFree,FFree,FFree,FFree,FFree,FFree,FFree
SOC 425,FFree,FFree,FFree,FFree,FFree,FFree,FFree,FFree,FFree,FFree,FFree,FFree,FFree,FFree,FFree,FFree,FFree,FFree,FFree,FFree,FFree,FFree,FFree,FFree,FFree,FFree,FFree,FFree,FFree,FFree,FFree,FFree,FFree,FFree,FFree,FFree,FFree,FFree,FFree,FFree,FFree,FFree,FFree,FFree,FFree,FFree,FFree,FFree,FFree,FFree,FFree,FFree,FFree,FFree,FFree,FFree,FFree,FFree,FFree,FFree,FFree,FFree,FFree,FFree,FFree,FFree,FFree,FFree,FFree,FFree,FFree,FFree,FFree,FFree,FFree,FFree,FFree,FFree,FFree,FFree,FFree,FFree
SOC 426,FFree,FFree,FFree,FFree,FFree,FFree,FFree,FFree,FFree,FFree,FFree,FFree,FFree,FFree,FFree,FFree,FFree,FFree,FFree,FFree,FFree,FFree,FFree,FFree,FFree,FFree,FFree,FFree,FFree,FFree,FFree,FFree,FFree,FFree,FFree,FFree,FFree,FFree,FFree,FFree,FFree,FFree,FFree,FFree,FFree,FFree,FFree,FFree,FFree,FFree,FFree,FFree,FFree,FFree,FFree,FFree,FFree,FFree,FFree,FFree,FFree,FFree,FFree,FFree,FFree,FFree,FFree,FFree,FFree,FFree,FFree,FFree,FFree,FFree,FFree,,,,,,,
SOC 432,FFree,FFree,FFree,FFree,FFree,FFree,FFree,FFree,FFree,FFree,FFree,FFree,FFree,FFree,FFree,FFree,FFree,FFree,FFree,FFree,FFree,FFree,FFree,FFree,FFree,FFree,FFree,FFree,FFree,FFree,FFree,FFree,FFree,FFree,FFree,FFree,FFree,FFree,FFree,FFree,FFree,FFree,FFree,FFree,FFree,FFree,FFree,FFree,FFree,FFree,FFree,FFree,FFree,FFree,FFree,FFree,FFree,FFree,FFree,FFree,FFree,FFree,FFree,FFree,FFree,FFree,FFree,FFree,FFree,FFree,FFree,FFree,FFree,FFree,FFree,FFree,FFree,FFree,FFree,FFree,FFree,FFree
SPA 101,FFree,FFree,FFree,FFree,FFree,FFree,FFree,FFree,FFree,FFree,FFree,FFree,FFree,FFree,FFree,FFree,FFree,FFree,FFree,FFree,FFree,FFree,FFree,FFree,FFree,FFree,FFree,FFree,FFree,FFree,FFree,FFree,FFree,FFree,FFree,FFree,FFree,FFree,FFree,FFree,FFree,FFree,,,,,,,,,,,,,,,,,,,,,,,,,,,,,,,,,,,,,,,,
SPA 102,FFree,FFree,FFree,FFree,FFree,FFree,FFree,FFree,FFree,FFree,FFree,FFree,FFree,FFree,FFree,FFree,FFree,FFree,FFree,FFree,FFree,FFree,FFree,FFree,FFree,FFree,FFree,FFree,FFree,FFree,FFree,FFree,FFree,FFree,FFree,FFree,FFree,FFree,FFree,FFree,FFree,FFree,,,,,,,,,,,,,,,,,,,,,,,,,,,,,,,,,,,,,,,,
SPA 110,FFree,FFree,FFree,FFree,FFree,FFree,FFree,FFree,FFree,FFree,FFree,FFree,FFree,FFree,FFree,FFree,FFree,FFree,FFree,FFree,FFree,FFree,FFree,FFree,FFree,FFree,FFree,FFree,FFree,FFree,FFree,FFree,FFree,FFree,FFree,FFree,FFree,FFree,FFree,FFree,FFree,FFree,FFree,FFree,FFree,FFree,FFree,FFree,FFree,FFree,FFree,FFree,FFree,FFree,FFree,FFree,FFree,FFree,FFree,FFree,FFree,FFree,FFree,FFree,FFree,FFree,FFree,FFree,FFree,FFree,FFree,FFree,FFree,FFree,FFree,FFree,FFree,FFree,FFree,FFree,FFree,FFree
SPA 120,FFree,FFree,FFree,FFree,FFree,FFree,FFree,FFree,FFree,FFree,FFree,FFree,FFree,FFree,FFree,FFree,FFree,FFree,FFree,FFree,FFree,FFree,FFree,FFree,FFree,FFree,FFree,FFree,FFree,FFree,FFree,FFree,FFree,FFree,FFree,FFree,FFree,FFree,FFree,FFree,FFree,FFree,FFree,FFree,FFree,FFree,FFree,FFree,FFree,FFree,FFree,FFree,FFree,FFree,FFree,FFree,FFree,FFree,FFree,FFree,FFree,FFree,FFree,FFree,FFree,FFree,FFree,FFree,FFree,FFree,FFree,FFree,FFree,FFree,FFree,FFree,FFree,FFree,FFree,FFree,FFree,FFree
SPA 130,FFree,FFree,FFree,FFree,FFree,FFree,FFree,FFree,FFree,FFree,FFree,FFree,FFree,FFree,FFree,FFree,FFree,FFree,FFree,FFree,FFree,FFree,FFree,FFree,FFree,FFree,FFree,FFree,FFree,FFree,FFree,FFree,FFree,FFree,FFree,FFree,FFree,FFree,FFree,FFree,FFree,FFree,FFree,FFree,FFree,FFree,FFree,FFree,FFree,FFree,FFree,FFree,FFree,FFree,FFree,FFree,FFree,FFree,FFree,FFree,FFree,FFree,FFree,FFree,FFree,,,,,,,,,,,,,,,,,
SPA 140,FFree,FFree,FFree,FFree,FFree,FFree,FFree,FFree,FFree,FFree,FFree,FFree,FFree,FFree,FFree,FFree,FFree,FFree,FFree,FFree,FFree,FFree,FFree,FFree,FFree,FFree,FFree,FFree,FFree,FFree,FFree,FFree,FFree,FFree,FFree,FFree,FFree,FFree,FFree,FFree,FFree,FFree,FFree,FFree,FFree,FFree,FFree,FFree,FFree,FFree,FFree,FFree,FFree,,,,,,,,,,,,,,,,,,,,,,,,,,,,,
SPA 201,FFree,FFree,FFree,FFree,FFree,FFree,FFree,FFree,FFree,FFree,FFree,FFree,FFree,FFree,FFree,FFree,FFree,FFree,FFree,FFree,FFree,FFree,FFree,FFree,FFree,FFree,FFree,FFree,FFree,FFree,FFree,FFree,FFree,FFree,FFree,FFree,FFree,FFree,FFree,FFree,FFree,FFree,,,,,,,,,,,,,,,,,,,,,,,,,,,,,,,,,,,,,,,,
SPA 202,FFree,FFree,FFree,FFree,FFree,FFree,FFree,FFree,FFree,FFree,FFree,FFree,FFree,FFree,FFree,FFree,FFree,FFree,FFree,FFree,FFree,FFree,FFree,FFree,FFree,FFree,FFree,FFree,FFree,FFree,FFree,FFree,FFree,FFree,FFree,FFree,FFree,FFree,FFree,FFree,FFree,FFree,,,,,,,,,,,,,,,,,,,,,,,,,,,,,,,,,,,,,,,,
SPA 301,FFree,FFree,FFree,FFree,FFree,FFree,FFree,FFree,FFree,FFree,FFree,FFree,FFree,FFree,FFree,FFree,FFree,FFree,FFree,FFree,FFree,FFree,FFree,FFree,FFree,FFree,FFree,FFree,FFree,FFree,FFree,FFree,FFree,FFree,FFree,FFree,FFree,FFree,FFree,FFree,FFree,FFree,,,,,,,,,,,,,,,,,,,,,,,,,,,,,,,,,,,,,,,,
SPA 302,FFree,FFree,FFree,FFree,FFree,FFree,FFree,FFree,FFree,FFree,FFree,FFree,FFree,FFree,FFree,FFree,FFree,FFree,FFree,FFree,FFree,FFree,FFree,FFree,FFree,FFree,FFree,FFree,FFree,FFree,FFree,FFree,FFree,FFree,FFree,FFree,FFree,FFree,FFree,FFree,FFree,FFree,,,,,,,,,,,,,,,,,,,,,,,,,,,,,,,,,,,,,,,,
SPA 401,FFree,FFree,FFree,FFree,FFree,FFree,FFree,FFree,FFree,FFree,FFree,FFree,FFree,FFree,FFree,FFree,FFree,FFree,FFree,FFree,FFree,FFree,FFree,FFree,FFree,FFree,FFree,FFree,FFree,FFree,FFree,FFree,FFree,FFree,FFree,FFree,FFree,FFree,FFree,FFree,FFree,FFree,,,,,,,,,,,,,,,,,,,,,,,,,,,,,,,,,,,,,,,,
SPA 402,FFree,FFree,FFree,FFree,FFree,FFree,FFree,FFree,FFree,FFree,FFree,FFree,FFree,FFree,FFree,FFree,FFree,FFree,FFree,FFree,FFree,FFree,FFree,FFree,FFree,FFree,FFree,FFree,FFree,FFree,FFree,FFree,FFree,FFree,FFree,FFree,FFree,FFree,FFree,FFree,FFree,FFree,,,,,,,,,,,,,,,,,,,,,,,,,,,,,,,,,,,,,,,,
SPA 403,FFree,FFree,FFree,FFree,FFree,FFree,FFree,FFree,FFree,FFree,FFree,FFree,FFree,FFree,FFree,FFree,FFree,FFree,FFree,FFree,FFree,FFree,FFree,FFree,FFree,FFree,FFree,FFree,FFree,FFree,FFree,FFree,FFree,FFree,FFree,FFree,FFree,FFree,FFree,FFree,FFree,FFree,,,,,,,,,,,,,,,,,,,,,,,,,,,,,,,,,,,,,,,,
SPS 201,FFree,FFree,FFree,FFree,FFree,FFree,FFree,FFree,FFree,FFree,FFree,FFree,FFree,FFree,FFree,FFree,FFree,FFree,FFree,FFree,FFree,FFree,FFree,FFree,FFree,FFree,FFree,FFree,FFree,FFree,FFree,FFree,FFree,FFree,FFree,FFree,FFree,FFree,FFree,FFree,FFree,FFree,FFree,FFree,FFree,FFree,FFree,FFree,FFree,FFree,FFree,FFree,FFree,FFree,FFree,FFree,FFree,FFree,FFree,FFree,FFree,FFree,FFree,FFree,FFree,FFree,FFree,FFree,FFree,FFree,FFree,FFree,FFree,FFree,FFree,FFree,FFree,FFree,FFree,FFree,FFree,FFree
SPS 211,FFree:A,FFree:A,FFree:A,FFree:A,FFree:A,FFree:A,FFree:A,FFree:A,FFree:A,FFree:A,FFree:A,FFree:A,FFree:A,FFree:A,FFree:A,FFree:A,FFree:A,FFree:A,FFree:A,FFree:A,FFree:A,FFree:A,FFree:A,FFree:A,FFree,FFree,FFree,FFree,FFree,FFree,FFree,FFree,FFree,FFree,FFree,FFree,FFree,FFree,FFree,FFree,FFree,FFree,,,,,,,,,,,,,,,,,,,,,,,,,,,,,,,,,,,,,,,,
SPS 311,FFree,FFree,FFree,FFree,FFree,FFree,FFree,FFree,FFree,FFree,FFree,FFree,FFree,FFree,FFree,FFree,FFree,FFree,FFree,FFree,FFree,FFree,FFree,FFree,FFree,FFree,FFree,FFree,FFree,FFree,FFree,FFree,FFree,FFree,FFree,FFree,FFree,FFree,FFree,FFree,FFree,FFree,FFree,FFree,FFree,FFree,FFree,FFree,FFree,FFree,FFree,FFree,FFree,FFree,FFree,FFree,FFree,FFree,FFree,FFree,FFree,FFree,FFree,FFree,FFree,FFree,FFree,FFree,FFree,FFree,FFree,FFree,,,,,,,,,,
SPS 312,FFree,FFree,FFree,FFree,FFree,FFree,FFree,FFree,FFree,FFree,FFree,FFree,,,,,,,,,,,,,,,,,,,,,,,,,,,,,,,,,,,,,,,,,,,,,,,,,,,,,,,,,,,,,,,,,,,,,,
SPS 315,FFree,FFree,FFree,FFree,FFree,FFree,FFree,FFree,FFree,FFree,FFree,FFree,FFree,FFree,FFree,FFree,FFree,FFree,FFree,FFree,FFree,FFree,FFree,FFree,FFree,FFree,FFree,FFree,FFree,FFree,FFree,FFree,FFree,FFree,FFree,FFree,FFree,FFree,FFree,FFree,FFree,FFree,FFree,FFree,FFree,FFree,FFree,FFree,FFree,,,,,,,,,,,,,,,,,,,,,,,,,,,,,,,,,
SPS 320,FFree,FFree,FFree,FFree,FFree,FFree,FFree,FFree,FFree,FFree,FFree,FFree,FFree,FFree,FFree,FFree,FFree,FFree,FFree,FFree,FFree,FFree,FFree,FFree,FFree,,,,,,,,,,,,,,,,,,,,,,,,,,,,,,,,,,,,,,,,,,,,,,,,,,,,,,,,,
SPS 322,FFree,FFree,FFree,FFree,FFree,FFree,FFree,FFree,FFree,FFree,FFree,FFree,FFree,FFree,FFree,FFree,FFree,FFree,FFree,FFree,FFree,FFree,FFree,FFree,FFree,FFree,FFree,FFree,FFree,FFree,FFree,FFree,FFree,FFree,FFree,FFree,FFree,FFree,FFree,FFree,FFree,FFree,FFree,FFree,FFree,,,,,,,,,,,,,,,,,,,,,,,,,,,,,,,,,,,,,
SPS 325,FFree,FFree,FFree,FFree,FFree,FFree,FFree,FFree,FFree,FFree,FFree,FFree,FFree,FFree,FFree,FFree,FFree,FFree,FFree,FFree,FFree,FFree,FFree,FFree,FFree,FFree,FFree,FFree,FFree,FFree,FFree,FFree,FFree,FFree,FFree,FFree,,,,,,,,,,,,,,,,,,,,,,,,,,,,,,,,,,,,,,,,,,,,,,
SPS 374,FFree,FFree,FFree,FFree,FFree,FFree,FFree,FFree,FFree,FFree,FFree,FFree,FFree,FFree,FFree,FFree,FFree,FFree,FFree,FFree,FFree,FFree,FFree,FFree,FFree,FFree,FFree,FFree,FFree,FFree,FFree,FFree,FFree,FFree,FFree,FFree,FFree,FFree,FFree,FFree,FFree,FFree,FFree,FFree,FFree,FFree,FFree,FFree,FFree,FFree,FFree,FFree,FFree,FFree,FFree,FFree,FFree,FFree,FFree,FFree,FFree,FFree,FFree,FFree,FFree,FFree,FFree,FFree,FFree,FFree,FFree,FFree,FFree,FFree,FFree,FFree,FFree,FFree,FFree,FFree,FFree,FFree
SPS 384,FFree,FFree,FFree,FFree,FFree,FFree,FFree,FFree,FFree,FFree,FFree,FFree,FFree,FFree,FFree,FFree,FFree,FFree,FFree,FFree,FFree,FFree,FFree,FFree,FFree,FFree,FFree,FFree,FFree,FFree,FFree,FFree,FFree,FFree,FFree,FFree,FFree,FFree,FFree,FFree,FFree,FFree,FFree,FFree,FFree,FFree,FFree,FFree,FFree,FFree,FFree,FFree,FFree,FFree,FFree,FFree,FFree,FFree,FFree,FFree,FFree,FFree,FFree,FFree,FFree,FFree,FFree,FFree,FFree,FFree,FFree,FFree,FFree,FFree,FFree,FFree,FFree,FFree,FFree,FFree,FFree,FFree
SPS 394,FFree,FFree,FFree,FFree,FFree,FFree,FFree,FFree,FFree,FFree,FFree,FFree,FFree,FFree,FFree,FFree,FFree,FFree,FFree,FFree,FFree,FFree,FFree,FFree,FFree,FFree,FFree,FFree,FFree,FFree,FFree,FFree,FFree,FFree,FFree,FFree,FFree,FFree,FFree,FFree,FFree,FFree,FFree,FFree,FFree,FFree,FFree,FFree,FFree,FFree,FFree,FFree,FFree,FFree,FFree,FFree,FFree,FFree,FFree,FFree,FFree,FFree,FFree,FFree,FFree,FFree,FFree,FFree,FFree,FFree,FFree,FFree,FFree,FFree,FFree,FFree,FFree,FFree,FFree,FFree,FFree,FFree
SPS 399,FFree,FFree,FFree,FFree,FFree,FFree,FFree,FFree,FFree,FFree,FFree,FFree,FFree,FFree,FFree,FFree,FFree,FFree,FFree,FFree,FFree,FFree,FFree,FFree,FFree,FFree,FFree,FFree,FFree,FFree,FFree,FFree,FFree,FFree,FFree,FFree,FFree,FFree,FFree,FFree,FFree,FFree,FFree,FFree,FFree,FFree,FFree,FFree,,,,,,,,,,,,,,,,,,,,,,,,,,,,,,,,,,
SPS 404,FFree,FFree,FFree,FFree,FFree,FFree,FFree,FFree,FFree,FFree,FFree,FFree,FFree,FFree,FFree,FFree,FFree,FFree,FFree,FFree,FFree,FFree,FFree,FFree,FFree,FFree,FFree,FFree,FFree,FFree,FFree,FFree,FFree,FFree,FFree,FFree,FFree,FFree,FFree,FFree,FFree,FFree,FFree,FFree,FFree,FFree,FFree,FFree,FFree,FFree,FFree,FFree,FFree,FFree,FFree,FFree,FFree,FFree,FFree,FFree,FFree,FFree,FFree,FFree,FFree,FFree,FFree,FFree,FFree,FFree,FFree,FFree,FFree,FFree,FFree,FFree,FFree,FFree,FFree,FFree,FFree,FFree
SPS 442,FFree,FFree,FFree,FFree,FFree,FFree,FFree,FFree,FFree,FFree,FFree,FFree,FFree,FFree,FFree,FFree,FFree,FFree,FFree,FFree,FFree,FFree,FFree,FFree,FFree,FFree,FFree,FFree,FFree,FFree,FFree,FFree,FFree,FFree,FFree,FFree,FFree,FFree,FFree,FFree,FFree,FFree,FFree,FFree,FFree,,,,,,,,,,,,,,,,,,,,,,,,,,,,,,,,,,,,,
SPS 452,FFree,FFree,FFree,FFree,FFree,FFree,FFree,FFree,FFree,FFree,FFree,FFree,FFree,FFree,FFree,FFree,FFree,FFree,FFree,FFree,FFree,FFree,FFree,FFree,FFree,FFree,FFree,FFree,FFree,FFree,,,,,,,,,,,,,,,,,,,,,,,,,,,,,,,,,,,,,,,,,,,,,,,,,,,,
SPS 485,FFree,FFree,FFree,FFree,FFree,FFree,FFree,FFree,FFree,FFree,FFree,FFree,FFree,FFree,FFree,FFree,FFree,FFree,FFree,FFree,FFree,FFree,FFree,FFree,FFree,FFree,FFree,,,,,,,,,,,,,,,,,,,,,,,,,,,,,,,,,,,,,,,,,,,,,,,,,,,,,,,
TDP 101,FFree,FFree,FFree,FFree,FFree,FFree,,,,,,,,,,,,,,,,,,,,,,,,,,,,,,,,,,,,,,,,,,,,,,,,,,,,,,,,,,,,,,,,,,,,,,,,,,,,
TDP 102,FFree,FFree,FFree,FFree,FFree,FFree,,,,,,,,,,,,,,,,,,,,,,,,,,,,,,,,,,,,,,,,,,,,,,,,,,,,,,,,,,,,,,,,,,,,,,,,,,,,
TDP 201,FFree,FFree,FFree,FFree,FFree,FFree,,,,,,,,,,,,,,,,,,,,,,,,,,,,,,,,,,,,,,,,,,,,,,,,,,,,,,,,,,,,,,,,,,,,,,,,,,,,
TDP 202,FFree,FFree,FFree,FFree,FFree,FFree,,,,,,,,,,,,,,,,,,,,,,,,,,,,,,,,,,,,,,,,,,,,,,,,,,,,,,,,,,,,,,,,,,,,,,,,,,,,
TE 202,FFree,FFree,FFree,FFree,FFree,FFree,FFree,FFree,FFree,FFree,FFree,FFree,FFree,FFree,FFree,,,,,,,,,,,,,,,,,,,,,,,,,,,,,,,,,,,,,,,,,,,,,,,,,,,,,,,,,,,,,,,,,,,
TE 212,FFree,FFree,FFree,FFree,FFree,FFree,FFree,FFree,FFree,FFree,FFree,FFree,FFree,FFree,FFree,FFree,FFree,FFree,FFree,FFree,FFree,,,,,,,,,,,,,,,,,,,,,,,,,,,,,,,,,,,,,,,,,,,,,,,,,,,,,,,,,,,,,
TE 301,FFree,FFree,FFree,FFree,FFree,FFree,FFree,FFree,FFree,FFree,FFree,FFree,FFree,FFree,FFree,FFree,FFree,FFree,FFree,FFree,FFree,FFree,FFree,FFree,FFree,FFree,FFree,FFree,FFree,FFree,FFree,FFree,FFree,FFree,FFree,FFree,FFree,FFree,FFree,FFree,FFree,FFree,FFree,FFree,FFree,FFree,FFree,FFree,,,,,,,,,,,,,,,,,,,,,,,,,,,,,,,,,,
TE 302,FFree,FFree,FFree,FFree,FFree,FFree,FFree,FFree,FFree,FFree,FFree,FFree,FFree,FFree,FFree,FFree,FFree,FFree,FFree,FFree,FFree,FFree,FFree,FFree,FFree,FFree,FFree,FFree,FFree,FFree,FFree,FFree,FFree,FFree,FFree,FFree,FFree,FFree,FFree,FFree,FFree,FFree,FFree,FFree,FFree,FFree,FFree,FFree,,,,,,,,,,,,,,,,,,,,,,,,,,,,,,,,,,
TE 303,FFree,FFree,FFree,FFree,FFree,FFree,FFree,FFree,FFree,FFree,FFree,FFree,FFree,FFree,FFree,FFree,FFree,FFree,FFree,FFree,FFree,FFree,FFree,FFree,FFree,FFree,FFree,FFree,FFree,FFree,FFree,FFree,FFree,FFree,FFree,FFree,FFree,FFree,FFree,FFree,FFree,FFree,FFree,FFree,FFree,FFree,FFree,FFree,,,,,,,,,,,,,,,,,,,,,,,,,,,,,,,,,,
TE 304,FFree,FFree,FFree,FFree,FFree,FFree,FFree,FFree,FFree,FFree,FFree,FFree,FFree,FFree,FFree,FFree,FFree,FFree,FFree,FFree,FFree,FFree,FFree,FFree,FFree,FFree,FFree,FFree,FFree,FFree,FFree,FFree,FFree,FFree,FFree,FFree,FFree,FFree,FFree,FFree,FFree,FFree,FFree,FFree,FFree,FFree,FFree,FFree,,,,,,,,,,,,,,,,,,,,,,,,,,,,,,,,,,
TE 305,FFree,FFree,FFree,FFree,FFree,FFree,FFree,FFree,FFree,FFree,FFree,FFree,FFree,FFree,FFree,FFree,FFree,FFree,FFree,FFree,FFree,FFree,FFree,FFree,FFree,FFree,FFree,FFree,FFree,FFree,FFree,FFree,FFree,FFree,FFree,FFree,FFree,FFree,FFree,FFree,FFree,FFree,FFree,FFree,FFree,FFree,FFree,FFree,,,,,,,,,,,,,,,,,,,,,,,,,,,,,,,,,,
TE 401,FFree,FFree,FFree,FFree,FFree,FFree,FFree,FFree,FFree,FFree,FFree,FFree,FFree,FFree,FFree,FFree,FFree,FFree,FFree,FFree,FFree,FFree,FFree,FFree,FFree,FFree,FFree,FFree,FFree,FFree,FFree,FFree,FFree,FFree,FFree,FFree,FFree,FFree,FFree,FFree,FFree,FFree,FFree,FFree,FFree,FFree,FFree,FFree,,,,,,,,,,,,,,,,,,,,,,,,,,,,,,,,,,
TE 402,FFree,FFree,FFree,FFree,FFree,FFree,FFree,FFree,FFree,FFree,FFree,FFree,FFree,FFree,FFree,FFree,FFree,FFree,FFree,FFree,FFree,FFree,FFree,FFree,FFree,FFree,FFree,FFree,FFree,FFree,FFree,FFree,FFree,FFree,FFree,FFree,FFree,FFree,FFree,FFree,FFree,FFree,FFree,FFree,FFree,FFree,FFree,FFree,,,,,,,,,,,,,,,,,,,,,,,,,,,,,,,,,,
TE 404,FFree,FFree,FFree,FFree,FFree,FFree,FFree,FFree,FFree,FFree,FFree,FFree,FFree,FFree,FFree,FFree,FFree,FFree,FFree,FFree,FFree,FFree,FFree,FFree,FFree,FFree,FFree,FFree,FFree,FFree,FFree,FFree,FFree,FFree,FFree,FFree,FFree,FFree,FFree,FFree,FFree,FFree,FFree,FFree,FFree,FFree,FFree,FFree,,,,,,,,,,,,,,,,,,,,,,,,,,,,,,,,,,
TE 405,FFree,FFree,FFree,FFree,FFree,FFree,FFree,FFree,FFree,FFree,FFree,FFree,FFree,FFree,FFree,FFree,FFree,FFree,FFree,FFree,FFree,FFree,FFree,FFree,FFree,FFree,FFree,FFree,FFree,FFree,FFree,FFree,FFree,FFree,FFree,FFree,FFree,FFree,FFree,FFree,FFree,FFree,FFree,FFree,FFree,FFree,FFree,FFree,,,,,,,,,,,,,,,,,,,,,,,,,,,,,,,,,,
TE 407,FFree,FFree,FFree,FFree,FFree,FFree,FFree,FFree,FFree,FFree,FFree,FFree,FFree,FFree,FFree,FFree,FFree,FFree,FFree,FFree,FFree,FFree,FFree,FFree,FFree,FFree,FFree,FFree,FFree,FFree,FFree,FFree,FFree,FFree,FFree,FFree,FFree,FFree,FFree,FFree,FFree,FFree,FFree,FFree,FFree,FFree,FFree,FFree,,,,,,,,,,,,,,,,,,,,,,,,,,,,,,,,,,
TE 409,FFree,FFree,FFree,FFree,FFree,FFree,FFree,FFree,FFree,FFree,FFree,FFree,FFree,FFree,FFree,FFree,FFree,FFree,FFree,FFree,FFree,FFree,FFree,FFree,FFree,FFree,FFree,FFree,FFree,FFree,FFree,FFree,FFree,FFree,FFree,FFree,FFree,FFree,FFree,FFree,FFree,FFree,FFree,FFree,FFree,FFree,FFree,FFree,,,,,,,,,,,,,,,,,,,,,,,,,,,,,,,,,,
TE 410,FFree,FFree,FFree,FFree,FFree,FFree,FFree,FFree,FFree,FFree,FFree,FFree,FFree,FFree,FFree,FFree,FFree,FFree,FFree,FFree,FFree,FFree,FFree,FFree,FFree,FFree,FFree,FFree,FFree,FFree,FFree,FFree,FFree,FFree,FFree,FFree,FFree,FFree,FFree,FFree,FFree,FFree,FFree,FFree,FFree,FFree,FFree,FFree,,,,,,,,,,,,,,,,,,,,,,,,,,,,,,,,,,
TE 412,FFree,FFree,FFree,FFree,FFree,FFree,FFree,FFree,FFree,FFree,FFree,FFree,FFree,FFree,FFree,FFree,FFree,FFree,FFree,FFree,FFree,FFree,FFree,FFree,FFree,FFree,FFree,FFree,FFree,FFree,FFree,FFree,FFree,FFree,FFree,FFree,FFree,FFree,FFree,FFree,FFree,FFree,FFree,FFree,FFree,FFree,FFree,FFree,,,,,,,,,,,,,,,,,,,,,,,,,,,,,,,,,,
TE 480,FFree,FFree,FFree,FFree,FFree,FFree,FFree,FFree,FFree,FFree,FFree,FFree,FFree,FFree,FFree,FFree,FFree,FFree,FFree,FFree,FFree,FFree,FFree,FFree,FFree,FFree,FFree,FFree,FFree,FFree,FFree,FFree,FFree,FFree,FFree,FFree,FFree,FFree,FFree,FFree,FFree,FFree,FFree,FFree,FFree,FFree,FFree,FFree,,,,,,,,,,,,,,,,,,,,,,,,,,,,,,,,,,
TLL 001,FFree,FFree,FFree,FFree,FFree,FFree,FFree,FFree,FFree,FFree,FFree,FFree,FFree,FFree,FFree,FFree,FFree,FFree,FFree,FFree,FFree,FFree,FFree,FFree,FFree,FFree,FFree,FFree,FFree,FFree,FFree,FFree,FFree,FFree,FFree,FFree,FFree,FFree,FFree,FFree,FFree,FFree,FFree,FFree,FFree,FFree,FFree,FFree,FFree,FFree,FFree,FFree,FFree,FFree,FFree,FFree,FFree,FFree,FFree,FFree,FFree,FFree,FFree,FFree,FFree,FFree,FFree,FFree,FFree,FFree,FFree,FFree,FFree,FFree,FFree,FFree,FFree,FFree,FFree,FFree,FFree,FFree
TLL 110,FFree,FFree,FFree,FFree,FFree,FFree,FFree,FFree,FFree,FFree,FFree,FFree,FFree,FFree,FFree,FFree,FFree,FFree,FFree,FFree,FFree,FFree,FFree,FFree,FFree,FFree,FFree,FFree,FFree,FFree,FFree,FFree,FFree,FFree,FFree,FFree,FFree,FFree,FFree,FFree,FFree,FFree,FFree,FFree,FFree,FFree,FFree,FFree,FFree,FFree,FFree,FFree,FFree,FFree,FFree,FFree,FFree,FFree,FFree,FFree,FFree,FFree,FFree,FFree,FFree,,,,,,,,,,,,,,,,,
TLL 120,FFree,FFree,FFree,FFree,FFree,FFree,FFree,FFree,FFree,FFree,FFree,FFree,FFree,FFree,FFree,FFree,FFree,FFree,FFree,FFree,FFree,FFree,FFree,FFree,FFree,FFree,FFree,FFree,FFree,FFree,FFree,FFree,FFree,FFree,FFree,FFree,FFree,FFree,FFree,FFree,FFree,FFree,FFree,FFree,FFree,FFree,FFree,FFree,FFree,FFree,FFree,FFree,FFree,FFree,FFree,FFree,FFree,,,,,,,,,,,,,,,,,,,,,,,,,
TLL 130,FFree,FFree,FFree,FFree,FFree,FFree,FFree,FFree,FFree,FFree,FFree,FFree,FFree,FFree,FFree,FFree,FFree,FFree,FFree,FFree,FFree,FFree,FFree,FFree,FFree,FFree,FFree,FFree,FFree,FFree,FFree,FFree,FFree,FFree,FFree,FFree,FFree,FFree,FFree,FFree,FFree,FFree,FFree,FFree,FFree,FFree,FFree,FFree,FFree,FFree,FFree,FFree,FFree,FFree,FFree,FFree,FFree,FFree,FFree,FFree,FFree,FFree,FFree,FFree,FFree,,,,,,,,,,,,,,,,,
TLL 140,FFree,FFree,FFree,FFree,FFree,FFree,FFree,FFree,FFree,FFree,FFree,FFree,FFree,FFree,FFree,FFree,FFree,FFree,FFree,FFree,FFree,FFree,FFree,FFree,FFree,FFree,FFree,FFree,FFree,FFree,FFree,FFree,FFree,FFree,FFree,FFree,FFree,FFree,FFree,FFree,FFree,FFree,FFree,FFree,FFree,FFree,FFree,FFree,FFree,FFree,FFree,FFree,FFree,FFree,FFree,FFree,FFree,,,,,,,,,,,,,,,,,,,,,,,,,
TLL 150,FFree,FFree,FFree,FFree,FFree,FFree,FFree,FFree,FFree,FFree,FFree,FFree,FFree,FFree,FFree,FFree,FFree,FFree,FFree,FFree,FFree,FFree,FFree,FFree,FFree,FFree,FFree,FFree,FFree,FFree,FFree,FFree,FFree,FFree,FFree,FFree,FFree,FFree,FFree,FFree,FFree,FFree,FFree,FFree,FFree,FFree,FFree,FFree,FFree,FFree,FFree,FFree,FFree,FFree,FFree,FFree,FFree,FFree,FFree,FFree,FFree,FFree,FFree,FFree,FFree,,,,,,,,,,,,,,,,,
TLL 301,FFree,FFree,FFree,FFree,FFree,FFree,FFree,FFree,FFree,FFree,FFree,FFree,FFree,FFree,FFree,FFree,FFree,FFree,FFree,FFree,FFree,FFree,FFree,FFree,FFree,FFree,FFree,FFree,FFree,FFree,FFree,FFree,FFree,FFree,FFree,FFree,FFree,FFree,FFree,FFree,FFree,FFree,,,,,,,,,,,,,,,,,,,,,,,,,,,,,,,,,,,,,,,,
TLL 302,FFree,FFree,FFree,FFree,FFree,FFree,FFree,FFree,FFree,FFree,FFree,FFree,FFree,FFree,FFree,FFree,FFree,FFree,FFree,FFree,FFree,FFree,FFree,FFree,FFree,FFree,FFree,FFree,FFree,FFree,FFree,FFree,FFree,FFree,FFree,FFree,FFree,FFree,FFree,FFree,FFree,FFree,,,,,,,,,,,,,,,,,,,,,,,,,,,,,,,,,,,,,,,,
TLL 303,FFree,FFree,FFree,FFree,FFree,FFree,FFree,FFree,FFree,FFree,FFree,FFree,FFree,FFree,FFree,FFree,FFree,FFree,FFree,FFree,FFree,FFree,FFree,FFree,FFree,FFree,FFree,FFree,FFree,FFree,FFree,FFree,FFree,FFree,FFree,FFree,FFree,FFree,FFree,FFree,FFree,FFree,,,,,,,,,,,,,,,,,,,,,,,,,,,,,,,,,,,,,,,,
TS 320,FFree,FFree,FFree,FFree,FFree,FFree,FFree,FFree,FFree,FFree,FFree,FFree,FFree,FFree,FFree,FFree,FFree,FFree,FFree,FFree,FFree,FFree,FFree,FFree,FFree,FFree,FFree,FFree,FFree,FFree,FFree,FFree,FFree,FFree,FFree,FFree,FFree,FFree,FFree,FFree,FFree,FFree,FFree,FFree,FFree,FFree,FFree,FFree,FFree,FFree,FFree,FFree,FFree,FFree,FFree,FFree,FFree,FFree,FFree,FFree,FFree,FFree,FFree,FFree,FFree,FFree,FFree,FFree,FFree,FFree,FFree,FFree,FFree,FFree,FFree,FFree,FFree,FFree,FFree,FFree,FFree,FFree
TUR 101,FFree,FFree,FFree,FFree,FFree,FFree,FFree,FFree,FFree,FFree,FFree,FFree,FFree,FFree,FFree,FFree,FFree,FFree,FFree,FFree,FFree,FFree,FFree,FFree,FFree,FFree,FFree,FFree,FFree,FFree,FFree,FFree,FFree,FFree,FFree,FFree,FFree,FFree,FFree,FFree,FFree,FFree,FFree,FFree,FFree,FFree,FFree,FFree,FFree,FFree,FFree,FFree,FFree,FFree,FFree,FFree,FFree,FFree,FFree,FFree,FFree,FFree,FFree,FFree,FFree,FFree,FFree,FFree,FFree,FFree,FFree,FFree,FFree,FFree,FFree,FFree,FFree,FFree,FFree,FFree,FFree,FFree
TUR 102,FFree,FFree,FFree,FFree,FFree,FFree,FFree,FFree,FFree,FFree,FFree,FFree,FFree,FFree,FFree,FFree,FFree,FFree,FFree,FFree,FFree,FFree,FFree,FFree,FFree,FFree,FFree,FFree,FFree,FFree,FFree,FFree,FFree,FFree,FFree,FFree,FFree,FFree,FFree,FFree,FFree,FFree,FFree,FFree,FFree,FFree,FFree,FFree,FFree,FFree,FFree,FFree,FFree,FFree,FFree,FFree,FFree,FFree,FFree,FFree,FFree,FFree,FFree,FFree,FFree,FFree,FFree,FFree,FFree,FFree,FFree,FFree,FFree,FFree,FFree,FFree,FFree,FFree,FFree,FFree,FFree,FFree
TUR 201,FFree,FFree,FFree,FFree,FFree,FFree,FFree,FFree,FFree,FFree,FFree,FFree,FFree,FFree,FFree,FFree,FFree,FFree,FFree,FFree,FFree,FFree,FFree,FFree,FFree,FFree,FFree,FFree,FFree,FFree,FFree,FFree,FFree,FFree,FFree,FFree,FFree,FFree,FFree,FFree,FFree,FFree,FFree,FFree,FFree,FFree,FFree,FFree,FFree,FFree,FFree,FFree,FFree,FFree,FFree,FFree,FFree,FFree,FFree,FFree,FFree,FFree,FFree,FFree,FFree,FFree,FFree,FFree,FFree,FFree,FFree,FFree,FFree,FFree,FFree,FFree,FFree,FFree,FFree,FFree,FFree,FFree
TUR 202,FFree,FFree,FFree,FFree,FFree,FFree,FFree,FFree,FFree,FFree,FFree,FFree,FFree,FFree,FFree,FFree,FFree,FFree,FFree,FFree,FFree,FFree,FFree,FFree,FFree,FFree,FFree,FFree,FFree,FFree,FFree,FFree,FFree,FFree,FFree,FFree,FFree,FFree,FFree,FFree,FFree,FFree,FFree,FFree,FFree,FFree,FFree,FFree,FFree,FFree,FFree,FFree,FFree,FFree,FFree,FFree,,,,,,,,,,,,,,,,,,,,,,,,,,
TUR 403,FFree,FFree,FFree,FFree,FFree,FFree,FFree,FFree,FFree,FFree,FFree,FFree,FFree,FFree,FFree,FFree,FFree,FFree,FFree,FFree,FFree,FFree,FFree,FFree,FFree,FFree,FFree,FFree,FFree,FFree,FFree,FFree,FFree,FFree,FFree,FFree,FFree,FFree,FFree,FFree,FFree,FFree,FFree,FFree,FFree,FFree,FFree,FFree,FFree,FFree,FFree,FFree,FFree,FFree,FFree,FFree,FFree,FFree,,,,,,,,,,,,,,,,,,,,,,,,
TUR 404,FFree,FFree,FFree,FFree,FFree,FFree,FFree,FFree,FFree,FFree,FFree,FFree,FFree,FFree,FFree,FFree,FFree,FFree,FFree,FFree,FFree,FFree,FFree,FFree,FFree,FFree,FFree,FFree,FFree,FFree,FFree,FFree,FFree,FFree,FFree,FFree,FFree,FFree,FFree,FFree,FFree,FFree,FFree,FFree,FFree,FFree,FFree,FFree,FFree,FFree,FFree,FFree,FFree,FFree,FFree,FFree,FFree,FFree,FFree,,,,,,,,,,,,,,,,,,,,,,,
XM 490,FFree,FFree,FFree,FFree,FFree,FFree,FFree,FFree,FFree,FFree,FFree,FFree,FFree,FFree,FFree,FFree,FFree,FFree,FFree,FFree,FFree,FFree,FFree,FFree,FFree,FFree,FFree,FFree,FFree,FFree,FFree,FFree,FFree,FFree,FFree,FFree,FFree,FFree,FFree,FFree,FFree,FFree,FFree,FFree,FFree,FFree,FFree,FFree,FFree,FFree,FFree,FFree,FFree,FFree,FFree,FFree,FFree,FFree,FFree,FFree,FFree,FFree,FFree,FFree,FFree,FFree,FFree,FFree,FFree,FFree,FFree,FFree,FFree,FFree,FFree,FFree,FFree,FFree,FFree,FFree,FFree,FFree
ENG 103,D1st Year Foundation,,,,,,,,,,,,,,,,,,,,,,,,,,,,,,,,,,,,,,,,,,,,,,,,,,,,,,,,,,,,,,,,,,,,,,,,,,,,,,,,,
MJC 100,,,,,,,,,,,,,,,,,,,,,,,,,,,,,,,,,,,,,,,,D1st Year Foundation,D1st Year Foundation,D1st Year Foundation,D1st Year Foundation,D1st Year Foundation,D1st Year Foundation,D1st Year Foundation,D1st Year Foundation,D1st Year Foundation,D1st Year Foundation,D1st Year Foundation,D1st Year Foundation,D1st Year Foundation,D1st Year Foundation,D1st Year Foundation,,,,,,,,,,,,,,,,,,,,,,,,,,,,
PROJ 102,,,,,,,,,,,,,,,,,,,,,,,,,,,,,,,,,,,,,,,,,,,D1st Year Foundation,D1st Year Foundation,D1st Year Foundation,D1st Year Foundation,D1st Year Foundation,D1st Year Foundation,D1st Year Foundation,D1st Year Foundation,D1st Year Foundation,D1st Year Foundation,D1st Year Foundation,D1st Year Foundation,,,,,,,,,,,,,,,,,,,,,,,,,,,,
IF 100,,,,,,,,,,,,,,,,,,,,,,,,,,,,,,,,,,,,,,,,,,,,,,,,,,,,,,,D1st Year Foundation,D1st Year Foundation,D1st Year Foundation,D1st Year Foundation,D1st Year Foundation,D1st Year Foundation,D1st Year Foundation,D1st Year Foundation,D1st Year Foundation,D1st Year Foundation,D1st Year Foundation,D1st Year Foundation,D1st Year Foundation,D1st Year Foundation,D1st Year Foundation,D1st Year Foundation,D1st Year Foundation,D1st Year Foundation,D1st Year Foundation,D1st Year Foundation,D1st Year Foundation,D1st Year Foundation,D1st Year Foundation,D1st Year Foundation,D1st Year Foundation,D1st Year Foundation,D1st Year Foundation,D1st Year Foundation
CIP 101N,,,,,,,,,,,,,,,,,,,,,,,,,,,,,,,,,,,,,,,,,,,,,,,,,,,,,,,D1st Year Foundation,D1st Year Foundation,D1st Year Foundation,D1st Year Foundation,D1st Year Foundation,D1st Year Foundation,D1st Year Foundation,D1st Year Foundation,D1st Year Foundation,D1st Year Foundation,D1st Year Foundation,D1st Year Foundation,D1st Year Foundation,D1st Year Foundation,D1st Year Foundation,D1st Year Foundation,D1st Year Foundation,D1st Year Foundation,D1st Year Foundation,D1st Year Foundation,D1st Year Foundation,D1st Year Foundation,D1st Year Foundation,D1st Year Foundation,D1st Year Foundation,D1st Year Foundation,D1st Year Foundation,D1st Year Foundation
AL 102,,,,,,,,,,,,,,,,,,,,,,,,,,,,,,,,,,,,,,,,,,,,,,,,,,,,,,,D1st Year Foundation,D1st Year Foundation,D1st Year Foundation,D1st Year Foundation,D1st Year Foundation,D1st Year Foundation,D1st Year Foundation,D1st Year Foundation,D1st Year Foundation,D1st Year Foundation,D1st Year Foundation,D1st Year Foundation,D1st Year Foundation,D1st Year Foundation,D1st Year Foundation,D1st Year Foundation,D1st Year Foundation,D1st Year Foundation,D1st Year Foundation,D1st Year Foundation,D1st Year Foundation,D1st Year Foundation,D1st Year Foundation,D1st Year Foundation,D1st Year Foundation,D1st Year Foundation,D1st Year Foundation,D1st Year Foundation
PROJ 201,,,,,,,,,,,,,,,,,,,,,,,,,,,,,,,,,,,,,,,,,,,,,,,,,,,,,,,D1st Year Foundation,D1st Year Foundation,D1st Year Foundation,D1st Year Foundation,D1st Year Foundation,D1st Year Foundation,D1st Year Foundation,D1st Year Foundation,D1st Year Foundation,D1st Year Foundation,D1st Year Foundation,D1st Year Foundation,D1st Year Foundation,D1st Year Foundation,D1st Year Foundation,D1st Year Foundation,D1st Year Foundation,D1st Year Foundation,D1st Year Foundation,D1st Year Foundation,D1st Year Foundation,D1st Year Foundation,D1st Year Foundation,D1st Year Foundation,D1st Year Foundation,D1st Year Foundation,D1st Year Foundation,D1st Year Foundation