"Visual Arts and Visual Communications Design","201901","201902","201903","202001","202002","202003","202101","202102","202103","202201","202202","202203","202301","202302","202303","202401","202402","202403","202501","202502","202503","202601"
Requirement:facultyCourses,5,5,5,5,5,5,5,5,5,5,5,5,5,5,5,5,5,5,5,5,5,5
Requirement:credits,155,155,155,155,155,155,155,155,155,155,155,155,155,155,155,155,155,155,155,155,155,155
Requirement:ECTS,300,300,300,300,300,300,300,300,300,300,300,300,300,300,300,300,300,300,300,300,300,300
IF 100,DFoundationally Required,DFoundationally Required,DFoundationally Required,DFoundationally Required,DFoundationally Required,DFoundationally Required,DFoundationally Required,DFoundationally Required,DFoundationally Required,DFoundationally Required,DFoundationally Required,DFoundationally Required,DFoundationally Required,DFoundationally Required,DFoundationally Required,DFoundationally Required,DFoundationally Required,DFoundationally Required,DFoundationally Required,DFoundationally Required,DFoundationally Required,DFoundationally Required
MATH 101,DFoundationally Required,DFoundationally Required,DFoundationally Required,DFoundationally Required,DFoundationally Required,DFoundationally Required,DFoundationally Required,DFoundationally Required,DFoundationally Required,DFoundationally Required,DFoundationally Required,DFoundationally Required,DFoundationally Required,DFoundationally Required,DFoundationally Required,DFoundationally Required,DFoundationally Required,DFoundationally Required,DFoundationally Required,DFoundationally Required,DFoundationally Required,DFoundationally Required
CIP 101N,DFoundationally Required,DFoundationally Required,DFoundationally Required,DFoundationally Required,DFoundationally Required,DFoundationally Required,DFoundationally Required,DFoundationally Required,DFoundationally Required,DFoundationally Required,DFoundationally Required,DFoundationally Required,DFoundationally Required,DFoundationally Required,DFoundationally Required,DFoundationally Required,DFoundationally Required,DFoundationally Required,DFoundationally Required,DFoundationally Required,DFoundationally Required,DFoundationally Required
NS 101,DFoundationally Required,DFoundationally Required,DFoundationally Required,DFoundationally Required,DFoundationally Required,DFoundationally Required,DFoundationally Required,DFoundationally Required,DFoundationally Required,DFoundationally Required,DFoundationally Required,DFoundationally Required,DFoundationally Required,DFoundationally Required,DFoundationally Required,DFoundationally Required,DFoundationally Required,DFoundationally Required,DFoundationally Required,DFoundationally Required,DFoundationally Required,DFoundationally Required
SPS 101,DFoundationally Required,DFoundationally Required,DFoundationally Required,DFoundationally Required,DFoundationally Required,DFoundationally Required,DFoundationally Required,DFoundationally Required,DFoundationally Required,DFoundationally Required,DFoundationally Required,DFoundationally Required,DFoundationally Required,DFoundationally Required,DFoundationally Required,DFoundationally Required,DFoundationally Required,DFoundationally Required,DFoundationally Required,DFoundationally Required,DFoundationally Required,DFoundationally Required
TLL 101,DFoundationally Required,DFoundationally Required,DFoundationally Required,DFoundationally Required,DFoundationally Required,DFoundationally Required,DFoundationally Required,DFoundationally Required,DFoundationally Required,DFoundationally Required,DFoundationally Required,DFoundationally Required,DFoundationally Required,DFoundationally Required,DFoundationally Required,DFoundationally Required,DFoundationally Required,DFoundationally Required,DFoundationally Required,DFoundationally Required,DFoundationally Required,DFoundationally Required
AL 102,DFoundationally Required,DFoundationally Required,DFoundationally Required,DFoundationally Required,DFoundationally Required,DFoundationally Required,DFoundationally Required,DFoundationally Required,DFoundationally Required,DFoundationally Required,DFoundationally Required,DFoundationally Required,DFoundationally Required,DFoundationally Required,DFoundationally Required,DFoundationally Required,DFoundationally Required,DFoundationally Required,DFoundationally Required,DFoundationally Required,DFoundationally Required,DFoundationally Required
MATH 102,DFoundationally Required,DFoundationally Required,DFoundationally Required,DFoundationally Required,DFoundationally Required,DFoundationally Required,DFoundationally Required,DFoundationally Required,DFoundationally Required,DFoundationally Required,DFoundationally Required,DFoundationally Required,DFoundationally Required,DFoundationally Required,DFoundationally Required,DFoundationally Required,DFoundationally Required,DFoundationally Required,DFoundationally Required,DFoundationally Required,DFoundationally Required,DFoundationally Required
NS 102,DFoundationally Required,DFoundationally Required,DFoundationally Required,DFoundationally Required,DFoundationally Required,DFoundationally Required,DFoundationally Required,DFoundationally Required,DFoundationally Required,DFoundationally Required,DFoundationally Required,DFoundationally Required,DFoundationally Required,DFoundationally Required,DFoundationally Required,DFoundationally Required,DFoundationally Required,DFoundationally Required,DFoundationally Required,DFoundationally Required,DFoundationally Required,DFoundationally Required
SPS 102,DFoundationally Required,DFoundationally Required,DFoundationally Required,DFoundationally Required,DFoundationally Required,DFoundationally Required,DFoundationally Required,DFoundationally Required,DFoundationally Required,DFoundationally Required,DFoundationally Required,DFoundationally Required,DFoundationally Required,DFoundationally Required,DFoundationally Required,DFoundationally Required,DFoundationally Required,DFoundationally Required,DFoundationally Required,DFoundationally Required,DFoundationally Required,DFoundationally Required
TLL 102,DFoundationally Required,DFoundationally Required,DFoundationally Required,DFoundationally Required,DFoundationally Required,DFoundationally Required,DFoundationally Required,DFoundationally Required,DFoundationally Required,DFoundationally Required,DFoundationally Required,DFoundationally Required,DFoundationally Required,DFoundationally Required,DFoundationally Required,DFoundationally Required,DFoundationally Required,DFoundationally Required,DFoundationally Required,DFoundationally Required,DFoundationally Required,DFoundationally Required
HIST 191,DFoundationally Required,DFoundationally Required,DFoundationally Required,DFoundationally Required,DFoundationally Required,DFoundationally Required,DFoundationally Required,DFoundationally Required,DFoundationally Required,DFoundationally Required,DFoundationally Required,DFoundationally Required,DFoundationally Required,DFoundationally Required,DFoundationally Required,DFoundationally Required,DFoundationally Required,DFoundationally Required,DFoundationally Required,DFoundationally Required,DFoundationally Required,DFoundationally Required
HIST 192,DFoundationally Required,DFoundationally Required,DFoundationally Required,DFoundationally Required,DFoundationally Required,DFoundationally Required,DFoundationally Required,DFoundationally Required,DFoundationally Required,DFoundationally Required,DFoundationally Required,DFoundationally Required,DFoundationally Required,DFoundationally Required,DFoundationally Required,DFoundationally Required,DFoundationally Required,DFoundationally Required,DFoundationally Required,DFoundationally Required,DFoundationally Required,DFoundationally Required
HUM 201,DFoundationally Required,DFoundationally Required,DFoundationally Required,DFoundationally Required,DFoundationally Required,DFoundationally Required,DFoundationally Required,DFoundationally Required,DFoundationally Required,DFoundationally Required,DFoundationally Required,DFoundationally Required,DFoundationally Required,DFoundationally Required,DFoundationally Required,DFoundationally Required,DFoundationally Required,DFoundationally Required,DFoundationally Required,DFoundationally Required,DFoundationally Required,DFoundationally Required
PROJ 201,DFoundationally Required,DFoundationally Required,DFoundationally Required,DFoundationally Required,DFoundationally Required,DFoundationally Required,DFoundationally Required,DFoundationally Required,DFoundationally Required,DFoundationally Required,DFoundationally Required,DFoundationally Required,DFoundationally Required,DFoundationally Required,DFoundationally Required,DFoundationally Required,DFoundationally Required,DFoundationally Required,DFoundationally Required,DFoundationally Required,DFoundationally Required,DFoundationally Required
HUM 202,DFoundationally Required,DFoundationally Required,DFoundationally Required,DFoundationally Required,DFoundationally Required,DFoundationally Required,DFoundationally Required,DFoundationally Required,DFoundationally Required,DFoundationally Required,DFoundationally Required,DFoundationally Required,DFoundationally Required,DFoundationally Required,DFoundationally Required,DFoundationally Required,DFoundationally Required,DFoundationally Required,DFoundationally Required,DFoundationally Required,DFoundationally Required,DFoundationally Required
HUM 203,DFoundationally Required,DFoundationally Required,DFoundationally Required,,,,,,,,,,,,,,,,,,,
HUM 204,DFoundationally Required,DFoundationally Required,DFoundationally Required,,,,,,,,,,,,,,,,,,,
HUM 206,DFoundationally Required,DFoundationally Required,DFoundationally Required,,,,,,,,,,,,,,,,,,,
HUM 207,DFoundationally Required,DFoundationally Required,DFoundationally Required,DFoundationally Required,DFoundationally Required,DFoundationally Required,DFoundationally Required,DFoundationally Required,DFoundationally Required,DFoundationally Required,DFoundationally Required,DFoundationally Required,DFoundationally Required,DFoundationally Required,DFoundationally Required,DFoundationally Required,DFoundationally Required,DFoundationally Required,DFoundationally Required,DFoundationally Required,DFoundationally Required,DFoundationally Required
HUM 211,DFoundationally Required,DFoundationally Required,DFoundationally Required,,,,,,,,,,,,,,,,,,,
HUM 212,DFoundationally Required,DFoundationally Required,DFoundationally Required,,,,,,,,,,,,,,,,,,,
HUM 214,DFoundationally Required,DFoundationally Required,DFoundationally Required,,,,,,,,,,,,,,,,,,,
HUM 221,DFoundationally Required,DFoundationally Required,DFoundationally Required,,,,,,,,,,,,,,,,,,,
HUM 224,DFoundationally Required,DFoundationally Required,DFoundationally Required,,,,,,,,,,,,,,,,,,,
HUM 231,DFoundationally Required,DFoundationally Required,DFoundationally Required,,,,,,,,,,,,,,,,,,,
HUM 232,DFoundationally Required,DFoundationally Required,DFoundationally Required,,,,,,,,,,,,,,,,,,,
HUM 241,DFoundationally Required,DFoundationally Required,DFoundationally Required,,,,,,,,,,,,,,,,,,,
HUM 261,DFoundationally Required,DFoundationally Required,DFoundationally Required,,,,,,,,,,,,,,,,,,,
HUM 271,DFoundationally Required,DFoundationally Required,DFoundationally Required,,,,,,,,,,,,,,,,,,,
SPS 303,DFoundationally Required,DFoundationally Required,DFoundationally Required,DFoundationally Required,DFoundationally Required,DFoundationally Required,DFoundationally Required,DFoundationally Required,DFoundationally Required,DFoundationally Required,DFoundationally Required,DFoundationally Required,DFoundationally Required,DFoundationally Required,DFoundationally Required,DFoundationally Required,DFoundationally Required,DFoundationally Required,DFoundationally Required,DFoundationally Required,DFoundationally Required,DFoundationally Required
HUM 304,DFoundationally Required,DFoundationally Required,DFoundationally Required,DFoundationally Required,DFoundationally Required,DFoundationally Required,DFoundationally Required,DFoundationally Required,DFoundationally Required,DFoundationally Required,DFoundationally Required,,,,,,,,,,,
HUM 311,DFoundationally Required,DFoundationally Required,DFoundationally Required,DFoundationally Required,DFoundationally Required,DFoundationally Required,DFoundationally Required,DFoundationally Required,DFoundationally Required,DFoundationally Required,DFoundationally Required,DFoundationally Required,DFoundationally Required,DFoundationally Required,DFoundationally Required,DFoundationally Required,DFoundationally Required,DFoundationally Required,DFoundationally Required,DFoundationally Required,DFoundationally Required,DFoundationally Required
HUM 312,DFoundationally Required,DFoundationally Required,DFoundationally Required,DFoundationally Required,DFoundationally Required,DFoundationally Required,DFoundationally Required,DFoundationally Required,DFoundationally Required,DFoundationally Required,DFoundationally Required,DFoundationally Required,DFoundationally Required,DFoundationally Required,DFoundationally Required,DFoundationally Required,DFoundationally Required,DFoundationally Required,DFoundationally Required,DFoundationally Required,DFoundationally Required,DFoundationally Required
HUM 317,DFoundationally Required,DFoundationally Required,DFoundationally Required,DFoundationally Required,DFoundationally Required,DFoundationally Required,DFoundationally Required,DFoundationally Required,DFoundationally Required,DFoundationally Required,DFoundationally Required,DFoundationally Required,DFoundationally Required,DFoundationally Required,DFoundationally Required,DFoundationally Required,DFoundationally Required,DFoundationally Required,DFoundationally Required,DFoundationally Required,DFoundationally Required,DFoundationally Required
HUM 321,DFoundationally Required,DFoundationally Required,DFoundationally Required,DFoundationally Required,DFoundationally Required,DFoundationally Required,DFoundationally Required,DFoundationally Required,DFoundationally Required,DFoundationally Required,DFoundationally Required,DFoundationally Required,DFoundationally Required,DFoundationally Required,DFoundationally Required,DFoundationally Required,DFoundationally Required,DFoundationally Required,DFoundationally Required,DFoundationally Required,DFoundationally Required,DFoundationally Required
HUM 322,DFoundationally Required,DFoundationally Required,DFoundationally Required,DFoundationally Required,DFoundationally Required,DFoundationally Required,DFoundationally Required,DFoundationally Required,DFoundationally Required,DFoundationally Required,DFoundationally Required,DFoundationally Required,DFoundationally Required,DFoundationally Required,DFoundationally Required,DFoundationally Required,DFoundationally Required,DFoundationally Required,DFoundationally Required,DFoundationally Required,DFoundationally Required,DFoundationally Required
HUM 324,DFoundationally Required,DFoundationally Required,DFoundationally Required,DFoundationally Required,DFoundationally Required,DFoundationally Required,DFoundationally Required,DFoundationally Required,DFoundationally Required,DFoundationally Required,DFoundationally Required,,,,,,,,,,,
HUM 371,DFoundationally Required,DFoundationally Required,DFoundationally Required,DFoundationally Required,DFoundationally Required,DFoundationally Required,DFoundationally Required,DFoundationally Required,DFoundationally Required,DFoundationally Required,DFoundationally Required,DFoundationally Required,DFoundationally Required,DFoundationally Required,DFoundationally Required,DFoundationally Required,DFoundationally Required,DFoundationally Required,DFoundationally Required,DFoundationally Required,DFoundationally Required,DFoundationally Required
PROJ 300,RRequired,RRequired,RRequired,RRequired,RRequired,RRequired,,,,,,,,,,,,,,,,
VA 201,RRequired:A,RRequired:A,RRequired:A,RRequired:A,RRequired:A,RRequired:A,RRequired:A,RRequired:A,RRequired:A,RRequired:A,RRequired:A,RRequired:A,RRequired:A,RRequired:A,RRequired:A,RRequired:A,RRequired:A,RRequired:A,RRequired:A,RRequired:A,RRequired:A,RRequired:A
VA 203,RRequired:A,RRequired:A,RRequired:A,RRequired:A,RRequired:A,RRequired:A,RRequired:A,RRequired:A,RRequired:A,RRequired:A,RRequired:A,RRequired:A,RRequired:A,RRequired:A,RRequired:A,RRequired:A,RRequired:A,RRequired:A,RRequired:A,RRequired:A,RRequired:A,RRequired:A
VA 300,RRequired,RRequired,RRequired,RRequired,RRequired,RRequired,RRequired,RRequired,RRequired,RRequired,RRequired,RRequired,RRequired,RRequired,RRequired,RRequired,RRequired,RRequired,RRequired,RRequired,RRequired,RRequired
VA 301,RRequired,RRequired,RRequired,RRequired,RRequired,RRequired,RRequired,RRequired,RRequired,RRequired,RRequired,RRequired,RRequired,RRequired,RRequired,RRequired,RRequired,RRequired,RRequired,RRequired,RRequired,RRequired
VA 303,RRequired,RRequired,RRequired,RRequired,RRequired,RRequired,RRequired,RRequired,RRequired,RRequired,RRequired,RRequired,RRequired,RRequired,RRequired,RRequired,RRequired,RRequired,RRequired,RRequired,RRequired,RRequired
VA 401,RRequired,RRequired,RRequired,RRequired,RRequired,RRequired,RRequired,RRequired,RRequired,RRequired,RRequired,RRequired,RRequired,RRequired,RRequired,RRequired,RRequired,RRequired,RRequired,RRequired,RRequired,RRequired
VA 403,RRequired,RRequired,RRequired,RRequired,RRequired,RRequired,RRequired,RRequired,RRequired,RRequired,RRequired,RRequired,RRequired,RRequired,RRequired,RRequired,RRequired,RRequired,RRequired,RRequired,RRequired,RRequired
HART 292,CCore 1:A,CCore 1:A,CCore 1:A,CCore 1:A,CCore 1:A,CCore 1:A,CCore 1:A,CCore 1:A,CCore 1:A,CCore 1:A,CCore 1:A,CCore 1:A,CCore 1:A,CCore 1:A,CCore 1:A,CCore 1:A,CCore 1:A,CCore 1:A,CCore 1:A,CCore 1:A,CCore 1:A,CCore 1:A
HART 293,CCore 1:A,CCore 1:A,CCore 1:A,CCore 1:A,CCore 1:A,CCore 1:A,CCore 1:A,CCore 1:A,CCore 1:A,CCore 1:A,CCore 1:A,CCore 1:A,CCore 1:A,CCore 1:A,CCore 1:A,CCore 1:A,CCore 1:A,CCore 1:A,CCore 1:A,CCore 1:A,CCore 1:A,CCore 1:A
HART 311,CCore 1:A,CCore 1:A,CCore 1:A,CCore 1:A,CCore 1:A,CCore 1:A,CCore 1:A,CCore 1:A,CCore 1:A,CCore 1:A,,,,,,,,,,,,
HART 380,CCore 1,CCore 1,CCore 1,CCore 1,CCore 1,CCore 1,CCore 1,CCore 1,CCore 1,CCore 1,CCore 1,CCore 1,CCore 1,CCore 1,CCore 1,,,,,,,
HART 392,CCore 1,CCore 1,CCore 1,CCore 1,CCore 1,CCore 1,CCore 1,CCore 1,CCore 1,CCore 1,CCore 1,CCore 1,CCore 1,CCore 1,,,,,,,,
HART 411,CCore 1,CCore 1,CCore 1,CCore 1,CCore 1,CCore 1,CCore 1,CCore 1,CCore 1,CCore 1,CCore 1,CCore 1,CCore 1,CCore 1,,,,,,,,
HART 413,CCore 1,CCore 1,CCore 1,CCore 1,CCore 1,CCore 1,CCore 1,CCore 1,CCore 1,CCore 1,CCore 1,CCore 1,CCore 1,CCore 1,CCore 1,CCore 1,CCore 1,CCore 1,CCore 1,CCore 1,CCore 1,CCore 1
HART 414,CCore 1,CCore 1,CCore 1,CCore 1,CCore 1,CCore 1,CCore 1,CCore 1,CCore 1,CCore 1,CCore 1,CCore 1,CCore 1,CCore 1,,,,,,,,
HART 426,CCore 1,CCore 1,CCore 1,CCore 1,CCore 1,CCore 1,CCore 1,CCore 1,CCore 1,CCore 1,CCore 1,CCore 1,CCore 1,CCore 1,CCore 1,CCore 1,CCore 1,CCore 1,CCore 1,CCore 1,CCore 1,CCore 1
HART 450,CCore 1,CCore 1,CCore 1,CCore 1,CCore 1,CCore 1,CCore 1,CCore 1,CCore 1,CCore 1,CCore 1,CCore 1,CCore 1,CCore 1,,,,,,,,
HART 480,CCore 1,CCore 1,CCore 1,CCore 1,CCore 1,CCore 1,CCore 1,CCore 1,CCore 1,CCore 1,CCore 1,CCore 1,CCore 1,CCore 1,,,,,,,,
PHIL 322,CCore 1,CCore 1,CCore 1,CCore 1,CCore 1,CCore 1,CCore 1,CCore 1,CCore 1,CCore 1,CCore 1,CCore 1,CCore 1,CCore 1,CCore 1,FFree,FFree,FFree,FFree,FFree,FFree,FFree
VA 315,CCore 1:A,CCore 1:A,CCore 1:A,CCore 1:A,CCore 1:A,CCore 1:A,CCore 1:A,CCore 1:A,CCore 1:A,CCore 1:A,CCore 1:A,CCore 1:A,CCore 1:A,CCore 1:A,CCore 1:A,CCore 1:A,CCore 1:A,CCore 1:A,CCore 1:A,CCore 1:A,CCore 1:A,CCore 1:A
VA 420,CCore 1,CCore 1,CCore 1,CCore 1,CCore 1,CCore 1,CCore 1,CCore 1,CCore 1,CCore 1,CCore 1,CCore 1,CCore 1,CCore 1,CCore 1,CCore 1,CCore 1,CCore 1,CCore 1,CCore 1,CCore 1,CCore 1
VA 430,CCore 1,CCore 1,CCore 1,CCore 1,CCore 1,CCore 1,CCore 1,CCore 1,CCore 1,CCore 1,CCore 1,CCore 1,CCore 1,CCore 1,CCore 1,CCore 1,CCore 1,CCore 1,CCore 1,CCore 1,CCore 1,CCore 1
VIS 412,CCore 1,CCore 1,CCore 1,CCore 1,CCore 1,CCore 1,CCore 1,CCore 1,CCore 1,CCore 1,CCore 1,CCore 1,CCore 1,CCore 1,,,,,,,,
VA 202,CCore 2,CCore 2,CCore 2,CCore 2,CCore 2,CCore 2,CCore 2,CCore 2,CCore 2,CCore 2,CCore 2,CCore 2,CCore 2,CCore 2,CCore 2,CCore 2,CCore 2,CCore 2,CCore 2,CCore 2,CCore 2,CCore 2
VA 204,CCore 2,CCore 2,CCore 2,CCore 2,CCore 2,CCore 2,CCore 2,CCore 2,CCore 2,CCore 2,CCore 2,CCore 2,CCore 2,CCore 2,CCore 2,CCore 2,CCore 2,CCore 2,CCore 2,CCore 2,CCore 2,CCore 2
VA 234,CCore 2,CCore 2,CCore 2,CCore 2,CCore 2,CCore 2,CCore 2,CCore 2,CCore 2,CCore 2,CCore 2,CCore 2,CCore 2,CCore 2,CCore 2,CCore 2,CCore 2,CCore 2,CCore 2,CCore 2,CCore 2,CCore 2
VA 302,CCore 2,CCore 2,CCore 2,CCore 2,CCore 2,CCore 2,CCore 2,CCore 2,CCore 2,CCore 2,CCore 2,CCore 2,CCore 2,CCore 2,CCore 2,CCore 2,CCore 2,CCore 2,CCore 2,CCore 2,CCore 2,CCore 2
VA 304,CCore 2,CCore 2,CCore 2,CCore 2,CCore 2,CCore 2,CCore 2,CCore 2,CCore 2,CCore 2,CCore 2,CCore 2,CCore 2,CCore 2,CCore 2,CCore 2,CCore 2,CCore 2,CCore 2,CCore 2,CCore 2,CCore 2
VA 311,CCore 2,CCore 2,CCore 2,CCore 2,CCore 2,AArea,AArea,AArea,AArea,AArea,AArea,AArea,AArea,AArea,AArea,AArea,AArea,AArea,AArea,AArea,AArea,AArea
VA 323,CCore 2,CCore 2,CCore 2,CCore 2,CCore 2,CCore 2,CCore 2,CCore 2,CCore 2,CCore 2,CCore 2,CCore 2,CCore 2,CCore 2,CCore 2,AArea,AArea,AArea,AArea,AArea,AArea,AArea
VA 324,CCore 2,CCore 2,CCore 2,CCore 2,CCore 2,CCore 2,CCore 2,CCore 2,CCore 2,CCore 2,CCore 2,CCore 2,CCore 2,CCore 2,CCore 2,AArea,AArea,AArea,AArea,AArea,AArea,AArea
VA 328,CCore 2,CCore 2,CCore 2,CCore 2,CCore 2,CCore 2,CCore 2,CCore 2,CCore 2,CCore 2,CCore 2,CCore 2,CCore 2,CCore 2,CCore 2,AArea,AArea,AArea,AArea,AArea,AArea,AArea
VA 335,CCore 2,CCore 2,CCore 2,CCore 2,CCore 2,CCore 2,CCore 2,CCore 2,CCore 2,CCore 2,CCore 2,CCore 2,CCore 2,CCore 2,CCore 2,AArea,AArea,AArea,AArea,AArea,AArea,AArea
VA 402,CCore 2,CCore 2,CCore 2,CCore 2,CCore 2,CCore 2,CCore 2,CCore 2,CCore 2,CCore 2,CCore 2,CCore 2,CCore 2,CCore 2,CCore 2,CCore 2,CCore 2,CCore 2,CCore 2,CCore 2,CCore 2,CCore 2
VA 404,CCore 2,CCore 2,CCore 2,CCore 2,CCore 2,CCore 2,CCore 2,CCore 2,CCore 2,CCore 2,CCore 2,CCore 2,CCore 2,CCore 2,CCore 2,CCore 2,CCore 2,CCore 2,CCore 2,CCore 2,CCore 2,CCore 2
VA 431,CCore 2,CCore 2,CCore 2,CCore 2,CCore 2,CCore 2,CCore 2,CCore 2,CCore 2,CCore 2,CCore 2,CCore 2,CCore 2,CCore 2,CCore 2,AArea,AArea,AArea,AArea,AArea,AArea,AArea
VA 433,CCore 2,CCore 2,CCore 2,CCore 2,CCore 2,CCore 2,CCore 2,CCore 2,CCore 2,CCore 2,CCore 2,CCore 2,CCore 2,CCore 2,CCore 2,AArea,AArea,AArea,AArea,AArea,AArea,AArea
VA 434,CCore 2,CCore 2,CCore 2,CCore 2,CCore 2,CCore 2,CCore 2,CCore 2,CCore 2,CCore 2,CCore 2,CCore 2,CCore 2,CCore 2,CCore 2,AArea,AArea,AArea,AArea,AArea,AArea,AArea
VA 440,CCore 2,CCore 2,CCore 2,CCore 2,CCore 2,CCore 2,CCore 2,CCore 2,CCore 2,CCore 2,CCore 2,CCore 2,CCore 2,CCore 2,CCore 2,AArea,AArea,AArea,AArea,AArea,AArea,AArea
CS 201,AArea:E,AArea:E,AArea:E,AArea:E,AArea:E,AArea:E,AArea:E,AArea:E,AArea:E,AArea:E,AArea:E,AArea:E,AArea:E,AArea:E,AArea:E,FFree:E,FFree:E,FFree:E,FFree:E,FFree:E,FFree:E,FFree:E
CS 450,AArea,AArea,AArea,AArea,AArea,AArea,AArea,AArea,AArea,AArea,,,,,,,,,,,,
CULT 230,AArea,,,,,,,,,,,,,,,,,,,,,
CULT 299,AArea,AArea,AArea,,,,,,,,,,,,,,,,,,,
CULT 322,AArea,AArea,AArea,AArea,AArea,AArea,AArea,AArea,AArea,AArea,AArea,AArea,AArea,AArea,AArea,FFree,FFree,FFree,FFree,FFree,FFree,FFree
CULT 355,AArea,AArea,AArea,AArea,AArea,AArea,AArea,AArea,AArea,AArea,AArea,AArea,AArea,AArea,AArea,FFree,FFree,FFree,FFree,FFree,FFree,FFree
CULT 361,AArea,AArea,AArea,AArea,AArea,AArea,AArea,AArea,AArea,AArea,AArea,AArea,AArea,AArea,AArea,FFree,FFree,FFree,FFree,FFree,FFree,FFree
CULT 362,AArea,,,,,,,,,,,,,,,,,,,,,
CULT 368,AArea:A,AArea:A,AArea:A,AArea:A,AArea:A,AArea:A,AArea:A,AArea:A,AArea:A,AArea:A,AArea:A,AArea:A,AArea:A,AArea:A,AArea:A,FFree:A,FFree:A,FFree:A,FFree:A,FFree:A,FFree:A,FFree:A
CULT 370,AArea,AArea,AArea,AArea,AArea,AArea,AArea,AArea,AArea,AArea,AArea,AArea,AArea,AArea,AArea,FFree,FFree,FFree,FFree,FFree,FFree,FFree
CULT 384,AArea,AArea,AArea,AArea,AArea,AArea,AArea,AArea,AArea,AArea,AArea,AArea,AArea,AArea,AArea,FFree,FFree,FFree,,,,
CULT 391,AArea,AArea,AArea,AArea,AArea,AArea,AArea,AArea,AArea,AArea,AArea,AArea,AArea,AArea,AArea,FFree,FFree,FFree,FFree,FFree,FFree,FFree
CULT 399,AArea,AArea,AArea,AArea,AArea,AArea,AArea,AArea,AArea,AArea,AArea,AArea,AArea,AArea,AArea,FFree,FFree,FFree,FFree,FFree,FFree,FFree
CULT 421,AArea,AArea,AArea,AArea,AArea,AArea,AArea,AArea,AArea,AArea,,,,,,,,,,,,
CULT 432,AArea,AArea,AArea,AArea,AArea,AArea,AArea,AArea,AArea,AArea,AArea,AArea,AArea,AArea,AArea,FFree,FFree,FFree,FFree,FFree,FFree,FFree
CULT 451,AArea,AArea,AArea,AArea,AArea,AArea,AArea,AArea,AArea,AArea,AArea,AArea,,,,,,,,,,
CULT 452,AArea,AArea,AArea,,,,,,,,,,,,,,,,,,,
CULT 453,AArea,AArea,AArea,AArea,AArea,AArea,AArea,AArea,AArea,AArea,AArea,AArea,AArea,AArea,AArea,FFree,FFree,FFree,FFree,FFree,FFree,FFree
CULT 491,AArea,AArea,AArea,AArea,AArea,AArea,AArea,AArea,AArea,AArea,,,,,,,,,,,,
FILM 231,AArea:A,AArea:A,AArea:A,AArea:A,AArea:A,AArea:A,AArea:A,AArea:A,AArea:A,AArea:A,AArea:A,AArea:A,AArea:A,AArea:A,,,,,,,,
FILM 331,AArea,AArea,AArea,AArea,AArea,AArea,AArea,AArea,AArea,AArea,AArea,AArea,AArea,AArea,,,,,,,,
FILM 335,AArea,AArea,AArea,AArea,AArea,AArea,AArea,AArea,AArea,AArea,AArea,AArea,AArea,AArea,,,,,,,,
FILM 345,AArea,AArea,AArea,AArea,AArea,AArea,AArea,AArea,AArea,AArea,AArea,AArea,AArea,AArea,,,,,,,,
FILM 390,AArea,AArea,AArea,AArea,AArea,AArea,AArea,AArea,AArea,AArea,AArea,AArea,AArea,AArea,,,,,,,,
FILM 424,AArea,AArea,AArea,AArea,AArea,AArea,AArea,AArea,AArea,AArea,AArea,AArea,AArea,AArea,,,,,,,,
FILM 432,AArea,AArea,AArea,AArea,AArea,AArea,AArea,AArea,AArea,AArea,AArea,AArea,AArea,AArea,,,,,,,,
FILM 435,AArea,AArea,AArea,AArea,AArea,AArea,AArea,AArea,AArea,AArea,AArea,AArea,AArea,AArea,,,,,,,,
FILM 436,AArea,AArea,AArea,AArea,AArea,AArea,AArea,AArea,AArea,AArea,AArea,AArea,AArea,AArea,,,,,,,,
FILM 452,AArea,AArea,AArea,AArea,AArea,AArea,AArea,AArea,AArea,AArea,AArea,AArea,AArea,AArea,,,,,,,,
GEN 341,AArea:A,AArea:A,AArea:A,AArea:A,AArea:A,AArea:A,AArea:A,AArea:A,AArea:A,AArea:A,AArea:A,AArea:A,AArea:A,AArea:A,AArea:A,FFree:A,FFree:A,FFree:A,FFree:A,FFree:A,FFree:A,FFree:A
GEN 343,AArea,AArea,AArea,AArea,AArea,AArea,AArea,AArea,AArea,AArea,AArea,AArea,AArea,AArea,AArea,FFree,FFree,FFree,FFree,FFree,FFree,FFree
GEN 410,AArea,AArea,AArea,AArea,AArea,AArea,AArea,AArea,AArea,AArea,AArea,AArea,AArea,AArea,AArea,FFree,FFree,FFree,FFree,FFree,FFree,FFree
GEN 441,AArea,AArea,AArea,AArea,AArea,AArea,AArea,,,,,,,,,,,,,,,
GEN 442,AArea,AArea,AArea,AArea,AArea,AArea,AArea,AArea,AArea,AArea,AArea,AArea,AArea,AArea,AArea,FFree,FFree,FFree,FFree,FFree,FFree,FFree
GEN 444,AArea,AArea,AArea,AArea,AArea,AArea,AArea,AArea,AArea,AArea,AArea,AArea,AArea,AArea,AArea,FFree,FFree,FFree,FFree,FFree,FFree,FFree
GEN 480,AArea,AArea,AArea,AArea,AArea,AArea,AArea,AArea,AArea,AArea,AArea,AArea,AArea,AArea,AArea,FFree,FFree,FFree,FFree,FFree,FFree,FFree
HART 234,AArea,AArea,AArea,AArea,AArea,AArea,AArea,AArea,AArea,AArea,AArea,AArea,AArea,AArea,AArea,FFree,FFree,FFree,FFree,FFree,FFree,FFree
HART 320,AArea,AArea,AArea,AArea,AArea,AArea,AArea,AArea,AArea,AArea,AArea,AArea,AArea,AArea,AArea,FFree,FFree,FFree,FFree,FFree,FFree,FFree
HART 425,AArea,AArea,AArea,AArea,AArea,AArea,AArea,AArea,AArea,AArea,AArea,AArea,AArea,AArea,AArea,AArea,AArea,AArea,AArea,AArea,AArea,AArea
HART 432,AArea,AArea,AArea,AArea,AArea,AArea,AArea,AArea,AArea,AArea,AArea,AArea,AArea,AArea,AArea,FFree,FFree,FFree,FFree,FFree,FFree,FFree
LIT 212,AArea:A,AArea:A,AArea:A,AArea:A,AArea:A,AArea:A,AArea:A,AArea:A,AArea:A,AArea:A,AArea:A,AArea:A,AArea:A,AArea:A,AArea:A,FFree:A,FFree:A,FFree:A,FFree:A,FFree:A,FFree:A,FFree:A
LIT 359,AArea:A,AArea:A,AArea:A,AArea:A,AArea:A,AArea:A,AArea:A,AArea:A,AArea:A,AArea:A,AArea:A,AArea:A,AArea:A,AArea:A,AArea:A,FFree:A,FFree:A,FFree:A,FFree:A,FFree:A,FFree:A,FFree:A
LIT 394,AArea,AArea,AArea,AArea,AArea,AArea,AArea,AArea,AArea,AArea,AArea,AArea,AArea,AArea,AArea,FFree,FFree,FFree,FFree,FFree,FFree,FFree
LIT 440,AArea,AArea,AArea,AArea,AArea,AArea,AArea,AArea,AArea,AArea,AArea,AArea,AArea,AArea,AArea,FFree,FFree,FFree,FFree,FFree,FFree,FFree
LIT 445,AArea,AArea,AArea,AArea,AArea,AArea,AArea,AArea,AArea,AArea,AArea,AArea,AArea,AArea,AArea,FFree,FFree,FFree,FFree,FFree,FFree,FFree
LIT 492,AArea,,,,,,,,,,,,,,,,,,,,,
MGMT 425,AArea,AArea,AArea,AArea,AArea,AArea,AArea,AArea,AArea,AArea,AArea,AArea,AArea,AArea,AArea,AArea,AArea,AArea,AArea,AArea,AArea,AArea
PSY 405,AArea,AArea,AArea,,,,,,,,,,,,,,,,,,,
PSY 416,AArea,AArea,AArea,AArea,AArea,AArea,AArea,AArea,AArea,AArea,AArea,AArea,AArea,AArea,AArea,FFree,FFree,FFree,FFree,FFree,FFree,FFree
VA 267,AArea,AArea,AArea,AArea,AArea,AArea,AArea,AArea,AArea,AArea,AArea,AArea,AArea,AArea,AArea,FFree,FFree,FFree,FFree,FFree,FFree,FFree
VA 310,AArea,AArea,AArea,AArea,AArea,AArea,AArea,AArea,AArea,AArea,AArea,AArea,AArea,AArea,AArea,AArea,AArea,AArea,AArea,AArea,AArea,AArea
VA 312,AArea:A,AArea:A,AArea:A,AArea:A,AArea:A,AArea:A,AArea:A,AArea:A,AArea:A,AArea:A,AArea:A,AArea:A,AArea:A,AArea:A,AArea:A,AArea:A,AArea:A,AArea:A,AArea:A,AArea:A,AArea:A,AArea:A
VA 321,AArea,AArea,AArea,AArea,AArea,AArea,AArea,AArea,AArea,,,,,,,,,,,,,
VA 325,AArea,AArea,AArea,AArea,AArea,AArea,AArea,AArea,AArea,AArea,AArea,AArea,AArea,AArea,AArea,AArea,AArea,AArea,AArea,AArea,AArea,AArea
VA 329,AArea,AArea,AArea,AArea,AArea,AArea,AArea,AArea,AArea,AArea,AArea,AArea,AArea,AArea,AArea,AArea,AArea,AArea,AArea,AArea,AArea,AArea
VA 331,AArea,AArea,AArea,AArea,AArea,CCore 2,CCore 2,CCore 2,CCore 2,CCore 2,CCore 2,CCore 2,CCore 2,CCore 2,CCore 2,AArea,AArea,AArea,AArea,AArea,AArea,AArea
VA 333,AArea,AArea,AArea,AArea,AArea,AArea,AArea,AArea,AArea,AArea,AArea,AArea,AArea,AArea,AArea,AArea,AArea,AArea,AArea,AArea,AArea,AArea
VA 336,AArea,AArea,AArea,AArea,AArea,AArea,AArea,AArea,AArea,,,,,,,,,,,,,
VA 345,AArea,AArea,AArea,AArea,AArea,AArea,AArea,AArea,AArea,AArea,AArea,AArea,AArea,AArea,AArea,AArea,AArea,AArea,AArea,AArea,AArea,AArea
VA 399,AArea,AArea,AArea,AArea,AArea,AArea,AArea,AArea,AArea,AArea,AArea,AArea,AArea,AArea,AArea,AArea,AArea,AArea,AArea,AArea,AArea,AArea
VA 423,AArea,AArea,AArea,AArea,AArea,AArea,AArea,AArea,AArea,AArea,AArea,AArea,AArea,AArea,AArea,AArea,AArea,AArea,AArea,AArea,AArea,AArea
VA 424,AArea,AArea,AArea,AArea,AArea,AArea,AArea,AArea,AArea,AArea,AArea,AArea,AArea,AArea,AArea,AArea,AArea,AArea,AArea,AArea,AArea,AArea
VA 437,AArea,AArea,AArea,AArea,AArea,AArea,AArea,AArea,AArea,AArea,AArea,AArea,AArea,AArea,AArea,AArea,AArea,AArea,AArea,AArea,AArea,AArea
VA 439,AArea,AArea,AArea,AArea,AArea,AArea,AArea,AArea,AArea,AArea,AArea,AArea,AArea,AArea,AArea,AArea,AArea,AArea,AArea,AArea,AArea,AArea
VA 450,AArea,AArea,AArea,AArea,AArea,AArea,AArea,AArea,AArea,AArea,AArea,AArea,AArea,AArea,AArea,AArea,AArea,AArea,AArea,AArea,AArea,AArea
VA 453,AArea,AArea,AArea,AArea,AArea,AArea,AArea,AArea,AArea,AArea,AArea,AArea,AArea,AArea,AArea,AArea,AArea,AArea,AArea,AArea,AArea,AArea
VA 455,AArea,AArea,AArea,AArea,AArea,AArea,AArea,AArea,AArea,AArea,AArea,AArea,AArea,AArea,AArea,AArea,AArea,AArea,AArea,AArea,AArea,AArea
VA 465,AArea,AArea,AArea,AArea,AArea,AArea,AArea,AArea,AArea,AArea,AArea,AArea,AArea,AArea,AArea,AArea,AArea,AArea,AArea,AArea,AArea,AArea
VA 481,AArea,AArea,AArea,AArea,AArea,AArea,AArea,AArea,AArea,AArea,AArea,AArea,AArea,AArea,,,,,,,,
VA 482,AArea,AArea,AArea,AArea,AArea,AArea,AArea,AArea,AArea,AArea,AArea,AArea,AArea,AArea,,,,,,,,
VA 490,AArea,AArea,AArea,AArea,AArea,AArea,AArea,AArea,AArea,AArea,AArea,AArea,AArea,AArea,AArea,AArea,AArea,AArea,AArea,AArea,AArea,AArea
VIS 308,AArea,AArea,AArea,AArea,AArea,AArea,AArea,AArea,AArea,AArea,AArea,AArea,AArea,AArea,,,,,,,,
VIS 310,AArea,AArea,AArea,AArea,AArea,AArea,AArea,AArea,AArea,AArea,AArea,AArea,AArea,AArea,,,,,,,,
ACCA 200,FFree,FFree,FFree,FFree,FFree,FFree,FFree,FFree,FFree,FFree,FFree,FFree,FFree,FFree,FFree,FFree,FFree,FFree,FFree,FFree,FFree,FFree
ACC 201,FFree:M,FFree:M,FFree:M,FFree:M,FFree:M,FFree:M,FFree:M,FFree:M,FFree:M,FFree:M,FFree:M,FFree:M,FFree:M,FFree:M,FFree:M,FFree:M,FFree:M,FFree:M,FFree:M,FFree:M,FFree:M,FFree:M
ACC 301,FFree,FFree,FFree,FFree,FFree,FFree,FFree,FFree,FFree,FFree,FFree,FFree,FFree,FFree,FFree,FFree,FFree,FFree,FFree,FFree,FFree,FFree
ACC 401,FFree,,,,,,,,,,,,,,,,,,,,,
ACC 403,FFree,FFree,FFree,FFree,,,,,,,,,,,,,,,,,,
ACC 404,FFree,FFree,FFree,FFree,FFree,,,,,,,,,,,,,,,,,
ACC 405,FFree,FFree,FFree,FFree,FFree,FFree,FFree,FFree,FFree,FFree,FFree,FFree,FFree,FFree,FFree,FFree,FFree,FFree,FFree,FFree,FFree,FFree
ACC 406,FFree,FFree,FFree,FFree,FFree,,,,,,,,,,,,,,,,,
ANTH 214,FFree,FFree,FFree,FFree,FFree,FFree,FFree,FFree,FFree,FFree,FFree,FFree,FFree,FFree,FFree,FFree,FFree,FFree,FFree,FFree,FFree,FFree
ANTH 251,FFree,FFree,FFree,,,,,,,,,,,,,,,,,,,
ANTH 255,FFree:A,FFree:A,FFree:A,FFree:A,FFree:A,FFree:A,FFree:A,FFree:A,FFree:A,FFree:A,FFree:A,FFree:A,FFree:A,FFree:A,FFree:A,FFree:A,FFree:A,FFree:A,FFree:A,FFree:A,FFree:A,FFree:A
ANTH 321,FFree,FFree,FFree,FFree,FFree,FFree,FFree,FFree,FFree,FFree,FFree,FFree,FFree,FFree,FFree,FFree,FFree,FFree,FFree,FFree,FFree,FFree
ANTH 326,FFree:A,FFree:A,FFree:A,FFree:A,FFree:A,FFree:A,FFree:A,FFree:A,FFree:A,FFree:A,FFree:A,FFree:A,FFree:A,FFree:A,FFree:A,FFree:A,FFree:A,FFree:A,FFree:A,FFree:A,FFree:A,FFree:A
ANTH 340,FFree,FFree,FFree,FFree,FFree,FFree,FFree,FFree,FFree,FFree,FFree,FFree,FFree,FFree,FFree,FFree,FFree,FFree,FFree,FFree,FFree,FFree
ANTH 468,FFree,FFree,FFree,FFree,FFree,FFree,FFree,FFree,FFree,FFree,FFree,FFree,FFree,FFree,FFree,FFree,FFree,FFree,FFree,FFree,FFree,FFree
ARA 110,FFree,FFree,FFree,FFree,FFree,,,,,,,,,,,,,,,,,
ARA 120,FFree,FFree,FFree,FFree,FFree,,,,,,,,,,,,,,,,,
ARA 130,FFree,FFree,FFree,FFree,FFree,,,,,,,,,,,,,,,,,
ARA 140,FFree,FFree,FFree,FFree,FFree,,,,,,,,,,,,,,,,,
ARA 150,FFree,,,,,,,,,,,,,,,,,,,,,
BIO 301,FFree,FFree,FFree,FFree,FFree,FFree,FFree,FFree,FFree,FFree,FFree,FFree,FFree,FFree,FFree,FFree,FFree,FFree,FFree,FFree,FFree,FFree
BIO 303,FFree,FFree,FFree,FFree,FFree,FFree,FFree,FFree,FFree,FFree,FFree,FFree,FFree,FFree,FFree,FFree,FFree,FFree,FFree,FFree,FFree,FFree
BIO 304,FFree,FFree,FFree,FFree,FFree,FFree,FFree,FFree,FFree,FFree,FFree,FFree,FFree,FFree,FFree,FFree,FFree,FFree,FFree,FFree,FFree,FFree
BIO 306,FFree,FFree,FFree,FFree,FFree,FFree,FFree,FFree,FFree,FFree,FFree,FFree,FFree,FFree,FFree,FFree,FFree,FFree,FFree,FFree,FFree,FFree
BIO 308,FFree,FFree,FFree,FFree,FFree,FFree,FFree,FFree,FFree,FFree,FFree,FFree,FFree,FFree,FFree,FFree,FFree,FFree,FFree,FFree,FFree,FFree
BIO 310,FFree,FFree,FFree,FFree,FFree,FFree,FFree,FFree,FFree,FFree,FFree,FFree,FFree,FFree,FFree,FFree,FFree,FFree,FFree,FFree,FFree,FFree
BIO 321,FFree:E,FFree:E,FFree:E,FFree:E,FFree:E,FFree:E,FFree:E,FFree:E,FFree:E,FFree:E,FFree:E,FFree:E,FFree:E,FFree:E,FFree:E,FFree,FFree,FFree,FFree,FFree,FFree,FFree
BIO 322,FFree,FFree,FFree,FFree,FFree,FFree,FFree,FFree,FFree,FFree,FFree,FFree,FFree,FFree,FFree,FFree,FFree,FFree,FFree,FFree,FFree,FFree
BIO 330,FFree,FFree,FFree,FFree,FFree,FFree,FFree,FFree,FFree,FFree,FFree,FFree,FFree,FFree,FFree,FFree,FFree,FFree,FFree,FFree,FFree,FFree
BIO 332,FFree,FFree,FFree,FFree,FFree,FFree,FFree,FFree,FFree,FFree,FFree,FFree,FFree,FFree,FFree,FFree,FFree,FFree,FFree,FFree,FFree,FFree
BIO 335,FFree,FFree,FFree,FFree,FFree,FFree,FFree,FFree,FFree,FFree,FFree,FFree,FFree,FFree,FFree,FFree,FFree,FFree,FFree,FFree,FFree,FFree
BIO 363,FFree,FFree,FFree,FFree,FFree,FFree,FFree,FFree,FFree,FFree,FFree,FFree,FFree,FFree,FFree,FFree,FFree,FFree,FFree,FFree,FFree,FFree
BIO 370,FFree,FFree,FFree,FFree,,,,,,,,,,,,,,,,,,
BIO 403,FFree,FFree,FFree,FFree,FFree,FFree,FFree,FFree,FFree,FFree,,,,,,,,,,,,
BIO 406,FFree,FFree,FFree,FFree,FFree,FFree,FFree,FFree,FFree,FFree,,,,,,,,,,,,
BIO 407,FFree,FFree,FFree,FFree,FFree,FFree,FFree,FFree,FFree,FFree,FFree,FFree,FFree,FFree,FFree,FFree,FFree,FFree,FFree,FFree,FFree,FFree
BIO 409,FFree,FFree,FFree,FFree,FFree,FFree,FFree,FFree,FFree,FFree,,,,,,,,,,,,
BIO 415,FFree,FFree,FFree,FFree,FFree,FFree,FFree,FFree,FFree,FFree,FFree,FFree,FFree,FFree,FFree,FFree,FFree,FFree,FFree,FFree,FFree,FFree
BIO 421,FFree,FFree,FFree,FFree,FFree,FFree,FFree,FFree,FFree,FFree,FFree,FFree,FFree,FFree,FFree,FFree,FFree,FFree,FFree,FFree,FFree,FFree
BIO 423,FFree,FFree,FFree,FFree,FFree,FFree,FFree,FFree,FFree,FFree,FFree,FFree,FFree,FFree,FFree,FFree,FFree,FFree,FFree,FFree,FFree,FFree
BIO 436,FFree,FFree,FFree,FFree,FFree,FFree,FFree,FFree,FFree,FFree,FFree,FFree,FFree,FFree,FFree,FFree,FFree,FFree,FFree,FFree,FFree,FFree
BIO 444,FFree,FFree,FFree,FFree,FFree,FFree,FFree,FFree,FFree,FFree,FFree,FFree,FFree,FFree,FFree,FFree,FFree,FFree,FFree,FFree,FFree,FFree
BIO 445,FFree,FFree,FFree,FFree,FFree,FFree,FFree,FFree,FFree,FFree,,,,,,,,,,,,
BIO 446,FFree,FFree,FFree,FFree,FFree,FFree,FFree,FFree,FFree,FFree,FFree,FFree,FFree,FFree,FFree,FFree,FFree,FFree,FFree,FFree,FFree,FFree
BIO 447,FFree,FFree,FFree,FFree,FFree,FFree,FFree,FFree,FFree,FFree,,,,,,,,,,,,
BIO 452,FFree,FFree,FFree,FFree,FFree,FFree,FFree,FFree,FFree,FFree,FFree,FFree,FFree,FFree,FFree,FFree,FFree,FFree,FFree,FFree,FFree,FFree
BIO 460,FFree,FFree,FFree,FFree,FFree,FFree,FFree,FFree,FFree,FFree,FFree,FFree,FFree,FFree,FFree,FFree,FFree,FFree,FFree,FFree,FFree,FFree
BIO 466,FFree,FFree,FFree,FFree,FFree,FFree,FFree,FFree,FFree,FFree,,,,,,,,,,,,
BIO 467,FFree,FFree,FFree,FFree,FFree,FFree,FFree,FFree,FFree,FFree,FFree,FFree,FFree,FFree,FFree,FFree,FFree,FFree,FFree,FFree,FFree,FFree
BIO 468,FFree,FFree,FFree,FFree,FFree,FFree,FFree,FFree,FFree,FFree,FFree,FFree,FFree,FFree,FFree,FFree,FFree,FFree,FFree,FFree,FFree,FFree
BIO 48006,FFree,FFree,FFree,FFree,FFree,FFree,FFree,FFree,FFree,FFree,FFree,FFree,,,,,,,,,,
CHEM 202,FFree,FFree,FFree,FFree,FFree,FFree,FFree,FFree,FFree,FFree,FFree,FFree,FFree,FFree,FFree,FFree,FFree,FFree,FFree,FFree,FFree,FFree
CHEM 212,FFree:E,FFree:E,FFree:E,FFree:E,FFree:E,FFree:E,FFree:E,FFree:E,FFree:E,FFree:E,FFree:E,FFree:E,FFree:E,FFree:E,FFree:E,FFree:E,FFree:E,FFree:E,FFree:E,FFree:E,FFree:E,FFree:E
CHEM 301,FFree,FFree,FFree,FFree,FFree,FFree,FFree,FFree,FFree,FFree,FFree,FFree,FFree,FFree,FFree,FFree,FFree,FFree,FFree,FFree,FFree,FFree
CHEM 302,FFree,FFree,FFree,FFree,FFree,FFree,FFree,FFree,FFree,FFree,FFree,FFree,FFree,FFree,FFree,FFree,FFree,FFree,FFree,FFree,FFree,FFree
CHEM 405,FFree,FFree,FFree,FFree,FFree,FFree,FFree,FFree,FFree,FFree,FFree,FFree,FFree,FFree,FFree,FFree,FFree,FFree,FFree,FFree,FFree,FFree
CHEM 421,FFree,FFree,FFree,,,,,,,,,,,,,,,,,,,
CIP 101,FFree,FFree,FFree,FFree,FFree,FFree,FFree,FFree,FFree,FFree,FFree,FFree,FFree,FFree,FFree,FFree,FFree,FFree,FFree,FFree,FFree,FFree
CIP 102,FFree,FFree,FFree,FFree,FFree,FFree,FFree,FFree,FFree,FFree,FFree,FFree,FFree,FFree,FFree,FFree,FFree,FFree,FFree,FFree,FFree,FFree
CIP 201,FFree,FFree,FFree,FFree,FFree,FFree,FFree,FFree,FFree,FFree,FFree,FFree,FFree,FFree,FFree,FFree,FFree,FFree,FFree,FFree,FFree,FFree
CIP 202,FFree,FFree,FFree,FFree,FFree,FFree,FFree,FFree,FFree,FFree,FFree,FFree,FFree,FFree,FFree,FFree,FFree,FFree,FFree,FFree,FFree,FFree
CIP 301,FFree,FFree,FFree,FFree,FFree,FFree,FFree,FFree,FFree,FFree,FFree,FFree,FFree,FFree,FFree,FFree,FFree,FFree,FFree,FFree,FFree,FFree
CIP 302,FFree,FFree,FFree,FFree,FFree,FFree,FFree,FFree,FFree,FFree,FFree,FFree,FFree,FFree,FFree,FFree,FFree,FFree,FFree,FFree,FFree,FFree
CONF 300,FFree,FFree,FFree,FFree,FFree,FFree,FFree,FFree,FFree,FFree,FFree,FFree,FFree,FFree,FFree,FFree,FFree,FFree,FFree,FFree,FFree,FFree
CONF 400,FFree,FFree,FFree,FFree,FFree,FFree,FFree,FFree,FFree,FFree,FFree,FFree,FFree,FFree,FFree,FFree,FFree,FFree,FFree,FFree,FFree,FFree
CONF 431,FFree,FFree,FFree,FFree,FFree,FFree,FFree,FFree,FFree,FFree,FFree,FFree,FFree,FFree,FFree,FFree,FFree,FFree,FFree,FFree,FFree,FFree
CS 204,FFree,FFree,FFree,FFree,FFree,FFree,FFree,FFree,FFree,FFree,FFree,FFree,FFree,FFree,FFree,FFree:E,FFree:E,FFree:E,FFree:E,FFree:E,FFree:E,FFree:E
CS 210,FFree,FFree,FFree,FFree,FFree,FFree,FFree,FFree,FFree,FFree,FFree,FFree,FFree,FFree,FFree,,,,,,,
CS 300,FFree,FFree,FFree,FFree,FFree,FFree,FFree,FFree,FFree,FFree,FFree,FFree,FFree,FFree,FFree,FFree,FFree,FFree,FFree,FFree,FFree,FFree
CS 301,FFree,FFree,FFree,FFree,FFree,FFree,FFree,FFree,FFree,FFree,FFree,FFree,FFree,FFree,FFree,FFree,FFree,FFree,FFree,FFree,FFree,FFree
CS 302,FFree,FFree,FFree,FFree,FFree,FFree,FFree,FFree,FFree,FFree,FFree,FFree,FFree,FFree,FFree,FFree,FFree,FFree,FFree,FFree,FFree,FFree
CS 303,FFree,FFree,FFree,FFree,FFree,FFree,FFree,FFree,FFree,FFree,FFree,FFree,FFree,FFree,FFree,FFree,FFree,FFree,FFree,FFree,FFree,FFree
CS 305,FFree,FFree,FFree,FFree,FFree,FFree,FFree,FFree,FFree,FFree,FFree,FFree,FFree,FFree,FFree,FFree,FFree,FFree,FFree,FFree,FFree,FFree
CS 306,FFree,FFree,FFree,FFree,FFree,FFree,FFree,FFree,FFree,FFree,FFree,FFree,FFree,FFree,FFree,FFree,FFree,FFree,FFree,FFree,FFree,FFree
CS 307,FFree,FFree,FFree,FFree,FFree,FFree,FFree,FFree,FFree,FFree,FFree,FFree,FFree,FFree,FFree,FFree,FFree,FFree,FFree,FFree,FFree,FFree
CS 308,FFree,FFree,FFree,FFree,FFree,FFree,FFree,FFree,FFree,FFree,FFree,FFree,FFree,FFree,FFree,FFree,FFree,FFree,FFree,FFree,FFree,FFree
CS 310,FFree,FFree,FFree,FFree,FFree,FFree,FFree,FFree,FFree,FFree,FFree,FFree,FFree,FFree,FFree,FFree,FFree,FFree,FFree,FFree,FFree,FFree
CS 400,FFree,FFree,FFree,FFree,FFree,FFree,FFree,FFree,FFree,FFree,FFree,FFree,FFree,FFree,FFree,FFree,FFree,FFree,FFree,FFree,FFree,FFree
CS 401,FFree,FFree,FFree,FFree,FFree,FFree,FFree,FFree,FFree,FFree,FFree,FFree,FFree,FFree,FFree,FFree,FFree,FFree,FFree,FFree,FFree,FFree
CS 403,FFree,FFree,FFree,FFree,FFree,FFree,FFree,FFree,FFree,FFree,FFree,FFree,FFree,FFree,FFree,FFree,FFree,FFree,FFree,FFree,FFree,FFree
CS 404,FFree,FFree,FFree,FFree,FFree,FFree,FFree,FFree,FFree,FFree,FFree,FFree,FFree,FFree,FFree,FFree,FFree,FFree,FFree,FFree,FFree,FFree
CS 405,FFree,FFree,FFree,FFree,FFree,FFree,FFree,FFree,FFree,FFree,FFree,FFree,FFree,FFree,FFree,FFree,FFree,FFree,FFree,FFree,FFree,FFree
CS 406,FFree,FFree,FFree,FFree,FFree,FFree,FFree,FFree,FFree,FFree,FFree,FFree,FFree,FFree,FFree,FFree,FFree,FFree,FFree,FFree,FFree,FFree
CS 407,FFree,FFree,FFree,FFree,FFree,FFree,FFree,FFree,FFree,FFree,FFree,FFree,FFree,FFree,FFree,FFree,FFree,FFree,FFree,FFree,FFree,FFree
CS 408,FFree,FFree,FFree,FFree,FFree,FFree,FFree,FFree,FFree,FFree,FFree,FFree,FFree,FFree,FFree,FFree,FFree,FFree,FFree,FFree,FFree,FFree
CS 409,FFree,FFree,FFree,,,,,,,,,,,,,,,,,,,
CS 411,FFree,FFree,FFree,FFree,FFree,FFree,FFree,FFree,FFree,FFree,FFree,FFree,FFree,FFree,FFree,FFree,FFree,FFree,FFree,FFree,FFree,FFree
CS 412,FFree,FFree,FFree,FFree,FFree,FFree,FFree,FFree,FFree,FFree,FFree,FFree,FFree,FFree,FFree,FFree,FFree,FFree,FFree,FFree,FFree,FFree
CS 414,FFree,FFree,FFree,FFree,FFree,FFree,FFree,FFree,FFree,FFree,FFree,FFree,FFree,FFree,FFree,FFree,FFree,FFree,FFree,FFree,FFree,FFree
CS 415,FFree,FFree,FFree,FFree,FFree,FFree,FFree,FFree,FFree,FFree,FFree,FFree,FFree,FFree,FFree,FFree,FFree,FFree,FFree,FFree,FFree,FFree
CS 419,FFree,FFree,FFree,FFree,FFree,FFree,FFree,FFree,FFree,FFree,FFree,FFree,FFree,FFree,FFree,FFree,FFree,FFree,FFree,FFree,FFree,FFree
CS 432,FFree,FFree,FFree,FFree,FFree,FFree,FFree,FFree,FFree,FFree,FFree,FFree,FFree,FFree,FFree,FFree,FFree,FFree,FFree,FFree,FFree,FFree
CS 435,FFree,FFree,FFree,FFree,FFree,FFree,FFree,FFree,FFree,FFree,FFree,FFree,FFree,FFree,FFree,FFree,FFree,FFree,FFree,FFree,FFree,FFree
CS 436,FFree,FFree,FFree,FFree,FFree,FFree,FFree,FFree,FFree,FFree,FFree,FFree,FFree,FFree,FFree,FFree,FFree,FFree,FFree,FFree,FFree,FFree
CS 437,FFree,FFree,FFree,FFree,FFree,FFree,FFree,FFree,FFree,FFree,FFree,FFree,FFree,FFree,FFree,FFree,FFree,FFree,FFree,FFree,FFree,FFree
CS 438,FFree,FFree,FFree,FFree,FFree,FFree,FFree,FFree,FFree,FFree,FFree,FFree,FFree,FFree,FFree,FFree,FFree,FFree,FFree,FFree,FFree,FFree
CS 439,FFree,FFree,FFree,FFree,FFree,FFree,FFree,FFree,FFree,FFree,FFree,FFree,FFree,,,,,,,,,
CS 440,FFree,FFree,FFree,FFree,FFree,FFree,FFree,FFree,FFree,FFree,FFree,FFree,FFree,FFree,FFree,FFree,FFree,FFree,FFree,FFree,FFree,FFree
CS 442,FFree,FFree,FFree,FFree,FFree,FFree,FFree,FFree,FFree,FFree,FFree,FFree,FFree,FFree,FFree,FFree,FFree,FFree,FFree,FFree,FFree,FFree
CS 445,FFree,FFree,FFree,FFree,FFree,FFree,FFree,FFree,FFree,FFree,FFree,FFree,FFree,FFree,FFree,FFree,FFree,FFree,FFree,FFree,FFree,FFree
CS 447,FFree,FFree,FFree,FFree,FFree,FFree,FFree,FFree,FFree,FFree,FFree,FFree,FFree,FFree,FFree,FFree,FFree,FFree,FFree,FFree,FFree,FFree
CS 449,FFree,FFree,FFree,FFree,FFree,FFree,FFree,FFree,FFree,FFree,FFree,FFree,FFree,FFree,FFree,FFree,FFree,FFree,FFree,FFree,FFree,FFree
CS 455,FFree,FFree,FFree,FFree,FFree,FFree,FFree,FFree,FFree,FFree,FFree,FFree,FFree,FFree,FFree,FFree,FFree,FFree,FFree,FFree,FFree,FFree
CS 460,FFree,FFree,FFree,FFree,FFree,FFree,FFree,FFree,FFree,FFree,FFree,FFree,FFree,FFree,FFree,FFree,FFree,FFree,FFree,FFree,FFree,FFree
CS 48000,FFree,FFree,FFree,FFree,FFree,FFree,FFree,FFree,FFree,FFree,,,,,,,,,,,,
CS 48001,FFree,FFree,FFree,FFree,FFree,FFree,FFree,FFree,FFree,FFree,,,,,,,,,,,,
CS 48002,FFree,FFree,FFree,FFree,FFree,FFree,FFree,FFree,FFree,FFree,,,,,,,,,,,,
CS 48003,FFree,FFree,FFree,FFree,FFree,FFree,FFree,FFree,FFree,FFree,,,,,,,,,,,,
CS 48004,FFree,FFree,FFree,FFree,FFree,FFree,FFree,FFree,FFree,FFree,FFree,FFree,FFree,FFree,FFree,FFree,FFree,FFree,FFree,FFree,FFree,FFree
CS 48006,FFree,FFree,FFree,FFree,FFree,FFree,FFree,FFree,FFree,FFree,FFree,FFree,FFree,FFree,FFree,FFree,FFree,FFree,FFree,FFree,FFree,FFree
CS 48007,FFree,FFree,FFree,FFree,FFree,FFree,FFree,FFree,FFree,FFree,FFree,FFree,FFree,FFree,FFree,FFree,FFree,FFree,FFree,,,
CS 48008,FFree,FFree,FFree,FFree,FFree,FFree,FFree,FFree,FFree,FFree,FFree,FFree,FFree,FFree,FFree,FFree,FFree,FFree,FFree,FFree,FFree,FFree
CS 48010,FFree,FFree,FFree,FFree,FFree,FFree,FFree,FFree,FFree,FFree,FFree,FFree,FFree,FFree,FFree,FFree,FFree,FFree,FFree,FFree,FFree,FFree
CS 48011,FFree,FFree,FFree,FFree,FFree,FFree,FFree,FFree,FFree,FFree,FFree,FFree,FFree,FFree,FFree,FFree,FFree,FFree,FFree,FFree,FFree,FFree
CS 48012,FFree,FFree,FFree,FFree,FFree,FFree,FFree,FFree,FFree,FFree,FFree,FFree,FFree,FFree,FFree,FFree,FFree,FFree,FFree,FFree,FFree,FFree
DSA 201,FFree:E,FFree:E,FFree:E,FFree:E,FFree:E,FFree:E,FFree:E,FFree:E,FFree:E,FFree:E,FFree:E,FFree:E,FFree:E,FFree:E,FFree:E,FFree:E,FFree:E,FFree:E,FFree:E,FFree:E,FFree:E,FFree:E
DSA 210,FFree,FFree,FFree,FFree,FFree,FFree,FFree,FFree,FFree,FFree,FFree,FFree,FFree,FFree,FFree,FFree:E,FFree:E,FFree:E,FFree:E,FFree:E,FFree:E,FFree:E
DSA 301,FFree,FFree,FFree,FFree,FFree,FFree,FFree,FFree,FFree,FFree,FFree,FFree,FFree,FFree,FFree,FFree,FFree,FFree,FFree,FFree,FFree,FFree
DSA 428,FFree,FFree,FFree,FFree,FFree,FFree,FFree,FFree,FFree,FFree,FFree,FFree,FFree,FFree,FFree,FFree,FFree,FFree,FFree,FFree,FFree,FFree
DSA 440,FFree,FFree,FFree,FFree,FFree,FFree,FFree,FFree,FFree,FFree,FFree,FFree,FFree,FFree,FFree,FFree,FFree,FFree,FFree,FFree,FFree,FFree
DSA 473,FFree,FFree,FFree,FFree,FFree,FFree,FFree,FFree,FFree,FFree,FFree,FFree,FFree,FFree,FFree,FFree,FFree,FFree,FFree,FFree,FFree,FFree
ECNA 200,FFree,FFree,FFree,FFree,FFree,FFree,FFree,FFree,FFree,FFree,FFree,FFree,FFree,FFree,FFree,FFree,FFree,FFree,FFree,FFree,FFree,FFree
ECON 201,FFree:A,FFree:A,FFree:A,FFree:A,FFree:A,FFree:A,FFree:A,FFree:A,FFree:A,FFree:A,FFree:A,FFree:A,FFree:A,FFree:A,FFree:A,FFree:A,FFree:A,FFree:A,FFree:A,FFree:A,FFree:A,FFree:A
ECON 202,FFree:A,FFree:A,FFree:A,FFree:A,FFree:A,FFree:A,FFree:A,FFree:A,FFree:A,FFree:A,FFree:A,FFree:A,FFree:A,FFree:A,FFree:A,FFree:A,FFree:A,FFree:A,FFree:A,FFree:A,FFree:A,FFree:A
ECON 204,FFree:A,FFree:A,FFree:A,FFree:A,FFree:A,FFree:A,FFree:A,FFree:A,FFree:A,FFree:A,FFree:A,FFree:A,FFree:A,FFree:A,FFree:A,FFree:A,FFree:A,FFree:A,FFree:A,FFree:A,FFree:A,FFree:A
ECON 301,FFree,FFree,FFree,FFree,FFree,FFree,FFree,FFree,FFree,FFree,FFree,FFree,FFree,FFree,FFree,FFree,FFree,FFree,FFree,FFree,FFree,FFree
ECON 310,FFree,FFree,FFree,FFree,FFree,FFree,FFree,FFree,FFree,FFree,FFree,FFree,FFree,FFree,FFree,FFree,FFree,FFree,FFree,FFree,FFree,FFree
ECON 312,FFree,FFree,FFree,FFree,FFree,FFree,FFree,FFree,FFree,FFree,FFree,FFree,FFree,FFree,FFree,FFree,FFree,FFree,FFree,FFree,FFree,FFree
ECON 320,FFree,FFree,FFree,FFree,FFree,FFree,FFree,FFree,FFree,FFree,FFree,FFree,FFree,FFree,FFree,FFree,FFree,FFree,FFree,FFree,FFree,FFree
ECON 321,FFree,FFree,FFree,FFree,FFree,FFree,FFree,FFree,FFree,FFree,FFree,FFree,FFree,FFree,FFree,FFree,FFree,FFree,FFree,FFree,FFree,FFree
ECON 322,FFree,FFree,FFree,FFree,FFree,FFree,FFree,FFree,FFree,FFree,FFree,FFree,FFree,FFree,FFree,FFree,FFree,FFree,FFree,FFree,FFree,FFree
ECON 323,FFree,FFree,FFree,FFree,FFree,FFree,FFree,FFree,FFree,FFree,FFree,FFree,FFree,FFree,FFree,FFree,FFree,FFree,FFree,FFree,FFree,FFree
ECON 330,FFree,FFree,FFree,FFree,FFree,FFree,FFree,FFree,FFree,FFree,FFree,FFree,FFree,FFree,FFree,FFree,FFree,FFree,FFree,FFree,FFree,FFree
ECON 340,FFree,FFree,FFree,FFree,FFree,FFree,FFree,FFree,FFree,FFree,FFree,FFree,FFree,FFree,FFree,FFree,FFree,FFree,FFree,FFree,FFree,FFree
ECON 345,FFree,FFree,FFree,FFree,FFree,FFree,FFree,FFree,FFree,FFree,FFree,FFree,FFree,FFree,FFree,FFree,FFree,FFree,FFree,FFree,FFree,FFree
ECON 350,FFree,FFree,FFree,FFree,FFree,FFree,FFree,FFree,FFree,FFree,FFree,FFree,FFree,FFree,FFree,FFree,FFree,FFree,FFree,FFree,FFree,FFree
ECON 360,FFree,FFree,FFree,FFree,FFree,FFree,FFree,FFree,FFree,FFree,FFree,FFree,FFree,FFree,FFree,FFree,FFree,FFree,FFree,FFree,FFree,FFree
ECON 370,FFree,FFree,FFree,FFree,FFree,FFree,FFree,FFree,FFree,FFree,FFree,FFree,FFree,FFree,FFree,FFree,FFree,FFree,FFree,FFree,FFree,FFree
ECON 399,FFree,FFree,FFree,FFree,FFree,FFree,FFree,FFree,FFree,FFree,FFree,FFree,FFree,FFree,FFree,FFree,FFree,FFree,FFree,FFree,FFree,FFree
ECON 400,FFree,FFree,FFree,FFree,FFree,FFree,FFree,FFree,FFree,FFree,FFree,FFree,FFree,FFree,FFree,FFree,FFree,FFree,FFree,FFree,FFree,FFree
ECON 401,FFree,FFree,FFree,FFree,FFree,FFree,FFree,FFree,FFree,FFree,FFree,FFree,FFree,FFree,FFree,FFree,FFree,FFree,FFree,FFree,FFree,FFree
ECON 405,FFree,FFree,FFree,FFree,FFree,FFree,FFree,FFree,FFree,FFree,FFree,FFree,FFree,FFree,FFree,FFree,FFree,FFree,FFree,FFree,FFree,FFree
ECON 407,FFree,FFree,FFree,FFree,FFree,FFree,FFree,FFree,FFree,FFree,FFree,FFree,FFree,FFree,FFree,FFree,FFree,FFree,FFree,FFree,FFree,FFree
ECON 412,FFree,,,,,,,,,,,,,,,,,,,,,
ECON 414,FFree,FFree,FFree,FFree,FFree,FFree,FFree,FFree,FFree,FFree,FFree,FFree,FFree,FFree,FFree,FFree,FFree,FFree,FFree,FFree,FFree,FFree
ECON 415,FFree,FFree,FFree,FFree,FFree,FFree,FFree,FFree,FFree,FFree,FFree,FFree,FFree,FFree,FFree,FFree,FFree,FFree,FFree,FFree,FFree,FFree
ECON 420,FFree,FFree,FFree,FFree,FFree,FFree,FFree,FFree,FFree,FFree,FFree,FFree,FFree,FFree,FFree,FFree,FFree,FFree,FFree,FFree,FFree,FFree
ECON 423,FFree,,,,,,,,,,,,,,,,,,,,,
ECON 430,FFree,FFree,FFree,FFree,FFree,FFree,FFree,FFree,FFree,FFree,FFree,FFree,FFree,FFree,FFree,FFree,FFree,FFree,FFree,FFree,FFree,FFree
ECON 435,FFree,FFree,FFree,FFree,FFree,FFree,FFree,FFree,FFree,FFree,FFree,FFree,FFree,FFree,FFree,FFree,FFree,FFree,FFree,FFree,FFree,FFree
ECON 440,FFree,FFree,FFree,FFree,FFree,FFree,,,,,,,,,,,,,,,,
ECON 481,FFree,FFree,FFree,FFree,FFree,FFree,FFree,FFree,FFree,FFree,FFree,FFree,FFree,FFree,FFree,FFree,FFree,FFree,FFree,FFree,FFree,FFree
ECON 482,FFree,FFree,FFree,FFree,FFree,FFree,FFree,FFree,FFree,FFree,FFree,FFree,FFree,FFree,FFree,FFree,FFree,FFree,FFree,FFree,FFree,FFree
ECON 483,FFree,FFree,FFree,FFree,FFree,FFree,FFree,FFree,FFree,FFree,FFree,FFree,FFree,FFree,FFree,FFree,FFree,FFree,FFree,FFree,FFree,FFree
ECON 484,FFree,FFree,FFree,FFree,FFree,FFree,FFree,FFree,FFree,FFree,FFree,FFree,FFree,FFree,FFree,FFree,FFree,FFree,FFree,FFree,FFree,FFree
ECON 488,FFree,FFree,FFree,FFree,FFree,FFree,FFree,FFree,FFree,FFree,FFree,FFree,FFree,FFree,FFree,FFree,FFree,FFree,FFree,FFree,FFree,FFree
ECON 492,FFree,FFree,FFree,FFree,FFree,FFree,FFree,FFree,FFree,FFree,FFree,FFree,FFree,FFree,FFree,FFree,FFree,FFree,FFree,FFree,FFree,FFree
ECON 494,FFree,FFree,FFree,FFree,FFree,FFree,FFree,FFree,FFree,FFree,FFree,FFree,FFree,FFree,FFree,FFree,FFree,FFree,FFree,FFree,FFree,FFree
ECON 495,FFree,FFree,FFree,FFree,FFree,FFree,FFree,FFree,FFree,FFree,FFree,FFree,FFree,FFree,FFree,FFree,FFree,FFree,FFree,FFree,FFree,FFree
EE 200,FFree,FFree,FFree,FFree,FFree,FFree,FFree,FFree,FFree,FFree,FFree,FFree,FFree,FFree,FFree,FFree:E,FFree:E,FFree:E,FFree:E,FFree:E,FFree:E,FFree:E
EE 202,FFree,FFree,FFree,FFree,FFree,FFree,FFree,FFree,FFree,FFree,FFree,FFree,FFree,FFree,FFree,FFree:E,FFree:E,FFree:E,FFree:E,FFree:E,FFree:E,FFree:E
EE 302,FFree,FFree,FFree,FFree,FFree,FFree,FFree,FFree,FFree,FFree,FFree,FFree,FFree,FFree,FFree,FFree,FFree,FFree,FFree,FFree,FFree,FFree
EE 303,FFree,FFree,FFree,FFree,FFree,FFree,FFree,FFree,FFree,FFree,FFree,FFree,FFree,FFree,FFree,FFree,FFree,FFree,FFree,FFree,FFree,FFree
EE 306,FFree,FFree,FFree,FFree,FFree,FFree,FFree,FFree,FFree,FFree,FFree,FFree,FFree,FFree,FFree,FFree,FFree,FFree,FFree,FFree,FFree,FFree
EE 307,FFree,FFree,FFree,FFree,FFree,FFree,FFree,FFree,FFree,FFree,FFree,FFree,FFree,FFree,FFree,FFree,FFree,FFree,FFree,FFree,FFree,FFree
EE 308,FFree,FFree,FFree,FFree,FFree,FFree,FFree,FFree,FFree,FFree,FFree,FFree,FFree,FFree,FFree,FFree,FFree,FFree,FFree,FFree,FFree,FFree
EE 310,FFree,FFree,FFree,FFree,FFree,FFree,FFree,FFree,FFree,FFree,FFree,FFree,FFree,FFree,FFree,FFree,FFree,FFree,FFree,FFree,FFree,FFree
EE 311,FFree,FFree,FFree,FFree,FFree,FFree,FFree,FFree,FFree,FFree,FFree,FFree,FFree,FFree,FFree,FFree,FFree,FFree,FFree,FFree,FFree,FFree
EE 312,FFree,FFree,FFree,FFree,FFree,FFree,FFree,FFree,FFree,FFree,FFree,FFree,FFree,FFree,FFree,FFree,FFree,FFree,FFree,FFree,FFree,FFree
EE 313,FFree,FFree,FFree,FFree,FFree,FFree,FFree,FFree,FFree,FFree,FFree,FFree,FFree,FFree,FFree,FFree,FFree,FFree,FFree,FFree,FFree,FFree
EE 314,FFree,FFree,FFree,FFree,FFree,FFree,FFree,FFree,FFree,FFree,FFree,FFree,FFree,FFree,FFree,FFree,FFree,FFree,FFree,FFree,FFree,FFree
EE 321,FFree,FFree,FFree,FFree,FFree,FFree,FFree,FFree,FFree,FFree,FFree,FFree,FFree,FFree,FFree,FFree,FFree,FFree,FFree,FFree,FFree,FFree
EE 401,FFree,FFree,FFree,FFree,FFree,FFree,FFree,FFree,FFree,FFree,FFree,FFree,FFree,FFree,FFree,FFree,FFree,FFree,FFree,FFree,FFree,FFree
EE 402,FFree,FFree,FFree,FFree,FFree,FFree,FFree,FFree,FFree,FFree,FFree,FFree,FFree,FFree,FFree,FFree,FFree,FFree,FFree,FFree,FFree,FFree
EE 403,FFree,FFree,FFree,FFree,FFree,FFree,FFree,FFree,FFree,FFree,FFree,FFree,FFree,FFree,FFree,FFree,FFree,FFree,FFree,FFree,FFree,FFree
EE 404,FFree,FFree,FFree,FFree,FFree,FFree,FFree,FFree,FFree,FFree,FFree,FFree,FFree,FFree,FFree,FFree,FFree,FFree,FFree,FFree,FFree,FFree
EE 405,FFree,FFree,FFree,FFree,FFree,FFree,FFree,FFree,FFree,FFree,FFree,FFree,FFree,FFree,FFree,FFree,FFree,FFree,FFree,FFree,FFree,FFree
EE 406,FFree,FFree,FFree,FFree,FFree,FFree,FFree,FFree,FFree,FFree,FFree,FFree,FFree,FFree,FFree,FFree,FFree,FFree,FFree,FFree,FFree,FFree
EE 407,FFree,FFree,FFree,FFree,FFree,FFree,FFree,FFree,FFree,FFree,FFree,FFree,FFree,FFree,FFree,FFree,FFree,FFree,FFree,FFree,FFree,FFree
EE 408,FFree,FFree,FFree,FFree,FFree,FFree,FFree,FFree,FFree,FFree,FFree,FFree,FFree,FFree,FFree,FFree,FFree,FFree,FFree,FFree,FFree,FFree
EE 409,FFree,FFree,FFree,FFree,FFree,FFree,FFree,FFree,FFree,FFree,FFree,FFree,FFree,FFree,FFree,FFree,FFree,FFree,FFree,FFree,FFree,FFree
EE 410,FFree,FFree,FFree,FFree,FFree,FFree,FFree,FFree,FFree,FFree,FFree,FFree,FFree,FFree,FFree,FFree,FFree,FFree,FFree,FFree,FFree,FFree
EE 411,FFree,FFree,FFree,FFree,FFree,FFree,FFree,FFree,FFree,FFree,FFree,FFree,FFree,FFree,FFree,FFree,FFree,FFree,FFree,FFree,FFree,FFree
EE 413,FFree,FFree,FFree,FFree,FFree,FFree,FFree,FFree,FFree,FFree,FFree,FFree,FFree,FFree,FFree,FFree,FFree,FFree,FFree,FFree,FFree,FFree
EE 414,FFree,FFree,FFree,FFree,FFree,FFree,FFree,FFree,FFree,FFree,FFree,FFree,FFree,FFree,FFree,FFree,FFree,FFree,FFree,FFree,FFree,FFree
EE 415,FFree,FFree,FFree,FFree,FFree,FFree,FFree,FFree,FFree,FFree,FFree,FFree,FFree,FFree,FFree,FFree,FFree,FFree,FFree,FFree,FFree,FFree
EE 417,FFree,FFree,FFree,FFree,FFree,FFree,FFree,FFree,FFree,FFree,FFree,FFree,FFree,FFree,FFree,FFree,FFree,FFree,FFree,FFree,FFree,FFree
EE 419,FFree,FFree,FFree,FFree,FFree,FFree,FFree,FFree,FFree,FFree,FFree,FFree,FFree,FFree,FFree,FFree,FFree,FFree,FFree,FFree,FFree,FFree
EE 423,FFree,FFree,FFree,FFree,FFree,FFree,FFree,FFree,FFree,FFree,FFree,FFree,FFree,FFree,FFree,FFree,FFree,FFree,FFree,FFree,FFree,FFree
EE 426,FFree,FFree,FFree,FFree,FFree,FFree,FFree,FFree,FFree,FFree,FFree,FFree,FFree,FFree,FFree,FFree,FFree,FFree,FFree,FFree,FFree,FFree
EE 440,FFree,FFree,FFree,FFree,FFree,FFree,FFree,FFree,FFree,FFree,FFree,FFree,FFree,FFree,FFree,FFree,FFree,FFree,FFree,FFree,FFree,FFree
EE 444,FFree,FFree,FFree,FFree,FFree,FFree,FFree,FFree,FFree,FFree,FFree,FFree,FFree,FFree,FFree,FFree,FFree,FFree,FFree,FFree,FFree,FFree
EE 473,FFree,FFree,FFree,FFree,FFree,FFree,FFree,FFree,FFree,FFree,FFree,FFree,FFree,FFree,FFree,FFree,FFree,FFree,FFree,FFree,FFree,FFree
EE 48000,FFree,,,,,,,,,,,,,,,,,,,,,
EE 48001,FFree,FFree,FFree,FFree,FFree,FFree,FFree,FFree,FFree,FFree,FFree,FFree,FFree,FFree,FFree,,,,,,,
EE 48002,FFree,FFree,FFree,FFree,FFree,FFree,FFree,FFree,FFree,FFree,FFree,FFree,FFree,FFree,FFree,,,,,,,
EE 48004,FFree,FFree,FFree,FFree,FFree,FFree,FFree,FFree,FFree,FFree,FFree,FFree,FFree,FFree,FFree,,,,,,,
EE 48008,FFree,FFree,FFree,FFree,FFree,FFree,FFree,FFree,FFree,FFree,FFree,FFree,FFree,FFree,FFree,FFree,FFree,FFree,FFree,FFree,FFree,FFree
EE 48009,FFree,FFree,FFree,FFree,FFree,FFree,FFree,FFree,FFree,FFree,FFree,FFree,FFree,FFree,FFree,FFree,FFree,FFree,FFree,FFree,FFree,FFree
EE 48010,FFree,FFree,FFree,FFree,FFree,FFree,FFree,FFree,FFree,FFree,FFree,FFree,FFree,FFree,FFree,FFree,FFree,FFree,FFree,FFree,FFree,FFree
EE 48011,FFree,FFree,FFree,FFree,FFree,FFree,FFree,FFree,FFree,FFree,FFree,FFree,FFree,FFree,FFree,FFree,FFree,FFree,FFree,FFree,FFree,FFree
ENG 101,FFree,FFree,FFree,FFree,FFree,FFree,FFree,FFree,FFree,FFree,FFree,FFree,FFree,FFree,FFree,FFree,FFree,FFree,FFree,FFree,FFree,FFree
ENG 102,FFree,FFree,FFree,FFree,FFree,FFree,FFree,FFree,FFree,,,,,,,,,,,,,
ENG 300,FFree,FFree,FFree,FFree,FFree,FFree,FFree,FFree,FFree,FFree,FFree,FFree,FFree,FFree,FFree,FFree,FFree,FFree,FFree,FFree,FFree,FFree
ENRG 220,FFree,FFree,FFree,FFree,FFree,FFree,FFree,FFree,FFree,FFree,FFree,FFree,FFree,FFree,FFree,FFree,FFree,FFree,FFree,FFree,FFree,FFree
ENRG 301,FFree,FFree,FFree,FFree,FFree,FFree,FFree,FFree,FFree,FFree,FFree,FFree,FFree,FFree,FFree,FFree,FFree,FFree,FFree,FFree,FFree,FFree
ENRG 315,FFree,FFree,FFree,FFree,FFree,FFree,FFree,FFree,FFree,FFree,FFree,FFree,FFree,FFree,FFree,FFree,FFree,FFree,FFree,FFree,FFree,FFree
ENRG 322,FFree,FFree,FFree,FFree,FFree,FFree,FFree,FFree,FFree,FFree,FFree,FFree,FFree,FFree,FFree,FFree,FFree,FFree,FFree,FFree,FFree,FFree
ENRG 401,FFree,FFree,FFree,FFree,FFree,FFree,FFree,FFree,FFree,FFree,FFree,FFree,FFree,FFree,FFree,FFree,FFree,FFree,FFree,FFree,FFree,FFree
ENRG 420,FFree,FFree,FFree,FFree,FFree,FFree,FFree,FFree,FFree,FFree,FFree,FFree,FFree,FFree,FFree,FFree,FFree,FFree,FFree,FFree,FFree,FFree
ENRG 422,FFree,FFree,FFree,FFree,FFree,FFree,FFree,FFree,FFree,FFree,FFree,FFree,FFree,FFree,FFree,,,,,,,
ENRG 423,FFree,FFree,FFree,FFree,FFree,FFree,FFree,FFree,FFree,FFree,FFree,FFree,FFree,FFree,FFree,FFree,FFree,FFree,FFree,FFree,FFree,FFree
ENRG 424,FFree,FFree,FFree,FFree,FFree,FFree,FFree,FFree,FFree,FFree,FFree,FFree,FFree,FFree,FFree,FFree,FFree,FFree,FFree,FFree,FFree,FFree
ENRG 426,FFree,FFree,FFree,FFree,FFree,FFree,FFree,FFree,FFree,FFree,FFree,FFree,FFree,FFree,FFree,FFree,FFree,FFree,FFree,FFree,FFree,FFree
ENS 201,FFree:E,FFree:E,FFree:E,FFree:E,FFree:E,FFree:E,FFree:E,FFree:E,FFree:E,FFree:E,FFree:E,FFree:E,FFree:E,FFree:E,FFree:E,FFree:E,FFree:E,FFree:E,FFree:E,FFree:E,FFree:E,FFree:E
ENS 202,FFree:E,FFree:E,FFree:E,FFree:E,FFree:E,FFree:E,FFree:E,FFree:E,FFree:E,FFree:E,FFree:E,FFree:E,FFree:E,FFree:E,FFree:E,FFree:E,FFree:E,FFree:E,FFree:E,FFree:E,FFree:E,FFree:E
ENS 203,FFree:E,FFree:E,FFree:E,FFree:E,FFree:E,FFree:E,FFree:E,FFree:E,FFree:E,FFree:E,FFree:E,FFree:E,FFree:E,FFree:E,FFree:E,FFree:E,FFree:E,FFree:E,FFree:E,FFree:E,FFree:E,FFree:E
ENS 204,FFree:E,FFree:E,FFree:E,FFree:E,FFree:E,FFree:E,FFree:E,FFree:E,FFree:E,FFree:E,FFree:E,FFree:E,FFree:E,FFree:E,FFree:E,FFree:E,FFree:E,FFree:E,FFree:E,FFree:E,FFree:E,FFree:E
ENS 205,FFree:E,FFree:E,FFree:E,FFree:E,FFree:E,FFree:E,FFree:E,FFree:E,FFree:E,FFree:E,FFree:E,FFree:E,FFree:E,FFree:E,FFree:E,FFree:E,FFree:E,FFree:E,FFree:E,FFree:E,FFree:E,FFree:E
ENS 206,FFree:E,FFree:E,FFree:E,FFree:E,FFree:E,FFree:E,FFree:E,FFree:E,FFree:E,FFree:E,FFree:E,FFree:E,FFree:E,FFree:E,FFree:E,FFree:E,FFree:E,FFree:E,FFree:E,FFree:E,FFree:E,FFree:E
ENS 207,FFree,FFree,FFree,FFree,FFree,FFree,FFree,FFree,FFree,FFree,FFree,FFree,FFree,FFree,FFree,FFree:E,FFree:E,FFree:E,FFree:E,FFree:E,FFree:E,FFree:E
ENS 208,FFree:E,FFree:E,FFree:E,FFree:E,FFree:E,FFree:E,FFree:E,FFree:E,FFree:E,FFree:E,FFree:E,FFree:E,FFree:E,FFree:E,FFree:E,FFree:E,FFree:E,FFree:E,FFree:E,FFree:E,FFree:E,FFree:E
ENS 209,FFree,FFree,FFree,FFree,FFree,FFree,FFree,FFree,FFree,FFree,FFree,FFree,FFree,FFree,FFree,FFree:E,FFree:E,FFree:E,FFree:E,FFree:E,FFree:E,FFree:E
ENS 210,FFree:E,FFree:E,FFree:E,FFree:E,FFree:E,FFree:E,FFree:E,FFree:E,FFree:E,FFree:E,FFree:E,FFree:E,FFree:E,FFree:E,FFree:E,FFree:E,FFree:E,FFree:E,FFree:E,FFree:E,FFree:E,FFree:E
ENS 211,FFree:E,FFree:E,FFree:E,FFree:E,FFree:E,FFree:E,FFree:E,FFree:E,FFree:E,FFree:E,FFree:E,FFree:E,FFree:E,FFree:E,FFree:E,FFree:E,FFree:E,FFree:E,FFree:E,FFree:E,FFree:E,FFree:E
ENS 214,FFree,FFree,FFree,FFree,FFree,FFree,FFree,FFree,FFree,FFree,FFree,FFree,FFree,FFree,FFree,FFree:E,FFree:E,FFree:E,FFree:E,FFree:E,FFree:E,FFree:E
ENS 216,FFree,FFree,FFree,FFree,FFree,FFree,FFree,FFree,FFree,FFree,FFree,FFree,FFree,FFree,FFree,FFree:E,FFree:E,FFree:E,FFree:E,FFree:E,FFree:E,FFree:E
ENS 301,FFree,FFree,FFree,FFree,FFree,FFree,FFree,FFree,FFree,FFree,FFree,FFree,,,,,,,,,,
ENS 303,FFree,FFree,FFree,FFree,FFree,FFree,FFree,FFree,FFree,FFree,FFree,FFree,FFree,FFree,FFree,FFree,FFree,FFree,FFree,FFree,FFree,FFree
ENS 309,FFree,FFree,FFree,FFree,,,,,,,,,,,,,,,,,,
ENS 311,FFree,FFree,FFree,FFree,FFree,FFree,FFree,FFree,FFree,FFree,FFree,FFree,FFree,FFree,FFree,FFree,FFree,FFree,FFree,FFree,FFree,FFree
ENS 315,FFree,FFree,FFree,FFree,FFree,FFree,FFree,FFree,FFree,FFree,FFree,FFree,,,,,,,,,,
ENS 409,FFree,FFree,FFree,FFree,FFree,FFree,FFree,FFree,FFree,FFree,FFree,FFree,FFree,FFree,FFree,FFree,FFree,FFree,,,,
ENS 410,FFree,FFree,FFree,FFree,FFree,FFree,FFree,FFree,FFree,FFree,FFree,FFree,FFree,FFree,FFree,FFree,FFree,FFree,FFree,FFree,FFree,FFree
ENS 413,FFree,FFree,FFree,FFree,FFree,FFree,FFree,FFree,FFree,FFree,FFree,FFree,FFree,FFree,FFree,FFree,FFree,FFree,FFree,FFree,FFree,FFree
ENS 414,FFree,FFree,FFree,FFree,FFree,FFree,FFree,FFree,FFree,FFree,FFree,FFree,FFree,FFree,FFree,FFree,FFree,FFree,FFree,FFree,FFree,FFree
ENS 48001,FFree,FFree,FFree,FFree,FFree,FFree,,,,,,,,,,,,,,,,
ENS 4803,FFree,FFree,FFree,FFree,FFree,FFree,FFree,FFree,FFree,FFree,FFree,,,,,,,,,,,
ENT 201,FFree,FFree,FFree,FFree,FFree,FFree,FFree,FFree,FFree,FFree,FFree,FFree,FFree,FFree,FFree,FFree,FFree,FFree,FFree,FFree,FFree,FFree
FIN 301,FFree,FFree,FFree,FFree,FFree,FFree,FFree,FFree,FFree,FFree,FFree,FFree,FFree,FFree,FFree,FFree:M,FFree:M,FFree:M,FFree:M,FFree:M,FFree:M,FFree:M
FIN 401,FFree,FFree,FFree,FFree,FFree,FFree,FFree,FFree,FFree,FFree,FFree,FFree,FFree,FFree,FFree,FFree,FFree,FFree,FFree,FFree,FFree,FFree
FIN 402,FFree,FFree,FFree,FFree,FFree,FFree,FFree,FFree,FFree,FFree,FFree,FFree,FFree,FFree,FFree,FFree,FFree,FFree,FFree,FFree,FFree,FFree
FIN 403,FFree,FFree,FFree,FFree,FFree,FFree,FFree,FFree,FFree,FFree,FFree,FFree,FFree,FFree,FFree,FFree,FFree,FFree,FFree,FFree,FFree,FFree
FIN 404,FFree,FFree,FFree,FFree,FFree,FFree,FFree,FFree,FFree,FFree,FFree,,,,,,,,,,,
FIN 405,FFree,FFree,FFree,FFree,FFree,FFree,FFree,FFree,FFree,FFree,FFree,FFree,FFree,FFree,FFree,FFree,FFree,FFree,FFree,FFree,FFree,FFree
FIN 406,FFree,FFree,FFree,FFree,FFree,FFree,FFree,FFree,FFree,FFree,FFree,FFree,FFree,FFree,FFree,FFree,FFree,FFree,FFree,FFree,FFree,FFree
FIN 407,FFree,FFree,FFree,FFree,FFree,FFree,FFree,FFree,FFree,FFree,FFree,FFree,FFree,FFree,FFree,FFree,FFree,FFree,FFree,FFree,FFree,FFree
FIN 408,FFree,FFree,FFree,FFree,,,,,,,,,,,,,,,,,,
FIN 409,FFree,FFree,FFree,FFree,FFree,FFree,FFree,FFree,FFree,FFree,FFree,FFree,FFree,FFree,FFree,FFree,FFree,FFree,FFree,FFree,FFree,FFree
FIN 410,FFree,FFree,FFree,FFree,FFree,FFree,FFree,FFree,FFree,FFree,FFree,FFree,FFree,FFree,FFree,FFree,FFree,FFree,FFree,FFree,FFree,FFree
FIN 411,FFree,FFree,FFree,FFree,FFree,FFree,FFree,FFree,FFree,FFree,FFree,FFree,FFree,FFree,FFree,FFree,FFree,FFree,FFree,FFree,FFree,FFree
FIN 499,FFree,FFree,FFree,FFree,FFree,FFree,FFree,FFree,FFree,FFree,FFree,FFree,FFree,FFree,FFree,FFree,FFree,FFree,FFree,FFree,FFree,FFree
FRE 110,FFree,FFree,FFree,FFree,FFree,FFree,FFree,FFree,FFree,FFree,FFree,FFree,FFree,FFree,FFree,FFree,FFree,FFree,FFree,FFree,FFree,FFree
FRE 120,FFree,FFree,FFree,FFree,FFree,FFree,FFree,FFree,FFree,FFree,FFree,FFree,FFree,FFree,FFree,FFree,FFree,FFree,FFree,FFree,FFree,FFree
FRE 130,FFree,FFree,FFree,FFree,FFree,FFree,FFree,FFree,FFree,FFree,FFree,FFree,FFree,FFree,FFree,FFree,FFree,FFree,FFree,FFree,FFree,FFree
FRE 140,FFree,FFree,FFree,FFree,FFree,FFree,FFree,FFree,FFree,FFree,FFree,FFree,FFree,FFree,FFree,FFree,FFree,FFree,FFree,FFree,FFree,FFree
GEN 385,FFree,FFree,FFree,FFree,FFree,FFree,FFree,FFree,FFree,FFree,FFree,FFree,FFree,FFree,FFree,FFree,FFree,FFree,FFree,FFree,FFree,FFree
GEN 399,FFree,FFree,FFree,FFree,FFree,FFree,FFree,FFree,FFree,FFree,FFree,FFree,FFree,FFree,FFree,FFree,FFree,FFree,FFree,FFree,FFree,FFree
GER 110,FFree,FFree,FFree,FFree,FFree,FFree,FFree,FFree,FFree,FFree,FFree,FFree,FFree,FFree,FFree,FFree,FFree,FFree,FFree,FFree,FFree,FFree
GER 120,FFree,FFree,FFree,FFree,FFree,FFree,FFree,FFree,FFree,FFree,FFree,FFree,FFree,FFree,FFree,FFree,FFree,FFree,FFree,FFree,FFree,FFree
GER 130,FFree,FFree,FFree,FFree,FFree,FFree,FFree,FFree,FFree,FFree,FFree,FFree,FFree,FFree,FFree,FFree,FFree,FFree,FFree,FFree,FFree,FFree
GER 140,FFree,FFree,FFree,FFree,FFree,FFree,FFree,FFree,FFree,FFree,FFree,FFree,FFree,FFree,FFree,FFree,FFree,FFree,FFree,FFree,FFree,FFree
HIST 205,FFree:A,FFree:A,FFree:A,FFree:A,FFree:A,FFree:A,FFree:A,FFree:A,FFree:A,FFree:A,FFree:A,FFree:A,FFree:A,FFree:A,FFree:A,,,,,,,
HIST 221,FFree,FFree,FFree,FFree,FFree,FFree,FFree,FFree,FFree,FFree,,,,,,,,,,,,
HIST 223,FFree,FFree,FFree,FFree,FFree,FFree,FFree,FFree,FFree,FFree,,,,,,,,,,,,
HIST 227,FFree,FFree,FFree,FFree,FFree,FFree,FFree,FFree,FFree,FFree,,,,,,,,,,,,
HIST 233,FFree,FFree,FFree,FFree,FFree,FFree,FFree,FFree,FFree,FFree,FFree,FFree,FFree,FFree,FFree,FFree,FFree,FFree,FFree,FFree,FFree,FFree
HIST 242,FFree,FFree,FFree,FFree,FFree,FFree,FFree,FFree,FFree,FFree,,,,,,,,,,,,
HIST 245,FFree:A,FFree:A,FFree:A,FFree:A,FFree:A,FFree:A,FFree:A,FFree:A,FFree:A,FFree:A,,,,,,,,,,,,
HIST 285,FFree,FFree,FFree,FFree,FFree,FFree,FFree,FFree,FFree,FFree,,,,,,,,,,,,
HIST 315,FFree,FFree,FFree,FFree,FFree,FFree,FFree,FFree,FFree,,,,,,,,,,,,,
HIST 323,FFree,FFree,FFree,FFree,FFree,FFree,FFree,FFree,FFree,FFree,,,,,,,,,,,,
HIST 324,FFree,FFree,FFree,FFree,FFree,FFree,FFree,FFree,FFree,FFree,,,,,,,,,,,,
HIST 326,FFree,FFree,FFree,FFree,FFree,FFree,FFree,FFree,FFree,FFree,,,,,,,,,,,,
HIST 331,FFree,FFree,FFree,FFree,FFree,FFree,FFree,FFree,FFree,,,,,,,,,,,,,
HIST 332,FFree,FFree,FFree,,,,,,,,,,,,,,,,,,,
HIST 335,FFree,FFree,FFree,FFree,FFree,FFree,FFree,FFree,FFree,FFree,FFree,FFree,FFree,FFree,FFree,FFree,FFree,FFree,FFree,FFree,FFree,FFree
HIST 336,FFree,FFree,FFree,FFree,FFree,FFree,,,,,,,,,,,,,,,,
HIST 341,FFree,FFree,FFree,FFree,FFree,FFree,FFree,FFree,FFree,FFree,,,,,,,,,,,,
HIST 349,FFree:A,FFree:A,FFree:A,FFree:A,FFree:A,FFree:A,FFree:A,FFree:A,FFree:A,FFree:A,FFree:A,FFree:A,FFree:A,FFree:A,FFree:A,FFree:A,FFree:A,FFree:A,FFree:A,FFree:A,FFree:A,FFree:A
HIST 370,FFree,FFree,FFree,FFree,FFree,FFree,FFree,FFree,FFree,FFree,,,,,,,,,,,,
HIST 371,FFree,FFree,FFree,FFree,FFree,FFree,FFree,FFree,FFree,FFree,FFree,FFree,FFree,FFree,FFree,FFree,FFree,FFree,FFree,FFree,FFree,FFree
HIST 385,FFree,FFree,FFree,FFree,FFree,FFree,FFree,FFree,FFree,FFree,,,,,,,,,,,,
HIST 397,FFree,FFree,FFree,FFree,FFree,FFree,FFree,FFree,FFree,FFree,,,,,,,,,,,,
HIST 406,FFree,FFree,FFree,FFree,FFree,FFree,FFree,FFree,FFree,FFree,,,,,,,,,,,,
HIST 415,FFree,FFree,FFree,FFree,FFree,FFree,FFree,FFree,FFree,FFree,,,,,,,,,,,,
HIST 423,FFree,FFree,FFree,FFree,FFree,FFree,FFree,FFree,FFree,FFree,,,,,,,,,,,,
HIST 425,FFree,FFree,FFree,FFree,FFree,FFree,FFree,FFree,FFree,FFree,,,,,,,,,,,,
HIST 427,FFree,FFree,FFree,FFree,FFree,FFree,FFree,FFree,FFree,FFree,,,,,,,,,,,,
HIST 431,FFree,FFree,FFree,FFree,FFree,FFree,FFree,FFree,FFree,FFree,,,,,,,,,,,,
HIST 433,FFree,FFree,FFree,FFree,FFree,FFree,FFree,FFree,FFree,FFree,,,,,,,,,,,,
HIST 436,FFree,FFree,FFree,FFree,FFree,FFree,FFree,FFree,FFree,FFree,,,,,,,,,,,,
HIST 437,FFree,FFree,FFree,FFree,FFree,FFree,FFree,FFree,FFree,FFree,,,,,,,,,,,,
HIST 438,FFree,FFree,FFree,FFree,FFree,FFree,FFree,FFree,FFree,FFree,,,,,,,,,,,,
HIST 439,FFree,FFree,FFree,FFree,FFree,FFree,FFree,FFree,FFree,FFree,FFree,FFree,FFree,FFree,FFree,FFree,FFree,FFree,FFree,FFree,FFree,FFree
HIST 441,FFree,FFree,FFree,FFree,FFree,FFree,FFree,FFree,FFree,FFree,,,,,,,,,,,,
HIST 443,FFree,FFree,FFree,FFree,FFree,FFree,FFree,FFree,FFree,FFree,,,,,,,,,,,,
HIST 447,FFree,FFree,FFree,FFree,FFree,FFree,FFree,FFree,FFree,FFree,,,,,,,,,,,,
HIST 450,FFree,FFree,FFree,FFree,FFree,FFree,FFree,FFree,FFree,FFree,,,,,,,,,,,,
HIST 455,FFree,FFree,FFree,FFree,FFree,FFree,FFree,FFree,FFree,FFree,,,,,,,,,,,,
HIST 461,FFree,FFree,FFree,FFree,FFree,FFree,FFree,FFree,FFree,FFree,,,,,,,,,,,,
HIST 462,FFree,FFree,FFree,FFree,FFree,FFree,FFree,FFree,FFree,FFree,,,,,,,,,,,,
HIST 463,FFree,FFree,FFree,FFree,FFree,FFree,FFree,FFree,FFree,FFree,,,,,,,,,,,,
HIST 465,FFree,FFree,FFree,FFree,FFree,FFree,FFree,FFree,FFree,FFree,,,,,,,,,,,,
HIST 473,FFree,FFree,FFree,FFree,FFree,FFree,FFree,FFree,FFree,FFree,,,,,,,,,,,,
HIST 475,FFree,FFree,FFree,FFree,FFree,FFree,FFree,FFree,FFree,FFree,,,,,,,,,,,,
HIST 476,FFree,FFree,FFree,FFree,FFree,FFree,FFree,FFree,FFree,FFree,,,,,,,,,,,,
HIST 484,FFree,FFree,FFree,FFree,FFree,FFree,FFree,FFree,FFree,FFree,,,,,,,,,,,,
HIST 486,FFree,FFree,FFree,FFree,FFree,FFree,FFree,FFree,FFree,FFree,,,,,,,,,,,,
HIST 487,FFree,FFree,FFree,FFree,FFree,FFree,FFree,FFree,FFree,FFree,,,,,,,,,,,,
HIST 488,FFree,FFree,FFree,FFree,FFree,FFree,FFree,FFree,FFree,FFree,,,,,,,,,,,,
HIST 489,FFree,FFree,FFree,FFree,FFree,FFree,FFree,FFree,FFree,FFree,FFree,FFree,FFree,FFree,FFree,FFree,FFree,FFree,FFree,FFree,FFree,FFree
HIST 490,FFree,FFree,FFree,FFree,FFree,FFree,FFree,FFree,FFree,FFree,,,,,,,,,,,,
HIST 491,FFree,FFree,FFree,FFree,FFree,FFree,FFree,FFree,FFree,FFree,,,,,,,,,,,,
HIST 492,FFree,FFree,FFree,FFree,FFree,FFree,FFree,FFree,FFree,FFree,,,,,,,,,,,,
HIST 493,FFree,FFree,FFree,FFree,FFree,FFree,FFree,FFree,FFree,FFree,,,,,,,,,,,,
HIST 494,FFree,FFree,FFree,FFree,FFree,FFree,FFree,FFree,FFree,FFree,,,,,,,,,,,,
HIST 497,FFree,FFree,FFree,FFree,FFree,FFree,FFree,FFree,FFree,FFree,,,,,,,,,,,,
HIST 498,FFree,FFree,FFree,FFree,FFree,FFree,FFree,FFree,FFree,FFree,,,,,,,,,,,,
HUM 413,FFree,FFree,FFree,FFree,FFree,FFree,FFree,FFree,FFree,FFree,FFree,FFree,FFree,FFree,FFree,FFree,FFree,FFree,FFree,FFree,FFree,FFree
HUM 414,FFree,FFree,FFree,FFree,FFree,FFree,FFree,FFree,FFree,FFree,FFree,FFree,FFree,FFree,FFree,FFree,FFree,FFree,FFree,FFree,FFree,FFree
IE 302,FFree,,,,,,,,,,,,,,,,,,,,,
IE 303,FFree,FFree,FFree,FFree,FFree,FFree,FFree,FFree,FFree,FFree,FFree,FFree,FFree,FFree,FFree,FFree,FFree,FFree,FFree,FFree,FFree,FFree
IE 304,FFree,FFree,FFree,FFree,FFree,FFree,FFree,FFree,FFree,FFree,FFree,FFree,FFree,FFree,FFree,FFree,FFree,FFree,FFree,FFree,FFree,FFree
IE 305,FFree,FFree,FFree,FFree,FFree,FFree,FFree,FFree,FFree,FFree,FFree,FFree,FFree,FFree,FFree,FFree,FFree,FFree,FFree,FFree,FFree,FFree
IE 308,FFree,FFree,FFree,FFree,FFree,FFree,FFree,FFree,FFree,FFree,,,,,,,,,,,,
IE 309,FFree,FFree,FFree,FFree,FFree,FFree,FFree,FFree,FFree,FFree,FFree,FFree,FFree,FFree,FFree,FFree,FFree,FFree,FFree,FFree,FFree,FFree
IE 311,FFree,FFree,FFree,FFree,FFree,FFree,FFree,FFree,FFree,FFree,FFree,FFree,FFree,FFree,FFree,FFree,FFree,FFree,FFree,FFree,FFree,FFree
IE 312,FFree,FFree,FFree,FFree,FFree,FFree,FFree,FFree,FFree,FFree,FFree,FFree,FFree,FFree,FFree,FFree,FFree,FFree,FFree,FFree,FFree,FFree
IE 313,FFree,FFree,FFree,FFree,FFree,FFree,FFree,FFree,FFree,FFree,FFree,FFree,FFree,FFree,FFree,FFree,FFree,FFree,FFree,FFree,FFree,FFree
IE 398,FFree,FFree,FFree,FFree,FFree,FFree,FFree,FFree,FFree,FFree,,,,,,,,,,,,
IE 399,FFree,FFree,FFree,FFree,FFree,FFree,FFree,FFree,FFree,FFree,,,,,,,,,,,,
IE 401,FFree,FFree,FFree,FFree,FFree,FFree,FFree,FFree,FFree,FFree,FFree,FFree,FFree,FFree,FFree,FFree,FFree,FFree,FFree,FFree,FFree,FFree
IE 402,FFree,FFree,FFree,FFree,FFree,FFree,FFree,FFree,FFree,FFree,FFree,FFree,FFree,FFree,FFree,FFree,FFree,FFree,FFree,FFree,FFree,FFree
IE 403,FFree,FFree,FFree,FFree,FFree,FFree,FFree,FFree,FFree,FFree,FFree,FFree,FFree,FFree,FFree,FFree,FFree,FFree,FFree,FFree,FFree,FFree
IE 404,FFree,FFree,FFree,FFree,FFree,FFree,FFree,FFree,FFree,FFree,FFree,FFree,FFree,FFree,FFree,FFree,FFree,FFree,FFree,FFree,FFree,FFree
IE 405,FFree,FFree,FFree,FFree,FFree,FFree,FFree,FFree,FFree,FFree,FFree,FFree,FFree,FFree,FFree,FFree,FFree,FFree,FFree,FFree,FFree,FFree
IE 407,FFree,FFree,FFree,FFree,FFree,FFree,FFree,FFree,FFree,FFree,,,,,,,,,,,,
IE 408,FFree,,,,,,,,,,,,,,,,,,,,,
IE 409,FFree,FFree,FFree,FFree,FFree,FFree,FFree,FFree,FFree,FFree,FFree,FFree,FFree,FFree,FFree,FFree,FFree,FFree,FFree,FFree,FFree,FFree
IE 411,FFree,FFree,FFree,FFree,FFree,FFree,FFree,FFree,FFree,FFree,FFree,FFree,FFree,FFree,FFree,FFree,FFree,FFree,FFree,FFree,FFree,FFree
IE 412,FFree,FFree,FFree,FFree,FFree,FFree,FFree,FFree,FFree,FFree,,,,,,,,,,,,
IE 413,FFree,FFree,FFree,FFree,FFree,FFree,FFree,FFree,FFree,FFree,FFree,FFree,FFree,FFree,FFree,FFree,FFree,FFree,FFree,FFree,FFree,FFree
IE 414,FFree,FFree,FFree,FFree,FFree,FFree,FFree,FFree,FFree,FFree,FFree,FFree,FFree,FFree,FFree,FFree,FFree,FFree,FFree,FFree,FFree,FFree
IE 416,FFree,FFree,FFree,FFree,FFree,FFree,FFree,FFree,FFree,FFree,FFree,FFree,FFree,FFree,FFree,FFree,FFree,FFree,FFree,FFree,FFree,FFree
IE 418,FFree,FFree,FFree,FFree,FFree,FFree,FFree,FFree,FFree,FFree,,,,,,,,,,,,
IE 419,FFree,FFree,FFree,FFree,FFree,FFree,FFree,FFree,FFree,FFree,,,,,,,,,,,,
IE 420,FFree,FFree,FFree,FFree,FFree,FFree,FFree,FFree,FFree,FFree,,,,,,,,,,,,
IE 430,FFree,FFree,FFree,FFree,FFree,FFree,FFree,FFree,FFree,FFree,FFree,FFree,FFree,FFree,FFree,FFree,FFree,FFree,FFree,FFree,FFree,FFree
IE 432,FFree,FFree,FFree,FFree,FFree,FFree,FFree,FFree,FFree,FFree,FFree,FFree,FFree,FFree,FFree,FFree,FFree,FFree,FFree,FFree,FFree,FFree
IE 435,FFree,FFree,FFree,FFree,FFree,FFree,FFree,FFree,FFree,FFree,FFree,FFree,FFree,FFree,FFree,FFree,FFree,FFree,FFree,FFree,FFree,FFree
IE 436,FFree,FFree,FFree,FFree,FFree,FFree,FFree,FFree,FFree,FFree,FFree,FFree,FFree,FFree,FFree,FFree,FFree,FFree,FFree,FFree,FFree,FFree
IE 451,FFree,FFree,FFree,FFree,FFree,FFree,FFree,FFree,FFree,FFree,FFree,FFree,FFree,FFree,FFree,FFree,FFree,FFree,FFree,FFree,FFree,FFree
IE 454,FFree,FFree,FFree,FFree,FFree,FFree,FFree,FFree,FFree,FFree,FFree,FFree,FFree,FFree,FFree,FFree,FFree,FFree,FFree,FFree,FFree,FFree
IE 48000,FFree,FFree,FFree,FFree,FFree,FFree,FFree,FFree,FFree,FFree,,,,,,,,,,,,
IE 48001,FFree,FFree,FFree,FFree,FFree,FFree,FFree,FFree,FFree,FFree,,,,,,,,,,,,
IE 48002,FFree,FFree,FFree,FFree,FFree,FFree,FFree,FFree,FFree,FFree,FFree,FFree,FFree,FFree,FFree,FFree,FFree,FFree,FFree,FFree,FFree,FFree
IE 48003,FFree,FFree,FFree,FFree,FFree,FFree,FFree,FFree,FFree,FFree,,,,,,,,,,,,
IE 48004,FFree,FFree,FFree,FFree,FFree,FFree,FFree,FFree,FFree,FFree,,,,,,,,,,,,
IE 48005,FFree,FFree,FFree,FFree,FFree,FFree,FFree,FFree,FFree,FFree,FFree,FFree,FFree,FFree,FFree,FFree,FFree,FFree,FFree,FFree,FFree,FFree
IF 200,FFree,FFree,FFree,FFree,FFree,FFree,FFree,FFree,FFree,FFree,FFree,FFree,FFree,FFree,FFree,FFree,FFree,FFree,FFree,FFree,FFree,FFree
IF 201,FFree,FFree,FFree,FFree,FFree,FFree,FFree,FFree,FFree,FFree,FFree,FFree,FFree,FFree,FFree,FFree,FFree,FFree,FFree,FFree,FFree,FFree
IF 301,FFree,FFree,FFree,FFree,FFree,FFree,FFree,FFree,FFree,FFree,FFree,FFree,FFree,FFree,FFree,FFree,FFree,FFree,FFree,FFree,FFree,FFree
IF 333,FFree,FFree,FFree,FFree,FFree,FFree,FFree,FFree,FFree,FFree,FFree,FFree,FFree,FFree,FFree,FFree,FFree,FFree,FFree,FFree,FFree,FFree
IF 401,FFree,FFree,FFree,FFree,FFree,FFree,FFree,FFree,FFree,FFree,FFree,FFree,,,,,,,,,,
IF 402,FFree,FFree,FFree,FFree,FFree,FFree,FFree,FFree,FFree,FFree,FFree,FFree,FFree,FFree,FFree,FFree,FFree,FFree,FFree,FFree,FFree,FFree
IF 405,FFree,FFree,FFree,FFree,FFree,FFree,FFree,FFree,FFree,FFree,FFree,FFree,FFree,FFree,FFree,FFree,FFree,FFree,FFree,FFree,FFree,FFree
IF 467,FFree,FFree,FFree,FFree,FFree,FFree,FFree,FFree,FFree,FFree,FFree,FFree,FFree,FFree,FFree,FFree,FFree,FFree,FFree,FFree,FFree,FFree
IR 201,FFree:A,FFree:A,FFree:A,FFree:A,FFree:A,FFree:A,FFree:A,FFree:A,FFree:A,FFree:A,FFree:A,FFree:A,FFree:A,FFree:A,FFree:A,FFree:A,FFree:A,FFree:A,FFree:A,FFree:A,FFree:A,FFree:A
IR 301,FFree:A,FFree:A,FFree:A,FFree:A,FFree:A,FFree:A,FFree:A,FFree:A,FFree:A,FFree:A,FFree:A,FFree:A,FFree:A,FFree:A,FFree:A,FFree:A,FFree:A,FFree:A,FFree:A,FFree:A,FFree:A,FFree:A
IR 341,FFree,FFree,FFree,FFree,FFree,FFree,FFree,FFree,FFree,FFree,FFree,FFree,FFree,FFree,FFree,FFree,FFree,FFree,FFree,FFree,FFree,FFree
IR 342,FFree,FFree,FFree,FFree,FFree,FFree,FFree,FFree,FFree,FFree,FFree,FFree,FFree,FFree,FFree,FFree,FFree,FFree,FFree,FFree,FFree,FFree
IR 389,FFree,FFree,FFree,,,,,,,,,,,,,,,,,,,
IR 391,FFree:A,FFree:A,FFree:A,FFree:A,FFree:A,FFree:A,FFree:A,FFree:A,FFree:A,FFree:A,FFree:A,FFree:A,FFree:A,FFree:A,FFree:A,FFree:A,FFree:A,FFree:A,FFree:A,FFree:A,FFree:A,FFree:A
IR 392,FFree,FFree,FFree,FFree,FFree,FFree,FFree,FFree,FFree,FFree,FFree,FFree,FFree,FFree,FFree,FFree,FFree,FFree,FFree,FFree,FFree,FFree
IR 394,FFree:A,FFree:A,FFree:A,FFree:A,FFree:A,FFree:A,FFree:A,FFree:A,FFree:A,FFree:A,FFree:A,FFree:A,FFree:A,FFree:A,FFree:A,FFree:A,FFree:A,FFree:A,FFree:A,FFree:A,FFree:A,FFree:A
IR 400,FFree,FFree,FFree,,,,,,,,,,,,,,,,,,,
IR 402,FFree,FFree,FFree,FFree,FFree,FFree,FFree,FFree,FFree,FFree,FFree,FFree,FFree,FFree,FFree,FFree,FFree,FFree,FFree,FFree,FFree,FFree
IR 403,FFree,,,,,,,,,,,,,,,,,,,,,
IR 405,FFree,FFree,FFree,FFree,FFree,FFree,FFree,FFree,FFree,FFree,FFree,FFree,FFree,FFree,FFree,FFree,FFree,FFree,FFree,FFree,FFree,FFree
IR 410,FFree,FFree,FFree,FFree,FFree,FFree,FFree,FFree,FFree,FFree,FFree,FFree,FFree,FFree,FFree,FFree,FFree,FFree,FFree,FFree,FFree,FFree
IR 489,FFree,FFree,FFree,FFree,FFree,FFree,FFree,FFree,FFree,FFree,FFree,FFree,FFree,FFree,FFree,FFree,FFree,FFree,FFree,FFree,FFree,FFree
IR 493,FFree,FFree,FFree,,,,,,,,,,,,,,,,,,,
ITA 110,FFree,FFree,,,,,,,,,,,,,,,,,,,,
ITA 120,FFree,FFree,,,,,,,,,,,,,,,,,,,,
LAT 110,FFree,FFree,FFree,FFree,FFree,,,,,,,,,,,,,,,,,
LAT 120,FFree,FFree,FFree,FFree,FFree,,,,,,,,,,,,,,,,,
LAT 130,FFree,FFree,FFree,FFree,FFree,,,,,,,,,,,,,,,,,
LAT 140,FFree,FFree,FFree,FFree,FFree,,,,,,,,,,,,,,,,,
LAW 311,FFree,FFree,FFree,FFree,FFree,FFree,FFree,FFree,FFree,FFree,FFree,FFree,FFree,FFree,FFree,FFree,FFree,FFree,FFree,FFree,FFree,FFree
LAW 312,FFree,FFree,FFree,FFree,FFree,FFree,FFree,FFree,FFree,FFree,FFree,FFree,FFree,FFree,FFree,FFree,FFree,FFree,FFree,FFree,FFree,FFree
MATH 201,FFree:E,FFree:E,FFree:E,FFree:E,FFree:E,FFree:E,FFree:E,FFree:E,FFree:E,FFree:E,FFree:E,FFree:E,FFree:E,FFree:E,FFree:E,FFree:E,FFree:E,FFree:E,FFree:E,FFree:E,FFree:E,FFree:E
MATH 202,FFree:E,FFree:E,FFree:E,FFree:E,FFree:E,FFree:E,FFree:E,FFree:E,FFree:E,FFree:E,FFree:E,FFree:E,FFree:E,FFree:E,FFree:E,FFree:E,FFree:E,FFree:E,FFree:E,FFree:E,FFree:E,FFree:E
MATH 203,FFree:E,FFree:E,FFree:E,FFree:E,FFree:E,FFree:E,FFree:E,FFree:E,FFree:E,FFree:E,FFree:E,FFree:E,FFree:E,FFree:E,FFree:E,FFree:E,FFree:E,FFree:E,FFree:E,FFree:E,FFree:E,FFree:E
MATH 204,FFree:E,FFree:E,FFree:E,FFree:E,FFree:E,FFree:E,FFree:E,FFree:E,FFree:E,FFree:E,FFree:E,FFree:E,FFree:E,FFree:E,FFree:E,FFree:E,FFree:E,FFree:E,FFree:E,FFree:E,FFree:E,FFree:E
MATH 206,FFree,FFree,FFree,FFree,FFree,FFree,FFree,FFree,FFree,FFree,FFree,FFree,FFree,FFree,FFree,FFree,FFree,FFree,FFree,FFree,FFree,FFree
MATH 212,FFree:E,FFree:E,FFree:E,FFree:E,FFree:E,FFree:E,FFree:E,FFree:E,FFree:E,FFree:E,FFree:E,FFree:E,FFree:E,FFree:E,FFree:E,FFree:E,FFree:E,FFree:E,FFree:E,FFree:E,FFree:E,FFree:E
MATH 301,FFree,FFree,FFree,FFree,FFree,FFree,FFree,FFree,FFree,FFree,FFree,FFree,FFree,FFree,FFree,FFree,FFree,FFree,FFree,FFree,FFree,FFree
MATH 305,FFree,FFree,FFree,FFree,FFree,FFree,FFree,FFree,FFree,FFree,FFree,FFree,FFree,FFree,FFree,FFree,FFree,FFree,FFree,FFree,FFree,FFree
MATH 306,FFree,FFree,FFree,FFree,FFree,FFree,FFree,FFree,FFree,FFree,FFree,FFree,FFree,FFree,FFree,FFree,FFree,FFree,FFree,FFree,FFree,FFree
MATH 307,FFree,FFree,FFree,FFree,FFree,FFree,FFree,FFree,FFree,FFree,FFree,FFree,FFree,FFree,FFree,FFree,FFree,FFree,FFree,FFree,FFree,FFree
MATH 311,FFree,FFree,FFree,FFree,FFree,FFree,FFree,FFree,FFree,FFree,FFree,FFree,FFree,FFree,FFree,FFree,FFree,FFree,FFree,FFree,FFree,FFree
MATH 317,FFree,FFree,FFree,FFree,FFree,FFree,FFree,FFree,FFree,FFree,FFree,FFree,FFree,FFree,FFree,FFree,FFree,FFree,FFree,FFree,FFree,FFree
MATH 318,FFree,FFree,FFree,FFree,FFree,FFree,FFree,FFree,FFree,FFree,FFree,FFree,FFree,FFree,FFree,FFree,FFree,FFree,FFree,FFree,FFree,FFree
MATH 322,FFree,FFree,FFree,FFree,FFree,FFree,FFree,FFree,FFree,FFree,FFree,FFree,FFree,FFree,FFree,FFree,FFree,FFree,FFree,FFree,FFree,FFree
MATH 402,FFree,FFree,FFree,FFree,FFree,FFree,,,,,,,,,,,,,,,,
MATH 405,FFree,FFree,FFree,FFree,FFree,FFree,FFree,FFree,FFree,FFree,,,,,,,,,,,,
MATH 409,FFree,FFree,FFree,FFree,FFree,FFree,FFree,FFree,FFree,FFree,FFree,FFree,FFree,FFree,FFree,FFree,FFree,FFree,FFree,FFree,FFree,FFree
MATH 410,FFree,FFree,FFree,FFree,FFree,FFree,FFree,FFree,FFree,FFree,FFree,FFree,FFree,FFree,FFree,FFree,FFree,FFree,FFree,FFree,FFree,FFree
MATH 414,FFree,FFree,FFree,FFree,FFree,FFree,FFree,FFree,FFree,FFree,FFree,FFree,FFree,FFree,FFree,FFree,FFree,FFree,FFree,FFree,FFree,FFree
MATH 428,FFree,FFree,FFree,FFree,FFree,FFree,FFree,FFree,FFree,FFree,FFree,FFree,FFree,FFree,FFree,FFree,FFree,FFree,FFree,FFree,FFree,FFree
MATH 479,FFree,FFree,FFree,FFree,FFree,FFree,FFree,FFree,FFree,FFree,,,,,,,,,,,,
MATH 484,FFree,FFree,FFree,FFree,FFree,FFree,FFree,FFree,FFree,FFree,FFree,FFree,FFree,FFree,FFree,FFree,FFree,FFree,FFree,FFree,FFree,FFree
MAT 204,FFree,FFree,FFree,FFree,FFree,FFree,FFree,FFree,FFree,FFree,FFree,FFree,FFree,FFree,FFree,FFree:E,FFree:E,FFree:E,FFree:E,FFree:E,FFree:E,FFree:E
MAT 206,FFree,FFree,FFree,FFree,FFree,FFree,FFree,FFree,FFree,FFree,FFree,FFree,FFree,FFree,FFree,FFree,FFree,FFree,FFree,FFree,FFree,FFree
MAT 302,FFree,FFree,FFree,FFree,FFree,FFree,FFree,FFree,FFree,FFree,FFree,FFree,FFree,FFree,FFree,FFree,FFree,FFree,FFree,FFree,FFree,FFree
MAT 304,FFree,FFree,FFree,FFree,FFree,FFree,FFree,FFree,FFree,FFree,,,,,,,,,,,,
MAT 305,FFree,FFree,FFree,FFree,FFree,FFree,FFree,FFree,FFree,FFree,FFree,FFree,FFree,FFree,FFree,FFree,FFree,FFree,FFree,FFree,FFree,FFree
MAT 306,FFree,FFree,FFree,FFree,FFree,FFree,FFree,FFree,FFree,FFree,FFree,FFree,FFree,FFree,FFree,FFree,FFree,FFree,FFree,FFree,FFree,FFree
MAT 307,FFree,FFree,FFree,FFree,FFree,FFree,FFree,FFree,FFree,FFree,FFree,FFree,FFree,FFree,FFree,FFree,FFree,FFree,FFree,FFree,FFree,FFree
MAT 308,FFree,FFree,FFree,FFree,FFree,FFree,FFree,FFree,FFree,FFree,FFree,FFree,FFree,FFree,FFree,FFree,FFree,FFree,FFree,FFree,FFree,FFree
MAT 309,FFree,FFree,FFree,FFree,FFree,FFree,FFree,FFree,FFree,FFree,FFree,FFree,FFree,FFree,FFree,FFree,FFree,FFree,FFree,FFree,FFree,FFree
MAT 310,FFree,FFree,FFree,FFree,FFree,FFree,FFree,FFree,FFree,FFree,,,,,,,,,,,,
MAT 312,FFree,FFree,FFree,FFree,FFree,FFree,FFree,FFree,FFree,FFree,FFree,FFree,FFree,FFree,FFree,FFree,FFree,FFree,FFree,FFree,FFree,FFree
MAT 314,FFree,FFree,FFree,FFree,FFree,FFree,FFree,FFree,FFree,FFree,FFree,FFree,FFree,FFree,FFree,FFree,FFree,FFree,FFree,FFree,FFree,FFree
MAT 401,FFree,FFree,FFree,FFree,FFree,FFree,FFree,FFree,FFree,FFree,FFree,FFree,FFree,FFree,FFree,FFree,FFree,FFree,FFree,FFree,FFree,FFree
MAT 402,FFree,FFree,FFree,FFree,FFree,FFree,FFree,FFree,FFree,FFree,FFree,FFree,FFree,FFree,FFree,FFree,FFree,FFree,FFree,FFree,FFree,FFree
MAT 403,FFree,FFree,FFree,FFree,FFree,FFree,FFree,FFree,FFree,FFree,,,,,,,,,,,,
MAT 404,FFree,FFree,FFree,FFree,FFree,FFree,FFree,FFree,FFree,FFree,FFree,FFree,FFree,FFree,FFree,FFree,FFree,FFree,FFree,FFree,FFree,FFree
MAT 405,FFree,FFree,FFree,FFree,FFree,FFree,FFree,FFree,FFree,FFree,FFree,FFree,FFree,FFree,FFree,FFree,FFree,FFree,FFree,FFree,FFree,FFree
MAT 406,FFree,FFree,FFree,FFree,FFree,FFree,FFree,FFree,FFree,FFree,FFree,FFree,FFree,FFree,FFree,FFree,FFree,FFree,FFree,FFree,FFree,FFree
MAT 408,FFree,FFree,FFree,FFree,FFree,FFree,FFree,FFree,FFree,FFree,FFree,FFree,FFree,FFree,FFree,FFree,FFree,FFree,FFree,FFree,FFree,FFree
MAT 416,FFree,FFree,FFree,FFree,FFree,FFree,FFree,FFree,FFree,FFree,FFree,FFree,FFree,FFree,FFree,FFree,FFree,FFree,FFree,FFree,FFree,FFree
MAT 422,FFree,FFree,FFree,FFree,FFree,FFree,FFree,FFree,FFree,FFree,FFree,FFree,FFree,FFree,FFree,FFree,FFree,FFree,FFree,FFree,FFree,FFree
MAT 423,FFree,FFree,FFree,FFree,FFree,FFree,FFree,FFree,FFree,FFree,FFree,FFree,FFree,FFree,FFree,FFree,FFree,FFree,FFree,FFree,FFree,FFree
MAT 424,FFree,FFree,FFree,FFree,FFree,FFree,FFree,FFree,FFree,FFree,FFree,FFree,FFree,FFree,FFree,FFree,FFree,FFree,FFree,FFree,FFree,FFree
MAT 48000,FFree,FFree,FFree,FFree,FFree,FFree,FFree,FFree,FFree,FFree,FFree,FFree,FFree,FFree,FFree,FFree,FFree,FFree,FFree,FFree,FFree,FFree
MAT 48003,FFree,FFree,FFree,FFree,FFree,FFree,FFree,FFree,FFree,FFree,FFree,FFree,FFree,FFree,FFree,FFree,FFree,FFree,FFree,FFree,FFree,FFree
MAT 48004,FFree,FFree,FFree,FFree,FFree,FFree,FFree,FFree,FFree,FFree,FFree,FFree,FFree,FFree,FFree,FFree,FFree,FFree,FFree,FFree,FFree,FFree
MAT 48005,FFree,FFree,FFree,FFree,FFree,FFree,FFree,FFree,FFree,FFree,FFree,FFree,FFree,FFree,FFree,FFree,FFree,,,,,
ME 301,FFree,FFree,FFree,FFree,FFree,FFree,FFree,FFree,FFree,FFree,FFree,FFree,FFree,FFree,FFree,FFree,FFree,FFree,FFree,FFree,FFree,FFree
ME 302,FFree,FFree,FFree,FFree,FFree,FFree,FFree,FFree,FFree,FFree,FFree,FFree,FFree,FFree,FFree,FFree,FFree,FFree,FFree,FFree,FFree,FFree
ME 303,FFree,FFree,FFree,FFree,FFree,FFree,FFree,FFree,FFree,FFree,FFree,FFree,FFree,FFree,FFree,FFree,FFree,FFree,FFree,FFree,FFree,FFree
ME 304,FFree,FFree,FFree,FFree,FFree,FFree,FFree,FFree,FFree,FFree,FFree,FFree,FFree,FFree,FFree,FFree,FFree,FFree,FFree,FFree,FFree,FFree
ME 305,FFree,FFree,FFree,FFree,FFree,FFree,FFree,FFree,FFree,FFree,FFree,FFree,FFree,FFree,FFree,FFree,FFree,FFree,FFree,FFree,FFree,FFree
ME 307,FFree,FFree,FFree,FFree,FFree,FFree,FFree,FFree,FFree,FFree,FFree,FFree,FFree,FFree,FFree,FFree,FFree,FFree,FFree,FFree,FFree,FFree
ME 308,FFree,FFree,FFree,FFree,FFree,FFree,FFree,FFree,FFree,FFree,FFree,FFree,FFree,FFree,FFree,FFree,FFree,FFree,FFree,FFree,FFree,FFree
ME 309,FFree,FFree,FFree,FFree,FFree,FFree,FFree,FFree,FFree,FFree,FFree,FFree,FFree,FFree,FFree,FFree,FFree,FFree,FFree,FFree,FFree,FFree
ME 312,FFree,FFree,FFree,FFree,FFree,FFree,FFree,FFree,FFree,FFree,FFree,FFree,FFree,FFree,FFree,FFree,FFree,FFree,FFree,FFree,FFree,FFree
ME 402,FFree,FFree,FFree,FFree,FFree,FFree,FFree,FFree,FFree,FFree,FFree,FFree,FFree,FFree,FFree,FFree,FFree,FFree,FFree,FFree,FFree,FFree
ME 403,FFree,FFree,FFree,FFree,FFree,FFree,FFree,FFree,FFree,FFree,FFree,FFree,FFree,FFree,FFree,FFree,FFree,FFree,FFree,FFree,FFree,FFree
ME 405,FFree,FFree,FFree,FFree,FFree,FFree,FFree,FFree,FFree,FFree,FFree,FFree,FFree,FFree,FFree,FFree,FFree,FFree,FFree,FFree,FFree,FFree
ME 407,FFree,FFree,FFree,FFree,FFree,FFree,,,,,,,,,,,,,,,,
ME 408,FFree,FFree,FFree,FFree,FFree,FFree,FFree,FFree,FFree,FFree,FFree,FFree,FFree,FFree,FFree,FFree,FFree,FFree,FFree,FFree,FFree,FFree
ME 409,FFree,FFree,FFree,FFree,FFree,FFree,FFree,FFree,FFree,FFree,FFree,FFree,FFree,FFree,FFree,FFree,FFree,FFree,FFree,FFree,FFree,FFree
ME 410,FFree,FFree,FFree,FFree,FFree,FFree,FFree,FFree,FFree,FFree,,,,,,,,,,,,
ME 411,FFree,FFree,FFree,FFree,FFree,FFree,FFree,FFree,FFree,FFree,,,,,,,,,,,,
ME 412,FFree,FFree,FFree,FFree,FFree,FFree,FFree,FFree,FFree,FFree,FFree,FFree,FFree,FFree,FFree,FFree,FFree,FFree,FFree,FFree,FFree,FFree
ME 415,FFree,FFree,FFree,FFree,FFree,FFree,FFree,FFree,FFree,FFree,FFree,FFree,FFree,FFree,FFree,FFree,FFree,FFree,FFree,FFree,FFree,FFree
ME 420,FFree,FFree,FFree,FFree,FFree,FFree,FFree,FFree,FFree,FFree,FFree,FFree,FFree,FFree,FFree,FFree,FFree,FFree,FFree,FFree,FFree,FFree
ME 425,FFree,FFree,FFree,FFree,FFree,FFree,FFree,FFree,FFree,FFree,FFree,FFree,FFree,FFree,FFree,FFree,FFree,FFree,FFree,FFree,FFree,FFree
ME 435,FFree,FFree,FFree,FFree,FFree,FFree,FFree,FFree,FFree,FFree,FFree,FFree,FFree,FFree,FFree,FFree,FFree,FFree,FFree,FFree,FFree,FFree
ME 437,FFree,FFree,FFree,FFree,FFree,FFree,FFree,FFree,FFree,FFree,FFree,FFree,FFree,FFree,FFree,FFree,FFree,FFree,FFree,FFree,FFree,FFree
ME 441,FFree,FFree,FFree,FFree,FFree,FFree,FFree,FFree,FFree,FFree,FFree,FFree,FFree,FFree,FFree,FFree,FFree,FFree,FFree,FFree,FFree,FFree
ME 48000,FFree,FFree,FFree,FFree,FFree,FFree,FFree,FFree,FFree,FFree,,,,,,,,,,,,
ME 48001,FFree,FFree,FFree,FFree,FFree,FFree,FFree,FFree,FFree,FFree,,,,,,,,,,,,
ME 48002,FFree,FFree,FFree,FFree,FFree,FFree,FFree,FFree,FFree,FFree,,,,,,,,,,,,
MGMT 201,FFree,FFree,FFree,FFree,FFree,FFree,FFree,FFree,FFree,FFree,FFree,FFree,FFree,FFree,FFree,FFree,FFree,FFree,FFree,FFree,FFree,FFree
MGMT 203,FFree,FFree,FFree,FFree,FFree,FFree,FFree,FFree,FFree,FFree,FFree,FFree,FFree,FFree,FFree,FFree,FFree,FFree,FFree,FFree,FFree,FFree
MGMT 213,FFree,FFree,FFree,FFree,FFree,FFree,FFree,FFree,FFree,FFree,FFree,FFree,FFree,FFree,FFree,FFree,FFree,FFree,FFree,FFree,FFree,FFree
MGMT 301,FFree,FFree,FFree,FFree,FFree,FFree,FFree,FFree,FFree,FFree,FFree,FFree,FFree,FFree,FFree,FFree,FFree,FFree,FFree,FFree,FFree,FFree
MGMT 302,FFree,FFree,FFree,FFree,FFree,FFree,FFree,FFree,FFree,FFree,FFree,FFree,FFree,FFree,FFree,FFree,FFree,FFree,FFree,FFree,FFree,FFree
MGMT 309,FFree,FFree,FFree,FFree,FFree,FFree,FFree,FFree,FFree,FFree,FFree,FFree,FFree,FFree,FFree,FFree,FFree,FFree,FFree,FFree,FFree,FFree
MGMT 310,FFree,FFree,FFree,FFree,FFree,FFree,FFree,FFree,FFree,FFree,FFree,FFree,FFree,FFree,FFree,FFree,FFree,FFree,FFree,FFree,FFree,FFree
MGMT 333,FFree,FFree,FFree,FFree,FFree,FFree,FFree,FFree,FFree,FFree,FFree,FFree,FFree,FFree,FFree,FFree,FFree,FFree,FFree,FFree,FFree,FFree
MGMT 401,FFree,FFree,FFree,FFree,FFree,FFree,FFree,FFree,FFree,FFree,FFree,FFree,FFree,FFree,FFree,FFree,FFree,FFree,FFree,FFree,FFree,FFree
MGMT 402,FFree,FFree,FFree,FFree,FFree,FFree,FFree,FFree,FFree,FFree,FFree,FFree,FFree,FFree,FFree,FFree:M,FFree:M,FFree:M,FFree:M,FFree:M,FFree:M,FFree:M
MGMT 403,FFree,FFree,FFree,FFree,FFree,FFree,FFree,FFree,FFree,FFree,FFree,FFree,FFree,FFree,FFree,FFree,FFree,FFree,FFree,FFree,FFree,FFree
MGMT 404,FFree,FFree,FFree,FFree,FFree,FFree,FFree,FFree,FFree,FFree,FFree,FFree,FFree,FFree,FFree,FFree,FFree,FFree,FFree,FFree,FFree,FFree
MGMT 405,FFree,FFree,FFree,FFree,FFree,FFree,FFree,FFree,FFree,FFree,FFree,FFree,FFree,FFree,FFree,FFree,FFree,FFree,FFree,FFree,FFree,FFree
MGMT 406,FFree,FFree,FFree,FFree,FFree,FFree,FFree,,,,,,,,,,,,,,,
MGMT 407,FFree,FFree,FFree,FFree,FFree,FFree,FFree,,,,,,,,,,,,,,,
MGMT 410,FFree,FFree,FFree,FFree,FFree,FFree,FFree,FFree,FFree,FFree,FFree,FFree,FFree,FFree,FFree,FFree,FFree,FFree,FFree,FFree,FFree,FFree
MGMT 411,FFree,FFree,FFree,FFree,FFree,FFree,FFree,FFree,FFree,FFree,FFree,FFree,FFree,FFree,FFree,FFree,FFree,FFree,FFree,FFree,FFree,FFree
MGMT 412,FFree,FFree,FFree,FFree,FFree,FFree,FFree,FFree,FFree,FFree,FFree,FFree,FFree,FFree,FFree,FFree,FFree,FFree,FFree,FFree,FFree,FFree
MGMT 413,FFree,FFree,FFree,FFree,FFree,FFree,FFree,FFree,FFree,FFree,FFree,FFree,FFree,FFree,FFree,FFree,FFree,FFree,FFree,FFree,FFree,FFree
MGMT 414,FFree,FFree,FFree,FFree,FFree,FFree,FFree,FFree,FFree,FFree,FFree,FFree,FFree,FFree,FFree,FFree,FFree,FFree,FFree,FFree,FFree,FFree
MGMT 415,FFree,FFree,FFree,FFree,FFree,FFree,FFree,FFree,FFree,FFree,FFree,FFree,FFree,FFree,FFree,FFree,FFree,FFree,FFree,FFree,FFree,FFree
MGMT 417,FFree,FFree,FFree,FFree,FFree,FFree,FFree,FFree,FFree,FFree,FFree,FFree,FFree,FFree,FFree,FFree,FFree,FFree,FFree,FFree,FFree,FFree
MGMT 418,FFree,FFree,FFree,FFree,FFree,FFree,FFree,FFree,FFree,FFree,FFree,FFree,FFree,FFree,FFree,FFree,FFree,FFree,FFree,FFree,FFree,FFree
MGMT 419,FFree,FFree,FFree,FFree,FFree,FFree,FFree,FFree,FFree,FFree,FFree,FFree,FFree,FFree,FFree,FFree,FFree,FFree,FFree,FFree,FFree,FFree
MGMT 420,FFree,FFree,FFree,FFree,FFree,FFree,FFree,,,,,,,,,,,,,,,
MGMT 421,FFree,FFree,FFree,FFree,FFree,FFree,FFree,FFree,FFree,FFree,FFree,FFree,FFree,FFree,FFree,FFree,FFree,FFree,FFree,FFree,FFree,FFree
MGMT 422,FFree,FFree,FFree,FFree,FFree,,,,,,,,,,,,,,,,,
MGMT 423,FFree,FFree,FFree,FFree,FFree,FFree,FFree,FFree,FFree,FFree,FFree,FFree,FFree,FFree,FFree,FFree,FFree,FFree,FFree,FFree,FFree,FFree
MGMT 424,FFree,FFree,FFree,FFree,FFree,FFree,FFree,FFree,FFree,FFree,FFree,FFree,FFree,FFree,FFree,FFree,FFree,FFree,FFree,FFree,FFree,FFree
MGMT 426,FFree,FFree,FFree,FFree,FFree,FFree,FFree,FFree,FFree,FFree,FFree,FFree,FFree,FFree,FFree,FFree,FFree,FFree,FFree,FFree,FFree,FFree
MGMT 450,FFree,,,,,,,,,,,,,,,,,,,,,
MGMT 451,FFree,FFree,FFree,FFree,,,,,,,,,,,,,,,,,,
MGMT 491,FFree,FFree,FFree,FFree,FFree,FFree,FFree,FFree,FFree,FFree,FFree,FFree,FFree,FFree,FFree,FFree,FFree,FFree,FFree,FFree,FFree,FFree
MGMT 492,FFree,FFree,FFree,FFree,FFree,FFree,FFree,FFree,FFree,FFree,FFree,FFree,FFree,FFree,FFree,FFree,FFree,FFree,FFree,FFree,FFree,FFree
MGMT 495,FFree,FFree,FFree,FFree,FFree,FFree,FFree,FFree,FFree,FFree,FFree,FFree,FFree,FFree,FFree,FFree,FFree,FFree,FFree,FFree,FFree,FFree
MGMT 496,FFree,FFree,FFree,FFree,FFree,FFree,FFree,FFree,FFree,FFree,FFree,FFree,FFree,FFree,FFree,FFree,FFree,FFree,FFree,FFree,FFree,FFree
MGMT 499,FFree,FFree,FFree,FFree,FFree,FFree,FFree,FFree,FFree,FFree,FFree,FFree,FFree,FFree,FFree,FFree,FFree,FFree,FFree,FFree,FFree,FFree
MJC 100,FFree,FFree,FFree,FFree,FFree,FFree,FFree,FFree,FFree,FFree,FFree,FFree,FFree,FFree,FFree,FFree,FFree,FFree,FFree,FFree,FFree,FFree
MKTG 301,FFree:M,FFree:M,FFree:M,FFree:M,FFree:M,FFree:M,FFree:M,FFree:M,FFree:M,FFree:M,FFree:M,FFree:M,FFree:M,FFree:M,FFree:M,FFree:M,FFree:M,FFree:M,FFree:M,FFree:M,FFree:M,FFree:M
MKTG 401,FFree,FFree,FFree,FFree,FFree,FFree,FFree,FFree,FFree,FFree,FFree,FFree,FFree,FFree,FFree,FFree,FFree,FFree,FFree,FFree,FFree,FFree
MKTG 402,FFree,FFree,FFree,FFree,FFree,FFree,FFree,FFree,FFree,FFree,FFree,FFree,FFree,FFree,FFree,FFree,FFree,FFree,FFree,FFree,FFree,FFree
MKTG 403,FFree,FFree,,,,,,,,,,,,,,,,,,,,
MKTG 404,FFree,FFree,FFree,FFree,FFree,FFree,FFree,FFree,FFree,FFree,FFree,FFree,FFree,FFree,FFree,FFree,FFree,FFree,FFree,FFree,FFree,FFree
MKTG 405,FFree,FFree,FFree,FFree,FFree,FFree,FFree,FFree,FFree,FFree,FFree,FFree,FFree,FFree,FFree,FFree,FFree,FFree,FFree,FFree,FFree,FFree
MKTG 406,FFree,FFree,FFree,FFree,FFree,FFree,FFree,FFree,FFree,FFree,FFree,FFree,FFree,FFree,FFree,FFree,FFree,FFree,FFree,FFree,FFree,FFree
MKTG 407,FFree,FFree,FFree,FFree,FFree,FFree,FFree,FFree,FFree,FFree,FFree,FFree,FFree,FFree,FFree,FFree,FFree,FFree,FFree,FFree,FFree,FFree
MKTG 409,FFree,FFree,FFree,FFree,FFree,FFree,FFree,FFree,FFree,FFree,FFree,FFree,FFree,FFree,FFree,FFree,FFree,FFree,FFree,FFree,FFree,FFree
MKTG 410,FFree,FFree,FFree,FFree,FFree,FFree,FFree,FFree,FFree,FFree,FFree,FFree,FFree,FFree,FFree,FFree,FFree,FFree,FFree,FFree,FFree,FFree
MKTG 411,FFree,FFree,FFree,FFree,FFree,FFree,FFree,FFree,FFree,FFree,FFree,FFree,FFree,FFree,FFree,FFree,FFree,FFree,FFree,FFree,FFree,FFree
MKTG 412,FFree,FFree,FFree,FFree,FFree,FFree,FFree,FFree,FFree,FFree,FFree,FFree,FFree,FFree,FFree,FFree,FFree,FFree,FFree,FFree,FFree,FFree
MKTG 413,FFree,FFree,FFree,FFree,FFree,FFree,FFree,FFree,FFree,FFree,FFree,FFree,FFree,FFree,FFree,FFree,FFree,FFree,FFree,FFree,FFree,FFree
MKTG 414,FFree,FFree,FFree,FFree,FFree,FFree,FFree,FFree,FFree,FFree,FFree,FFree,FFree,FFree,FFree,FFree,FFree,FFree,FFree,FFree,FFree,FFree
NS 200,FFree,FFree,FFree,FFree,FFree,FFree,FFree,FFree,FFree,FFree,FFree,FFree,FFree,FFree,FFree,FFree,FFree,FFree,FFree,FFree,FFree,FFree
NS 201,FFree:E,FFree:E,FFree:E,FFree:E,FFree:E,FFree:E,FFree:E,FFree:E,FFree:E,FFree:E,FFree:E,FFree:E,FFree:E,FFree:E,FFree:E,FFree:E,FFree:E,FFree:E,FFree:E,FFree:E,FFree:E,FFree:E
NS 206,FFree,FFree,FFree,FFree,FFree,FFree,FFree,FFree,FFree,FFree,FFree,FFree,FFree,FFree,FFree,FFree,FFree,FFree,FFree,FFree,FFree,FFree
NS 207,FFree:E,FFree:E,FFree:E,FFree:E,FFree:E,FFree:E,FFree:E,FFree:E,FFree:E,FFree:E,FFree:E,FFree:E,FFree:E,FFree:E,FFree:E,FFree:E,FFree:E,FFree:E,FFree:E,FFree:E,FFree:E,FFree:E
NS 208,FFree,FFree,FFree,FFree,FFree,FFree,FFree,FFree,FFree,FFree,FFree,FFree,FFree,FFree,FFree,FFree,FFree,FFree,FFree,FFree,FFree,FFree
NS 209,FFree,FFree,FFree,FFree,FFree,FFree,FFree,FFree,FFree,FFree,FFree,FFree,FFree,FFree,FFree,FFree,FFree,FFree,FFree,FFree,FFree,FFree
NS 210,FFree,FFree,FFree,FFree,FFree,FFree,FFree,FFree,FFree,FFree,,,,,,,,,,,,
NS 212,FFree,FFree,FFree,FFree,FFree,FFree,FFree,FFree,FFree,FFree,,,,,,,,,,,,
NS 216,FFree,FFree,FFree,FFree,FFree,FFree,FFree,FFree,FFree,FFree,FFree,FFree,FFree,FFree,FFree,FFree:E,FFree:E,FFree:E,FFree:E,FFree:E,FFree:E,FFree:E
NS 218,FFree,FFree,FFree,FFree,FFree,FFree,FFree,FFree,FFree,FFree,FFree,FFree,FFree,FFree,FFree,FFree:E,FFree:E,FFree:E,FFree:E,FFree:E,FFree:E,FFree:E
NS 220,FFree,FFree,FFree,FFree,FFree,FFree,FFree,FFree,FFree,FFree,FFree,FFree,,,,,,,,,,
NS 222,FFree,FFree,FFree,FFree,FFree,FFree,FFree,FFree,,,,,,,,,,,,,,
NS 48000,FFree,FFree,FFree,FFree,FFree,FFree,FFree,FFree,FFree,FFree,FFree,FFree,FFree,FFree,FFree,,,,,,,
OPIM 301,FFree,FFree,FFree,FFree,FFree,FFree,FFree,FFree,FFree,FFree,FFree,FFree,FFree,FFree,FFree,FFree,FFree,FFree,FFree,FFree,FFree,FFree
OPIM 302,FFree,FFree,FFree,FFree,FFree,FFree,FFree,FFree,FFree,FFree,FFree,FFree,FFree,FFree,FFree,FFree:M,FFree:M,FFree:M,FFree:M,FFree:M,FFree:M,FFree:M
OPIM 390,FFree,FFree,FFree,FFree,FFree,FFree,FFree,FFree,FFree,FFree,FFree,FFree,FFree,FFree,FFree,FFree,FFree,FFree,FFree,FFree,FFree,FFree
OPIM 401,FFree,FFree,FFree,FFree,FFree,FFree,FFree,FFree,FFree,FFree,FFree,FFree,FFree,FFree,FFree,FFree,FFree,FFree,FFree,FFree,FFree,FFree
OPIM 402,FFree,FFree,FFree,FFree,FFree,FFree,FFree,FFree,FFree,FFree,FFree,FFree,FFree,FFree,FFree,FFree,FFree,FFree,FFree,FFree,FFree,FFree
OPIM 403,FFree,FFree,FFree,FFree,FFree,FFree,FFree,FFree,FFree,FFree,FFree,,,,,,,,,,,
OPIM 404,FFree,FFree,FFree,FFree,FFree,FFree,FFree,FFree,FFree,FFree,FFree,FFree,FFree,FFree,FFree,FFree,FFree,FFree,FFree,FFree,FFree,FFree
OPIM 405,FFree,FFree,FFree,FFree,FFree,FFree,FFree,FFree,FFree,FFree,FFree,,,,,,,,,,,
OPIM 406,FFree,FFree,FFree,FFree,FFree,FFree,FFree,FFree,FFree,FFree,FFree,,,,,,,,,,,
OPIM 407,FFree,FFree,FFree,FFree,FFree,FFree,FFree,FFree,FFree,FFree,FFree,FFree,FFree,FFree,FFree,FFree,FFree,FFree,FFree,FFree,FFree,FFree
OPIM 408,FFree,FFree,FFree,FFree,FFree,FFree,FFree,FFree,FFree,FFree,FFree,FFree,FFree,FFree,FFree,FFree,FFree,FFree,FFree,FFree,FFree,FFree
OPIM 409,FFree,FFree,FFree,FFree,FFree,FFree,FFree,FFree,FFree,FFree,FFree,FFree,FFree,FFree,FFree,FFree,FFree,FFree,FFree,FFree,FFree,FFree
OPIM 410,FFree,FFree,FFree,FFree,FFree,FFree,FFree,FFree,FFree,FFree,FFree,FFree,FFree,FFree,FFree,FFree,FFree,FFree,FFree,FFree,FFree,FFree
OPIM 412,FFree,FFree,FFree,FFree,FFree,FFree,FFree,FFree,FFree,FFree,FFree,FFree,FFree,FFree,FFree,FFree,FFree,FFree,FFree,FFree,FFree,FFree
OPIM 413,FFree,FFree,FFree,FFree,FFree,FFree,FFree,FFree,FFree,FFree,FFree,FFree,FFree,FFree,FFree,FFree,FFree,FFree,FFree,FFree,FFree,FFree
OPIM 416,FFree,FFree,FFree,FFree,FFree,FFree,FFree,FFree,FFree,FFree,FFree,,,,,,,,,,,
ORG 301,FFree:M,FFree:M,FFree:M,FFree:M,FFree:M,FFree:M,FFree:M,FFree:M,FFree:M,FFree:M,FFree:M,FFree:M,FFree:M,FFree:M,FFree:M,FFree:M,FFree:M,FFree:M,FFree:M,FFree:M,FFree:M,FFree:M
ORG 302,FFree,FFree,FFree,FFree,FFree,FFree,FFree,FFree,FFree,FFree,FFree,FFree,FFree,FFree,FFree,FFree:M,FFree:M,FFree:M,FFree:M,FFree:M,FFree:M,FFree:M
ORG 401,FFree,FFree,FFree,FFree,FFree,FFree,FFree,FFree,FFree,FFree,FFree,FFree,FFree,FFree,FFree,FFree,FFree,FFree,FFree,FFree,FFree,FFree
ORG 403,FFree,FFree,FFree,FFree,FFree,FFree,FFree,FFree,FFree,FFree,FFree,FFree,FFree,FFree,FFree,FFree,FFree,FFree,FFree,FFree,FFree,FFree
ORG 404,FFree,FFree,FFree,FFree,FFree,FFree,FFree,FFree,FFree,FFree,FFree,FFree,FFree,FFree,FFree,FFree,FFree,FFree,FFree,FFree,FFree,FFree
ORG 405,FFree,FFree,FFree,FFree,FFree,FFree,FFree,FFree,FFree,FFree,FFree,FFree,FFree,FFree,FFree,FFree,FFree,FFree,FFree,FFree,FFree,FFree
ORG 450,FFree,FFree,FFree,FFree,FFree,,,,,,,,,,,,,,,,,
ORG 451,FFree,FFree,FFree,FFree,,,,,,,,,,,,,,,,,,
PERS 110,FFree,FFree,FFree,FFree,,,,,,,,,,,,,,,,,,
PERS 120,FFree,FFree,FFree,FFree,FFree,,,,,,,,,,,,,,,,,
PHIL 201,FFree:A,FFree:A,FFree:A,,,,,,,,,,,,,,,,,,,
PHIL 202,FFree:A,FFree:A,FFree:A,FFree:A,FFree:A,FFree:A,FFree:A,FFree:A,FFree:A,FFree:A,FFree:A,FFree:A,FFree:A,FFree:A,FFree:A,FFree:A,FFree:A,FFree:A,FFree:A,FFree:A,FFree:A,FFree:A
PHIL 240,FFree,FFree,FFree,,,,,,,,,,,,,,,,,,,
PHIL 300,FFree,FFree,FFree,FFree,FFree,FFree,FFree,FFree,FFree,FFree,FFree,FFree,FFree,FFree,FFree,FFree,FFree,FFree,FFree,FFree,FFree,FFree
PHIL 301,FFree,FFree,FFree,FFree,FFree,FFree,FFree,FFree,FFree,FFree,FFree,FFree,FFree,FFree,FFree,FFree,FFree,FFree,FFree,FFree,FFree,FFree
PHIL 310,FFree,FFree,FFree,FFree,FFree,FFree,FFree,FFree,FFree,FFree,FFree,FFree,FFree,FFree,FFree,FFree,FFree,FFree,FFree,FFree,FFree,FFree
PHIL 321,FFree:A,FFree:A,FFree:A,FFree:A,FFree:A,FFree:A,FFree:A,FFree:A,FFree:A,FFree:A,FFree:A,FFree:A,FFree:A,FFree:A,FFree:A,FFree:A,FFree:A,FFree:A,FFree:A,FFree:A,FFree:A,FFree:A
PHIL 340,FFree,FFree,FFree,FFree,FFree,FFree,FFree,,,,,,,,,,,,,,,
PHIL 370,FFree,FFree,FFree,FFree,FFree,FFree,FFree,FFree,FFree,FFree,FFree,FFree,FFree,FFree,FFree,FFree,FFree,FFree,FFree,FFree,FFree,FFree
PHIL 399,FFree,FFree,FFree,FFree,FFree,FFree,FFree,FFree,FFree,FFree,FFree,FFree,FFree,FFree,FFree,FFree,FFree,FFree,FFree,FFree,FFree,FFree
PHIL 401,FFree,FFree,FFree,FFree,FFree,FFree,FFree,FFree,FFree,FFree,FFree,FFree,FFree,FFree,FFree,FFree,FFree,FFree,FFree,FFree,FFree,FFree
PHIL 450,FFree,FFree,FFree,FFree,FFree,FFree,FFree,FFree,FFree,FFree,FFree,FFree,FFree,FFree,FFree,FFree,FFree,FFree,FFree,FFree,FFree,FFree
PHIL 460,FFree,FFree,FFree,FFree,FFree,FFree,FFree,FFree,FFree,FFree,FFree,FFree,FFree,FFree,FFree,FFree,FFree,FFree,FFree,FFree,FFree,FFree
PHYS 113,FFree:E,FFree:E,FFree:E,FFree:E,FFree:E,FFree:E,FFree:E,FFree:E,FFree:E,FFree:E,FFree:E,FFree:E,FFree:E,FFree:E,FFree:E,FFree:E,FFree:E,FFree:E,FFree:E,FFree:E,FFree:E,FFree:E
PHYS 211,FFree,FFree,FFree,FFree,FFree,FFree,FFree,FFree,FFree,FFree,FFree,FFree,FFree,FFree,FFree,FFree:E,FFree:E,FFree:E,FFree:E,FFree:E,FFree:E,FFree:E
PHYS 302,FFree,FFree,FFree,FFree,FFree,FFree,FFree,FFree,FFree,FFree,FFree,FFree,FFree,FFree,FFree,FFree,FFree,FFree,FFree,FFree,FFree,FFree
PHYS 303,FFree:E,FFree:E,FFree:E,FFree:E,FFree:E,FFree:E,FFree:E,FFree:E,FFree:E,FFree:E,FFree:E,FFree:E,FFree:E,FFree:E,FFree:E,FFree,FFree,FFree,FFree,FFree,FFree,FFree
PHYS 304,FFree,FFree,FFree,FFree,FFree,FFree,FFree,FFree,FFree,FFree,FFree,FFree,FFree,FFree,FFree,FFree,FFree,FFree,FFree,FFree,FFree,FFree
PHYS 313,FFree,FFree,FFree,FFree,FFree,FFree,FFree,FFree,FFree,FFree,,,,,,,,,,,,
PHYS 401,FFree,FFree,FFree,FFree,FFree,FFree,FFree,FFree,FFree,FFree,FFree,FFree,FFree,FFree,FFree,FFree,FFree,FFree,FFree,FFree,FFree,FFree
PHYS 411,FFree,FFree,FFree,FFree,FFree,FFree,FFree,FFree,FFree,FFree,FFree,FFree,FFree,FFree,FFree,FFree,FFree,FFree,FFree,FFree,FFree,FFree
PHYS 412,FFree,FFree,FFree,FFree,FFree,FFree,FFree,FFree,FFree,FFree,FFree,FFree,FFree,FFree,FFree,FFree,FFree,FFree,FFree,FFree,FFree,FFree
PHYS 484,FFree,FFree,FFree,FFree,FFree,FFree,FFree,FFree,FFree,FFree,FFree,FFree,FFree,FFree,FFree,FFree,FFree,FFree,FFree,FFree,FFree,FFree
PHYS 492,FFree,FFree,FFree,FFree,FFree,FFree,FFree,FFree,FFree,FFree,FFree,FFree,FFree,FFree,FFree,,,,,,,
POLS 250,FFree:A,FFree:A,FFree:A,FFree:A,FFree:A,FFree:A,FFree:A,FFree:A,FFree:A,FFree:A,FFree:A,FFree:A,FFree:A,FFree:A,FFree:A,FFree:A,FFree:A,FFree:A,FFree:A,FFree:A,FFree:A,FFree:A
POLS 251,FFree,FFree,FFree,FFree,FFree,FFree,FFree,FFree,FFree,FFree,FFree,FFree,FFree,FFree,FFree,FFree,FFree,FFree,FFree,FFree,FFree,FFree
POLS 301,FFree:A,FFree:A,FFree:A,FFree:A,FFree:A,FFree:A,FFree:A,FFree:A,FFree:A,FFree:A,FFree:A,FFree:A,FFree:A,FFree:A,FFree:A,FFree:A,FFree:A,FFree:A,FFree:A,FFree:A,FFree:A,FFree:A
POLS 302,FFree,FFree,FFree,FFree,FFree,FFree,FFree,FFree,FFree,FFree,FFree,FFree,FFree,FFree,FFree,FFree,FFree,FFree,FFree,FFree,FFree,FFree
POLS 303,FFree,FFree,FFree,FFree,FFree,FFree,FFree,FFree,FFree,FFree,FFree,FFree,FFree,FFree,FFree,FFree,FFree,FFree,FFree,FFree,FFree,FFree
POLS 304,FFree,FFree,FFree,,,,,,,,,,,,,,,,,,,
POLS 305,FFree,FFree,FFree,FFree,FFree,FFree,FFree,FFree,FFree,FFree,FFree,FFree,FFree,FFree,FFree,FFree,FFree,FFree,FFree,FFree,FFree,FFree
POLS 307,FFree,FFree,FFree,FFree,FFree,FFree,FFree,FFree,FFree,FFree,FFree,FFree,FFree,FFree,FFree,FFree,FFree,FFree,FFree,FFree,FFree,FFree
POLS 351,FFree,FFree,FFree,FFree,FFree,FFree,FFree,FFree,FFree,FFree,FFree,FFree,FFree,FFree,FFree,FFree,FFree,FFree,FFree,FFree,FFree,FFree
POLS 352,FFree,FFree,FFree,FFree,FFree,FFree,FFree,FFree,FFree,FFree,FFree,FFree,FFree,FFree,FFree,FFree,FFree,FFree,FFree,FFree,FFree,FFree
POLS 353,FFree,FFree,FFree,FFree,FFree,FFree,FFree,FFree,FFree,FFree,FFree,FFree,FFree,FFree,FFree,FFree,FFree,FFree,FFree,FFree,FFree,FFree
POLS 354,FFree,FFree,FFree,FFree,FFree,FFree,FFree,FFree,FFree,FFree,FFree,FFree,FFree,FFree,FFree,FFree,FFree,FFree,FFree,FFree,FFree,FFree
POLS 364,FFree,FFree,FFree,FFree,FFree,FFree,FFree,FFree,FFree,FFree,FFree,FFree,FFree,FFree,FFree,FFree,FFree,FFree,FFree,FFree,FFree,FFree
POLS 365,FFree,FFree,FFree,FFree,FFree,FFree,FFree,FFree,FFree,FFree,FFree,FFree,FFree,FFree,FFree,FFree,FFree,FFree,FFree,FFree,FFree,FFree
POLS 366,FFree,FFree,FFree,FFree,FFree,FFree,FFree,FFree,FFree,FFree,FFree,FFree,FFree,FFree,FFree,FFree,FFree,FFree,FFree,FFree,FFree,FFree
POLS 392,FFree,FFree,FFree,FFree,FFree,FFree,FFree,FFree,FFree,FFree,FFree,FFree,FFree,FFree,FFree,FFree,FFree,FFree,FFree,FFree,FFree,FFree
POLS 393,FFree,FFree,FFree,FFree,FFree,FFree,FFree,FFree,FFree,FFree,FFree,FFree,FFree,FFree,FFree,FFree,FFree,FFree,FFree,FFree,FFree,FFree
POLS 399,FFree,FFree,FFree,FFree,FFree,FFree,FFree,FFree,FFree,FFree,FFree,FFree,FFree,FFree,FFree,FFree,FFree,FFree,FFree,FFree,FFree,FFree
POLS 400,FFree,FFree,FFree,FFree,FFree,FFree,FFree,FFree,FFree,FFree,FFree,FFree,FFree,FFree,FFree,FFree,FFree,FFree,FFree,FFree,FFree,FFree
POLS 401,FFree,FFree,FFree,FFree,FFree,FFree,FFree,FFree,FFree,FFree,FFree,FFree,,,,,,,,,,
POLS 403,FFree,FFree,FFree,FFree,FFree,FFree,FFree,FFree,FFree,FFree,FFree,FFree,FFree,FFree,FFree,FFree,FFree,FFree,FFree,FFree,FFree,FFree
POLS 404,FFree,FFree,FFree,FFree,FFree,FFree,FFree,FFree,FFree,FFree,FFree,FFree,FFree,FFree,FFree,FFree,FFree,FFree,FFree,FFree,FFree,FFree
POLS 405,FFree,FFree,FFree,FFree,FFree,FFree,FFree,FFree,FFree,FFree,FFree,FFree,FFree,FFree,FFree,FFree,FFree,FFree,FFree,FFree,FFree,FFree
POLS 408,FFree,FFree,FFree,FFree,FFree,FFree,FFree,FFree,FFree,FFree,FFree,FFree,FFree,FFree,FFree,FFree,FFree,FFree,FFree,FFree,FFree,FFree
POLS 421,FFree,FFree,FFree,FFree,FFree,FFree,FFree,FFree,FFree,FFree,FFree,FFree,FFree,FFree,FFree,FFree,FFree,FFree,FFree,FFree,FFree,FFree
POLS 422,FFree,FFree,FFree,FFree,FFree,FFree,FFree,FFree,FFree,FFree,FFree,FFree,FFree,FFree,FFree,FFree,FFree,FFree,FFree,FFree,FFree,FFree
POLS 431,FFree,FFree,FFree,,,,,,,,,,,,,,,,,,,
POLS 434,FFree,FFree,FFree,FFree,FFree,FFree,FFree,FFree,FFree,FFree,FFree,FFree,FFree,FFree,FFree,FFree,FFree,FFree,FFree,FFree,FFree,FFree
POLS 446,FFree,FFree,FFree,FFree,FFree,FFree,FFree,FFree,FFree,FFree,FFree,FFree,FFree,FFree,FFree,FFree,FFree,FFree,FFree,FFree,FFree,FFree
POLS 448,FFree,FFree,FFree,FFree,FFree,FFree,FFree,FFree,FFree,FFree,FFree,FFree,FFree,FFree,FFree,FFree,FFree,FFree,FFree,FFree,FFree,FFree
POLS 455,FFree,FFree,FFree,FFree,FFree,FFree,FFree,FFree,FFree,FFree,FFree,FFree,FFree,FFree,FFree,FFree,FFree,FFree,FFree,FFree,FFree,FFree
POLS 457,FFree,FFree,FFree,FFree,FFree,FFree,FFree,FFree,FFree,FFree,FFree,FFree,FFree,FFree,FFree,FFree,FFree,FFree,FFree,FFree,FFree,FFree
POLS 473,FFree,FFree,FFree,FFree,FFree,FFree,FFree,FFree,FFree,FFree,FFree,FFree,FFree,FFree,FFree,FFree,FFree,FFree,FFree,FFree,FFree,FFree
POLS 483,FFree,FFree,FFree,FFree,FFree,FFree,FFree,FFree,FFree,FFree,FFree,FFree,FFree,FFree,FFree,FFree,FFree,FFree,FFree,FFree,FFree,FFree
POLS 491,FFree,FFree,FFree,FFree,FFree,FFree,FFree,FFree,FFree,FFree,FFree,FFree,FFree,FFree,FFree,FFree,FFree,FFree,FFree,FFree,FFree,FFree
POLS 492,FFree,FFree,FFree,FFree,FFree,FFree,FFree,FFree,FFree,FFree,FFree,FFree,FFree,FFree,FFree,FFree,FFree,FFree,FFree,FFree,FFree,FFree
POLS 493,FFree,FFree,FFree,FFree,FFree,FFree,FFree,FFree,FFree,FFree,FFree,FFree,FFree,FFree,FFree,FFree,FFree,FFree,FFree,FFree,FFree,FFree
POLS 495,FFree,FFree,FFree,FFree,FFree,FFree,FFree,FFree,FFree,FFree,FFree,FFree,FFree,FFree,FFree,FFree,FFree,FFree,FFree,FFree,FFree,FFree
PROJ 102,FFree,FFree,FFree,FFree,FFree,FFree,FFree,FFree,FFree,FFree,FFree,FFree,FFree,FFree,FFree,FFree,FFree,FFree,FFree,FFree,FFree,FFree
PROJ 301,FFree,FFree,FFree,FFree,FFree,FFree,FFree,FFree,FFree,FFree,FFree,FFree,FFree,FFree,FFree,FFree,FFree,FFree,FFree,FFree,FFree,FFree
PROJ 401,FFree,FFree,FFree,FFree,FFree,FFree,FFree,FFree,FFree,FFree,FFree,FFree,FFree,FFree,FFree,FFree,FFree,FFree,FFree,FFree,FFree,FFree
PSIR 311,FFree,FFree,FFree,FFree,FFree,FFree,FFree,FFree,FFree,FFree,FFree,FFree,FFree,FFree,FFree,FFree,FFree,FFree,FFree,FFree,FFree,FFree
PSIR 401,FFree,FFree,FFree,FFree,FFree,FFree,FFree,FFree,FFree,FFree,FFree,FFree,FFree,FFree,FFree,FFree,FFree,FFree,FFree,FFree,FFree,FFree
PSY 201,FFree:A,FFree:A,FFree:A,FFree:A,FFree:A,FFree:A,FFree:A,FFree:A,FFree:A,FFree:A,FFree:A,FFree:A,FFree:A,FFree:A,FFree:A,FFree:A,FFree:A,FFree:A,FFree:A,FFree:A,FFree:A,FFree:A
PSY 202,FFree,FFree,FFree,FFree,FFree,FFree,FFree,FFree,FFree,FFree,FFree,FFree,FFree,FFree,FFree,FFree,FFree,FFree,FFree,FFree,FFree,FFree
PSY 203,FFree,FFree,FFree,FFree,FFree,FFree,FFree,FFree,FFree,FFree,FFree,FFree,FFree,FFree,FFree,FFree,FFree,FFree,FFree,FFree,FFree,FFree
PSY 303,FFree,FFree,FFree,FFree,FFree,FFree,FFree,FFree,FFree,FFree,FFree,FFree,FFree,FFree,FFree,FFree,FFree,FFree,FFree,FFree,FFree,FFree
PSY 304,FFree,FFree,FFree,FFree,FFree,FFree,FFree,FFree,FFree,FFree,FFree,FFree,FFree,FFree,FFree,FFree,FFree,FFree,FFree,FFree,FFree,FFree
PSY 305,FFree,FFree,FFree,FFree,FFree,FFree,FFree,FFree,FFree,FFree,FFree,FFree,FFree,FFree,FFree,FFree,FFree,FFree,FFree,FFree,FFree,FFree
PSY 306,FFree,FFree,FFree,FFree,FFree,FFree,FFree,FFree,FFree,FFree,FFree,FFree,FFree,FFree,FFree,FFree,FFree,FFree,FFree,FFree,FFree,FFree
PSY 310,FFree:A,FFree:A,FFree:A,FFree:A,FFree:A,FFree:A,FFree:A,FFree:A,FFree:A,FFree:A,FFree:A,FFree:A,FFree:A,FFree:A,FFree:A,FFree:A,FFree:A,FFree:A,FFree:A,FFree:A,FFree:A,FFree:A
PSY 311,FFree,FFree,FFree,FFree,FFree,FFree,FFree,FFree,FFree,FFree,FFree,FFree,FFree,FFree,FFree,FFree,FFree,FFree,FFree,FFree,FFree,FFree
PSY 312,FFree,FFree,FFree,FFree,FFree,FFree,FFree,FFree,FFree,FFree,FFree,FFree,FFree,FFree,FFree,FFree,FFree,FFree,FFree,FFree,FFree,FFree
PSY 314,FFree,FFree,FFree,FFree,FFree,FFree,FFree,FFree,FFree,FFree,FFree,FFree,FFree,FFree,FFree,FFree,FFree,FFree,FFree,FFree,FFree,FFree
PSY 315,FFree,FFree,FFree,FFree,FFree,FFree,FFree,FFree,FFree,FFree,FFree,FFree,FFree,FFree,FFree,FFree,FFree,FFree,FFree,FFree,FFree,FFree
PSY 316,FFree,FFree,FFree,FFree,FFree,FFree,FFree,FFree,FFree,FFree,FFree,FFree,FFree,FFree,FFree,FFree,FFree,FFree,FFree,FFree,FFree,FFree
PSY 317,FFree,FFree,FFree,FFree,FFree,FFree,FFree,FFree,FFree,FFree,FFree,FFree,FFree,FFree,FFree,FFree,FFree,FFree,FFree,FFree,FFree,FFree
PSY 320,FFree,FFree,FFree,FFree,FFree,FFree,FFree,FFree,FFree,FFree,FFree,FFree,FFree,FFree,FFree,FFree,FFree,FFree,FFree,FFree,FFree,FFree
PSY 322,FFree,FFree,FFree,FFree,FFree,FFree,FFree,FFree,FFree,FFree,FFree,FFree,FFree,FFree,FFree,FFree,FFree,FFree,FFree,FFree,FFree,FFree
PSY 323,FFree,FFree,FFree,FFree,FFree,FFree,FFree,FFree,FFree,FFree,FFree,FFree,FFree,FFree,FFree,FFree,FFree,FFree,FFree,FFree,FFree,FFree
PSY 325,FFree,FFree,FFree,FFree,FFree,FFree,FFree,FFree,FFree,FFree,FFree,FFree,FFree,FFree,FFree,FFree,FFree,FFree,FFree,FFree,FFree,FFree
PSY 330,FFree,FFree,FFree,,,,,,,,,,,,,,,,,,,
PSY 340,FFree:A,FFree:A,FFree:A,FFree:A,FFree:A,FFree:A,FFree:A,FFree:A,FFree:A,FFree:A,FFree:A,FFree:A,FFree:A,FFree:A,FFree:A,FFree:A,FFree:A,FFree:A,FFree:A,FFree:A,FFree:A,FFree:A
PSY 341,FFree,FFree,FFree,FFree,FFree,FFree,FFree,FFree,FFree,FFree,FFree,FFree,FFree,FFree,FFree,FFree,FFree,FFree,FFree,FFree,FFree,FFree
PSY 343,FFree,FFree,FFree,FFree,FFree,FFree,FFree,FFree,FFree,FFree,FFree,FFree,FFree,FFree,FFree,FFree,FFree,FFree,FFree,FFree,FFree,FFree
PSY 344,FFree,FFree,FFree,FFree,FFree,FFree,FFree,FFree,FFree,FFree,FFree,FFree,FFree,FFree,FFree,FFree,FFree,FFree,FFree,FFree,FFree,FFree
PSY 345,FFree,FFree,FFree,FFree,FFree,FFree,FFree,,,,,,,,,,,,,,,
PSY 350,FFree,FFree,FFree,FFree,FFree,FFree,FFree,FFree,FFree,FFree,FFree,FFree,FFree,FFree,FFree,FFree,FFree,FFree,FFree,FFree,FFree,FFree
PSY 352,FFree,FFree,FFree,,,,,,,,,,,,,,,,,,,
PSY 360,FFree,FFree,FFree,FFree,FFree,FFree,FFree,FFree,FFree,FFree,FFree,FFree,FFree,FFree,FFree,FFree,FFree,FFree,FFree,FFree,FFree,FFree
PSY 361,FFree,FFree,FFree,FFree,FFree,FFree,FFree,FFree,FFree,FFree,FFree,FFree,FFree,FFree,FFree,FFree,FFree,FFree,FFree,FFree,FFree,FFree
PSY 362,FFree,FFree,FFree,FFree,FFree,FFree,FFree,FFree,FFree,FFree,FFree,FFree,FFree,FFree,FFree,FFree,FFree,FFree,FFree,FFree,FFree,FFree
PSY 363,FFree,FFree,FFree,FFree,FFree,FFree,FFree,FFree,FFree,FFree,FFree,FFree,FFree,FFree,FFree,FFree,FFree,FFree,FFree,FFree,FFree,FFree
PSY 364,FFree,FFree,FFree,FFree,FFree,FFree,FFree,FFree,FFree,FFree,FFree,FFree,FFree,FFree,FFree,FFree,FFree,FFree,FFree,FFree,FFree,FFree
PSY 365,FFree,FFree,FFree,FFree,FFree,FFree,,,,,,,,,,,,,,,,
PSY 366,FFree,FFree,FFree,FFree,FFree,FFree,FFree,FFree,FFree,FFree,FFree,FFree,FFree,FFree,FFree,FFree,FFree,FFree,FFree,FFree,FFree,FFree
PSY 368,FFree,FFree,FFree,FFree,FFree,FFree,FFree,FFree,FFree,FFree,FFree,FFree,FFree,FFree,FFree,FFree,FFree,FFree,FFree,FFree,FFree,FFree
PSY 370,FFree,FFree,FFree,,,,,,,,,,,,,,,,,,,
PSY 371,FFree,FFree,FFree,,,,,,,,,,,,,,,,,,,
PSY 380,FFree,FFree,FFree,,,,,,,,,,,,,,,,,,,
PSY 382,FFree,FFree,FFree,,,,,,,,,,,,,,,,,,,
PSY 390,FFree,FFree,FFree,,,,,,,,,,,,,,,,,,,
PSY 398,FFree,FFree,FFree,FFree,FFree,FFree,FFree,FFree,FFree,FFree,FFree,FFree,FFree,FFree,FFree,FFree,FFree,FFree,FFree,FFree,FFree,FFree
PSY 399,FFree,FFree,FFree,FFree,FFree,FFree,FFree,FFree,FFree,FFree,FFree,FFree,FFree,FFree,FFree,FFree,FFree,FFree,FFree,FFree,FFree,FFree
PSY 403,FFree,FFree,FFree,FFree,FFree,FFree,FFree,FFree,FFree,FFree,FFree,FFree,FFree,FFree,FFree,FFree,FFree,FFree,FFree,FFree,FFree,FFree
PSY 407,FFree,FFree,FFree,FFree,FFree,FFree,FFree,FFree,FFree,FFree,FFree,FFree,FFree,FFree,FFree,FFree,FFree,FFree,FFree,FFree,FFree,FFree
PSY 410,FFree,FFree,FFree,FFree,FFree,FFree,FFree,FFree,FFree,FFree,FFree,FFree,FFree,FFree,FFree,FFree,FFree,FFree,FFree,FFree,FFree,FFree
PSY 411,FFree,FFree,FFree,FFree,FFree,FFree,FFree,FFree,FFree,FFree,FFree,FFree,FFree,FFree,FFree,FFree,FFree,FFree,FFree,FFree,FFree,FFree
PSY 412,FFree,FFree,FFree,FFree,FFree,FFree,FFree,FFree,FFree,FFree,FFree,FFree,FFree,FFree,FFree,FFree,FFree,FFree,FFree,FFree,FFree,FFree
PSY 414,FFree,FFree,FFree,FFree,FFree,FFree,FFree,FFree,FFree,FFree,FFree,FFree,FFree,FFree,FFree,FFree,FFree,FFree,FFree,FFree,FFree,FFree
PSY 415,FFree,FFree,FFree,FFree,FFree,FFree,FFree,FFree,FFree,FFree,FFree,FFree,FFree,FFree,FFree,FFree,FFree,FFree,FFree,FFree,FFree,FFree
PSY 418,FFree,FFree,FFree,FFree,FFree,FFree,FFree,FFree,FFree,FFree,FFree,FFree,FFree,FFree,FFree,FFree,FFree,FFree,FFree,FFree,FFree,FFree
PSY 421,FFree,FFree,FFree,FFree,FFree,FFree,FFree,FFree,FFree,FFree,FFree,FFree,FFree,FFree,FFree,FFree,FFree,FFree,FFree,FFree,FFree,FFree
PSY 422,FFree,FFree,FFree,FFree,FFree,FFree,FFree,FFree,FFree,FFree,FFree,FFree,FFree,FFree,FFree,FFree,FFree,FFree,FFree,FFree,FFree,FFree
PSY 423,FFree,FFree,FFree,FFree,FFree,FFree,FFree,FFree,FFree,,,,,,,,,,,,,
PSY 424,FFree,FFree,FFree,FFree,FFree,FFree,FFree,FFree,FFree,FFree,FFree,FFree,FFree,FFree,FFree,FFree,FFree,FFree,FFree,FFree,FFree,FFree
PSY 433,FFree,FFree,FFree,,,,,,,,,,,,,,,,,,,
PSY 440,FFree,FFree,FFree,,,,,,,,,,,,,,,,,,,
PSY 442,FFree,FFree,FFree,FFree,FFree,FFree,FFree,FFree,FFree,FFree,FFree,FFree,FFree,FFree,FFree,FFree,FFree,FFree,FFree,FFree,FFree,FFree
PSY 443,FFree,FFree,FFree,FFree,FFree,FFree,FFree,FFree,FFree,FFree,FFree,FFree,FFree,FFree,FFree,FFree,FFree,FFree,FFree,FFree,FFree,FFree
PSY 444,FFree,FFree,FFree,FFree,FFree,FFree,FFree,FFree,FFree,FFree,FFree,FFree,FFree,FFree,FFree,FFree,FFree,FFree,FFree,FFree,FFree,FFree
PSY 445,FFree,FFree,FFree,FFree,FFree,FFree,FFree,FFree,FFree,FFree,FFree,FFree,FFree,FFree,FFree,FFree,FFree,FFree,FFree,FFree,FFree,FFree
PSY 450,FFree,FFree,FFree,FFree,FFree,FFree,FFree,FFree,FFree,FFree,FFree,FFree,FFree,FFree,FFree,FFree,FFree,FFree,FFree,FFree,FFree,FFree
PSY 452,FFree,FFree,FFree,FFree,FFree,FFree,FFree,FFree,FFree,FFree,FFree,FFree,FFree,FFree,FFree,FFree,FFree,FFree,FFree,FFree,FFree,FFree
PSY 464,FFree,FFree,FFree,,,,,,,,,,,,,,,,,,,
PSY 467,FFree,FFree,FFree,FFree,FFree,FFree,FFree,FFree,FFree,FFree,FFree,FFree,FFree,FFree,FFree,FFree,FFree,FFree,FFree,FFree,FFree,FFree
PSY 469,FFree,FFree,FFree,FFree,FFree,FFree,FFree,FFree,FFree,FFree,FFree,FFree,FFree,FFree,FFree,FFree,FFree,FFree,FFree,FFree,FFree,FFree
PSY 480,FFree,FFree,FFree,FFree,FFree,FFree,FFree,FFree,FFree,FFree,FFree,FFree,FFree,FFree,FFree,FFree,FFree,FFree,FFree,FFree,FFree,FFree
PSY 481,FFree,FFree,FFree,FFree,FFree,FFree,FFree,FFree,FFree,FFree,FFree,FFree,FFree,FFree,FFree,FFree,FFree,FFree,FFree,FFree,FFree,FFree
SOC 201,FFree:A,FFree:A,FFree:A,FFree:A,FFree:A,FFree:A,FFree:A,FFree:A,FFree:A,FFree:A,FFree:A,FFree:A,FFree:A,FFree:A,FFree:A,FFree:A,FFree:A,FFree:A,FFree:A,FFree:A,FFree:A,FFree:A
SOC 301,FFree:A,FFree:A,FFree:A,FFree:A,FFree:A,FFree:A,FFree:A,FFree:A,FFree:A,FFree:A,FFree:A,FFree:A,FFree:A,FFree:A,FFree:A,FFree:A,FFree:A,FFree:A,FFree:A,FFree:A,FFree:A,FFree:A
SOC 313,FFree,FFree,FFree,FFree,,,,,,,,,,,,,,,,,,
SOC 318,FFree,,,,,,,,,,,,,,,,,,,,,
SOC 399,FFree,FFree,FFree,FFree,FFree,FFree,FFree,FFree,FFree,FFree,FFree,FFree,FFree,FFree,FFree,FFree,FFree,FFree,FFree,FFree,FFree,FFree
SOC 408,FFree,FFree,FFree,FFree,FFree,FFree,FFree,FFree,FFree,FFree,FFree,FFree,FFree,FFree,FFree,FFree,FFree,FFree,FFree,FFree,FFree,FFree
SOC 420,FFree,FFree,FFree,FFree,FFree,FFree,FFree,FFree,FFree,FFree,FFree,FFree,FFree,FFree,FFree,FFree,FFree,FFree,FFree,FFree,FFree,FFree
SOC 425,FFree,FFree,FFree,FFree,FFree,FFree,FFree,FFree,FFree,FFree,FFree,FFree,FFree,FFree,FFree,FFree,FFree,FFree,FFree,FFree,FFree,FFree
SOC 426,FFree,FFree,FFree,FFree,FFree,FFree,FFree,FFree,FFree,FFree,FFree,FFree,FFree,FFree,FFree,,,,,,,
SOC 432,FFree,FFree,FFree,FFree,FFree,FFree,FFree,FFree,FFree,FFree,FFree,FFree,FFree,FFree,FFree,FFree,FFree,FFree,FFree,FFree,FFree,FFree
SPA 110,FFree,FFree,FFree,FFree,FFree,FFree,FFree,FFree,FFree,FFree,FFree,FFree,FFree,FFree,FFree,FFree,FFree,FFree,FFree,FFree,FFree,FFree
SPA 120,FFree,FFree,FFree,FFree,FFree,FFree,FFree,FFree,FFree,FFree,FFree,FFree,FFree,FFree,FFree,FFree,FFree,FFree,FFree,FFree,FFree,FFree
SPA 130,FFree,FFree,FFree,FFree,FFree,,,,,,,,,,,,,,,,,
SPS 201,FFree,FFree,FFree,FFree,FFree,FFree,FFree,FFree,FFree,FFree,FFree,FFree,FFree,FFree,FFree,FFree,FFree,FFree,FFree,FFree,FFree,FFree
SPS 311,FFree,FFree,FFree,FFree,FFree,FFree,FFree,FFree,FFree,FFree,FFree,FFree,,,,,,,,,,
SPS 374,FFree,FFree,FFree,FFree,FFree,FFree,FFree,FFree,FFree,FFree,FFree,FFree,FFree,FFree,FFree,FFree,FFree,FFree,FFree,FFree,FFree,FFree
SPS 384,FFree,FFree,FFree,FFree,FFree,FFree,FFree,FFree,FFree,FFree,FFree,FFree,FFree,FFree,FFree,FFree,FFree,FFree,FFree,FFree,FFree,FFree
SPS 394,FFree,FFree,FFree,FFree,FFree,FFree,FFree,FFree,FFree,FFree,FFree,FFree,FFree,FFree,FFree,FFree,FFree,FFree,FFree,FFree,FFree,FFree
SPS 404,FFree,FFree,FFree,FFree,FFree,FFree,FFree,FFree,FFree,FFree,FFree,FFree,FFree,FFree,FFree,FFree,FFree,FFree,FFree,FFree,FFree,FFree
TLL 001,FFree,FFree,FFree,FFree,FFree,FFree,FFree,FFree,FFree,FFree,FFree,FFree,FFree,FFree,FFree,FFree,FFree,FFree,FFree,FFree,FFree,FFree
TLL 110,FFree,FFree,FFree,FFree,FFree,,,,,,,,,,,,,,,,,
TLL 130,FFree,FFree,FFree,FFree,FFree,,,,,,,,,,,,,,,,,
TLL 150,FFree,FFree,FFree,FFree,FFree,,,,,,,,,,,,,,,,,
TS 320,FFree,FFree,FFree,FFree,FFree,FFree,FFree,FFree,FFree,FFree,FFree,FFree,FFree,FFree,FFree,FFree,FFree,FFree,FFree,FFree,FFree,FFree
TUR 101,FFree,FFree,FFree,FFree,FFree,FFree,FFree,FFree,FFree,FFree,FFree,FFree,FFree,FFree,FFree,FFree,FFree,FFree,FFree,FFree,FFree,FFree
TUR 102,FFree,FFree,FFree,FFree,FFree,FFree,FFree,FFree,FFree,FFree,FFree,FFree,FFree,FFree,FFree,FFree,FFree,FFree,FFree,FFree,FFree,FFree
TUR 201,FFree,FFree,FFree,FFree,FFree,FFree,FFree,FFree,FFree,FFree,FFree,FFree,FFree,FFree,FFree,FFree,FFree,FFree,FFree,FFree,FFree,FFree
XM 490,FFree,FFree,FFree,FFree,FFree,FFree,FFree,FFree,FFree,FFree,FFree,FFree,FFree,FFree,FFree,FFree,FFree,FFree,FFree,FFree,FFree,FFree