"Computer Science and Engineering","201401","201402","201403","201501","201502","201503","201601","201602","201603","201701","201702","201703","201801","201802","201803","201901","201902","201903","202001","202002","202003","202101","202102","202103","202201","202202","202203","202301","202302","202303","202401","202402","202403","202501","202502","202503","202601"
Requirement:ECTSENG,90,90,90,90,90,90,90,90,90,90,90,90,90,90,90,90,90,90,90,90,90,90,90,90,90,90,90,90,90,90,90,90,90,90,90,90,90
Requirement:facultyCourses,5,5,5,5,5,5,5,5,5,5,5,5,5,5,5,5,5,5,5,5,5,5,5,5,5,5,5,5,5,5,5,5,5,5,5,5,5
Requirement:ECTSBSC,60,60,60,60,60,60,60,60,60,60,60,60,60,60,60,60,60,60,60,60,60,60,60,60,60,60,60,60,60,60,60,60,60,60,60,60,60
Requirement:credits,155,155,155,155,155,155,155,155,155,155,155,155,155,155,155,155,155,155,155,155,155,155,155,155,155,155,155,155,155,155,155,155,155,162,162,162,162
Requirement:ECTS,300,300,300,300,300,300,300,300,300,300,300,300,300,300,300,300,300,300,300,300,300,300,300,300,300,300,300,300,300,300,300,300,300,300,300,300,300
MJC 100,DFoundationally Required,DFoundationally Required,DFoundationally Required,DFoundationally Required,DFoundationally Required,DFoundationally Required,DFoundationally Required,DFoundationally Required,DFoundationally Required,,,,,,,,,,,,,,,,,,,,,,,,,,,,
CIP 101,DFoundationally Required,DFoundationally Required,DFoundationally Required,DFoundationally Required,DFoundationally Required,DFoundationally Required,DFoundationally Required,DFoundationally Required,DFoundationally Required,,,,,,,,,,,,,,,,,,,,,,,,,,,,
ENG 101,DFoundationally Required,DFoundationally Required,DFoundationally Required,DFoundationally Required,DFoundationally Required,DFoundationally Required,DFoundationally Required,DFoundationally Required,DFoundationally Required,,,,,,,,,,,,,,,,,,,,,,,,,,,,
MATH 101,DFoundationally Required,DFoundationally Required,DFoundationally Required,DFoundationally Required,DFoundationally Required,DFoundationally Required,DFoundationally Required,DFoundationally Required,DFoundationally Required,DFoundationally Required,DFoundationally Required,DFoundationally Required,DFoundationally Required,DFoundationally Required,DFoundationally Required,DFoundationally Required,DFoundationally Required,DFoundationally Required,DFoundationally Required,DFoundationally Required,DFoundationally Required,DFoundationally Required,DFoundationally Required,DFoundationally Required,DFoundationally Required,DFoundationally Required,DFoundationally Required,DFoundationally Required,DFoundationally Required,DFoundationally Required,DFoundationally Required,DFoundationally Required,DFoundationally Required,DFoundationally Required,DFoundationally Required,DFoundationally Required,DFoundationally Required
NS 101,DFoundationally Required,DFoundationally Required,DFoundationally Required,DFoundationally Required,DFoundationally Required,DFoundationally Required,DFoundationally Required,DFoundationally Required,DFoundationally Required,DFoundationally Required,DFoundationally Required,DFoundationally Required,DFoundationally Required,DFoundationally Required,DFoundationally Required,DFoundationally Required,DFoundationally Required,DFoundationally Required,DFoundationally Required,DFoundationally Required,DFoundationally Required,DFoundationally Required,DFoundationally Required,DFoundationally Required,DFoundationally Required,DFoundationally Required,DFoundationally Required,DFoundationally Required,DFoundationally Required,DFoundationally Required,DFoundationally Required,DFoundationally Required,DFoundationally Required,DFoundationally Required,DFoundationally Required,DFoundationally Required,DFoundationally Required
SPS 101,DFoundationally Required,DFoundationally Required,DFoundationally Required,DFoundationally Required,DFoundationally Required,DFoundationally Required,DFoundationally Required,DFoundationally Required,DFoundationally Required,DFoundationally Required,DFoundationally Required,DFoundationally Required,DFoundationally Required,DFoundationally Required,DFoundationally Required,DFoundationally Required,DFoundationally Required,DFoundationally Required,DFoundationally Required,DFoundationally Required,DFoundationally Required,DFoundationally Required,DFoundationally Required,DFoundationally Required,DFoundationally Required,DFoundationally Required,DFoundationally Required,DFoundationally Required,DFoundationally Required,DFoundationally Required,DFoundationally Required,DFoundationally Required,DFoundationally Required,DFoundationally Required,DFoundationally Required,DFoundationally Required,DFoundationally Required
TLL 101,DFoundationally Required,DFoundationally Required,DFoundationally Required,DFoundationally Required,DFoundationally Required,DFoundationally Required,DFoundationally Required,DFoundationally Required,DFoundationally Required,DFoundationally Required,DFoundationally Required,DFoundationally Required,DFoundationally Required,DFoundationally Required,DFoundationally Required,DFoundationally Required,DFoundationally Required,DFoundationally Required,DFoundationally Required,DFoundationally Required,DFoundationally Required,DFoundationally Required,DFoundationally Required,DFoundationally Required,DFoundationally Required,DFoundationally Required,DFoundationally Required,DFoundationally Required,DFoundationally Required,DFoundationally Required,DFoundationally Required,DFoundationally Required,DFoundationally Required,DFoundationally Required,DFoundationally Required,DFoundationally Required,DFoundationally Required
ENG 102,DFoundationally Required,DFoundationally Required,DFoundationally Required,DFoundationally Required,DFoundationally Required,DFoundationally Required,DFoundationally Required,DFoundationally Required,DFoundationally Required,,,,,,,,,,,,,,,,,,,,,,,,,,,,
MATH 102,DFoundationally Required,DFoundationally Required,DFoundationally Required,DFoundationally Required,DFoundationally Required,DFoundationally Required,DFoundationally Required,DFoundationally Required,DFoundationally Required,DFoundationally Required,DFoundationally Required,DFoundationally Required,DFoundationally Required,DFoundationally Required,DFoundationally Required,DFoundationally Required,DFoundationally Required,DFoundationally Required,DFoundationally Required,DFoundationally Required,DFoundationally Required,DFoundationally Required,DFoundationally Required,DFoundationally Required,DFoundationally Required,DFoundationally Required,DFoundationally Required,DFoundationally Required,DFoundationally Required,DFoundationally Required,DFoundationally Required,DFoundationally Required,DFoundationally Required,DFoundationally Required,DFoundationally Required,DFoundationally Required,DFoundationally Required
NS 102,DFoundationally Required,DFoundationally Required,DFoundationally Required,DFoundationally Required,DFoundationally Required,DFoundationally Required,DFoundationally Required,DFoundationally Required,DFoundationally Required,DFoundationally Required,DFoundationally Required,DFoundationally Required,DFoundationally Required,DFoundationally Required,DFoundationally Required,DFoundationally Required,DFoundationally Required,DFoundationally Required,DFoundationally Required,DFoundationally Required,DFoundationally Required,DFoundationally Required,DFoundationally Required,DFoundationally Required,DFoundationally Required,DFoundationally Required,DFoundationally Required,DFoundationally Required,DFoundationally Required,DFoundationally Required,DFoundationally Required,DFoundationally Required,DFoundationally Required,DFoundationally Required,DFoundationally Required,DFoundationally Required,DFoundationally Required
PROJ 102,DFoundationally Required,DFoundationally Required,DFoundationally Required,DFoundationally Required,DFoundationally Required,DFoundationally Required,DFoundationally Required,DFoundationally Required,DFoundationally Required,,,,,,,,,,,,,,,,,,,,,,,,,,,,
SPS 102,DFoundationally Required,DFoundationally Required,DFoundationally Required,DFoundationally Required,DFoundationally Required,DFoundationally Required,DFoundationally Required,DFoundationally Required,DFoundationally Required,DFoundationally Required,DFoundationally Required,DFoundationally Required,DFoundationally Required,DFoundationally Required,DFoundationally Required,DFoundationally Required,DFoundationally Required,DFoundationally Required,DFoundationally Required,DFoundationally Required,DFoundationally Required,DFoundationally Required,DFoundationally Required,DFoundationally Required,DFoundationally Required,DFoundationally Required,DFoundationally Required,DFoundationally Required,DFoundationally Required,DFoundationally Required,DFoundationally Required,DFoundationally Required,DFoundationally Required,DFoundationally Required,DFoundationally Required,DFoundationally Required,DFoundationally Required
TLL 102,DFoundationally Required,DFoundationally Required,DFoundationally Required,DFoundationally Required,DFoundationally Required,DFoundationally Required,DFoundationally Required,DFoundationally Required,DFoundationally Required,DFoundationally Required,DFoundationally Required,DFoundationally Required,DFoundationally Required,DFoundationally Required,DFoundationally Required,DFoundationally Required,DFoundationally Required,DFoundationally Required,DFoundationally Required,DFoundationally Required,DFoundationally Required,DFoundationally Required,DFoundationally Required,DFoundationally Required,DFoundationally Required,DFoundationally Required,DFoundationally Required,DFoundationally Required,DFoundationally Required,DFoundationally Required,DFoundationally Required,DFoundationally Required,DFoundationally Required,DFoundationally Required,DFoundationally Required,DFoundationally Required,DFoundationally Required
HIST 191,DFoundationally Required,DFoundationally Required,DFoundationally Required,DFoundationally Required,DFoundationally Required,DFoundationally Required,DFoundationally Required,DFoundationally Required,DFoundationally Required,DFoundationally Required,DFoundationally Required,DFoundationally Required,DFoundationally Required,DFoundationally Required,DFoundationally Required,DFoundationally Required,DFoundationally Required,DFoundationally Required,DFoundationally Required,DFoundationally Required,DFoundationally Required,DFoundationally Required,DFoundationally Required,DFoundationally Required,DFoundationally Required,DFoundationally Required,DFoundationally Required,DFoundationally Required,DFoundationally Required,DFoundationally Required,DFoundationally Required,DFoundationally Required,DFoundationally Required,DFoundationally Required,DFoundationally Required,DFoundationally Required,DFoundationally Required
HIST 192,DFoundationally Required,DFoundationally Required,DFoundationally Required,DFoundationally Required,DFoundationally Required,DFoundationally Required,DFoundationally Required,DFoundationally Required,DFoundationally Required,DFoundationally Required,DFoundationally Required,DFoundationally Required,DFoundationally Required,DFoundationally Required,DFoundationally Required,DFoundationally Required,DFoundationally Required,DFoundationally Required,DFoundationally Required,DFoundationally Required,DFoundationally Required,DFoundationally Required,DFoundationally Required,DFoundationally Required,DFoundationally Required,DFoundationally Required,DFoundationally Required,DFoundationally Required,DFoundationally Required,DFoundationally Required,DFoundationally Required,DFoundationally Required,DFoundationally Required,DFoundationally Required,DFoundationally Required,DFoundationally Required,DFoundationally Required
HUM 201,DFoundationally Required,DFoundationally Required,DFoundationally Required,DFoundationally Required,DFoundationally Required,DFoundationally Required,DFoundationally Required,DFoundationally Required,DFoundationally Required,DFoundationally Required,DFoundationally Required,DFoundationally Required,DFoundationally Required,DFoundationally Required,DFoundationally Required,DFoundationally Required,DFoundationally Required,DFoundationally Required,DFoundationally Required,DFoundationally Required,DFoundationally Required,DFoundationally Required,DFoundationally Required,DFoundationally Required,DFoundationally Required,DFoundationally Required,DFoundationally Required,DFoundationally Required,DFoundationally Required,DFoundationally Required,DFoundationally Required,DFoundationally Required,DFoundationally Required,DFoundationally Required,DFoundationally Required,DFoundationally Required,DFoundationally Required
HUM 202,DFoundationally Required,DFoundationally Required,DFoundationally Required,DFoundationally Required,DFoundationally Required,DFoundationally Required,DFoundationally Required,DFoundationally Required,DFoundationally Required,DFoundationally Required,DFoundationally Required,DFoundationally Required,DFoundationally Required,DFoundationally Required,DFoundationally Required,DFoundationally Required,DFoundationally Required,DFoundationally Required,DFoundationally Required,DFoundationally Required,DFoundationally Required,DFoundationally Required,DFoundationally Required,DFoundationally Required,DFoundationally Required,DFoundationally Required,DFoundationally Required,DFoundationally Required,DFoundationally Required,DFoundationally Required,DFoundationally Required,DFoundationally Required,DFoundationally Required,DFoundationally Required,DFoundationally Required,DFoundationally Required,DFoundationally Required
HUM 203,DFoundationally Required,DFoundationally Required,DFoundationally Required,DFoundationally Required,DFoundationally Required,DFoundationally Required,DFoundationally Required,DFoundationally Required,DFoundationally Required,DFoundationally Required,DFoundationally Required,DFoundationally Required,DFoundationally Required,DFoundationally Required,DFoundationally Required,DFoundationally Required,DFoundationally Required,DFoundationally Required,,,,,,,,,,,,,,,,,,,
HUM 204,DFoundationally Required,DFoundationally Required,DFoundationally Required,DFoundationally Required,DFoundationally Required,DFoundationally Required,DFoundationally Required,DFoundationally Required,DFoundationally Required,DFoundationally Required,DFoundationally Required,DFoundationally Required,DFoundationally Required,DFoundationally Required,DFoundationally Required,DFoundationally Required,DFoundationally Required,DFoundationally Required,,,,,,,,,,,,,,,,,,,
HUM 206,DFoundationally Required,DFoundationally Required,DFoundationally Required,DFoundationally Required,DFoundationally Required,DFoundationally Required,DFoundationally Required,DFoundationally Required,DFoundationally Required,DFoundationally Required,DFoundationally Required,DFoundationally Required,DFoundationally Required,DFoundationally Required,DFoundationally Required,DFoundationally Required,DFoundationally Required,DFoundationally Required,,,,,,,,,,,,,,,,,,,
HUM 207,DFoundationally Required,DFoundationally Required,DFoundationally Required,DFoundationally Required,DFoundationally Required,DFoundationally Required,DFoundationally Required,DFoundationally Required,DFoundationally Required,DFoundationally Required,DFoundationally Required,DFoundationally Required,DFoundationally Required,DFoundationally Required,DFoundationally Required,DFoundationally Required,DFoundationally Required,DFoundationally Required,DFoundationally Required,DFoundationally Required,DFoundationally Required,DFoundationally Required,DFoundationally Required,DFoundationally Required,DFoundationally Required,DFoundationally Required,DFoundationally Required,DFoundationally Required,DFoundationally Required,DFoundationally Required,DFoundationally Required,DFoundationally Required,DFoundationally Required,DFoundationally Required,DFoundationally Required,DFoundationally Required,DFoundationally Required
HUM 211,DFoundationally Required,DFoundationally Required,DFoundationally Required,DFoundationally Required,DFoundationally Required,DFoundationally Required,DFoundationally Required,DFoundationally Required,DFoundationally Required,DFoundationally Required,DFoundationally Required,DFoundationally Required,DFoundationally Required,DFoundationally Required,DFoundationally Required,DFoundationally Required,DFoundationally Required,DFoundationally Required,,,,,,,,,,,,,,,,,,,
HUM 212,DFoundationally Required,DFoundationally Required,DFoundationally Required,DFoundationally Required,DFoundationally Required,DFoundationally Required,DFoundationally Required,DFoundationally Required,DFoundationally Required,DFoundationally Required,DFoundationally Required,DFoundationally Required,DFoundationally Required,DFoundationally Required,DFoundationally Required,DFoundationally Required,DFoundationally Required,DFoundationally Required,,,,,,,,,,,,,,,,,,,
HUM 214,DFoundationally Required,DFoundationally Required,DFoundationally Required,DFoundationally Required,DFoundationally Required,DFoundationally Required,DFoundationally Required,DFoundationally Required,DFoundationally Required,DFoundationally Required,DFoundationally Required,DFoundationally Required,DFoundationally Required,DFoundationally Required,DFoundationally Required,DFoundationally Required,DFoundationally Required,DFoundationally Required,,,,,,,,,,,,,,,,,,,
HUM 221,DFoundationally Required,DFoundationally Required,DFoundationally Required,DFoundationally Required,DFoundationally Required,DFoundationally Required,DFoundationally Required,DFoundationally Required,DFoundationally Required,DFoundationally Required,DFoundationally Required,DFoundationally Required,DFoundationally Required,DFoundationally Required,DFoundationally Required,DFoundationally Required,DFoundationally Required,DFoundationally Required,,,,,,,,,,,,,,,,,,,
HUM 224,DFoundationally Required,DFoundationally Required,DFoundationally Required,DFoundationally Required,DFoundationally Required,DFoundationally Required,DFoundationally Required,DFoundationally Required,DFoundationally Required,DFoundationally Required,DFoundationally Required,DFoundationally Required,DFoundationally Required,DFoundationally Required,DFoundationally Required,DFoundationally Required,DFoundationally Required,DFoundationally Required,,,,,,,,,,,,,,,,,,,
HUM 231,DFoundationally Required,DFoundationally Required,DFoundationally Required,DFoundationally Required,DFoundationally Required,DFoundationally Required,DFoundationally Required,DFoundationally Required,DFoundationally Required,DFoundationally Required,DFoundationally Required,DFoundationally Required,DFoundationally Required,DFoundationally Required,DFoundationally Required,DFoundationally Required,DFoundationally Required,DFoundationally Required,,,,,,,,,,,,,,,,,,,
HUM 232,DFoundationally Required,DFoundationally Required,DFoundationally Required,DFoundationally Required,DFoundationally Required,DFoundationally Required,DFoundationally Required,DFoundationally Required,DFoundationally Required,DFoundationally Required,DFoundationally Required,DFoundationally Required,DFoundationally Required,DFoundationally Required,DFoundationally Required,DFoundationally Required,DFoundationally Required,DFoundationally Required,,,,,,,,,,,,,,,,,,,
HUM 241,DFoundationally Required,DFoundationally Required,DFoundationally Required,DFoundationally Required,DFoundationally Required,DFoundationally Required,DFoundationally Required,DFoundationally Required,DFoundationally Required,DFoundationally Required,DFoundationally Required,DFoundationally Required,DFoundationally Required,DFoundationally Required,DFoundationally Required,DFoundationally Required,DFoundationally Required,DFoundationally Required,,,,,,,,,,,,,,,,,,,
HUM 261,DFoundationally Required,DFoundationally Required,DFoundationally Required,DFoundationally Required,DFoundationally Required,DFoundationally Required,DFoundationally Required,DFoundationally Required,DFoundationally Required,DFoundationally Required,DFoundationally Required,DFoundationally Required,DFoundationally Required,DFoundationally Required,DFoundationally Required,DFoundationally Required,DFoundationally Required,DFoundationally Required,,,,,,,,,,,,,,,,,,,
HUM 271,DFoundationally Required,DFoundationally Required,DFoundationally Required,DFoundationally Required,DFoundationally Required,DFoundationally Required,DFoundationally Required,DFoundationally Required,DFoundationally Required,DFoundationally Required,DFoundationally Required,DFoundationally Required,DFoundationally Required,DFoundationally Required,DFoundationally Required,DFoundationally Required,DFoundationally Required,DFoundationally Required,,,,,,,,,,,,,,,,,,,
SPS 303,DFoundationally Required,DFoundationally Required,DFoundationally Required,DFoundationally Required,DFoundationally Required,DFoundationally Required,DFoundationally Required,DFoundationally Required,DFoundationally Required,DFoundationally Required,DFoundationally Required,DFoundationally Required,DFoundationally Required,DFoundationally Required,DFoundationally Required,DFoundationally Required,DFoundationally Required,DFoundationally Required,DFoundationally Required,DFoundationally Required,DFoundationally Required,DFoundationally Required,DFoundationally Required,DFoundationally Required,DFoundationally Required,DFoundationally Required,DFoundationally Required,DFoundationally Required,DFoundationally Required,DFoundationally Required,DFoundationally Required,DFoundationally Required,DFoundationally Required,DFoundationally Required,DFoundationally Required,DFoundationally Required,DFoundationally Required
HUM 304,DFoundationally Required,DFoundationally Required,DFoundationally Required,DFoundationally Required,DFoundationally Required,DFoundationally Required,DFoundationally Required,DFoundationally Required,DFoundationally Required,DFoundationally Required,DFoundationally Required,DFoundationally Required,DFoundationally Required,DFoundationally Required,DFoundationally Required,DFoundationally Required,DFoundationally Required,DFoundationally Required,DFoundationally Required,DFoundationally Required,DFoundationally Required,DFoundationally Required,DFoundationally Required,DFoundationally Required,DFoundationally Required,DFoundationally Required,,,,,,,,,,,
HUM 311,DFoundationally Required,DFoundationally Required,DFoundationally Required,DFoundationally Required,DFoundationally Required,DFoundationally Required,DFoundationally Required,DFoundationally Required,DFoundationally Required,DFoundationally Required,DFoundationally Required,DFoundationally Required,DFoundationally Required,DFoundationally Required,DFoundationally Required,DFoundationally Required,DFoundationally Required,DFoundationally Required,DFoundationally Required,DFoundationally Required,DFoundationally Required,DFoundationally Required,DFoundationally Required,DFoundationally Required,DFoundationally Required,DFoundationally Required,DFoundationally Required,DFoundationally Required,DFoundationally Required,DFoundationally Required,DFoundationally Required,DFoundationally Required,DFoundationally Required,DFoundationally Required,DFoundationally Required,DFoundationally Required,DFoundationally Required
HUM 312,DFoundationally Required,DFoundationally Required,DFoundationally Required,DFoundationally Required,DFoundationally Required,DFoundationally Required,DFoundationally Required,DFoundationally Required,DFoundationally Required,DFoundationally Required,DFoundationally Required,DFoundationally Required,DFoundationally Required,DFoundationally Required,DFoundationally Required,DFoundationally Required,DFoundationally Required,DFoundationally Required,DFoundationally Required,DFoundationally Required,DFoundationally Required,DFoundationally Required,DFoundationally Required,DFoundationally Required,DFoundationally Required,DFoundationally Required,DFoundationally Required,DFoundationally Required,DFoundationally Required,DFoundationally Required,DFoundationally Required,DFoundationally Required,DFoundationally Required,DFoundationally Required,DFoundationally Required,DFoundationally Required,DFoundationally Required
HUM 317,DFoundationally Required,DFoundationally Required,DFoundationally Required,DFoundationally Required,DFoundationally Required,DFoundationally Required,DFoundationally Required,DFoundationally Required,DFoundationally Required,DFoundationally Required,DFoundationally Required,DFoundationally Required,DFoundationally Required,DFoundationally Required,DFoundationally Required,DFoundationally Required,DFoundationally Required,DFoundationally Required,DFoundationally Required,DFoundationally Required,DFoundationally Required,DFoundationally Required,DFoundationally Required,DFoundationally Required,DFoundationally Required,DFoundationally Required,DFoundationally Required,DFoundationally Required,DFoundationally Required,DFoundationally Required,DFoundationally Required,DFoundationally Required,DFoundationally Required,DFoundationally Required,DFoundationally Required,DFoundationally Required,DFoundationally Required
HUM 321,DFoundationally Required,DFoundationally Required,DFoundationally Required,DFoundationally Required,DFoundationally Required,DFoundationally Required,DFoundationally Required,DFoundationally Required,DFoundationally Required,DFoundationally Required,DFoundationally Required,DFoundationally Required,DFoundationally Required,DFoundationally Required,DFoundationally Required,DFoundationally Required,DFoundationally Required,DFoundationally Required,DFoundationally Required,DFoundationally Required,DFoundationally Required,DFoundationally Required,DFoundationally Required,DFoundationally Required,DFoundationally Required,DFoundationally Required,DFoundationally Required,DFoundationally Required,DFoundationally Required,DFoundationally Required,DFoundationally Required,DFoundationally Required,DFoundationally Required,DFoundationally Required,DFoundationally Required,DFoundationally Required,DFoundationally Required
HUM 322,DFoundationally Required,DFoundationally Required,DFoundationally Required,DFoundationally Required,DFoundationally Required,DFoundationally Required,DFoundationally Required,DFoundationally Required,DFoundationally Required,DFoundationally Required,DFoundationally Required,DFoundationally Required,DFoundationally Required,DFoundationally Required,DFoundationally Required,DFoundationally Required,DFoundationally Required,DFoundationally Required,DFoundationally Required,DFoundationally Required,DFoundationally Required,DFoundationally Required,DFoundationally Required,DFoundationally Required,DFoundationally Required,DFoundationally Required,DFoundationally Required,DFoundationally Required,DFoundationally Required,DFoundationally Required,DFoundationally Required,DFoundationally Required,DFoundationally Required,DFoundationally Required,DFoundationally Required,DFoundationally Required,DFoundationally Required
HUM 324,DFoundationally Required,DFoundationally Required,DFoundationally Required,DFoundationally Required,DFoundationally Required,DFoundationally Required,DFoundationally Required,DFoundationally Required,DFoundationally Required,DFoundationally Required,DFoundationally Required,DFoundationally Required,DFoundationally Required,DFoundationally Required,DFoundationally Required,DFoundationally Required,DFoundationally Required,DFoundationally Required,DFoundationally Required,DFoundationally Required,DFoundationally Required,DFoundationally Required,DFoundationally Required,DFoundationally Required,DFoundationally Required,DFoundationally Required,,,,,,,,,,,
HUM 371,DFoundationally Required,DFoundationally Required,DFoundationally Required,DFoundationally Required,DFoundationally Required,DFoundationally Required,DFoundationally Required,DFoundationally Required,DFoundationally Required,DFoundationally Required,DFoundationally Required,DFoundationally Required,DFoundationally Required,DFoundationally Required,DFoundationally Required,DFoundationally Required,DFoundationally Required,DFoundationally Required,DFoundationally Required,DFoundationally Required,DFoundationally Required,DFoundationally Required,DFoundationally Required,DFoundationally Required,DFoundationally Required,DFoundationally Required,DFoundationally Required,DFoundationally Required,DFoundationally Required,DFoundationally Required,DFoundationally Required,DFoundationally Required,DFoundationally Required,DFoundationally Required,DFoundationally Required,DFoundationally Required,DFoundationally Required
CS 201,RRequired:E,RRequired:E,RRequired:E,RRequired:E,RRequired:E,RRequired:E,RRequired:E,RRequired:E,RRequired:E,RRequired:E,RRequired:E,RRequired:E,RRequired:E,RRequired:E,RRequired:E,RRequired:E,RRequired:E,RRequired:E,RRequired:E,RRequired:E,RRequired:E,RRequired:E,RRequired:E,RRequired:E,RRequired:E,RRequired:E,RRequired:E,RRequired:E,RRequired:E,RRequired:E,RRequired:E,RRequired:E,RRequired:E,RRequired:E,RRequired:E,RRequired:E,RRequired:E
CS 204,RRequired,RRequired,RRequired,RRequired,RRequired,RRequired,RRequired,RRequired,RRequired,RRequired,RRequired,RRequired,RRequired,RRequired,RRequired,RRequired,RRequired,RRequired,RRequired:E,RRequired:E,RRequired:E,RRequired:E,RRequired:E,RRequired:E,RRequired:E,RRequired:E,RRequired:E,RRequired:E,RRequired:E,RRequired:E,RRequired:E,RRequired:E,RRequired:E,RRequired:E,RRequired:E,RRequired:E,RRequired:E
CS 300,RRequired:E,RRequired:E,RRequired:E,RRequired:E,RRequired:E,RRequired:E,RRequired:E,RRequired:E,RRequired:E,RRequired:E,RRequired:E,RRequired:E,RRequired:E,RRequired:E,RRequired:E,RRequired:E,RRequired:E,RRequired:E,RRequired,RRequired,RRequired,RRequired,RRequired,RRequired,RRequired,RRequired,RRequired,RRequired,RRequired,RRequired,RRequired,RRequired,RRequired,RRequired,RRequired,RRequired,RRequired
CS 301,RRequired,RRequired,RRequired,RRequired,RRequired,RRequired,RRequired,RRequired,RRequired,RRequired,RRequired,RRequired,RRequired,RRequired,RRequired,RRequired,RRequired,RRequired,RRequired,RRequired,RRequired,RRequired,RRequired,RRequired,RRequired,RRequired,RRequired,RRequired,RRequired,RRequired,RRequired,RRequired,RRequired,RRequired,RRequired,RRequired,RRequired
CS 395,RRequired,RRequired,RRequired,RRequired,RRequired,RRequired,RRequired,RRequired,RRequired,RRequired,RRequired,RRequired,RRequired,RRequired,RRequired,RRequired,RRequired,RRequired,RRequired,RRequired,RRequired,RRequired,RRequired,RRequired,RRequired,RRequired,RRequired,RRequired,RRequired,RRequired,RRequired,RRequired,RRequired,RRequired,RRequired,RRequired,RRequired
ENS 491,RRequired,RRequired,RRequired,RRequired,RRequired,RRequired,RRequired,RRequired,RRequired,RRequired,RRequired,RRequired,RRequired,RRequired,RRequired,RRequired,RRequired,RRequired,RRequired,RRequired,RRequired,RRequired,RRequired,RRequired,RRequired,RRequired,RRequired,RRequired,RRequired,RRequired,RRequired,RRequired,RRequired,RRequired,RRequired,RRequired,RRequired
ENS 492,RRequired,RRequired,RRequired,RRequired,RRequired,RRequired,RRequired,RRequired,RRequired,RRequired,RRequired,RRequired,RRequired,RRequired,RRequired,RRequired,RRequired,RRequired,RRequired,RRequired,RRequired,RRequired,RRequired,RRequired,RRequired,RRequired,RRequired,RRequired,RRequired,RRequired,RRequired,RRequired,RRequired,RRequired,RRequired,RRequired,RRequired
MATH 201,CCore:E,CCore:E,CCore:E,RRequired:E,RRequired:E,RRequired:E,RRequired:E,RRequired:E,RRequired:E,RRequired:E,RRequired:E,RRequired:E,RRequired:E,RRequired:E,RRequired:E,RRequired:E,RRequired:E,RRequired:E,RRequired:E,RRequired:E,RRequired:E,RRequired:E,RRequired:E,RRequired:E,RRequired:E,RRequired:E,RRequired:E,RRequired:E,RRequired:E,RRequired:E,RRequired:E,RRequired:E,RRequired:E,,,,
MATH 203,CCore:E,CCore:E,CCore:E,RRequired:E,RRequired:E,RRequired:E,RRequired:E,RRequired:E,RRequired:E,RRequired:E,RRequired:E,RRequired:E,RRequired:E,RRequired:E,RRequired:E,RRequired:E,RRequired:E,RRequired:E,RRequired:E,RRequired:E,RRequired:E,RRequired:E,RRequired:E,RRequired:E,RRequired:E,RRequired:E,RRequired:E,RRequired:E,RRequired:E,RRequired:E,RRequired:E,RRequired:E,RRequired:E,RRequired:E,RRequired:E,RRequired:E,RRequired:E
MATH 204,RRequired:E,RRequired:E,RRequired:E,RRequired:E,RRequired:E,RRequired:E,RRequired:E,RRequired:E,RRequired:E,RRequired:E,RRequired:E,RRequired:E,RRequired:E,RRequired:E,RRequired:E,RRequired:E,RRequired:E,RRequired:E,RRequired:E,RRequired:E,RRequired:E,RRequired:E,RRequired:E,RRequired:E,RRequired:E,RRequired:E,RRequired:E,RRequired:E,RRequired:E,RRequired:E,RRequired:E,RRequired:E,RRequired:E,RRequired:E,RRequired:E,RRequired:E,RRequired:E
MATH 212,FFree:E,FFree:E,FFree:E,RRequired:E,RRequired:E,RRequired:E,RRequired:E,RRequired:E,RRequired:E,RRequired:E,RRequired:E,RRequired:E,RRequired:E,RRequired:E,RRequired:E,RRequired:E,RRequired:E,RRequired:E,RRequired:E,RRequired:E,RRequired:E,RRequired:E,RRequired:E,RRequired:E,RRequired:E,RRequired:E,RRequired:E,RRequired:E,RRequired:E,RRequired:E,RRequired:E,RRequired:E,RRequired:E,RRequired:E,RRequired:E,RRequired:E,RRequired:E
PROJ 302,RRequired,RRequired,RRequired,RRequired,RRequired,RRequired,RRequired,RRequired,RRequired,RRequired,RRequired,RRequired,RRequired,RRequired,RRequired,RRequired,RRequired,RRequired,RRequired,RRequired,RRequired,,,,,,,,,,,,,,,,
BIO 310,CCore,CCore,CCore,CCore,CCore,CCore,CCore,CCore,CCore,CCore,CCore,CCore,CCore,CCore,CCore,CCore,CCore,CCore,CCore,CCore,CCore,CCore,CCore,CCore,CCore,CCore,CCore,CCore,CCore,CCore,CCore,CCore,CCore,CCore,CCore,CCore,CCore
CS 210,CCore,CCore,CCore,CCore,CCore,CCore,CCore,CCore,CCore,CCore,CCore,CCore,CCore,CCore,CCore,CCore,CCore,CCore,CCore:E,CCore:E,CCore:E,CCore:E,CCore:E,CCore:E,CCore:E,CCore:E,CCore:E,CCore:E,CCore:E,CCore:E,,,,,,,
CS 302,CCore,CCore,CCore,CCore,CCore,CCore,CCore,CCore,CCore,CCore,CCore,CCore,CCore,CCore,CCore,CCore,CCore,CCore,CCore,CCore,CCore,CCore,CCore,CCore,CCore,CCore,CCore,CCore,CCore,CCore,CCore,CCore,CCore,CCore,CCore,CCore,CCore
CS 303,CCore,CCore,CCore,CCore,CCore,CCore,CCore,CCore,CCore,CCore,CCore,CCore,CCore,CCore,CCore,CCore,CCore,CCore,CCore,CCore,CCore,RRequired,RRequired,RRequired,RRequired,RRequired,RRequired,RRequired,RRequired,RRequired,RRequired,RRequired,RRequired,RRequired,RRequired,RRequired,RRequired
CS 305,CCore,CCore,CCore,CCore,CCore,CCore,CCore,CCore,CCore,CCore,CCore,CCore,CCore,CCore,CCore,CCore,CCore,CCore,CCore,CCore,CCore,CCore,CCore,CCore,CCore,CCore,CCore,CCore,CCore,CCore,CCore,CCore,CCore,CCore,CCore,CCore,CCore
CS 306,CCore,CCore,CCore,CCore,CCore,CCore,CCore,CCore,CCore,CCore,CCore,CCore,CCore,CCore,CCore,CCore,CCore,CCore,CCore,CCore,CCore,CCore,CCore,CCore,CCore,CCore,CCore,CCore,CCore,CCore,CCore,CCore,CCore,RRequired,RRequired,RRequired,RRequired
CS 307,CCore,CCore,CCore,CCore,CCore,CCore,CCore,CCore,CCore,CCore,CCore,CCore,CCore,CCore,CCore,CCore,CCore,CCore,CCore,CCore,CCore,CCore,CCore,CCore,CCore,CCore,CCore,CCore,CCore,CCore,CCore,CCore,CCore,CCore,CCore,CCore,CCore
CS 308,CCore,CCore,CCore,CCore,CCore,CCore,CCore,CCore,CCore,CCore,CCore,CCore,CCore,CCore,CCore,CCore,CCore,CCore,CCore,CCore,CCore,CCore,CCore,CCore,CCore,CCore,CCore,CCore,CCore,CCore,CCore,CCore,CCore,RRequired,RRequired,RRequired,RRequired
CS 310,CCore,CCore,CCore,CCore,CCore,CCore,CCore,CCore,CCore,CCore,CCore,CCore,CCore,CCore,CCore,CCore,CCore,CCore,CCore,CCore,CCore,CCore,CCore,CCore,CCore,CCore,CCore,CCore,CCore,CCore,CCore,CCore,CCore,CCore,CCore,CCore,CCore
CS 400,CCore,CCore,CCore,CCore,CCore,CCore,CCore,CCore,CCore,CCore,CCore,CCore,CCore,CCore,CCore,CCore,CCore,CCore,CCore,CCore,CCore,CCore,CCore,CCore,CCore,CCore,CCore,CCore,CCore,CCore,CCore,CCore,CCore,CCore,CCore,CCore,CCore
CS 401,CCore,CCore,CCore,CCore,CCore,CCore,CCore,CCore,CCore,CCore,CCore,CCore,CCore,CCore,CCore,CCore,CCore,CCore,CCore,CCore,CCore,CCore,CCore,CCore,CCore,CCore,CCore,CCore,CCore,CCore,CCore,CCore,CCore,CCore,CCore,CCore,CCore
CS 402,CCore,CCore,CCore,CCore,CCore,CCore,CCore,CCore,CCore,CCore,CCore,CCore,CCore,,,,,,,,,,,,,,,,,,,,,,,,
CS 403,CCore,CCore,CCore,CCore,CCore,CCore,CCore,CCore,CCore,CCore,CCore,CCore,CCore,CCore,CCore,CCore,CCore,CCore,CCore,CCore,CCore,CCore,CCore,CCore,CCore,CCore,CCore,CCore,CCore,CCore,CCore,CCore,CCore,CCore,CCore,CCore,CCore
CS 404,CCore,CCore,CCore,CCore,CCore,CCore,CCore,CCore,CCore,CCore,CCore,CCore,CCore,CCore,CCore,CCore,CCore,CCore,CCore,CCore,CCore,CCore,CCore,CCore,CCore,CCore,CCore,CCore,CCore,CCore,CCore,CCore,CCore,CCore,CCore,CCore,CCore
CS 405,CCore,CCore,CCore,CCore,CCore,CCore,CCore,CCore,CCore,CCore,CCore,CCore,CCore,CCore,CCore,CCore,CCore,CCore,CCore,CCore,CCore,CCore,CCore,CCore,CCore,CCore,CCore,CCore,CCore,CCore,CCore,CCore,CCore,CCore,CCore,CCore,CCore
CS 406,CCore,CCore,CCore,CCore,CCore,CCore,CCore,CCore,CCore,CCore,CCore,CCore,CCore,CCore,CCore,CCore,CCore,CCore,CCore,CCore,CCore,CCore,CCore,CCore,CCore,CCore,CCore,CCore,CCore,CCore,CCore,CCore,CCore,CCore,CCore,CCore,CCore
CS 407,CCore,CCore,CCore,CCore,CCore,CCore,CCore,CCore,CCore,CCore,CCore,CCore,CCore,CCore,CCore,CCore,CCore,CCore,CCore,CCore,CCore,CCore,CCore,CCore,CCore,CCore,CCore,CCore,CCore,CCore,CCore,CCore,CCore,CCore,CCore,CCore,CCore
CS 408,CCore,CCore,CCore,CCore,CCore,CCore,CCore,CCore,CCore,CCore,CCore,CCore,CCore,CCore,CCore,CCore,CCore,CCore,CCore,CCore,CCore,CCore,CCore,CCore,CCore,CCore,CCore,CCore,CCore,CCore,CCore,CCore,CCore,CCore,CCore,CCore,CCore
CS 411,CCore,CCore,CCore,CCore,CCore,CCore,CCore,CCore,CCore,CCore,CCore,CCore,CCore,CCore,CCore,CCore,CCore,CCore,CCore,CCore,CCore,CCore,CCore,CCore,CCore,CCore,CCore,CCore,CCore,CCore,CCore,CCore,CCore,CCore,CCore,CCore,CCore
CS 412,CCore,CCore,CCore,CCore,CCore,CCore,CCore,CCore,CCore,CCore,CCore,CCore,CCore,CCore,CCore,CCore,CCore,CCore,CCore,CCore,CCore,CCore,CCore,CCore,CCore,CCore,CCore,CCore,CCore,CCore,CCore,CCore,CCore,CCore,CCore,CCore,CCore
CS 419,CCore,CCore,CCore,CCore,CCore,CCore,CCore,CCore,CCore,CCore,CCore,CCore,CCore,CCore,CCore,CCore,CCore,CCore,CCore,CCore,CCore,CCore,CCore,CCore,CCore,CCore,CCore,CCore,CCore,CCore,CCore,CCore,CCore,CCore,CCore,CCore,CCore
CS 432,CCore,CCore,CCore,CCore,CCore,CCore,CCore,CCore,CCore,CCore,CCore,CCore,CCore,CCore,CCore,CCore,CCore,CCore,CCore,CCore,CCore,CCore,CCore,CCore,CCore,CCore,CCore,CCore,CCore,CCore,CCore,CCore,CCore,CCore,CCore,CCore,CCore
CS 436,CCore,CCore,CCore,CCore,CCore,CCore,CCore,CCore,CCore,CCore,CCore,CCore,CCore,CCore,CCore,CCore,CCore,CCore,CCore,CCore,CCore,CCore,CCore,CCore,CCore,CCore,CCore,CCore,CCore,CCore,CCore,CCore,CCore,CCore,CCore,CCore,CCore
CS 437,CCore,CCore,CCore,CCore,CCore,CCore,CCore,CCore,CCore,CCore,CCore,CCore,CCore,CCore,CCore,CCore,CCore,CCore,CCore,CCore,CCore,CCore,CCore,CCore,CCore,CCore,CCore,CCore,CCore,CCore,CCore,CCore,CCore,CCore,CCore,CCore,CCore
CS 439,CCore,CCore,CCore,CCore,CCore,CCore,CCore,CCore,CCore,CCore,CCore,CCore,CCore,CCore,CCore,CCore,CCore,CCore,CCore,CCore,CCore,CCore,CCore,CCore,CCore,CCore,CCore,CCore,,,,,,,,,
CS 445,CCore,CCore,CCore,CCore,CCore,CCore,CCore,CCore,CCore,CCore,CCore,CCore,CCore,CCore,CCore,CCore,CCore,CCore,CCore,CCore,CCore,CCore,CCore,CCore,CCore,CCore,CCore,CCore,CCore,CCore,CCore,CCore,CCore,CCore,CCore,CCore,CCore
CS 449,CCore,CCore,CCore,CCore,CCore,CCore,CCore,CCore,CCore,CCore,CCore,CCore,CCore,CCore,CCore,CCore,CCore,CCore,CCore,CCore,CCore,CCore,CCore,CCore,CCore,CCore,CCore,CCore,CCore,CCore,CCore,CCore,CCore,CCore,CCore,CCore,CCore
CS 460,CCore,CCore,CCore,CCore,CCore,CCore,CCore,CCore,CCore,CCore,CCore,CCore,CCore,CCore,CCore,CCore,CCore,CCore,CCore,CCore,CCore,CCore,CCore,CCore,CCore,CCore,CCore,CCore,CCore,CCore,CCore,CCore,CCore,CCore,CCore,CCore,CCore
DSA 210,CCore,CCore,CCore,CCore,CCore,CCore,CCore,CCore,CCore,CCore,CCore,CCore,CCore,CCore,CCore,CCore,CCore,CCore,CCore:E,CCore:E,CCore:E,CCore:E,CCore:E,CCore:E,CCore:E,CCore:E,CCore:E,CCore:E,CCore:E,CCore:E,CCore:E,CCore:E,CCore:E,CCore:E,CCore:E,CCore:E,CCore:E
EE 308,FFree,FFree,FFree,CCore,CCore,CCore,CCore,CCore,CCore,CCore,CCore,CCore,CCore,CCore,CCore,CCore,CCore,CCore,CCore,CCore,CCore,CCore,CCore,CCore,CCore,CCore,CCore,CCore,CCore,CCore,CCore,CCore,CCore,CCore,CCore,CCore,CCore
EE 417,FFree,FFree,FFree,CCore,CCore,CCore,CCore,CCore,CCore,CCore,CCore,CCore,CCore,CCore,CCore,CCore,CCore,CCore,CCore,CCore,CCore,CCore,CCore,CCore,CCore,CCore,CCore,CCore,CCore,CCore,CCore,CCore,CCore,CCore,CCore,CCore,CCore
ENS 206,CCore:E,CCore:E,CCore:E,CCore:E,CCore:E,CCore:E,CCore:E,CCore:E,CCore:E,CCore:E,CCore:E,CCore:E,CCore:E,CCore:E,CCore:E,CCore:E,CCore:E,CCore:E,CCore:E,CCore:E,CCore:E,CCore:E,CCore:E,CCore:E,CCore:E,CCore:E,CCore:E,CCore:E,CCore:E,CCore:E,CCore:E,CCore:E,CCore:E,CCore:E,CCore:E,CCore:E,CCore:E
ENS 210,CCore:E,CCore:E,CCore:E,CCore:E,CCore:E,CCore:E,CCore:E,CCore:E,CCore:E,CCore:E,CCore:E,CCore:E,CCore:E,CCore:E,CCore:E,CCore:E,CCore:E,CCore:E,CCore:E,CCore:E,CCore:E,CCore:E,CCore:E,CCore:E,CCore:E,CCore:E,CCore:E,CCore:E,CCore:E,CCore:E,CCore:E,CCore:E,CCore:E,CCore:E,CCore:E,CCore:E,CCore:E
ENS 211,CCore:E,CCore:E,CCore:E,CCore:E,CCore:E,CCore:E,CCore:E,CCore:E,CCore:E,CCore:E,CCore:E,CCore:E,CCore:E,CCore:E,CCore:E,CCore:E,CCore:E,CCore:E,CCore:E,CCore:E,CCore:E,CCore:E,CCore:E,CCore:E,CCore:E,CCore:E,CCore:E,CCore:E,CCore:E,CCore:E,CCore:E,CCore:E,CCore:E,CCore:E,CCore:E,CCore:E,CCore:E
ENS 498,CCore,CCore,CCore,CCore,CCore,CCore,CCore,CCore,CCore,,,,,,,,,,,,,,,,,,,,,,,,,,,,
ENS 499,CCore,CCore,CCore,CCore,CCore,CCore,CCore,CCore,CCore,,,,,,,,,,,,,,,,,,,,,,,,,,,,
MATH 306,CCore,CCore,CCore,CCore,CCore,CCore,CCore,CCore,CCore,CCore,CCore,CCore,CCore,CCore,CCore,CCore,CCore,CCore,CCore,CCore,CCore,CCore,CCore,CCore,CCore,CCore,CCore,CCore,CCore,CCore,CCore,CCore,CCore,CCore,CCore,CCore,CCore
ME 403,CCore,CCore,CCore,CCore,CCore,CCore,CCore,CCore,CCore,CCore,CCore,CCore,CCore,CCore,CCore,CCore,CCore,CCore,CCore,CCore,CCore,CCore,CCore,CCore,CCore,CCore,CCore,CCore,CCore,CCore,CCore,CCore,CCore,CCore,CCore,CCore,CCore
ME 425,CCore,CCore,CCore,CCore,CCore,CCore,CCore,CCore,CCore,CCore,CCore,CCore,CCore,CCore,CCore,CCore,CCore,CCore,CCore,CCore,CCore,CCore,CCore,CCore,CCore,CCore,CCore,CCore,CCore,CCore,CCore,CCore,CCore,CCore,CCore,CCore,CCore
BIO 48006,AArea,AArea,AArea,AArea,AArea,AArea,AArea,AArea,AArea,AArea,AArea,AArea,AArea,AArea,AArea,AArea,AArea,AArea,AArea,AArea,AArea,AArea,AArea,AArea,AArea,AArea,AArea,,,,,,,,,,
CS 409,AArea,AArea,AArea,AArea,AArea,AArea,AArea,AArea,AArea,AArea,AArea,AArea,AArea,AArea,AArea,AArea,AArea,AArea,,,,,,,,,,,,,,,,,,,
CS 414,AArea,AArea,AArea,AArea,AArea,AArea,AArea,AArea,AArea,AArea,AArea,AArea,AArea,AArea,AArea,AArea,AArea,AArea,AArea,AArea,AArea,AArea,AArea,AArea,AArea,AArea,AArea,AArea,AArea,AArea,AArea,AArea,AArea,AArea,AArea,AArea,AArea
CS 415,AArea,AArea,AArea,AArea,AArea,AArea,AArea,AArea,AArea,AArea,AArea,AArea,AArea,AArea,AArea,AArea,AArea,AArea,AArea,AArea,AArea,AArea,AArea,AArea,AArea,AArea,AArea,AArea,AArea,AArea,AArea,AArea,AArea,AArea,AArea,AArea,AArea
CS 435,AArea,AArea,AArea,AArea,AArea,AArea,AArea,AArea,AArea,AArea,AArea,AArea,AArea,AArea,AArea,AArea,AArea,AArea,AArea,AArea,AArea,AArea,AArea,AArea,AArea,AArea,AArea,AArea,AArea,AArea,AArea,AArea,AArea,AArea,AArea,AArea,AArea
CS 438,AArea,AArea,AArea,AArea,AArea,AArea,AArea,AArea,AArea,AArea,AArea,AArea,AArea,AArea,AArea,AArea,AArea,AArea,AArea,AArea,AArea,AArea,AArea,AArea,AArea,AArea,AArea,AArea,AArea,AArea,AArea,AArea,AArea,AArea,AArea,AArea,AArea
CS 440,AArea,AArea,AArea,AArea,AArea,AArea,AArea,AArea,AArea,AArea,AArea,AArea,AArea,AArea,AArea,AArea,AArea,AArea,AArea,AArea,AArea,AArea,AArea,AArea,AArea,AArea,AArea,AArea,AArea,AArea,AArea,AArea,AArea,AArea,AArea,AArea,AArea
CS 442,AArea,AArea,AArea,AArea,AArea,AArea,AArea,AArea,AArea,AArea,AArea,AArea,AArea,AArea,AArea,AArea,AArea,AArea,AArea,AArea,AArea,AArea,AArea,AArea,AArea,AArea,AArea,AArea,AArea,AArea,AArea,AArea,AArea,AArea,AArea,AArea,AArea
CS 447,AArea,AArea,AArea,AArea,AArea,AArea,AArea,AArea,AArea,AArea,AArea,AArea,AArea,AArea,AArea,AArea,AArea,AArea,AArea,AArea,AArea,CCore,CCore,CCore,CCore,CCore,CCore,CCore,CCore,CCore,CCore,CCore,CCore,CCore,CCore,CCore,CCore
CS 450,AArea,AArea,AArea,AArea,AArea,AArea,AArea,AArea,AArea,AArea,AArea,AArea,AArea,AArea,AArea,AArea,AArea,AArea,AArea,AArea,AArea,AArea,AArea,AArea,AArea,,,,,,,,,,,,
CS 455,AArea,AArea,AArea,AArea,AArea,AArea,AArea,AArea,AArea,AArea,AArea,AArea,AArea,AArea,AArea,AArea,AArea,AArea,AArea,AArea,AArea,AArea,AArea,AArea,AArea,AArea,AArea,AArea,AArea,AArea,AArea,AArea,AArea,AArea,AArea,AArea,AArea
CS 480,AArea,AArea,AArea,AArea,AArea,AArea,,,,,,,,,,,,,,,,,,,,,,,,,,,,,,,
CS 48000,AArea,AArea,AArea,AArea,AArea,AArea,AArea,AArea,AArea,AArea,AArea,AArea,AArea,AArea,AArea,AArea,AArea,AArea,AArea,AArea,AArea,AArea,AArea,AArea,AArea,,,,,,,,,,,,
CS 48001,AArea,AArea,AArea,AArea,AArea,AArea,AArea,AArea,AArea,AArea,AArea,AArea,AArea,AArea,AArea,AArea,AArea,AArea,AArea,AArea,AArea,AArea,AArea,AArea,AArea,,,,,,,,,,,,
CS 48002,AArea,AArea,AArea,AArea,AArea,AArea,AArea,AArea,AArea,AArea,AArea,AArea,AArea,AArea,AArea,AArea,AArea,AArea,AArea,AArea,AArea,AArea,AArea,AArea,AArea,,,,,,,,,,,,
CS 48003,AArea,AArea,AArea,AArea,AArea,AArea,AArea,AArea,AArea,AArea,AArea,AArea,AArea,AArea,AArea,AArea,AArea,AArea,AArea,AArea,AArea,AArea,AArea,AArea,AArea,,,,,,,,,,,,
CS 48004,AArea,AArea,AArea,AArea,AArea,AArea,AArea,AArea,AArea,AArea,AArea,AArea,AArea,AArea,AArea,AArea,AArea,AArea,AArea,AArea,AArea,AArea,AArea,AArea,AArea,AArea,AArea,AArea,AArea,AArea,AArea,AArea,AArea,AArea,AArea,AArea,AArea
CS 48006,AArea,AArea,AArea,AArea,AArea,AArea,AArea,AArea,AArea,AArea,AArea,AArea,AArea,AArea,AArea,AArea,AArea,AArea,AArea,AArea,AArea,AArea,AArea,AArea,AArea,AArea,AArea,AArea,AArea,AArea,AArea,AArea,AArea,AArea,AArea,AArea,AArea
CS 48007,AArea,AArea,AArea,AArea,AArea,AArea,AArea,AArea,AArea,AArea,AArea,AArea,AArea,AArea,AArea,AArea,AArea,AArea,AArea,AArea,AArea,AArea,AArea,AArea,AArea,AArea,AArea,AArea,AArea,AArea,AArea,AArea,AArea,AArea,,,
CS 48008,AArea,AArea,AArea,AArea,AArea,AArea,AArea,AArea,AArea,AArea,AArea,AArea,AArea,AArea,AArea,AArea,AArea,AArea,AArea,AArea,AArea,AArea,AArea,AArea,AArea,AArea,AArea,AArea,AArea,AArea,AArea,AArea,AArea,AArea,AArea,AArea,AArea
CS 48010,AArea,AArea,AArea,AArea,AArea,AArea,AArea,AArea,AArea,AArea,AArea,AArea,AArea,AArea,AArea,AArea,AArea,AArea,AArea,AArea,AArea,AArea,AArea,AArea,AArea,AArea,AArea,AArea,AArea,AArea,AArea,AArea,AArea,AArea,AArea,AArea,AArea
CS 48011,AArea,AArea,AArea,AArea,AArea,AArea,AArea,AArea,AArea,AArea,AArea,AArea,AArea,AArea,AArea,AArea,AArea,AArea,AArea,AArea,AArea,AArea,AArea,AArea,AArea,AArea,AArea,AArea,AArea,AArea,AArea,AArea,AArea,AArea,AArea,AArea,AArea
CS 48012,AArea,AArea,AArea,AArea,AArea,AArea,AArea,AArea,AArea,AArea,AArea,AArea,AArea,AArea,AArea,AArea,AArea,AArea,AArea,AArea,AArea,AArea,AArea,AArea,AArea,AArea,AArea,AArea,AArea,AArea,AArea,AArea,AArea,AArea,AArea,AArea,AArea
CS 481,AArea,AArea,AArea,AArea,AArea,AArea,,,,,,,,,,,,,,,,,,,,,,,,,,,,,,,
DSA 301,AArea,AArea,AArea,AArea,AArea,AArea,AArea,AArea,AArea,AArea,AArea,AArea,AArea,AArea,AArea,AArea,AArea,AArea,AArea,AArea,AArea,AArea,AArea,AArea,AArea,AArea,AArea,AArea,AArea,AArea,AArea,AArea,AArea,AArea,AArea,AArea,AArea
DSA 428,AArea,AArea,AArea,AArea,AArea,AArea,AArea,AArea,AArea,AArea,AArea,AArea,AArea,AArea,AArea,AArea,AArea,AArea,AArea,AArea,AArea,AArea,AArea,AArea,AArea,AArea,AArea,AArea,AArea,AArea,AArea,AArea,AArea,AArea,AArea,AArea,AArea
DSA 440,AArea,AArea,AArea,AArea,AArea,AArea,AArea,AArea,AArea,AArea,AArea,AArea,AArea,AArea,AArea,AArea,AArea,AArea,AArea,AArea,AArea,AArea,AArea,AArea,AArea,AArea,AArea,AArea,AArea,AArea,AArea,AArea,AArea,AArea,AArea,AArea,AArea
DSA 473,AArea,AArea,AArea,AArea,AArea,AArea,AArea,AArea,AArea,AArea,AArea,AArea,AArea,AArea,AArea,AArea,AArea,AArea,AArea,AArea,AArea,AArea,AArea,AArea,AArea,AArea,AArea,AArea,AArea,AArea,AArea,AArea,AArea,AArea,AArea,AArea,AArea
ECON 201,AArea:A,AArea:A,AArea:A,AArea:A,AArea:A,AArea:A,AArea:A,AArea:A,AArea:A,AArea:A,AArea:A,AArea:A,AArea:A,AArea:A,AArea:A,AArea:A,AArea:A,AArea:A,AArea:A,AArea:A,AArea:A,AArea:A,AArea:A,AArea:A,AArea:A,AArea:A,AArea:A,AArea:A,AArea:A,AArea:A,AArea:A,AArea:A,AArea:A,AArea:A,AArea:A,AArea:A,AArea:A
ECON 435,AArea,AArea,AArea,AArea,AArea,AArea,AArea,AArea,AArea,AArea,AArea,AArea,AArea,AArea,AArea,AArea,AArea,AArea,AArea,AArea,AArea,AArea,AArea,AArea,AArea,AArea,AArea,AArea,AArea,AArea,AArea,AArea,AArea,AArea,AArea,AArea,AArea
ECON 488,AArea,AArea,AArea,AArea,AArea,AArea,AArea,AArea,AArea,AArea,AArea,AArea,AArea,AArea,AArea,AArea,AArea,AArea,AArea,AArea,AArea,AArea,AArea,AArea,AArea,AArea,AArea,AArea,AArea,AArea,AArea,AArea,AArea,AArea,AArea,AArea,AArea
ECON 494,AArea,AArea,AArea,AArea,AArea,AArea,AArea,AArea,AArea,AArea,AArea,AArea,AArea,AArea,AArea,AArea,AArea,AArea,AArea,AArea,AArea,AArea,AArea,AArea,AArea,AArea,AArea,AArea,AArea,AArea,AArea,AArea,AArea,AArea,AArea,AArea,AArea
ECON 495,AArea,AArea,AArea,AArea,AArea,AArea,AArea,AArea,AArea,AArea,AArea,AArea,AArea,AArea,AArea,AArea,AArea,AArea,AArea,AArea,AArea,AArea,AArea,AArea,AArea,AArea,AArea,AArea,AArea,AArea,AArea,AArea,AArea,AArea,AArea,AArea,AArea
EE 200,AArea,AArea,AArea,AArea,AArea,AArea,AArea,AArea,AArea,AArea,AArea,AArea,AArea,AArea,AArea,AArea,AArea,AArea,AArea:E,AArea:E,AArea:E,AArea:E,AArea:E,AArea:E,AArea:E,AArea:E,AArea:E,AArea:E,AArea:E,AArea:E,AArea:E,AArea:E,AArea:E,AArea:E,AArea:E,AArea:E,AArea:E
EE 310,FFree,FFree,FFree,AArea,AArea,AArea,AArea,AArea,AArea,AArea,AArea,AArea,AArea,AArea,AArea,AArea,AArea,AArea,AArea,AArea,AArea,AArea,AArea,AArea,AArea,AArea,AArea,AArea,AArea,AArea,AArea,AArea,AArea,AArea,AArea,AArea,AArea
EE 312,FFree,FFree,FFree,AArea,AArea,AArea,AArea,AArea,AArea,AArea,AArea,AArea,AArea,AArea,AArea,AArea,AArea,AArea,AArea,AArea,AArea,AArea,AArea,AArea,AArea,AArea,AArea,AArea,AArea,AArea,AArea,AArea,AArea,AArea,AArea,AArea,AArea
EE 410,FFree,FFree,FFree,AArea,AArea,AArea,AArea,AArea,AArea,AArea,AArea,AArea,AArea,AArea,AArea,AArea,AArea,AArea,AArea,AArea,AArea,AArea,AArea,AArea,AArea,AArea,AArea,AArea,AArea,AArea,AArea,AArea,AArea,AArea,AArea,AArea,AArea
EE 413,FFree,FFree,FFree,AArea,AArea,AArea,AArea,AArea,AArea,AArea,AArea,AArea,AArea,AArea,AArea,AArea,AArea,AArea,AArea,AArea,AArea,AArea,AArea,AArea,AArea,AArea,AArea,AArea,AArea,AArea,AArea,AArea,AArea,AArea,AArea,AArea,AArea
EE 414,FFree,FFree,FFree,AArea,AArea,AArea,AArea,AArea,AArea,AArea,AArea,AArea,AArea,AArea,AArea,AArea,AArea,AArea,AArea,AArea,AArea,AArea,AArea,AArea,AArea,AArea,AArea,AArea,AArea,AArea,AArea,AArea,AArea,AArea,AArea,AArea,AArea
EE 415,FFree,FFree,FFree,AArea,AArea,AArea,AArea,AArea,AArea,AArea,AArea,AArea,AArea,AArea,AArea,AArea,AArea,AArea,AArea,AArea,AArea,AArea,AArea,AArea,AArea,AArea,AArea,AArea,AArea,AArea,AArea,AArea,AArea,AArea,AArea,AArea,AArea
EE 419,FFree,FFree,FFree,AArea,AArea,AArea,AArea,AArea,AArea,AArea,AArea,AArea,AArea,AArea,AArea,AArea,AArea,AArea,AArea,AArea,AArea,AArea,AArea,AArea,AArea,AArea,AArea,AArea,AArea,AArea,AArea,AArea,AArea,AArea,AArea,AArea,AArea
EE 48008,AArea,AArea,AArea,AArea,AArea,AArea,AArea,AArea,AArea,AArea,AArea,AArea,AArea,AArea,AArea,AArea,AArea,AArea,AArea,AArea,AArea,AArea,AArea,AArea,AArea,AArea,AArea,AArea,AArea,AArea,AArea,AArea,AArea,AArea,AArea,AArea,AArea
ENRG 424,AArea,AArea,AArea,AArea,AArea,AArea,AArea,AArea,AArea,AArea,AArea,AArea,AArea,AArea,AArea,AArea,AArea,AArea,AArea,AArea,AArea,AArea,AArea,AArea,AArea,AArea,AArea,AArea,AArea,AArea,AArea,AArea,AArea,AArea,AArea,AArea,AArea
ENRG 426,AArea,AArea,AArea,AArea,AArea,AArea,AArea,AArea,AArea,AArea,AArea,AArea,AArea,AArea,AArea,AArea,AArea,AArea,AArea,AArea,AArea,AArea,AArea,AArea,AArea,AArea,AArea,AArea,AArea,AArea,AArea,AArea,AArea,AArea,AArea,AArea,AArea
ENS 203,AArea:E,AArea:E,AArea:E,AArea:E,AArea:E,AArea:E,AArea:E,AArea:E,AArea:E,AArea:E,AArea:E,AArea:E,AArea:E,AArea:E,AArea:E,AArea:E,AArea:E,AArea:E,AArea:E,AArea:E,AArea:E,AArea:E,AArea:E,AArea:E,AArea:E,AArea:E,AArea:E,AArea:E,AArea:E,AArea:E,AArea:E,AArea:E,AArea:E,AArea:E,AArea:E,AArea:E,AArea:E
ENS 208,AArea:E,AArea:E,AArea:E,AArea:E,AArea:E,AArea:E,AArea:E,AArea:E,AArea:E,AArea:E,AArea:E,AArea:E,AArea:E,AArea:E,AArea:E,AArea:E,AArea:E,AArea:E,AArea:E,AArea:E,AArea:E,AArea:E,AArea:E,AArea:E,AArea:E,AArea:E,AArea:E,AArea:E,AArea:E,AArea:E,AArea:E,AArea:E,AArea:E,AArea:E,AArea:E,AArea:E,AArea:E
ENS 216,AArea:E,AArea:E,AArea:E,AArea:E,AArea:E,AArea:E,AArea:E,AArea:E,AArea:E,AArea:E,AArea:E,AArea:E,AArea:E,AArea:E,AArea:E,AArea:E,AArea:E,AArea:E,AArea:E,AArea:E,AArea:E,AArea:E,AArea:E,AArea:E,AArea:E,AArea:E,AArea:E,AArea:E,AArea:E,AArea:E,AArea:E,AArea:E,AArea:E,AArea:E,AArea:E,AArea:E,AArea:E
ENS 222,AArea,AArea,AArea,AArea,AArea,AArea,,,,,,,,,,,,,,,,,,,,,,,,,,,,,,,
ENS 311,AArea,AArea,AArea,AArea,AArea,AArea,AArea,AArea,AArea,AArea,AArea,AArea,AArea,AArea,AArea,AArea,AArea,AArea,AArea,AArea,AArea,AArea,AArea,AArea,AArea,AArea,AArea,AArea,AArea,AArea,AArea,AArea,AArea,AArea,AArea,AArea,AArea
ENS 409,AArea,AArea,AArea,AArea,AArea,AArea,AArea,AArea,AArea,AArea,AArea,AArea,AArea,AArea,AArea,AArea,AArea,AArea,AArea,AArea,AArea,AArea,AArea,AArea,AArea,AArea,AArea,AArea,AArea,AArea,AArea,AArea,AArea,,,,
IE 301,FFree,FFree,FFree,AArea,AArea,AArea,AArea,AArea,AArea,AArea,AArea,AArea,AArea,,,,,,,,,,,,,,,,,,,,,,,,
IE 302,FFree,FFree,FFree,AArea,AArea,AArea,AArea,AArea,AArea,AArea,AArea,AArea,AArea,AArea,AArea,AArea,,,,,,,,,,,,,,,,,,,,,
IE 305,FFree,FFree,FFree,AArea,AArea,AArea,AArea,AArea,AArea,AArea,AArea,AArea,AArea,AArea,AArea,AArea,AArea,AArea,AArea,AArea,AArea,AArea,AArea,AArea,AArea,AArea,AArea,AArea,AArea,AArea,AArea,AArea,AArea,AArea,AArea,AArea,AArea
IE 404,AArea,AArea,AArea,AArea,AArea,AArea,AArea,AArea,AArea,AArea,AArea,AArea,AArea,AArea,AArea,AArea,AArea,AArea,AArea,AArea,AArea,AArea,AArea,AArea,AArea,AArea,AArea,AArea,AArea,AArea,AArea,AArea,AArea,AArea,AArea,AArea,AArea
IE 405,FFree,FFree,FFree,AArea,AArea,AArea,AArea,AArea,AArea,AArea,AArea,AArea,AArea,AArea,AArea,AArea,AArea,AArea,AArea,AArea,AArea,AArea,AArea,AArea,AArea,AArea,AArea,AArea,AArea,AArea,AArea,AArea,AArea,AArea,AArea,AArea,AArea
IE 409,FFree,FFree,FFree,AArea,AArea,AArea,AArea,AArea,AArea,AArea,AArea,AArea,AArea,AArea,AArea,AArea,AArea,AArea,AArea,AArea,AArea,AArea,AArea,AArea,AArea,AArea,AArea,AArea,AArea,AArea,AArea,AArea,AArea,AArea,AArea,AArea,AArea
IE 413,FFree,FFree,FFree,AArea,AArea,AArea,AArea,AArea,AArea,AArea,AArea,AArea,AArea,AArea,AArea,AArea,AArea,AArea,AArea,AArea,AArea,AArea,AArea,AArea,AArea,AArea,AArea,AArea,AArea,AArea,AArea,AArea,AArea,AArea,AArea,AArea,AArea
IE 415,FFree,FFree,FFree,AArea,AArea,AArea,AArea,AArea,AArea,,,,,,,,,,,,,,,,,,,,,,,,,,,,
IE 436,AArea,AArea,AArea,AArea,AArea,AArea,AArea,AArea,AArea,AArea,AArea,AArea,AArea,AArea,AArea,AArea,AArea,AArea,AArea,AArea,AArea,AArea,AArea,AArea,AArea,AArea,AArea,AArea,AArea,AArea,AArea,AArea,AArea,AArea,AArea,AArea,AArea
IE 451,FFree,FFree,FFree,AArea,AArea,AArea,AArea,AArea,AArea,AArea,AArea,AArea,AArea,AArea,AArea,AArea,AArea,AArea,AArea,AArea,AArea,AArea,AArea,AArea,AArea,AArea,AArea,AArea,AArea,AArea,AArea,AArea,AArea,AArea,AArea,AArea,AArea
IF 333,AArea,AArea,AArea,AArea,AArea,AArea,AArea,AArea,AArea,AArea,AArea,AArea,AArea,AArea,AArea,AArea,AArea,AArea,AArea,AArea,AArea,AArea,AArea,AArea,AArea,AArea,AArea,AArea,AArea,AArea,AArea,AArea,AArea,AArea,AArea,AArea,AArea
IF 467,AArea,AArea,AArea,AArea,AArea,AArea,AArea,AArea,AArea,AArea,AArea,AArea,AArea,AArea,AArea,AArea,AArea,AArea,AArea,AArea,AArea,AArea,AArea,AArea,AArea,AArea,AArea,AArea,AArea,AArea,AArea,AArea,AArea,AArea,AArea,AArea,AArea
MATH 202,AArea:E,AArea:E,AArea:E,AArea:E,AArea:E,AArea:E,AArea:E,AArea:E,AArea:E,AArea:E,AArea:E,AArea:E,AArea:E,AArea:E,AArea:E,AArea:E,AArea:E,AArea:E,AArea:E,AArea:E,AArea:E,AArea:E,AArea:E,AArea:E,AArea:E,AArea:E,AArea:E,AArea:E,AArea:E,AArea:E,AArea:E,AArea:E,AArea:E,,,,
MATH 206,AArea,AArea,AArea,AArea,AArea,AArea,AArea,AArea,AArea,AArea,AArea,AArea,AArea,AArea,AArea,AArea,AArea,AArea,AArea,AArea,AArea,AArea,AArea,AArea,AArea,AArea,AArea,AArea,AArea,AArea,AArea,AArea,AArea,AArea,AArea,AArea,AArea
MATH 301,AArea,AArea,AArea,AArea,AArea,AArea,AArea,AArea,AArea,AArea,AArea,AArea,AArea,AArea,AArea,AArea,AArea,AArea,AArea,AArea,AArea,AArea,AArea,AArea,AArea,AArea,AArea,AArea,AArea,AArea,AArea,AArea,AArea,AArea,AArea,AArea,AArea
MATH 305,AArea,AArea,AArea,AArea,AArea,AArea,AArea,AArea,AArea,AArea,AArea,AArea,AArea,AArea,AArea,AArea,AArea,AArea,AArea,AArea,AArea,AArea,AArea,AArea,AArea,AArea,AArea,AArea,AArea,AArea,AArea,AArea,AArea,AArea,AArea,AArea,AArea
MATH 311,AArea,AArea,AArea,AArea,AArea,AArea,AArea,AArea,AArea,AArea,AArea,AArea,AArea,AArea,AArea,AArea,AArea,AArea,AArea,AArea,AArea,AArea,AArea,AArea,AArea,AArea,AArea,AArea,AArea,AArea,AArea,AArea,AArea,AArea,AArea,AArea,AArea
MATH 317,AArea,AArea,AArea,AArea,AArea,AArea,AArea,AArea,AArea,AArea,AArea,AArea,AArea,AArea,AArea,AArea,AArea,AArea,AArea,AArea,AArea,AArea,AArea,AArea,AArea,AArea,AArea,AArea,AArea,AArea,AArea,AArea,AArea,AArea,AArea,AArea,AArea
MATH 318,AArea,AArea,AArea,AArea,AArea,AArea,AArea,AArea,AArea,AArea,AArea,AArea,AArea,AArea,AArea,AArea,AArea,AArea,AArea,AArea,AArea,AArea,AArea,AArea,AArea,AArea,AArea,AArea,AArea,AArea,AArea,AArea,AArea,AArea,AArea,AArea,AArea
MATH 414,AArea,AArea,AArea,AArea,AArea,AArea,AArea,AArea,AArea,AArea,AArea,AArea,AArea,AArea,AArea,AArea,AArea,AArea,AArea,AArea,AArea,AArea,AArea,AArea,AArea,AArea,AArea,AArea,AArea,AArea,AArea,AArea,AArea,AArea,AArea,AArea,AArea
MATH 484,AArea,AArea,AArea,AArea,AArea,AArea,AArea,AArea,AArea,AArea,AArea,AArea,AArea,AArea,AArea,AArea,AArea,AArea,AArea,AArea,AArea,AArea,AArea,AArea,AArea,AArea,AArea,AArea,AArea,AArea,AArea,AArea,AArea,AArea,AArea,AArea,AArea
MAT 306,AArea,AArea,AArea,AArea,AArea,AArea,AArea,AArea,AArea,AArea,AArea,AArea,AArea,AArea,AArea,AArea,AArea,AArea,AArea,AArea,AArea,AArea,AArea,AArea,AArea,AArea,AArea,AArea,AArea,AArea,AArea,AArea,AArea,AArea,AArea,AArea,AArea
ME 407,AArea,AArea,AArea,AArea,AArea,AArea,AArea,AArea,AArea,AArea,AArea,AArea,AArea,AArea,AArea,AArea,AArea,AArea,AArea,AArea,AArea,,,,,,,,,,,,,,,,
ME 435,AArea,AArea,AArea,AArea,AArea,AArea,AArea,AArea,AArea,AArea,AArea,AArea,AArea,AArea,AArea,AArea,AArea,AArea,AArea,AArea,AArea,AArea,AArea,AArea,AArea,AArea,AArea,AArea,AArea,AArea,AArea,AArea,AArea,AArea,AArea,AArea,AArea
MGMT 203,AArea,AArea,AArea,AArea,AArea,AArea,AArea,AArea,AArea,AArea,AArea,AArea,AArea,AArea,AArea,AArea,AArea,AArea,AArea,AArea,AArea,AArea,AArea,AArea,AArea,AArea,AArea,AArea,AArea,AArea,AArea,AArea,AArea,AArea,AArea,AArea,AArea
NS 213,AArea,AArea,AArea,AArea,AArea,AArea,AArea,AArea,AArea,AArea,AArea,AArea,AArea,AArea,AArea,AArea,AArea,AArea,AArea:E,AArea:E,AArea:E,AArea:E,AArea:E,AArea:E,AArea:E,AArea:E,AArea:E,AArea:E,AArea:E,AArea:E,AArea:E,AArea:E,,,,,
OPIM 302,AArea,AArea,AArea,AArea,AArea,AArea,AArea,AArea,AArea,AArea,AArea,AArea,AArea,AArea,AArea,AArea,AArea,AArea,AArea,AArea,AArea,AArea,AArea,AArea,AArea,AArea,AArea,AArea,AArea,AArea,AArea:M,AArea:M,AArea:M,AArea:M,AArea:M,AArea:M,AArea:M
OPIM 390,AArea,AArea,AArea,AArea,AArea,AArea,AArea,AArea,AArea,AArea,AArea,AArea,AArea,AArea,AArea,AArea,AArea,AArea,AArea,AArea,AArea,AArea,AArea,AArea,AArea,AArea,AArea,AArea,AArea,AArea,AArea,AArea,AArea,AArea,AArea,AArea,AArea
OPIM 402,AArea,AArea,AArea,AArea,AArea,AArea,AArea,AArea,AArea,AArea,AArea,AArea,AArea,AArea,AArea,AArea,AArea,AArea,AArea,AArea,AArea,AArea,AArea,AArea,AArea,AArea,AArea,AArea,AArea,AArea,AArea,AArea,AArea,AArea,AArea,AArea,AArea
OPIM 404,AArea,AArea,AArea,AArea,AArea,AArea,AArea,AArea,AArea,AArea,AArea,AArea,AArea,AArea,AArea,AArea,AArea,AArea,AArea,AArea,AArea,AArea,AArea,AArea,AArea,AArea,AArea,AArea,AArea,AArea,AArea,AArea,AArea,AArea,AArea,AArea,AArea
OPIM 406,AArea,AArea,AArea,AArea,AArea,AArea,AArea,AArea,AArea,AArea,AArea,AArea,AArea,AArea,AArea,AArea,AArea,AArea,AArea,AArea,AArea,AArea,AArea,AArea,AArea,AArea,,,,,,,,,,,
OPIM 407,AArea,AArea,AArea,AArea,AArea,AArea,AArea,AArea,AArea,AArea,AArea,AArea,AArea,AArea,AArea,AArea,AArea,AArea,AArea,AArea,AArea,AArea,AArea,AArea,AArea,AArea,AArea,AArea,AArea,AArea,AArea,AArea,AArea,AArea,AArea,AArea,AArea
OPIM 408,AArea,AArea,AArea,AArea,AArea,AArea,AArea,AArea,AArea,AArea,AArea,AArea,AArea,AArea,AArea,AArea,AArea,AArea,AArea,AArea,AArea,AArea,AArea,AArea,AArea,AArea,AArea,AArea,AArea,AArea,AArea,AArea,AArea,AArea,AArea,AArea,AArea
OPIM 409,AArea,AArea,AArea,AArea,AArea,AArea,AArea,AArea,AArea,AArea,AArea,AArea,AArea,AArea,AArea,AArea,AArea,AArea,AArea,AArea,AArea,AArea,AArea,AArea,AArea,AArea,AArea,AArea,AArea,AArea,AArea,AArea,AArea,AArea,AArea,AArea,AArea
PHYS 113,AArea:E,AArea:E,AArea:E,AArea:E,AArea:E,AArea:E,AArea:E,AArea:E,AArea:E,AArea:E,AArea:E,AArea:E,AArea:E,AArea:E,AArea:E,AArea:E,AArea:E,AArea:E,AArea:E,AArea:E,AArea:E,AArea:E,AArea:E,AArea:E,AArea:E,AArea:E,AArea:E,AArea:E,AArea:E,AArea:E,AArea:E,AArea:E,AArea:E,RRequired:E,RRequired:E,RRequired:E,RRequired:E
PHYS 484,AArea,AArea,AArea,AArea,AArea,AArea,AArea,AArea,AArea,AArea,AArea,AArea,AArea,AArea,AArea,AArea,AArea,AArea,AArea,AArea,AArea,AArea,AArea,AArea,AArea,AArea,AArea,AArea,AArea,AArea,AArea,AArea,AArea,AArea,AArea,AArea,AArea
VA 310,FFree,FFree,FFree,AArea,AArea,AArea,AArea,AArea,AArea,AArea,AArea,AArea,AArea,AArea,AArea,AArea,AArea,AArea,AArea,AArea,AArea,AArea,AArea,AArea,AArea,AArea,AArea,AArea,FFree,FFree,FFree,FFree,FFree,FFree,FFree,FFree,FFree
VA 325,AArea,AArea,AArea,AArea,AArea,AArea,AArea,AArea,AArea,AArea,AArea,AArea,AArea,AArea,AArea,AArea,AArea,AArea,AArea,AArea,AArea,AArea,AArea,AArea,AArea,AArea,AArea,AArea,AArea,AArea,AArea,AArea,AArea,AArea,AArea,AArea,AArea
VA 345,AArea,AArea,AArea,AArea,AArea,AArea,AArea,AArea,AArea,AArea,AArea,AArea,AArea,AArea,AArea,AArea,AArea,AArea,AArea,AArea,AArea,AArea,AArea,AArea,AArea,AArea,AArea,AArea,AArea,AArea,AArea,AArea,AArea,AArea,AArea,AArea,AArea
VA 444,AArea,AArea,AArea,AArea,AArea,AArea,AArea,,,,,,,,,,,,,,,,,,,,,,,,,,,,,,
VA 455,AArea,AArea,AArea,AArea,AArea,AArea,AArea,AArea,AArea,AArea,AArea,AArea,AArea,AArea,AArea,AArea,AArea,AArea,AArea,AArea,AArea,AArea,AArea,AArea,AArea,AArea,AArea,AArea,AArea,AArea,AArea,AArea,AArea,AArea,AArea,AArea,AArea
ACC 201,FFree:M,FFree:M,FFree:M,FFree:M,FFree:M,FFree:M,FFree:M,FFree:M,FFree:M,FFree:M,FFree:M,FFree:M,FFree:M,FFree:M,FFree:M,FFree:M,FFree:M,FFree:M,FFree:M,FFree:M,FFree:M,FFree:M,FFree:M,FFree:M,FFree:M,FFree:M,FFree:M,FFree:M,FFree:M,FFree:M,FFree:M,FFree:M,FFree:M,FFree:M,FFree:M,FFree:M,FFree:M
ACC 301,FFree,FFree,FFree,FFree,FFree,FFree,FFree,FFree,FFree,FFree,FFree,FFree,FFree,FFree,FFree,FFree,FFree,FFree,FFree,FFree,FFree,FFree,FFree,FFree,FFree,FFree,FFree,FFree,FFree,FFree,FFree,FFree,FFree,FFree,FFree,FFree,FFree
ACC 401,FFree,FFree,FFree,FFree,FFree,FFree,FFree,FFree,FFree,FFree,FFree,FFree,FFree,FFree,FFree,FFree,,,,,,,,,,,,,,,,,,,,,
ACC 403,FFree,FFree,FFree,FFree,FFree,FFree,FFree,FFree,FFree,FFree,FFree,FFree,FFree,FFree,FFree,FFree,FFree,FFree,FFree,,,,,,,,,,,,,,,,,,
ACC 404,FFree,FFree,FFree,FFree,FFree,FFree,FFree,FFree,FFree,FFree,FFree,FFree,FFree,FFree,FFree,FFree,FFree,FFree,FFree,FFree,,,,,,,,,,,,,,,,,
ACC 405,FFree,FFree,FFree,FFree,FFree,FFree,FFree,FFree,FFree,FFree,FFree,FFree,FFree,FFree,FFree,FFree,FFree,FFree,FFree,FFree,FFree,FFree,FFree,FFree,FFree,FFree,FFree,FFree,FFree,FFree,FFree,FFree,FFree,FFree,FFree,FFree,FFree
ACC 406,FFree,FFree,FFree,FFree,FFree,FFree,FFree,FFree,FFree,FFree,FFree,FFree,FFree,FFree,FFree,FFree,FFree,FFree,FFree,FFree,,,,,,,,,,,,,,,,,
ACC 450,FFree,FFree,FFree,FFree,FFree,FFree,FFree,FFree,FFree,FFree,FFree,FFree,FFree,FFree,,,,,,,,,,,,,,,,,,,,,,,
ACC 451,FFree,FFree,FFree,FFree,FFree,FFree,FFree,FFree,FFree,FFree,FFree,FFree,FFree,FFree,,,,,,,,,,,,,,,,,,,,,,,
ANTH 214,FFree:A,FFree:A,FFree:A,FFree:A,FFree:A,FFree:A,FFree:A,FFree:A,FFree:A,FFree:A,FFree:A,FFree:A,FFree:A,FFree:A,FFree:A,FFree:A,FFree:A,FFree:A,FFree:A,FFree:A,FFree:A,FFree:A,FFree:A,FFree:A,FFree:A,FFree:A,FFree:A,FFree:A,FFree:A,FFree:A,FFree,FFree,FFree,FFree,FFree,FFree,FFree
ANTH 251,FFree,FFree,FFree,FFree,FFree,FFree,FFree,FFree,FFree,FFree,FFree,FFree,FFree,FFree,FFree,FFree,FFree,FFree,,,,,,,,,,,,,,,,,,,
ANTH 255,FFree:A,FFree:A,FFree:A,FFree:A,FFree:A,FFree:A,FFree:A,FFree:A,FFree:A,FFree:A,FFree:A,FFree:A,FFree:A,FFree:A,FFree:A,FFree:A,FFree:A,FFree:A,FFree:A,FFree:A,FFree:A,FFree:A,FFree:A,FFree:A,FFree:A,FFree:A,FFree:A,FFree:A,FFree:A,FFree:A,FFree:A,FFree:A,FFree:A,FFree:A,FFree:A,FFree:A,FFree:A
ANTH 321,FFree,FFree,FFree,FFree,FFree,FFree,FFree,FFree,FFree,FFree,FFree,FFree,FFree,FFree,FFree,FFree,FFree,FFree,FFree,FFree,FFree,FFree,FFree,FFree,FFree,FFree,FFree,FFree,FFree,FFree,FFree,FFree,FFree,FFree,FFree,FFree,FFree
ANTH 326,FFree,FFree,FFree,FFree,FFree,FFree,FFree,FFree,FFree,FFree,FFree,FFree,FFree,FFree,FFree,FFree,FFree,FFree,FFree,FFree,FFree,FFree,FFree,FFree,FFree,FFree,FFree,FFree,FFree,FFree,FFree:A,FFree:A,FFree:A,FFree:A,FFree:A,FFree:A,FFree:A
ANTH 340,FFree,FFree,FFree,FFree,FFree,FFree,FFree,FFree,FFree,FFree,FFree,FFree,FFree,FFree,FFree,FFree,FFree,FFree,FFree,FFree,FFree,FFree,FFree,FFree,FFree,FFree,FFree,FFree,FFree,FFree,FFree,FFree,FFree,FFree,FFree,FFree,FFree
ANTH 350,FFree,FFree,FFree,FFree,FFree,FFree,FFree,FFree,FFree,FFree,FFree,FFree,,,,,,,,,,,,,,,,,,,,,,,,,
ANTH 354,FFree,FFree,FFree,FFree,FFree,FFree,,,,,,,,,,,,,,,,,,,,,,,,,,,,,,,
ANTH 468,FFree,FFree,FFree,FFree,FFree,FFree,FFree,FFree,FFree,FFree,FFree,FFree,FFree,FFree,FFree,FFree,FFree,FFree,FFree,FFree,FFree,FFree,FFree,FFree,FFree,FFree,FFree,FFree,FFree,FFree,FFree,FFree,FFree,FFree,FFree,FFree,FFree
BIO 301,FFree,FFree,FFree,FFree,FFree,FFree,FFree,FFree,FFree,FFree,FFree,FFree,FFree,FFree,FFree,FFree,FFree,FFree,FFree,FFree,FFree,FFree,FFree,FFree,FFree,FFree,FFree,FFree,FFree,FFree,FFree,FFree,FFree,FFree,FFree,FFree,FFree
BIO 303,FFree,FFree,FFree,FFree,FFree,FFree,FFree,FFree,FFree,FFree,FFree,FFree,FFree,FFree,FFree,FFree,FFree,FFree,FFree,FFree,FFree,FFree,FFree,FFree,FFree,FFree,FFree,FFree,FFree,FFree,FFree,FFree,FFree,FFree,FFree,FFree,FFree
BIO 304,FFree,FFree,FFree,FFree,FFree,FFree,FFree,FFree,FFree,FFree,FFree,FFree,FFree,FFree,FFree,FFree,FFree,FFree,FFree,FFree,FFree,FFree,FFree,FFree,FFree,FFree,FFree,FFree,FFree,FFree,FFree,FFree,FFree,FFree,FFree,FFree,FFree
BIO 306,FFree,FFree,FFree,FFree,FFree,FFree,FFree,FFree,FFree,FFree,FFree,FFree,FFree,FFree,FFree,FFree,FFree,FFree,FFree,FFree,FFree,FFree,FFree,FFree,FFree,FFree,FFree,FFree,FFree,FFree,FFree,FFree,FFree,FFree,FFree,FFree,FFree
BIO 308,FFree,FFree,FFree,FFree,FFree,FFree,FFree,FFree,FFree,FFree,FFree,FFree,FFree,FFree,FFree,FFree,FFree,FFree,FFree,FFree,FFree,FFree,FFree,FFree,FFree,FFree,FFree,FFree,FFree,FFree,FFree,FFree,FFree,FFree,FFree,FFree,FFree
BIO 321,FFree:E,FFree:E,FFree:E,FFree:E,FFree:E,FFree:E,FFree:E,FFree:E,FFree:E,FFree:E,FFree:E,FFree:E,FFree:E,FFree:E,FFree:E,FFree:E,FFree:E,FFree:E,FFree,FFree,FFree,FFree,FFree,FFree,FFree,FFree,FFree,FFree,FFree,FFree,FFree,FFree,FFree,FFree,FFree,FFree,FFree
BIO 322,FFree,FFree,FFree,FFree,FFree,FFree,FFree,FFree,FFree,FFree,FFree,FFree,FFree,FFree,FFree,FFree,FFree,FFree,FFree,FFree,FFree,FFree,FFree,FFree,FFree,FFree,FFree,FFree,FFree,FFree,FFree,FFree,FFree,FFree,FFree,FFree,FFree
BIO 330,FFree,FFree,FFree,FFree,FFree,FFree,FFree,FFree,FFree,FFree,FFree,FFree,FFree,FFree,FFree,FFree,FFree,FFree,FFree,FFree,FFree,FFree,FFree,FFree,FFree,FFree,FFree,FFree,FFree,FFree,FFree,FFree,FFree,FFree,FFree,FFree,FFree
BIO 332,FFree,FFree,FFree,FFree,FFree,FFree,FFree,FFree,FFree,FFree,FFree,FFree,FFree,FFree,FFree,FFree,FFree,FFree,FFree,FFree,FFree,FFree,FFree,FFree,FFree,FFree,FFree,FFree,FFree,FFree,FFree,FFree,FFree,FFree,FFree,FFree,FFree
BIO 335,FFree,FFree,FFree,FFree,FFree,FFree,FFree,FFree,FFree,FFree,FFree,FFree,FFree,FFree,FFree,FFree,FFree,FFree,FFree,FFree,FFree,FFree,FFree,FFree,FFree,FFree,FFree,FFree,FFree,FFree,FFree,FFree,FFree,FFree,FFree,FFree,FFree
BIO 363,FFree,FFree,FFree,FFree,FFree,FFree,FFree,FFree,FFree,FFree,FFree,FFree,FFree,FFree,FFree,FFree,FFree,FFree,FFree,FFree,FFree,FFree,FFree,FFree,FFree,FFree,FFree,FFree,FFree,FFree,FFree,FFree,FFree,FFree,FFree,FFree,FFree
BIO 370,FFree,FFree,FFree,FFree,FFree,FFree,FFree,FFree,FFree,FFree,FFree,FFree,FFree,FFree,FFree,FFree,FFree,FFree,FFree,,,,,,,,,,,,,,,,,,
BIO 403,FFree,FFree,FFree,FFree,FFree,FFree,FFree,FFree,FFree,FFree,FFree,FFree,FFree,FFree,FFree,FFree,FFree,FFree,FFree,FFree,FFree,FFree,FFree,FFree,FFree,,,,,,,,,,,,
BIO 404,FFree,FFree,FFree,FFree,FFree,FFree,FFree,FFree,FFree,FFree,FFree,FFree,,,,,,,,,,,,,,,,,,,,,,,,,
BIO 406,FFree,FFree,FFree,FFree,FFree,FFree,FFree,FFree,FFree,FFree,FFree,FFree,FFree,FFree,FFree,FFree,FFree,FFree,FFree,FFree,FFree,FFree,FFree,FFree,FFree,,,,,,,,,,,,
BIO 407,FFree,FFree,FFree,FFree,FFree,FFree,FFree,FFree,FFree,FFree,FFree,FFree,FFree,FFree,FFree,FFree,FFree,FFree,FFree,FFree,FFree,FFree,FFree,FFree,FFree,FFree,FFree,FFree,FFree,FFree,FFree,FFree,FFree,FFree,FFree,FFree,FFree
BIO 409,FFree,FFree,FFree,FFree,FFree,FFree,FFree,FFree,FFree,FFree,FFree,FFree,FFree,FFree,FFree,FFree,FFree,FFree,FFree,FFree,FFree,FFree,FFree,FFree,FFree,,,,,,,,,,,,
BIO 415,FFree,FFree,FFree,FFree,FFree,FFree,FFree,FFree,FFree,FFree,FFree,FFree,FFree,FFree,FFree,FFree,FFree,FFree,FFree,FFree,FFree,FFree,FFree,FFree,FFree,FFree,FFree,FFree,FFree,FFree,FFree,FFree,FFree,FFree,FFree,FFree,FFree
BIO 421,FFree,FFree,FFree,FFree,FFree,FFree,FFree,FFree,FFree,FFree,FFree,FFree,FFree,FFree,FFree,FFree,FFree,FFree,FFree,FFree,FFree,FFree,FFree,FFree,FFree,FFree,FFree,FFree,FFree,FFree,FFree,FFree,FFree,FFree,FFree,FFree,FFree
BIO 423,FFree,FFree,FFree,FFree,FFree,FFree,FFree,FFree,FFree,FFree,FFree,FFree,FFree,FFree,FFree,FFree,FFree,FFree,FFree,FFree,FFree,FFree,FFree,FFree,FFree,FFree,FFree,FFree,FFree,FFree,FFree,FFree,FFree,FFree,FFree,FFree,FFree
BIO 436,FFree,FFree,FFree,FFree,FFree,FFree,FFree,FFree,FFree,FFree,FFree,FFree,FFree,FFree,FFree,FFree,FFree,FFree,FFree,FFree,FFree,FFree,FFree,FFree,FFree,FFree,FFree,FFree,FFree,FFree,FFree,FFree,FFree,FFree,FFree,FFree,FFree
BIO 444,FFree,FFree,FFree,FFree,FFree,FFree,FFree,FFree,FFree,FFree,FFree,FFree,FFree,FFree,FFree,FFree,FFree,FFree,FFree,FFree,FFree,FFree,FFree,FFree,FFree,FFree,FFree,FFree,FFree,FFree,FFree,FFree,FFree,FFree,FFree,FFree,FFree
BIO 445,FFree,FFree,FFree,FFree,FFree,FFree,FFree,FFree,FFree,FFree,FFree,FFree,FFree,FFree,FFree,FFree,FFree,FFree,FFree,FFree,FFree,FFree,FFree,FFree,FFree,,,,,,,,,,,,
BIO 446,FFree,FFree,FFree,FFree,FFree,FFree,FFree,FFree,FFree,FFree,FFree,FFree,FFree,FFree,FFree,FFree,FFree,FFree,FFree,FFree,FFree,FFree,FFree,FFree,FFree,FFree,FFree,FFree,FFree,FFree,FFree,FFree,FFree,FFree,FFree,FFree,FFree
BIO 447,FFree,FFree,FFree,FFree,FFree,FFree,FFree,FFree,FFree,FFree,FFree,FFree,FFree,FFree,FFree,FFree,FFree,FFree,FFree,FFree,FFree,FFree,FFree,FFree,FFree,,,,,,,,,,,,
BIO 452,FFree,FFree,FFree,FFree,FFree,FFree,FFree,FFree,FFree,FFree,FFree,FFree,FFree,FFree,FFree,FFree,FFree,FFree,FFree,FFree,FFree,FFree,FFree,FFree,FFree,FFree,FFree,FFree,FFree,FFree,FFree,FFree,FFree,FFree,FFree,FFree,FFree
BIO 460,FFree,FFree,FFree,FFree,FFree,FFree,FFree,FFree,FFree,FFree,FFree,FFree,FFree,FFree,FFree,FFree,FFree,FFree,FFree,FFree,FFree,FFree,FFree,FFree,FFree,FFree,FFree,FFree,FFree,FFree,FFree,FFree,FFree,FFree,FFree,FFree,FFree
BIO 466,FFree,FFree,FFree,FFree,FFree,FFree,FFree,FFree,FFree,FFree,FFree,FFree,FFree,FFree,FFree,FFree,FFree,FFree,FFree,FFree,FFree,FFree,FFree,FFree,FFree,,,,,,,,,,,,
BIO 467,FFree,FFree,FFree,FFree,FFree,FFree,FFree,FFree,FFree,FFree,FFree,FFree,FFree,FFree,FFree,FFree,FFree,FFree,FFree,FFree,FFree,FFree,FFree,FFree,FFree,FFree,FFree,FFree,FFree,FFree,FFree,FFree,FFree,FFree,FFree,FFree,FFree
BIO 468,FFree,FFree,FFree,FFree,FFree,FFree,FFree,FFree,FFree,FFree,FFree,FFree,FFree,FFree,FFree,FFree,FFree,FFree,FFree,FFree,FFree,FFree,FFree,FFree,FFree,FFree,FFree,FFree,FFree,FFree,FFree,FFree,FFree,FFree,FFree,FFree,FFree
BIO 480,FFree,FFree,FFree,FFree,FFree,FFree,,,,,,,,,,,,,,,,,,,,,,,,,,,,,,,
BIO 481,FFree,FFree,FFree,FFree,FFree,FFree,,,,,,,,,,,,,,,,,,,,,,,,,,,,,,,
CHEM 202,FFree,FFree,FFree,FFree,FFree,FFree,FFree,FFree,FFree,FFree,FFree,FFree,FFree,FFree,FFree,FFree,FFree,FFree,FFree,FFree,FFree,FFree,FFree,FFree,FFree,FFree,FFree,FFree,FFree,FFree,FFree,FFree,FFree,FFree,FFree,FFree,FFree
CHEM 212,FFree:E,FFree:E,FFree:E,FFree:E,FFree:E,FFree:E,FFree:E,FFree:E,FFree:E,FFree:E,FFree:E,FFree:E,FFree:E,FFree:E,FFree:E,FFree:E,FFree:E,FFree:E,FFree:E,FFree:E,FFree:E,FFree:E,FFree:E,FFree:E,FFree:E,FFree:E,FFree:E,FFree:E,FFree:E,FFree:E,FFree:E,FFree:E,FFree:E,FFree:E,FFree:E,FFree:E,FFree:E
CHEM 301,FFree,FFree,FFree,FFree,FFree,FFree,FFree,FFree,FFree,FFree,FFree,FFree,FFree,FFree,FFree,FFree,FFree,FFree,FFree,FFree,FFree,FFree,FFree,FFree,FFree,FFree,FFree,FFree,FFree,FFree,FFree,FFree,FFree,FFree,FFree,FFree,FFree
CHEM 302,FFree,FFree,FFree,FFree,FFree,FFree,FFree,FFree,FFree,FFree,FFree,FFree,FFree,FFree,FFree,FFree,FFree,FFree,FFree,FFree,FFree,FFree,FFree,FFree,FFree,FFree,FFree,FFree,FFree,FFree,FFree,FFree,FFree,FFree,FFree,FFree,FFree
CHEM 405,FFree,FFree,FFree,FFree,FFree,FFree,FFree,FFree,FFree,FFree,FFree,FFree,FFree,FFree,FFree,FFree,FFree,FFree,FFree,FFree,FFree,FFree,FFree,FFree,FFree,FFree,FFree,FFree,FFree,FFree,FFree,FFree,FFree,FFree,FFree,FFree,FFree
CHEM 421,FFree,FFree,FFree,FFree,FFree,FFree,FFree,FFree,FFree,FFree,FFree,FFree,FFree,FFree,FFree,FFree,FFree,FFree,,,,,,,,,,,,,,,,,,,
CONF 300,FFree,FFree,FFree,FFree,FFree,FFree,FFree,FFree,FFree,FFree,FFree,FFree,FFree,FFree,FFree,FFree,FFree,FFree,FFree,FFree,FFree,FFree,FFree,FFree,FFree,FFree,FFree,FFree,FFree,FFree,FFree,FFree,FFree,FFree,FFree,FFree,FFree
CONF 400,FFree,FFree,FFree,FFree,FFree,FFree,FFree,FFree,FFree,FFree,FFree,FFree,FFree,FFree,FFree,FFree,FFree,FFree,FFree,FFree,FFree,FFree,FFree,FFree,FFree,FFree,FFree,FFree,FFree,FFree,FFree,FFree,FFree,FFree,FFree,FFree,FFree
CONF 431,FFree,FFree,FFree,FFree,FFree,FFree,FFree,FFree,FFree,FFree,FFree,FFree,FFree,FFree,FFree,FFree,FFree,FFree,FFree,FFree,FFree,FFree,FFree,FFree,FFree,FFree,FFree,FFree,FFree,FFree,FFree,FFree,FFree,FFree,FFree,FFree,FFree
CULT 230,FFree,FFree,FFree,FFree,FFree,FFree,FFree,FFree,FFree,FFree,FFree,FFree,FFree,FFree,FFree,FFree,,,,,,,,,,,,,,,,,,,,,
CULT 299,FFree,FFree,FFree,FFree,FFree,FFree,FFree,FFree,FFree,FFree,FFree,FFree,FFree,FFree,FFree,FFree,FFree,FFree,,,,,,,,,,,,,,,,,,,
CULT 322,FFree,FFree,FFree,FFree,FFree,FFree,FFree,FFree,FFree,FFree,FFree,FFree,FFree,FFree,FFree,FFree,FFree,FFree,FFree,FFree,FFree,FFree,FFree,FFree,FFree,FFree,FFree,FFree,FFree,FFree,FFree,FFree,FFree,FFree,FFree,FFree,FFree
CULT 341,FFree,FFree,FFree,FFree,FFree,FFree,FFree,FFree,FFree,FFree,FFree,FFree,FFree,FFree,FFree,,,,,,,,,,,,,,,,,,,,,,
CULT 343,FFree,FFree,FFree,FFree,FFree,FFree,FFree,FFree,FFree,FFree,FFree,FFree,FFree,FFree,FFree,,,,,,,,,,,,,,,,,,,,,,
CULT 355,FFree,FFree,FFree,FFree,FFree,FFree,FFree,FFree,FFree,FFree,FFree,FFree,FFree,FFree,FFree,FFree,FFree,FFree,FFree,FFree,FFree,FFree,FFree,FFree,FFree,FFree,FFree,FFree,FFree,FFree,FFree,FFree,FFree,FFree,FFree,FFree,FFree
CULT 361,FFree,FFree,FFree,FFree,FFree,FFree,FFree,FFree,FFree,FFree,FFree,FFree,FFree,FFree,FFree,FFree,FFree,FFree,FFree,FFree,FFree,FFree,FFree,FFree,FFree,FFree,FFree,FFree,FFree,FFree,FFree,FFree,FFree,FFree,FFree,FFree,FFree
CULT 362,FFree,FFree,FFree,FFree,FFree,FFree,FFree,FFree,FFree,FFree,FFree,FFree,FFree,FFree,FFree,FFree,,,,,,,,,,,,,,,,,,,,,
CULT 368,FFree,FFree,FFree,FFree,FFree,FFree,FFree,FFree,FFree,FFree,FFree,FFree,FFree,FFree,FFree,FFree,FFree,FFree,FFree,FFree,FFree,FFree,FFree,FFree,FFree,FFree,FFree,FFree,FFree,FFree,FFree:A,FFree:A,FFree:A,FFree:A,FFree:A,FFree:A,FFree:A
CULT 370,FFree,FFree,FFree,FFree,FFree,FFree,FFree,FFree,FFree,FFree,FFree,FFree,FFree,FFree,FFree,FFree,FFree,FFree,FFree,FFree,FFree,FFree,FFree,FFree,FFree,FFree,FFree,FFree,FFree,FFree,FFree,FFree,FFree,FFree,FFree,FFree,FFree
CULT 384,FFree,FFree,FFree,FFree,FFree,FFree,FFree,FFree,FFree,FFree,FFree,FFree,FFree,FFree,FFree,FFree,FFree,FFree,FFree,FFree,FFree,FFree,FFree,FFree,FFree,FFree,FFree,FFree,FFree,FFree,FFree,FFree,FFree,,,,
CULT 391,FFree,FFree,FFree,FFree,FFree,FFree,FFree,FFree,FFree,FFree,FFree,FFree,FFree,FFree,FFree,FFree,FFree,FFree,FFree,FFree,FFree,FFree,FFree,FFree,FFree,FFree,FFree,FFree,FFree,FFree,FFree,FFree,FFree,FFree,FFree,FFree,FFree
CULT 399,FFree,FFree,FFree,FFree,FFree,FFree,FFree,FFree,FFree,FFree,FFree,FFree,FFree,FFree,FFree,FFree,FFree,FFree,FFree,FFree,FFree,FFree,FFree,FFree,FFree,FFree,FFree,FFree,FFree,FFree,FFree,FFree,FFree,FFree,FFree,FFree,FFree
CULT 421,FFree,FFree,FFree,FFree,FFree,FFree,FFree,FFree,FFree,FFree,FFree,FFree,FFree,FFree,FFree,FFree,FFree,FFree,FFree,FFree,FFree,FFree,FFree,FFree,FFree,,,,,,,,,,,,
CULT 432,FFree,FFree,FFree,FFree,FFree,FFree,FFree,FFree,FFree,FFree,FFree,FFree,FFree,FFree,FFree,FFree,FFree,FFree,FFree,FFree,FFree,FFree,FFree,FFree,FFree,FFree,FFree,FFree,FFree,FFree,FFree,FFree,FFree,FFree,FFree,FFree,FFree
CULT 441,FFree,FFree,FFree,FFree,FFree,FFree,FFree,FFree,FFree,FFree,FFree,FFree,FFree,FFree,FFree,,,,,,,,,,,,,,,,,,,,,,
CULT 442,FFree,FFree,FFree,FFree,FFree,FFree,FFree,FFree,FFree,FFree,FFree,FFree,FFree,FFree,FFree,,,,,,,,,,,,,,,,,,,,,,
CULT 443,FFree,FFree,FFree,FFree,FFree,FFree,FFree,FFree,FFree,FFree,FFree,FFree,FFree,FFree,FFree,,,,,,,,,,,,,,,,,,,,,,
CULT 444,FFree,FFree,FFree,FFree,FFree,FFree,FFree,FFree,FFree,FFree,FFree,FFree,FFree,FFree,FFree,,,,,,,,,,,,,,,,,,,,,,
CULT 451,FFree,FFree,FFree,FFree,FFree,FFree,FFree,FFree,FFree,FFree,FFree,FFree,FFree,FFree,FFree,FFree,FFree,FFree,FFree,FFree,FFree,FFree,FFree,FFree,FFree,FFree,FFree,,,,,,,,,,
CULT 452,FFree,FFree,FFree,FFree,FFree,FFree,FFree,FFree,FFree,FFree,FFree,FFree,FFree,FFree,FFree,FFree,FFree,FFree,,,,,,,,,,,,,,,,,,,
CULT 453,FFree,FFree,FFree,FFree,FFree,FFree,FFree,FFree,FFree,FFree,FFree,FFree,FFree,FFree,FFree,FFree,FFree,FFree,FFree,FFree,FFree,FFree,FFree,FFree,FFree,FFree,FFree,FFree,FFree,FFree,FFree,FFree,FFree,FFree,FFree,FFree,FFree
CULT 491,FFree,FFree,FFree,FFree,FFree,FFree,FFree,FFree,FFree,FFree,FFree,FFree,FFree,FFree,FFree,FFree,FFree,FFree,FFree,FFree,FFree,FFree,FFree,FFree,FFree,,,,,,,,,,,,
CULT 492,FFree,FFree,FFree,FFree,FFree,FFree,FFree,FFree,FFree,,,,,,,,,,,,,,,,,,,,,,,,,,,,
DSA 201,FFree:E,FFree:E,FFree:E,FFree:E,FFree:E,FFree:E,FFree:E,FFree:E,FFree:E,FFree:E,FFree:E,FFree:E,FFree:E,FFree:E,FFree:E,FFree:E,FFree:E,FFree:E,FFree:E,FFree:E,FFree:E,FFree:E,FFree:E,FFree:E,FFree:E,FFree:E,FFree:E,FFree:E,FFree:E,FFree:E,FFree:E,FFree:E,FFree:E,FFree:E,FFree:E,FFree:E,FFree:E
ECON 202,FFree:A,FFree:A,FFree:A,FFree:A,FFree:A,FFree:A,FFree:A,FFree:A,FFree:A,FFree:A,FFree:A,FFree:A,FFree:A,FFree:A,FFree:A,FFree:A,FFree:A,FFree:A,FFree:A,FFree:A,FFree:A,FFree:A,FFree:A,FFree:A,FFree:A,FFree:A,FFree:A,FFree:A,FFree:A,FFree:A,FFree:A,FFree:A,FFree:A,FFree:A,FFree:A,FFree:A,FFree:A
ECON 204,FFree:A,FFree:A,FFree:A,FFree:A,FFree:A,FFree:A,FFree:A,FFree:A,FFree:A,FFree:A,FFree:A,FFree:A,FFree:A,FFree:A,FFree:A,FFree:A,FFree:A,FFree:A,FFree:A,FFree:A,FFree:A,FFree:A,FFree:A,FFree:A,FFree:A,FFree:A,FFree:A,FFree:A,FFree:A,FFree:A,FFree:A,FFree:A,FFree:A,FFree:A,FFree:A,FFree:A,FFree:A
ECON 301,FFree,FFree,FFree,FFree,FFree,FFree,FFree,FFree,FFree,FFree,FFree,FFree,FFree,FFree,FFree,FFree,FFree,FFree,FFree,FFree,FFree,FFree,FFree,FFree,FFree,FFree,FFree,FFree,FFree,FFree,FFree,FFree,FFree,FFree,FFree,FFree,FFree
ECON 310,FFree,FFree,FFree,FFree,FFree,FFree,FFree,FFree,FFree,FFree,FFree,FFree,FFree,FFree,FFree,FFree,FFree,FFree,FFree,FFree,FFree,FFree,FFree,FFree,FFree,FFree,FFree,FFree,FFree,FFree,FFree,FFree,FFree,FFree,FFree,FFree,FFree
ECON 312,FFree,FFree,FFree,FFree,FFree,FFree,FFree,FFree,FFree,FFree,FFree,FFree,FFree,FFree,FFree,FFree,FFree,FFree,FFree,FFree,FFree,FFree,FFree,FFree,FFree,FFree,FFree,FFree,FFree,FFree,FFree,FFree,FFree,FFree,FFree,FFree,FFree
ECON 320,FFree,FFree,FFree,FFree,FFree,FFree,FFree,FFree,FFree,FFree,FFree,FFree,FFree,FFree,FFree,FFree,FFree,FFree,FFree,FFree,FFree,FFree,FFree,FFree,FFree,FFree,FFree,FFree,FFree,FFree,FFree,FFree,FFree,FFree,FFree,FFree,FFree
ECON 321,FFree,FFree,FFree,FFree,FFree,FFree,FFree,FFree,FFree,FFree,FFree,FFree,FFree,FFree,FFree,FFree,FFree,FFree,FFree,FFree,FFree,FFree,FFree,FFree,FFree,FFree,FFree,FFree,FFree,FFree,FFree,FFree,FFree,FFree,FFree,FFree,FFree
ECON 322,FFree,FFree,FFree,FFree,FFree,FFree,FFree,FFree,FFree,FFree,FFree,FFree,FFree,FFree,FFree,FFree,FFree,FFree,FFree,FFree,FFree,FFree,FFree,FFree,FFree,FFree,FFree,FFree,FFree,FFree,FFree,FFree,FFree,FFree,FFree,FFree,FFree
ECON 323,FFree,FFree,FFree,FFree,FFree,FFree,FFree,FFree,FFree,FFree,FFree,FFree,FFree,FFree,FFree,FFree,FFree,FFree,FFree,FFree,FFree,FFree,FFree,FFree,FFree,FFree,FFree,FFree,FFree,FFree,FFree,FFree,FFree,FFree,FFree,FFree,FFree
ECON 330,FFree,FFree,FFree,FFree,FFree,FFree,FFree,FFree,FFree,FFree,FFree,FFree,FFree,FFree,FFree,FFree,FFree,FFree,FFree,FFree,FFree,FFree,FFree,FFree,FFree,FFree,FFree,FFree,FFree,FFree,FFree,FFree,FFree,FFree,FFree,FFree,FFree
ECON 340,FFree,FFree,FFree,FFree,FFree,FFree,FFree,FFree,FFree,FFree,FFree,FFree,FFree,FFree,FFree,FFree,FFree,FFree,FFree,FFree,FFree,FFree,FFree,FFree,FFree,FFree,FFree,FFree,FFree,FFree,FFree,FFree,FFree,FFree,FFree,FFree,FFree
ECON 345,FFree,FFree,FFree,FFree,FFree,FFree,FFree,FFree,FFree,FFree,FFree,FFree,FFree,FFree,FFree,FFree,FFree,FFree,FFree,FFree,FFree,FFree,FFree,FFree,FFree,FFree,FFree,FFree,FFree,FFree,FFree,FFree,FFree,FFree,FFree,FFree,FFree
ECON 350,FFree,FFree,FFree,FFree,FFree,FFree,FFree,FFree,FFree,FFree,FFree,FFree,FFree,FFree,FFree,FFree,FFree,FFree,FFree,FFree,FFree,FFree,FFree,FFree,FFree,FFree,FFree,FFree,FFree,FFree,FFree,FFree,FFree,FFree,FFree,FFree,FFree
ECON 360,FFree,FFree,FFree,FFree,FFree,FFree,FFree,FFree,FFree,FFree,FFree,FFree,FFree,FFree,FFree,FFree,FFree,FFree,FFree,FFree,FFree,FFree,FFree,FFree,FFree,FFree,FFree,FFree,FFree,FFree,FFree,FFree,FFree,FFree,FFree,FFree,FFree
ECON 370,FFree,FFree,FFree,FFree,FFree,FFree,FFree,FFree,FFree,FFree,FFree,FFree,FFree,FFree,FFree,FFree,FFree,FFree,FFree,FFree,FFree,FFree,FFree,FFree,FFree,FFree,FFree,FFree,FFree,FFree,FFree,FFree,FFree,FFree,FFree,FFree,FFree
ECON 399,FFree,FFree,FFree,FFree,FFree,FFree,FFree,FFree,FFree,FFree,FFree,FFree,FFree,FFree,FFree,FFree,FFree,FFree,FFree,FFree,FFree,FFree,FFree,FFree,FFree,FFree,FFree,FFree,FFree,FFree,FFree,FFree,FFree,FFree,FFree,FFree,FFree
ECON 400,FFree,FFree,FFree,FFree,FFree,FFree,FFree,FFree,FFree,FFree,FFree,FFree,FFree,FFree,FFree,FFree,FFree,FFree,FFree,FFree,FFree,FFree,FFree,FFree,FFree,FFree,FFree,FFree,FFree,FFree,FFree,FFree,FFree,FFree,FFree,FFree,FFree
ECON 401,FFree,FFree,FFree,FFree,FFree,FFree,FFree,FFree,FFree,FFree,FFree,FFree,FFree,FFree,FFree,FFree,FFree,FFree,FFree,FFree,FFree,FFree,FFree,FFree,FFree,FFree,FFree,FFree,FFree,FFree,FFree,FFree,FFree,FFree,FFree,FFree,FFree
ECON 405,FFree,FFree,FFree,FFree,FFree,FFree,FFree,FFree,FFree,FFree,FFree,FFree,FFree,FFree,FFree,FFree,FFree,FFree,FFree,FFree,FFree,FFree,FFree,FFree,FFree,FFree,FFree,FFree,FFree,FFree,FFree,FFree,FFree,FFree,FFree,FFree,FFree
ECON 407,FFree,FFree,FFree,FFree,FFree,FFree,FFree,FFree,FFree,FFree,FFree,FFree,FFree,FFree,FFree,FFree,FFree,FFree,FFree,FFree,FFree,FFree,FFree,FFree,FFree,FFree,FFree,FFree,FFree,FFree,FFree,FFree,FFree,FFree,FFree,FFree,FFree
ECON 412,FFree,FFree,FFree,FFree,FFree,FFree,FFree,FFree,FFree,FFree,FFree,FFree,FFree,FFree,FFree,FFree,,,,,,,,,,,,,,,,,,,,,
ECON 414,FFree,FFree,FFree,FFree,FFree,FFree,FFree,FFree,FFree,FFree,FFree,FFree,FFree,FFree,FFree,FFree,FFree,FFree,FFree,FFree,FFree,FFree,FFree,FFree,FFree,FFree,FFree,FFree,FFree,FFree,FFree,FFree,FFree,FFree,FFree,FFree,FFree
ECON 415,FFree,FFree,FFree,FFree,FFree,FFree,FFree,FFree,FFree,FFree,FFree,FFree,FFree,FFree,FFree,FFree,FFree,FFree,FFree,FFree,FFree,FFree,FFree,FFree,FFree,FFree,FFree,FFree,FFree,FFree,FFree,FFree,FFree,FFree,FFree,FFree,FFree
ECON 420,FFree,FFree,FFree,FFree,FFree,FFree,FFree,FFree,FFree,FFree,FFree,FFree,FFree,FFree,FFree,FFree,FFree,FFree,FFree,FFree,FFree,FFree,FFree,FFree,FFree,FFree,FFree,FFree,FFree,FFree,FFree,FFree,FFree,FFree,FFree,FFree,FFree
ECON 423,FFree,FFree,FFree,FFree,FFree,FFree,FFree,FFree,FFree,FFree,FFree,FFree,FFree,FFree,FFree,FFree,,,,,,,,,,,,,,,,,,,,,
ECON 424,FFree,FFree,FFree,FFree,FFree,FFree,FFree,FFree,FFree,,,,,,,,,,,,,,,,,,,,,,,,,,,,
ECON 430,FFree,FFree,FFree,FFree,FFree,FFree,FFree,FFree,FFree,FFree,FFree,FFree,FFree,FFree,FFree,FFree,FFree,FFree,FFree,FFree,FFree,FFree,FFree,FFree,FFree,FFree,FFree,FFree,FFree,FFree,FFree,FFree,FFree,FFree,FFree,FFree,FFree
ECON 440,FFree,FFree,FFree,FFree,FFree,FFree,FFree,FFree,FFree,FFree,FFree,FFree,FFree,FFree,FFree,FFree,FFree,FFree,FFree,FFree,FFree,,,,,,,,,,,,,,,,
ECON 481,FFree,FFree,FFree,FFree,FFree,FFree,FFree,FFree,FFree,FFree,FFree,FFree,FFree,FFree,FFree,FFree,FFree,FFree,FFree,FFree,FFree,FFree,FFree,FFree,FFree,FFree,FFree,FFree,FFree,FFree,FFree,FFree,FFree,FFree,FFree,FFree,FFree
ECON 482,FFree,FFree,FFree,FFree,FFree,FFree,FFree,FFree,FFree,FFree,FFree,FFree,FFree,FFree,FFree,FFree,FFree,FFree,FFree,FFree,FFree,FFree,FFree,FFree,FFree,FFree,FFree,FFree,FFree,FFree,FFree,FFree,FFree,FFree,FFree,FFree,FFree
ECON 483,FFree,FFree,FFree,FFree,FFree,FFree,FFree,FFree,FFree,FFree,FFree,FFree,FFree,FFree,FFree,FFree,FFree,FFree,FFree,FFree,FFree,FFree,FFree,FFree,FFree,FFree,FFree,FFree,FFree,FFree,FFree,FFree,FFree,FFree,FFree,FFree,FFree
ECON 484,FFree,FFree,FFree,FFree,FFree,FFree,FFree,FFree,FFree,FFree,FFree,FFree,FFree,FFree,FFree,FFree,FFree,FFree,FFree,FFree,FFree,FFree,FFree,FFree,FFree,FFree,FFree,FFree,FFree,FFree,FFree,FFree,FFree,FFree,FFree,FFree,FFree
ECON 485,FFree,FFree,FFree,FFree,FFree,FFree,FFree,FFree,FFree,FFree,,,,,,,,,,,,,,,,,,,,,,,,,,,
ECON 486,FFree,FFree,FFree,FFree,FFree,FFree,FFree,FFree,FFree,FFree,FFree,FFree,,,,,,,,,,,,,,,,,,,,,,,,,
ECON 492,FFree,FFree,FFree,FFree,FFree,FFree,FFree,FFree,FFree,FFree,FFree,FFree,FFree,FFree,FFree,FFree,FFree,FFree,FFree,FFree,FFree,FFree,FFree,FFree,FFree,FFree,FFree,FFree,FFree,FFree,FFree,FFree,FFree,FFree,FFree,FFree,FFree
EE 202,FFree,FFree,FFree,FFree,FFree,FFree,FFree,FFree,FFree,FFree,FFree,FFree,FFree,FFree,FFree,FFree,FFree,FFree,FFree:E,FFree:E,FFree:E,FFree:E,FFree:E,FFree:E,FFree:E,FFree:E,FFree:E,FFree:E,FFree:E,FFree:E,FFree:E,FFree:E,FFree:E,FFree:E,FFree:E,FFree:E,FFree:E
EE 302,FFree,FFree,FFree,FFree,FFree,FFree,FFree,FFree,FFree,FFree,FFree,FFree,FFree,FFree,FFree,FFree,FFree,FFree,FFree,FFree,FFree,FFree,FFree,FFree,FFree,FFree,FFree,FFree,FFree,FFree,FFree,FFree,FFree,FFree,FFree,FFree,FFree
EE 303,FFree,FFree,FFree,FFree,FFree,FFree,FFree,FFree,FFree,FFree,FFree,FFree,FFree,FFree,FFree,FFree,FFree,FFree,FFree,FFree,FFree,FFree,FFree,FFree,FFree,FFree,FFree,FFree,FFree,FFree,FFree,FFree,FFree,FFree,FFree,FFree,FFree
EE 306,FFree,FFree,FFree,FFree,FFree,FFree,FFree,FFree,FFree,FFree,FFree,FFree,FFree,FFree,FFree,FFree,FFree,FFree,FFree,FFree,FFree,FFree,FFree,FFree,FFree,FFree,FFree,FFree,FFree,FFree,FFree,FFree,FFree,FFree,FFree,FFree,FFree
EE 307,FFree,FFree,FFree,FFree,FFree,FFree,FFree,FFree,FFree,FFree,FFree,FFree,FFree,FFree,FFree,FFree,FFree,FFree,FFree,FFree,FFree,FFree,FFree,FFree,FFree,FFree,FFree,FFree,FFree,FFree,FFree,FFree,FFree,FFree,FFree,FFree,FFree
EE 311,FFree,FFree,FFree,FFree,FFree,FFree,FFree,FFree,FFree,FFree,FFree,FFree,FFree,FFree,FFree,FFree,FFree,FFree,FFree,FFree,FFree,FFree,FFree,FFree,FFree,FFree,FFree,FFree,FFree,FFree,FFree,FFree,FFree,FFree,FFree,FFree,FFree
EE 313,FFree,FFree,FFree,FFree,FFree,FFree,FFree,FFree,FFree,FFree,FFree,FFree,FFree,FFree,FFree,FFree,FFree,FFree,FFree,FFree,FFree,FFree,FFree,FFree,FFree,FFree,FFree,FFree,FFree,FFree,FFree,FFree,FFree,FFree,FFree,FFree,FFree
EE 314,FFree,FFree,FFree,FFree,FFree,FFree,FFree,FFree,FFree,FFree,FFree,FFree,FFree,FFree,FFree,FFree,FFree,FFree,FFree,FFree,FFree,FFree,FFree,FFree,FFree,FFree,FFree,FFree,FFree,FFree,FFree,FFree,FFree,FFree,FFree,FFree,FFree
EE 321,FFree,FFree,FFree,FFree,FFree,FFree,FFree,FFree,FFree,FFree,FFree,FFree,FFree,FFree,FFree,FFree,FFree,FFree,FFree,FFree,FFree,FFree,FFree,FFree,FFree,FFree,FFree,FFree,FFree,FFree,FFree,FFree,FFree,FFree,FFree,FFree,FFree
EE 401,FFree,FFree,FFree,FFree,FFree,FFree,FFree,FFree,FFree,FFree,FFree,FFree,FFree,FFree,FFree,FFree,FFree,FFree,FFree,FFree,FFree,FFree,FFree,FFree,FFree,FFree,FFree,FFree,FFree,FFree,FFree,FFree,FFree,FFree,FFree,FFree,FFree
EE 402,FFree,FFree,FFree,FFree,FFree,FFree,FFree,FFree,FFree,FFree,FFree,FFree,FFree,FFree,FFree,FFree,FFree,FFree,FFree,FFree,FFree,FFree,FFree,FFree,FFree,FFree,FFree,FFree,FFree,FFree,FFree,FFree,FFree,FFree,FFree,FFree,FFree
EE 403,FFree,FFree,FFree,FFree,FFree,FFree,FFree,FFree,FFree,FFree,FFree,FFree,FFree,FFree,FFree,FFree,FFree,FFree,FFree,FFree,FFree,FFree,FFree,FFree,FFree,FFree,FFree,FFree,FFree,FFree,FFree,FFree,FFree,FFree,FFree,FFree,FFree
EE 404,FFree,FFree,FFree,FFree,FFree,FFree,FFree,FFree,FFree,FFree,FFree,FFree,FFree,FFree,FFree,FFree,FFree,FFree,FFree,FFree,FFree,FFree,FFree,FFree,FFree,FFree,FFree,FFree,FFree,FFree,FFree,FFree,FFree,FFree,FFree,FFree,FFree
EE 405,FFree,FFree,FFree,FFree,FFree,FFree,FFree,FFree,FFree,FFree,FFree,FFree,FFree,FFree,FFree,FFree,FFree,FFree,FFree,FFree,FFree,FFree,FFree,FFree,FFree,FFree,FFree,FFree,FFree,FFree,FFree,FFree,FFree,FFree,FFree,FFree,FFree
EE 406,FFree,FFree,FFree,FFree,FFree,FFree,FFree,FFree,FFree,FFree,FFree,FFree,FFree,FFree,FFree,FFree,FFree,FFree,FFree,FFree,FFree,FFree,FFree,FFree,FFree,FFree,FFree,FFree,FFree,FFree,FFree,FFree,FFree,FFree,FFree,FFree,FFree
EE 407,FFree,FFree,FFree,FFree,FFree,FFree,FFree,FFree,FFree,FFree,FFree,FFree,FFree,FFree,FFree,FFree,FFree,FFree,FFree,FFree,FFree,FFree,FFree,FFree,FFree,FFree,FFree,FFree,FFree,FFree,FFree,FFree,FFree,FFree,FFree,FFree,FFree
EE 408,FFree,FFree,FFree,FFree,FFree,FFree,FFree,FFree,FFree,FFree,FFree,FFree,FFree,FFree,FFree,FFree,FFree,FFree,FFree,FFree,FFree,FFree,FFree,FFree,FFree,FFree,FFree,FFree,FFree,FFree,FFree,FFree,FFree,FFree,FFree,FFree,FFree
EE 409,FFree,FFree,FFree,FFree,FFree,FFree,FFree,FFree,FFree,FFree,FFree,FFree,FFree,FFree,FFree,FFree,FFree,FFree,FFree,FFree,FFree,FFree,FFree,FFree,FFree,FFree,FFree,FFree,FFree,FFree,FFree,FFree,FFree,FFree,FFree,FFree,FFree
EE 411,FFree,FFree,FFree,FFree,FFree,FFree,FFree,FFree,FFree,FFree,FFree,FFree,FFree,FFree,FFree,FFree,FFree,FFree,FFree,FFree,FFree,FFree,FFree,FFree,FFree,FFree,FFree,FFree,FFree,FFree,FFree,FFree,FFree,FFree,FFree,FFree,FFree
EE 423,FFree,FFree,FFree,FFree,FFree,FFree,FFree,FFree,FFree,FFree,FFree,FFree,FFree,FFree,FFree,FFree,FFree,FFree,FFree,FFree,FFree,FFree,FFree,FFree,FFree,FFree,FFree,FFree,FFree,FFree,FFree,FFree,FFree,FFree,FFree,FFree,FFree
EE 426,FFree,FFree,FFree,FFree,FFree,FFree,FFree,FFree,FFree,FFree,FFree,FFree,FFree,FFree,FFree,FFree,FFree,FFree,FFree,FFree,FFree,FFree,FFree,FFree,FFree,FFree,FFree,FFree,FFree,FFree,FFree,FFree,FFree,FFree,FFree,FFree,FFree
EE 440,FFree,FFree,FFree,FFree,FFree,FFree,FFree,FFree,FFree,FFree,FFree,FFree,FFree,FFree,FFree,FFree,FFree,FFree,FFree,FFree,FFree,FFree,FFree,FFree,FFree,FFree,FFree,FFree,FFree,FFree,FFree,FFree,FFree,FFree,FFree,FFree,FFree
EE 444,FFree,FFree,FFree,FFree,FFree,FFree,FFree,FFree,FFree,FFree,FFree,FFree,FFree,FFree,FFree,FFree,FFree,FFree,FFree,FFree,FFree,FFree,FFree,FFree,FFree,FFree,FFree,FFree,FFree,FFree,FFree,FFree,FFree,FFree,FFree,FFree,FFree
EE 473,FFree,FFree,FFree,FFree,FFree,FFree,FFree,FFree,FFree,FFree,FFree,FFree,FFree,FFree,FFree,FFree,FFree,FFree,FFree,FFree,FFree,FFree,FFree,FFree,FFree,FFree,FFree,FFree,FFree,FFree,FFree,FFree,FFree,FFree,FFree,FFree,FFree
EE 480,FFree,FFree,FFree,FFree,FFree,FFree,,,,,,,,,,,,,,,,,,,,,,,,,,,,,,,
EE 48000,FFree,FFree,FFree,FFree,FFree,FFree,FFree,FFree,FFree,FFree,FFree,FFree,FFree,FFree,FFree,FFree,,,,,,,,,,,,,,,,,,,,,
EE 48001,FFree,FFree,FFree,FFree,FFree,FFree,FFree,FFree,FFree,FFree,FFree,FFree,FFree,FFree,FFree,FFree,FFree,FFree,FFree,FFree,FFree,FFree,FFree,FFree,FFree,FFree,FFree,FFree,FFree,FFree,,,,,,,
EE 48002,FFree,FFree,FFree,FFree,FFree,FFree,FFree,FFree,FFree,FFree,FFree,FFree,FFree,FFree,FFree,FFree,FFree,FFree,FFree,FFree,FFree,FFree,FFree,FFree,FFree,FFree,FFree,FFree,FFree,FFree,,,,,,,
EE 48004,FFree,FFree,FFree,FFree,FFree,FFree,FFree,FFree,FFree,FFree,FFree,FFree,FFree,FFree,FFree,FFree,FFree,FFree,FFree,FFree,FFree,FFree,FFree,FFree,FFree,FFree,FFree,FFree,FFree,FFree,,,,,,,
EE 48009,FFree,FFree,FFree,FFree,FFree,FFree,FFree,FFree,FFree,FFree,FFree,FFree,FFree,FFree,FFree,FFree,FFree,FFree,FFree,FFree,FFree,FFree,FFree,FFree,FFree,FFree,FFree,FFree,FFree,FFree,FFree,FFree,FFree,FFree,FFree,FFree,FFree
EE 48010,FFree,FFree,FFree,FFree,FFree,FFree,FFree,FFree,FFree,FFree,FFree,FFree,FFree,FFree,FFree,FFree,FFree,FFree,FFree,FFree,FFree,FFree,FFree,FFree,FFree,FFree,FFree,FFree,FFree,FFree,FFree,FFree,FFree,FFree,FFree,FFree,FFree
EE 48011,FFree,FFree,FFree,FFree,FFree,FFree,FFree,FFree,FFree,FFree,FFree,FFree,FFree,FFree,FFree,FFree,FFree,FFree,FFree,FFree,FFree,FFree,FFree,FFree,FFree,FFree,FFree,FFree,FFree,FFree,FFree,FFree,FFree,FFree,FFree,FFree,FFree
EE 482,FFree,FFree,FFree,FFree,FFree,FFree,,,,,,,,,,,,,,,,,,,,,,,,,,,,,,,
ENRG 220,FFree,FFree,FFree,FFree,FFree,FFree,FFree,FFree,FFree,FFree,FFree,FFree,FFree,FFree,FFree,FFree,FFree,FFree,FFree,FFree,FFree,FFree,FFree,FFree,FFree,FFree,FFree,FFree,FFree,FFree,FFree,FFree,FFree,FFree,FFree,FFree,FFree
ENRG 301,FFree,FFree,FFree,FFree,FFree,FFree,FFree,FFree,FFree,FFree,FFree,FFree,FFree,FFree,FFree,FFree,FFree,FFree,FFree,FFree,FFree,FFree,FFree,FFree,FFree,FFree,FFree,FFree,FFree,FFree,FFree,FFree,FFree,FFree,FFree,FFree,FFree
ENRG 315,FFree,FFree,FFree,FFree,FFree,FFree,FFree,FFree,FFree,FFree,FFree,FFree,FFree,FFree,FFree,FFree,FFree,FFree,FFree,FFree,FFree,FFree,FFree,FFree,FFree,FFree,FFree,FFree,FFree,FFree,FFree,FFree,FFree,FFree,FFree,FFree,FFree
ENRG 322,FFree,FFree,FFree,FFree,FFree,FFree,FFree,FFree,FFree,FFree,FFree,FFree,FFree,FFree,FFree,FFree,FFree,FFree,FFree,FFree,FFree,FFree,FFree,FFree,FFree,FFree,FFree,FFree,FFree,FFree,FFree,FFree,FFree,FFree,FFree,FFree,FFree
ENRG 401,FFree,FFree,FFree,FFree,FFree,FFree,FFree,FFree,FFree,FFree,FFree,FFree,FFree,FFree,FFree,FFree,FFree,FFree,FFree,FFree,FFree,FFree,FFree,FFree,FFree,FFree,FFree,FFree,FFree,FFree,FFree,FFree,FFree,FFree,FFree,FFree,FFree
ENRG 420,FFree,FFree,FFree,FFree,FFree,FFree,FFree,FFree,FFree,FFree,FFree,FFree,FFree,FFree,FFree,FFree,FFree,FFree,FFree,FFree,FFree,FFree,FFree,FFree,FFree,FFree,FFree,FFree,FFree,FFree,FFree,FFree,FFree,FFree,FFree,FFree,FFree
ENRG 422,FFree,FFree,FFree,FFree,FFree,FFree,FFree,FFree,FFree,FFree,FFree,FFree,FFree,FFree,FFree,FFree,FFree,FFree,FFree,FFree,FFree,FFree,FFree,FFree,FFree,FFree,FFree,FFree,FFree,FFree,,,,,,,
ENRG 423,FFree,FFree,FFree,FFree,FFree,FFree,FFree,FFree,FFree,FFree,FFree,FFree,FFree,FFree,FFree,FFree,FFree,FFree,FFree,FFree,FFree,FFree,FFree,FFree,FFree,FFree,FFree,FFree,FFree,FFree,FFree,FFree,FFree,FFree,FFree,FFree,FFree
ENS 201,FFree:E,FFree:E,FFree:E,FFree:E,FFree:E,FFree:E,FFree:E,FFree:E,FFree:E,FFree:E,FFree:E,FFree:E,FFree:E,FFree:E,FFree:E,FFree:E,FFree:E,FFree:E,FFree:E,FFree:E,FFree:E,FFree:E,FFree:E,FFree:E,FFree:E,FFree:E,FFree:E,FFree:E,FFree:E,FFree:E,FFree:E,FFree:E,FFree:E,FFree:E,FFree:E,FFree:E,FFree:E
ENS 202,FFree:E,FFree:E,FFree:E,FFree:E,FFree:E,FFree:E,FFree:E,FFree:E,FFree:E,FFree:E,FFree:E,FFree:E,FFree:E,FFree:E,FFree:E,FFree:E,FFree:E,FFree:E,FFree:E,FFree:E,FFree:E,FFree:E,FFree:E,FFree:E,FFree:E,FFree:E,FFree:E,FFree:E,FFree:E,FFree:E,FFree:E,FFree:E,FFree:E,FFree:E,FFree:E,FFree:E,FFree:E
ENS 204,FFree:E,FFree:E,FFree:E,FFree:E,FFree:E,FFree:E,FFree:E,FFree:E,FFree:E,FFree:E,FFree:E,FFree:E,FFree:E,FFree:E,FFree:E,FFree:E,FFree:E,FFree:E,FFree:E,FFree:E,FFree:E,FFree:E,FFree:E,FFree:E,FFree:E,FFree:E,FFree:E,FFree:E,FFree:E,FFree:E,FFree:E,FFree:E,FFree:E,FFree:E,FFree:E,FFree:E,FFree:E
ENS 205,FFree:E,FFree:E,FFree:E,FFree:E,FFree:E,FFree:E,FFree:E,FFree:E,FFree:E,FFree:E,FFree:E,FFree:E,FFree:E,FFree:E,FFree:E,FFree:E,FFree:E,FFree:E,FFree:E,FFree:E,FFree:E,FFree:E,FFree:E,FFree:E,FFree:E,FFree:E,FFree:E,FFree:E,FFree:E,FFree:E,FFree:E,FFree:E,FFree:E,FFree:E,FFree:E,FFree:E,FFree:E
ENS 207,FFree,FFree,FFree,FFree,FFree,FFree,FFree,FFree,FFree,FFree,FFree,FFree,FFree,FFree,FFree,FFree,FFree,FFree,FFree:E,FFree:E,FFree:E,FFree:E,FFree:E,FFree:E,FFree:E,FFree:E,FFree:E,FFree:E,FFree:E,FFree:E,FFree:E,FFree:E,FFree:E,FFree:E,FFree:E,FFree:E,FFree:E
ENS 209,FFree,FFree,FFree,FFree,FFree,FFree,FFree,FFree,FFree,FFree,FFree,FFree,FFree,FFree,FFree,FFree,FFree,FFree,FFree:E,FFree:E,FFree:E,FFree:E,FFree:E,FFree:E,FFree:E,FFree:E,FFree:E,FFree:E,FFree:E,FFree:E,FFree:E,FFree:E,FFree:E,FFree:E,FFree:E,FFree:E,FFree:E
ENS 214,FFree,FFree,FFree,FFree,FFree,FFree,FFree,FFree,FFree,FFree,FFree,FFree,FFree,FFree,FFree,FFree,FFree,FFree,FFree:E,FFree:E,FFree:E,FFree:E,FFree:E,FFree:E,FFree:E,FFree:E,FFree:E,FFree:E,FFree:E,FFree:E,FFree:E,FFree:E,FFree:E,FFree:E,FFree:E,FFree:E,FFree:E
ENS 301,FFree,FFree,FFree,FFree,FFree,FFree,FFree,FFree,FFree,FFree,FFree,FFree,FFree,FFree,FFree,FFree,FFree,FFree,FFree,FFree,FFree,FFree,FFree,FFree,FFree,FFree,FFree,,,,,,,,,,
ENS 302,FFree,FFree,FFree,FFree,FFree,FFree,FFree,FFree,FFree,,,,,,,,,,,,,,,,,,,,,,,,,,,,
ENS 303,FFree,FFree,FFree,FFree,FFree,FFree,FFree,FFree,FFree,FFree,FFree,FFree,FFree,FFree,FFree,FFree,FFree,FFree,FFree,FFree,FFree,FFree,FFree,FFree,FFree,FFree,FFree,FFree,FFree,FFree,FFree,FFree,FFree,FFree,FFree,FFree,FFree
ENS 309,FFree,FFree,FFree,FFree,FFree,FFree,FFree,FFree,FFree,FFree,FFree,FFree,FFree,FFree,FFree,FFree,FFree,FFree,FFree,,,,,,,,,,,,,,,,,,
ENS 315,FFree,FFree,FFree,FFree,FFree,FFree,FFree,FFree,FFree,FFree,FFree,FFree,FFree,FFree,FFree,FFree,FFree,FFree,FFree,FFree,FFree,FFree,FFree,FFree,FFree,FFree,FFree,,,,,,,,,,
ENS 410,FFree,FFree,FFree,FFree,FFree,FFree,FFree,FFree,FFree,FFree,FFree,FFree,FFree,FFree,FFree,FFree,FFree,FFree,FFree,FFree,FFree,FFree,FFree,FFree,FFree,FFree,FFree,FFree,FFree,FFree,FFree,FFree,FFree,FFree,FFree,FFree,FFree
ENS 413,FFree,FFree,FFree,FFree,FFree,FFree,FFree,FFree,FFree,FFree,FFree,FFree,FFree,FFree,FFree,FFree,FFree,FFree,FFree,FFree,FFree,FFree,FFree,FFree,FFree,FFree,FFree,FFree,FFree,FFree,FFree,FFree,FFree,FFree,FFree,FFree,FFree
ENS 414,FFree,FFree,FFree,FFree,FFree,FFree,FFree,FFree,FFree,FFree,FFree,FFree,FFree,FFree,FFree,FFree,FFree,FFree,FFree,FFree,FFree,FFree,FFree,FFree,FFree,FFree,FFree,FFree,FFree,FFree,FFree,FFree,FFree,FFree,FFree,FFree,FFree
ENS 480,FFree,FFree,FFree,FFree,FFree,FFree,,,,,,,,,,,,,,,,,,,,,,,,,,,,,,,
ENS 48000,FFree,FFree,FFree,FFree,FFree,FFree,FFree,FFree,FFree,FFree,FFree,FFree,,,,,,,,,,,,,,,,,,,,,,,,,
ENS 48001,FFree,FFree,FFree,FFree,FFree,FFree,FFree,FFree,FFree,FFree,FFree,FFree,FFree,FFree,FFree,FFree,FFree,FFree,FFree,FFree,FFree,,,,,,,,,,,,,,,,
ENS 48002,FFree,FFree,FFree,FFree,FFree,FFree,FFree,FFree,FFree,FFree,,,,,,,,,,,,,,,,,,,,,,,,,,,
ENS 4803,FFree,FFree,FFree,FFree,FFree,FFree,FFree,FFree,FFree,FFree,FFree,FFree,FFree,FFree,FFree,FFree,FFree,FFree,FFree,FFree,FFree,FFree,FFree,FFree,FFree,FFree,,,,,,,,,,,
ENS 481,FFree,FFree,FFree,FFree,FFree,FFree,,,,,,,,,,,,,,,,,,,,,,,,,,,,,,,
ENT 201,FFree,FFree,FFree,FFree,FFree,FFree,FFree,FFree,FFree,FFree,FFree,FFree,FFree,FFree,FFree,FFree,FFree,FFree,FFree,FFree,FFree,FFree,FFree,FFree,FFree,FFree,FFree,FFree,FFree,FFree,FFree,FFree,FFree,FFree,FFree,FFree,FFree
FILM 231,FFree:A,FFree:A,FFree:A,FFree:A,FFree:A,FFree:A,FFree:A,FFree:A,FFree:A,FFree:A,FFree:A,FFree:A,FFree:A,FFree:A,FFree:A,FFree:A,FFree:A,FFree:A,FFree:A,FFree:A,FFree:A,FFree:A,FFree:A,FFree:A,FFree:A,FFree:A,FFree:A,FFree:A,FFree:A,,,,,,,,
FILM 331,FFree,FFree,FFree,FFree,FFree,FFree,FFree,FFree,FFree,FFree,FFree,FFree,FFree,FFree,FFree,FFree,FFree,FFree,FFree,FFree,FFree,FFree,FFree,FFree,FFree,FFree,FFree,FFree,FFree,,,,,,,,
FILM 335,FFree,FFree,FFree,FFree,FFree,FFree,FFree,FFree,FFree,FFree,FFree,FFree,FFree,FFree,FFree,FFree,FFree,FFree,FFree,FFree,FFree,FFree,FFree,FFree,FFree,FFree,FFree,FFree,FFree,,,,,,,,
FILM 345,FFree,FFree,FFree,FFree,FFree,FFree,FFree,FFree,FFree,FFree,FFree,FFree,FFree,FFree,FFree,FFree,FFree,FFree,FFree,FFree,FFree,FFree,FFree,FFree,FFree,FFree,FFree,FFree,FFree,,,,,,,,
FILM 390,FFree,FFree,FFree,FFree,FFree,FFree,FFree,FFree,FFree,FFree,FFree,FFree,FFree,FFree,FFree,FFree,FFree,FFree,FFree,FFree,FFree,FFree,FFree,FFree,FFree,FFree,FFree,FFree,FFree,,,,,,,,
FILM 424,FFree,FFree,FFree,FFree,FFree,FFree,FFree,FFree,FFree,FFree,FFree,FFree,FFree,FFree,FFree,FFree,FFree,FFree,FFree,FFree,FFree,FFree,FFree,FFree,FFree,FFree,FFree,FFree,FFree,,,,,,,,
FILM 432,FFree,FFree,FFree,FFree,FFree,FFree,FFree,FFree,FFree,FFree,FFree,FFree,FFree,FFree,FFree,FFree,FFree,FFree,FFree,FFree,FFree,FFree,FFree,FFree,FFree,FFree,FFree,FFree,FFree,,,,,,,,
FILM 435,FFree,FFree,FFree,FFree,FFree,FFree,FFree,FFree,FFree,FFree,FFree,FFree,FFree,FFree,FFree,FFree,FFree,FFree,FFree,FFree,FFree,FFree,FFree,FFree,FFree,FFree,FFree,FFree,FFree,,,,,,,,
FILM 436,FFree,FFree,FFree,FFree,FFree,FFree,FFree,FFree,FFree,FFree,FFree,FFree,FFree,FFree,FFree,FFree,FFree,FFree,FFree,FFree,FFree,FFree,FFree,FFree,FFree,FFree,FFree,FFree,FFree,,,,,,,,
FILM 452,FFree,FFree,FFree,FFree,FFree,FFree,FFree,FFree,FFree,FFree,FFree,FFree,FFree,FFree,FFree,FFree,FFree,FFree,FFree,FFree,FFree,FFree,FFree,FFree,FFree,FFree,FFree,FFree,FFree,,,,,,,,
FIN 301,FFree,FFree,FFree,FFree,FFree,FFree,FFree,FFree,FFree,FFree,FFree,FFree,FFree,FFree,FFree,FFree,FFree,FFree,FFree,FFree,FFree,FFree,FFree,FFree,FFree,FFree,FFree,FFree,FFree,FFree,FFree:M,FFree:M,FFree:M,FFree:M,FFree:M,FFree:M,FFree:M
FIN 401,FFree,FFree,FFree,FFree,FFree,FFree,FFree,FFree,FFree,FFree,FFree,FFree,FFree,FFree,FFree,FFree,FFree,FFree,FFree,FFree,FFree,FFree,FFree,FFree,FFree,FFree,FFree,FFree,FFree,FFree,FFree,FFree,FFree,FFree,FFree,FFree,FFree
FIN 402,FFree,FFree,FFree,FFree,FFree,FFree,FFree,FFree,FFree,FFree,FFree,FFree,FFree,FFree,FFree,FFree,FFree,FFree,FFree,FFree,FFree,FFree,FFree,FFree,FFree,FFree,FFree,FFree,FFree,FFree,FFree,FFree,FFree,FFree,FFree,FFree,FFree
FIN 403,FFree,FFree,FFree,FFree,FFree,FFree,FFree,FFree,FFree,FFree,FFree,FFree,FFree,FFree,FFree,FFree,FFree,FFree,FFree,FFree,FFree,FFree,FFree,FFree,FFree,FFree,FFree,FFree,FFree,FFree,FFree,FFree,FFree,FFree,FFree,FFree,FFree
FIN 404,FFree,FFree,FFree,FFree,FFree,FFree,FFree,FFree,FFree,FFree,FFree,FFree,FFree,FFree,FFree,FFree,FFree,FFree,FFree,FFree,FFree,FFree,FFree,FFree,FFree,FFree,,,,,,,,,,,
FIN 405,FFree,FFree,FFree,FFree,FFree,FFree,FFree,FFree,FFree,FFree,FFree,FFree,FFree,FFree,FFree,FFree,FFree,FFree,FFree,FFree,FFree,FFree,FFree,FFree,FFree,FFree,FFree,FFree,FFree,FFree,FFree,FFree,FFree,FFree,FFree,FFree,FFree
FIN 406,FFree,FFree,FFree,FFree,FFree,FFree,FFree,FFree,FFree,FFree,FFree,FFree,FFree,FFree,FFree,FFree,FFree,FFree,FFree,FFree,FFree,FFree,FFree,FFree,FFree,FFree,FFree,FFree,FFree,FFree,FFree,FFree,FFree,FFree,FFree,FFree,FFree
FIN 407,FFree,FFree,FFree,FFree,FFree,FFree,FFree,FFree,FFree,FFree,FFree,FFree,FFree,FFree,FFree,FFree,FFree,FFree,FFree,FFree,FFree,FFree,FFree,FFree,FFree,FFree,FFree,FFree,FFree,FFree,FFree,FFree,FFree,FFree,FFree,FFree,FFree
FIN 408,FFree,FFree,FFree,FFree,FFree,FFree,FFree,FFree,FFree,FFree,FFree,FFree,FFree,FFree,FFree,FFree,FFree,FFree,FFree,,,,,,,,,,,,,,,,,,
FIN 409,FFree,FFree,FFree,FFree,FFree,FFree,FFree,FFree,FFree,FFree,FFree,FFree,FFree,FFree,FFree,FFree,FFree,FFree,FFree,FFree,FFree,FFree,FFree,FFree,FFree,FFree,FFree,FFree,FFree,FFree,FFree,FFree,FFree,FFree,FFree,FFree,FFree
FIN 410,FFree,FFree,FFree,FFree,FFree,FFree,FFree,FFree,FFree,FFree,FFree,FFree,FFree,FFree,FFree,FFree,FFree,FFree,FFree,FFree,FFree,FFree,FFree,FFree,FFree,FFree,FFree,FFree,FFree,FFree,FFree,FFree,FFree,FFree,FFree,FFree,FFree
FIN 411,FFree,FFree,FFree,FFree,FFree,FFree,FFree,FFree,FFree,FFree,FFree,FFree,FFree,FFree,FFree,FFree,FFree,FFree,FFree,FFree,FFree,FFree,FFree,FFree,FFree,FFree,FFree,FFree,FFree,FFree,FFree,FFree,FFree,FFree,FFree,FFree,FFree
FIN 450,FFree,FFree,FFree,FFree,FFree,FFree,FFree,FFree,FFree,FFree,FFree,FFree,FFree,FFree,,,,,,,,,,,,,,,,,,,,,,,
FIN 451,FFree,FFree,FFree,FFree,FFree,FFree,FFree,FFree,FFree,FFree,FFree,FFree,FFree,FFree,,,,,,,,,,,,,,,,,,,,,,,
FIN 499,FFree,FFree,FFree,FFree,FFree,FFree,FFree,FFree,FFree,FFree,FFree,FFree,FFree,FFree,FFree,FFree,FFree,FFree,FFree,FFree,FFree,FFree,FFree,FFree,FFree,FFree,FFree,FFree,FFree,FFree,FFree,FFree,FFree,FFree,FFree,FFree,FFree
GEN 341,FFree,FFree,FFree,FFree,FFree,FFree,FFree,FFree,FFree,FFree,FFree,FFree,FFree,FFree,FFree,FFree,FFree,FFree,FFree,FFree,FFree,FFree,FFree,FFree,FFree,FFree,FFree,FFree,FFree,FFree,FFree:A,FFree:A,FFree:A,FFree:A,FFree:A,FFree:A,FFree:A
GEN 343,FFree,FFree,FFree,FFree,FFree,FFree,FFree,FFree,FFree,FFree,FFree,FFree,FFree,FFree,FFree,FFree,FFree,FFree,FFree,FFree,FFree,FFree,FFree,FFree,FFree,FFree,FFree,FFree,FFree,FFree,FFree,FFree,FFree,FFree,FFree,FFree,FFree
GEN 385,FFree,FFree,FFree,FFree,FFree,FFree,FFree,FFree,FFree,FFree,FFree,FFree,FFree,FFree,FFree,FFree,FFree,FFree,FFree,FFree,FFree,FFree,FFree,FFree,FFree,FFree,FFree,FFree,FFree,FFree,FFree,FFree,FFree,FFree,FFree,FFree,FFree
GEN 399,FFree,FFree,FFree,FFree,FFree,FFree,FFree,FFree,FFree,FFree,FFree,FFree,FFree,FFree,FFree,FFree,FFree,FFree,FFree,FFree,FFree,FFree,FFree,FFree,FFree,FFree,FFree,FFree,FFree,FFree,FFree,FFree,FFree,FFree,FFree,FFree,FFree
GEN 410,FFree,FFree,FFree,FFree,FFree,FFree,FFree,FFree,FFree,FFree,FFree,FFree,FFree,FFree,FFree,FFree,FFree,FFree,FFree,FFree,FFree,FFree,FFree,FFree,FFree,FFree,FFree,FFree,FFree,FFree,FFree,FFree,FFree,FFree,FFree,FFree,FFree
GEN 441,FFree,FFree,FFree,FFree,FFree,FFree,FFree,FFree,FFree,FFree,FFree,FFree,FFree,FFree,FFree,FFree,FFree,FFree,FFree,FFree,FFree,FFree,,,,,,,,,,,,,,,
GEN 442,FFree,FFree,FFree,FFree,FFree,FFree,FFree,FFree,FFree,FFree,FFree,FFree,FFree,FFree,FFree,FFree,FFree,FFree,FFree,FFree,FFree,FFree,FFree,FFree,FFree,FFree,FFree,FFree,FFree,FFree,FFree,FFree,FFree,FFree,FFree,FFree,FFree
GEN 444,FFree,FFree,FFree,FFree,FFree,FFree,FFree,FFree,FFree,FFree,FFree,FFree,FFree,FFree,FFree,FFree,FFree,FFree,FFree,FFree,FFree,FFree,FFree,FFree,FFree,FFree,FFree,FFree,FFree,FFree,FFree,FFree,FFree,FFree,FFree,FFree,FFree
GEN 480,FFree,FFree,FFree,FFree,FFree,FFree,FFree,FFree,FFree,FFree,FFree,FFree,FFree,FFree,FFree,FFree,FFree,FFree,FFree,FFree,FFree,FFree,FFree,FFree,FFree,FFree,FFree,FFree,FFree,FFree,FFree,FFree,FFree,FFree,FFree,FFree,FFree
HART 213,FFree,FFree,FFree,FFree,FFree,FFree,,,,,,,,,,,,,,,,,,,,,,,,,,,,,,,
HART 234,FFree,FFree,FFree,FFree,FFree,FFree,FFree,FFree,FFree,FFree,FFree,FFree,FFree,FFree,FFree,FFree,FFree,FFree,FFree,FFree,FFree,FFree,FFree,FFree,FFree,FFree,FFree,FFree,FFree,FFree,FFree,FFree,FFree,FFree,FFree,FFree,FFree
HART 292,FFree:A,FFree:A,FFree:A,FFree:A,FFree:A,FFree:A,FFree:A,FFree:A,FFree:A,FFree:A,FFree:A,FFree:A,FFree:A,FFree:A,FFree:A,FFree:A,FFree:A,FFree:A,FFree:A,FFree:A,FFree:A,FFree:A,FFree:A,FFree:A,FFree:A,FFree:A,FFree:A,FFree:A,FFree:A,FFree:A,FFree:A,FFree:A,FFree:A,FFree:A,FFree:A,FFree:A,FFree:A
HART 293,FFree,FFree,FFree,FFree,FFree,FFree,FFree,FFree,FFree,FFree,FFree,FFree,FFree,FFree,FFree,FFree,FFree,FFree,FFree,FFree,FFree,FFree,FFree,FFree,FFree,FFree,FFree,FFree,FFree,FFree,FFree:A,FFree:A,FFree:A,FFree:A,FFree:A,FFree:A,FFree:A
HART 311,FFree,FFree,FFree,FFree,FFree,FFree,FFree,FFree,FFree,FFree,FFree,FFree,FFree,FFree,FFree,FFree,FFree,FFree,FFree,FFree,FFree,FFree,FFree,FFree,FFree,,,,,,,,,,,,
HART 320,FFree,FFree,FFree,FFree,FFree,FFree,FFree,FFree,FFree,FFree,FFree,FFree,FFree,FFree,FFree,FFree,FFree,FFree,FFree,FFree,FFree,FFree,FFree,FFree,FFree,FFree,FFree,FFree,FFree,FFree,FFree,FFree,FFree,FFree,FFree,FFree,FFree
HART 380,FFree,FFree,FFree,FFree,FFree,FFree,FFree,FFree,FFree,FFree,FFree,FFree,FFree,FFree,FFree,FFree,FFree,FFree,FFree,FFree,FFree,FFree,FFree,FFree,FFree,FFree,FFree,FFree,FFree,FFree,,,,,,,
HART 392,FFree,FFree,FFree,FFree,FFree,FFree,FFree,FFree,FFree,FFree,FFree,FFree,FFree,FFree,FFree,FFree,FFree,FFree,FFree,FFree,FFree,FFree,FFree,FFree,FFree,FFree,FFree,FFree,FFree,,,,,,,,
HART 411,FFree,FFree,FFree,FFree,FFree,FFree,FFree,FFree,FFree,FFree,FFree,FFree,FFree,FFree,FFree,FFree,FFree,FFree,FFree,FFree,FFree,FFree,FFree,FFree,FFree,FFree,FFree,FFree,FFree,,,,,,,,
HART 413,FFree,FFree,FFree,FFree,FFree,FFree,FFree,FFree,FFree,FFree,FFree,FFree,FFree,FFree,FFree,FFree,FFree,FFree,FFree,FFree,FFree,FFree,FFree,FFree,FFree,FFree,FFree,FFree,FFree,FFree,FFree,FFree,FFree,FFree,FFree,FFree,FFree
HART 414,FFree,FFree,FFree,FFree,FFree,FFree,FFree,FFree,FFree,FFree,FFree,FFree,FFree,FFree,FFree,FFree,FFree,FFree,FFree,FFree,FFree,FFree,FFree,FFree,FFree,FFree,FFree,FFree,FFree,,,,,,,,
HART 425,FFree,FFree,FFree,FFree,FFree,FFree,FFree,FFree,FFree,FFree,FFree,FFree,FFree,FFree,FFree,FFree,FFree,FFree,FFree,FFree,FFree,FFree,FFree,FFree,FFree,FFree,FFree,FFree,FFree,FFree,FFree,FFree,FFree,FFree,FFree,FFree,FFree
HART 426,FFree,FFree,FFree,FFree,FFree,FFree,FFree,FFree,FFree,FFree,FFree,FFree,FFree,FFree,FFree,FFree,FFree,FFree,FFree,FFree,FFree,FFree,FFree,FFree,FFree,FFree,FFree,FFree,FFree,FFree,FFree,FFree,FFree,FFree,FFree,FFree,FFree
HART 432,FFree,FFree,FFree,FFree,FFree,FFree,FFree,FFree,FFree,FFree,FFree,FFree,FFree,FFree,FFree,FFree,FFree,FFree,FFree,FFree,FFree,FFree,FFree,FFree,FFree,FFree,FFree,FFree,FFree,FFree,FFree,FFree,FFree,FFree,FFree,FFree,FFree
HART 450,FFree,FFree,FFree,FFree,FFree,FFree,FFree,FFree,FFree,FFree,FFree,FFree,FFree,FFree,FFree,FFree,FFree,FFree,FFree,FFree,FFree,FFree,FFree,FFree,FFree,FFree,FFree,FFree,FFree,,,,,,,,
HART 480,FFree,FFree,FFree,FFree,FFree,FFree,FFree,FFree,FFree,FFree,FFree,FFree,FFree,FFree,FFree,FFree,FFree,FFree,FFree,FFree,FFree,FFree,FFree,FFree,FFree,FFree,FFree,FFree,FFree,,,,,,,,
HIST 205,FFree,FFree,FFree,FFree,FFree,FFree,FFree,FFree,FFree,FFree,FFree,FFree,FFree,FFree,FFree,FFree,FFree,FFree,FFree,FFree,FFree,FFree,FFree,FFree,FFree,FFree,FFree,FFree,FFree,FFree,,,,,,,
HIST 221,FFree,FFree,FFree,FFree,FFree,FFree,FFree,FFree,FFree,FFree,FFree,FFree,FFree,FFree,FFree,FFree,FFree,FFree,FFree,FFree,FFree,FFree,FFree,FFree,FFree,,,,,,,,,,,,
HIST 223,FFree,FFree,FFree,FFree,FFree,FFree,FFree,FFree,FFree,FFree,FFree,FFree,FFree,FFree,FFree,FFree,FFree,FFree,FFree,FFree,FFree,FFree,FFree,FFree,FFree,,,,,,,,,,,,
HIST 227,FFree:A,FFree:A,FFree:A,FFree:A,FFree:A,FFree:A,FFree:A,FFree:A,FFree:A,FFree:A,FFree:A,FFree:A,FFree:A,FFree:A,FFree:A,FFree:A,FFree:A,FFree:A,FFree:A,FFree:A,FFree:A,FFree:A,FFree:A,FFree:A,FFree:A,,,,,,,,,,,,
HIST 233,FFree,FFree,FFree,FFree,FFree,FFree,FFree,FFree,FFree,FFree,FFree,FFree,FFree,FFree,FFree,FFree,FFree,FFree,FFree,FFree,FFree,FFree,FFree,FFree,FFree,FFree,FFree,FFree,FFree,FFree,FFree,FFree,FFree,FFree,FFree,FFree,FFree
HIST 242,FFree,FFree,FFree,FFree,FFree,FFree,FFree,FFree,FFree,FFree,FFree,FFree,FFree,FFree,FFree,FFree,FFree,FFree,FFree,FFree,FFree,FFree,FFree,FFree,FFree,,,,,,,,,,,,
HIST 245,FFree,FFree,FFree,FFree,FFree,FFree,FFree,FFree,FFree,FFree,FFree,FFree,FFree,FFree,FFree,FFree,FFree,FFree,FFree,FFree,FFree,FFree,FFree,FFree,FFree,,,,,,,,,,,,
HIST 285,FFree,FFree,FFree,FFree,FFree,FFree,FFree,FFree,FFree,FFree,FFree,FFree,FFree,FFree,FFree,FFree,FFree,FFree,FFree,FFree,FFree,FFree,FFree,FFree,FFree,,,,,,,,,,,,
HIST 315,FFree,FFree,FFree,FFree,FFree,FFree,FFree,FFree,FFree,FFree,FFree,FFree,FFree,FFree,FFree,FFree,FFree,FFree,FFree,FFree,FFree,FFree,FFree,FFree,,,,,,,,,,,,,
HIST 316,FFree,FFree,FFree,FFree,FFree,FFree,,,,,,,,,,,,,,,,,,,,,,,,,,,,,,,
HIST 323,FFree,FFree,FFree,FFree,FFree,FFree,FFree,FFree,FFree,FFree,FFree,FFree,FFree,FFree,FFree,FFree,FFree,FFree,FFree,FFree,FFree,FFree,FFree,FFree,FFree,,,,,,,,,,,,
HIST 324,FFree,FFree,FFree,FFree,FFree,FFree,FFree,FFree,FFree,FFree,FFree,FFree,FFree,FFree,FFree,FFree,FFree,FFree,FFree,FFree,FFree,FFree,FFree,FFree,FFree,,,,,,,,,,,,
HIST 326,FFree,FFree,FFree,FFree,FFree,FFree,FFree,FFree,FFree,FFree,FFree,FFree,FFree,FFree,FFree,FFree,FFree,FFree,FFree,FFree,FFree,FFree,FFree,FFree,FFree,,,,,,,,,,,,
HIST 331,FFree,FFree,FFree,FFree,FFree,FFree,FFree,FFree,FFree,FFree,FFree,FFree,FFree,FFree,FFree,FFree,FFree,FFree,FFree,FFree,FFree,FFree,FFree,FFree,,,,,,,,,,,,,
HIST 332,FFree,FFree,FFree,FFree,FFree,FFree,FFree,FFree,FFree,FFree,FFree,FFree,FFree,FFree,FFree,FFree,FFree,FFree,,,,,,,,,,,,,,,,,,,
HIST 335,FFree,FFree,FFree,FFree,FFree,FFree,FFree,FFree,FFree,FFree,FFree,FFree,FFree,FFree,FFree,FFree,FFree,FFree,FFree,FFree,FFree,FFree,FFree,FFree,FFree,FFree,FFree,FFree,FFree,FFree,FFree,FFree,FFree,FFree,FFree,FFree,FFree
HIST 336,FFree,FFree,FFree,FFree,FFree,FFree,FFree,FFree,FFree,FFree,FFree,FFree,FFree,FFree,FFree,FFree,FFree,FFree,FFree,FFree,FFree,,,,,,,,,,,,,,,,
HIST 341,FFree,FFree,FFree,FFree,FFree,FFree,FFree,FFree,FFree,FFree,FFree,FFree,FFree,FFree,FFree,FFree,FFree,FFree,FFree,FFree,FFree,FFree,FFree,FFree,FFree,,,,,,,,,,,,
HIST 349,FFree,FFree,FFree,FFree,FFree,FFree,FFree,FFree,FFree,FFree,FFree,FFree,FFree,FFree,FFree,FFree,FFree,FFree,FFree,FFree,FFree,FFree,FFree,FFree,FFree,FFree,FFree,FFree,FFree,FFree,FFree:A,FFree:A,FFree:A,FFree:A,FFree:A,FFree:A,FFree:A
HIST 370,FFree,FFree,FFree,FFree,FFree,FFree,FFree,FFree,FFree,FFree,FFree,FFree,FFree,FFree,FFree,FFree,FFree,FFree,FFree,FFree,FFree,FFree,FFree,FFree,FFree,,,,,,,,,,,,
HIST 371,FFree,FFree,FFree,FFree,FFree,FFree,FFree,FFree,FFree,FFree,FFree,FFree,FFree,FFree,FFree,FFree,FFree,FFree,FFree,FFree,FFree,FFree,FFree,FFree,FFree,FFree,FFree,FFree,FFree,FFree,FFree,FFree,FFree,FFree,FFree,FFree,FFree
HIST 385,FFree,FFree,FFree,FFree,FFree,FFree,FFree,FFree,FFree,FFree,FFree,FFree,FFree,FFree,FFree,FFree,FFree,FFree,FFree,FFree,FFree,FFree,FFree,FFree,FFree,,,,,,,,,,,,
HIST 397,FFree,FFree,FFree,FFree,FFree,FFree,FFree,FFree,FFree,FFree,FFree,FFree,FFree,FFree,FFree,FFree,FFree,FFree,FFree,FFree,FFree,FFree,FFree,FFree,FFree,,,,,,,,,,,,
HIST 406,FFree,FFree,FFree,FFree,FFree,FFree,FFree,FFree,FFree,FFree,FFree,FFree,FFree,FFree,FFree,FFree,FFree,FFree,FFree,FFree,FFree,FFree,FFree,FFree,FFree,,,,,,,,,,,,
HIST 415,FFree,FFree,FFree,FFree,FFree,FFree,FFree,FFree,FFree,FFree,FFree,FFree,FFree,FFree,FFree,FFree,FFree,FFree,FFree,FFree,FFree,FFree,FFree,FFree,FFree,,,,,,,,,,,,
HIST 423,FFree,FFree,FFree,FFree,FFree,FFree,FFree,FFree,FFree,FFree,FFree,FFree,FFree,FFree,FFree,FFree,FFree,FFree,FFree,FFree,FFree,FFree,FFree,FFree,FFree,,,,,,,,,,,,
HIST 425,FFree,FFree,FFree,FFree,FFree,FFree,FFree,FFree,FFree,FFree,FFree,FFree,FFree,FFree,FFree,FFree,FFree,FFree,FFree,FFree,FFree,FFree,FFree,FFree,FFree,,,,,,,,,,,,
HIST 427,FFree,FFree,FFree,FFree,FFree,FFree,FFree,FFree,FFree,FFree,FFree,FFree,FFree,FFree,FFree,FFree,FFree,FFree,FFree,FFree,FFree,FFree,FFree,FFree,FFree,,,,,,,,,,,,
HIST 431,FFree,FFree,FFree,FFree,FFree,FFree,FFree,FFree,FFree,FFree,FFree,FFree,FFree,FFree,FFree,FFree,FFree,FFree,FFree,FFree,FFree,FFree,FFree,FFree,FFree,,,,,,,,,,,,
HIST 433,FFree,FFree,FFree,FFree,FFree,FFree,FFree,FFree,FFree,FFree,FFree,FFree,FFree,FFree,FFree,FFree,FFree,FFree,FFree,FFree,FFree,FFree,FFree,FFree,FFree,,,,,,,,,,,,
HIST 436,FFree,FFree,FFree,FFree,FFree,FFree,FFree,FFree,FFree,FFree,FFree,FFree,FFree,FFree,FFree,FFree,FFree,FFree,FFree,FFree,FFree,FFree,FFree,FFree,FFree,,,,,,,,,,,,
HIST 437,FFree,FFree,FFree,FFree,FFree,FFree,FFree,FFree,FFree,FFree,FFree,FFree,FFree,FFree,FFree,FFree,FFree,FFree,FFree,FFree,FFree,FFree,FFree,FFree,FFree,,,,,,,,,,,,
HIST 438,FFree,FFree,FFree,FFree,FFree,FFree,FFree,FFree,FFree,FFree,FFree,FFree,FFree,FFree,FFree,FFree,FFree,FFree,FFree,FFree,FFree,FFree,FFree,FFree,FFree,,,,,,,,,,,,
HIST 439,FFree,FFree,FFree,FFree,FFree,FFree,FFree,FFree,FFree,FFree,FFree,FFree,FFree,FFree,FFree,FFree,FFree,FFree,FFree,FFree,FFree,FFree,FFree,FFree,FFree,FFree,FFree,FFree,FFree,FFree,FFree,FFree,FFree,FFree,FFree,FFree,FFree
HIST 441,FFree,FFree,FFree,FFree,FFree,FFree,FFree,FFree,FFree,FFree,FFree,FFree,FFree,FFree,FFree,FFree,FFree,FFree,FFree,FFree,FFree,FFree,FFree,FFree,FFree,,,,,,,,,,,,
HIST 443,FFree,FFree,FFree,FFree,FFree,FFree,FFree,FFree,FFree,FFree,FFree,FFree,FFree,FFree,FFree,FFree,FFree,FFree,FFree,FFree,FFree,FFree,FFree,FFree,FFree,,,,,,,,,,,,
HIST 447,FFree,FFree,FFree,FFree,FFree,FFree,FFree,FFree,FFree,FFree,FFree,FFree,FFree,FFree,FFree,FFree,FFree,FFree,FFree,FFree,FFree,FFree,FFree,FFree,FFree,,,,,,,,,,,,
HIST 450,FFree,FFree,FFree,FFree,FFree,FFree,FFree,FFree,FFree,FFree,FFree,FFree,FFree,FFree,FFree,FFree,FFree,FFree,FFree,FFree,FFree,FFree,FFree,FFree,FFree,,,,,,,,,,,,
HIST 455,FFree,FFree,FFree,FFree,FFree,FFree,FFree,FFree,FFree,FFree,FFree,FFree,FFree,FFree,FFree,FFree,FFree,FFree,FFree,FFree,FFree,FFree,FFree,FFree,FFree,,,,,,,,,,,,
HIST 461,FFree,FFree,FFree,FFree,FFree,FFree,FFree,FFree,FFree,FFree,FFree,FFree,FFree,FFree,FFree,FFree,FFree,FFree,FFree,FFree,FFree,FFree,FFree,FFree,FFree,,,,,,,,,,,,
HIST 462,FFree,FFree,FFree,FFree,FFree,FFree,FFree,FFree,FFree,FFree,FFree,FFree,FFree,FFree,FFree,FFree,FFree,FFree,FFree,FFree,FFree,FFree,FFree,FFree,FFree,,,,,,,,,,,,
HIST 463,FFree,FFree,FFree,FFree,FFree,FFree,FFree,FFree,FFree,FFree,FFree,FFree,FFree,FFree,FFree,FFree,FFree,FFree,FFree,FFree,FFree,FFree,FFree,FFree,FFree,,,,,,,,,,,,
HIST 465,FFree,FFree,FFree,FFree,FFree,FFree,FFree,FFree,FFree,FFree,FFree,FFree,FFree,FFree,FFree,FFree,FFree,FFree,FFree,FFree,FFree,FFree,FFree,FFree,FFree,,,,,,,,,,,,
HIST 473,FFree,FFree,FFree,FFree,FFree,FFree,FFree,FFree,FFree,FFree,FFree,FFree,FFree,FFree,FFree,FFree,FFree,FFree,FFree,FFree,FFree,FFree,FFree,FFree,FFree,,,,,,,,,,,,
HIST 475,FFree,FFree,FFree,FFree,FFree,FFree,FFree,FFree,FFree,FFree,FFree,FFree,FFree,FFree,FFree,FFree,FFree,FFree,FFree,FFree,FFree,FFree,FFree,FFree,FFree,,,,,,,,,,,,
HIST 476,FFree,FFree,FFree,FFree,FFree,FFree,FFree,FFree,FFree,FFree,FFree,FFree,FFree,FFree,FFree,FFree,FFree,FFree,FFree,FFree,FFree,FFree,FFree,FFree,FFree,,,,,,,,,,,,
HIST 484,FFree,FFree,FFree,FFree,FFree,FFree,FFree,FFree,FFree,FFree,FFree,FFree,FFree,FFree,FFree,FFree,FFree,FFree,FFree,FFree,FFree,FFree,FFree,FFree,FFree,,,,,,,,,,,,
HIST 485,FFree,FFree,FFree,FFree,FFree,FFree,FFree,FFree,FFree,FFree,FFree,FFree,FFree,FFree,FFree,,,,,,,,,,,,,,,,,,,,,,
HIST 486,FFree,FFree,FFree,FFree,FFree,FFree,FFree,FFree,FFree,FFree,FFree,FFree,FFree,FFree,FFree,FFree,FFree,FFree,FFree,FFree,FFree,FFree,FFree,FFree,FFree,,,,,,,,,,,,
HIST 487,FFree,FFree,FFree,FFree,FFree,FFree,FFree,FFree,FFree,FFree,FFree,FFree,FFree,FFree,FFree,FFree,FFree,FFree,FFree,FFree,FFree,FFree,FFree,FFree,FFree,,,,,,,,,,,,
HIST 488,FFree,FFree,FFree,FFree,FFree,FFree,FFree,FFree,FFree,FFree,FFree,FFree,FFree,FFree,FFree,FFree,FFree,FFree,FFree,FFree,FFree,FFree,FFree,FFree,FFree,,,,,,,,,,,,
HIST 489,FFree,FFree,FFree,FFree,FFree,FFree,FFree,FFree,FFree,FFree,FFree,FFree,FFree,FFree,FFree,FFree,FFree,FFree,FFree,FFree,FFree,FFree,FFree,FFree,FFree,FFree,FFree,FFree,FFree,FFree,FFree,FFree,FFree,FFree,FFree,FFree,FFree
HIST 490,FFree,FFree,FFree,FFree,FFree,FFree,FFree,FFree,FFree,FFree,FFree,FFree,FFree,FFree,FFree,FFree,FFree,FFree,FFree,FFree,FFree,FFree,FFree,FFree,FFree,,,,,,,,,,,,
HIST 491,FFree,FFree,FFree,FFree,FFree,FFree,FFree,FFree,FFree,FFree,FFree,FFree,FFree,FFree,FFree,FFree,FFree,FFree,FFree,FFree,FFree,FFree,FFree,FFree,FFree,,,,,,,,,,,,
HIST 492,FFree,FFree,FFree,FFree,FFree,FFree,FFree,FFree,FFree,FFree,FFree,FFree,FFree,FFree,FFree,FFree,FFree,FFree,FFree,FFree,FFree,FFree,FFree,FFree,FFree,,,,,,,,,,,,
HIST 493,FFree,FFree,FFree,FFree,FFree,FFree,FFree,FFree,FFree,FFree,FFree,FFree,FFree,FFree,FFree,FFree,FFree,FFree,FFree,FFree,FFree,FFree,FFree,FFree,FFree,,,,,,,,,,,,
HIST 494,FFree,FFree,FFree,FFree,FFree,FFree,FFree,FFree,FFree,FFree,FFree,FFree,FFree,FFree,FFree,FFree,FFree,FFree,FFree,FFree,FFree,FFree,FFree,FFree,FFree,,,,,,,,,,,,
HIST 497,FFree,FFree,FFree,FFree,FFree,FFree,FFree,FFree,FFree,FFree,FFree,FFree,FFree,FFree,FFree,FFree,FFree,FFree,FFree,FFree,FFree,FFree,FFree,FFree,FFree,,,,,,,,,,,,
HIST 498,FFree,FFree,FFree,FFree,FFree,FFree,FFree,FFree,FFree,FFree,FFree,FFree,FFree,FFree,FFree,FFree,FFree,FFree,FFree,FFree,FFree,FFree,FFree,FFree,FFree,,,,,,,,,,,,
HUM 413,FFree,FFree,FFree,FFree,FFree,FFree,FFree,FFree,FFree,FFree,FFree,FFree,FFree,FFree,FFree,FFree,FFree,FFree,FFree,FFree,FFree,FFree,FFree,FFree,FFree,FFree,FFree,FFree,FFree,FFree,FFree,FFree,FFree,FFree,FFree,FFree,FFree
HUM 414,FFree,FFree,FFree,FFree,FFree,FFree,FFree,FFree,FFree,FFree,FFree,FFree,FFree,FFree,FFree,FFree,FFree,FFree,FFree,FFree,FFree,FFree,FFree,FFree,FFree,FFree,FFree,FFree,FFree,FFree,FFree,FFree,FFree,FFree,FFree,FFree,FFree
IE 303,FFree,FFree,FFree,FFree,FFree,FFree,FFree,FFree,FFree,FFree,FFree,FFree,FFree,FFree,FFree,FFree,FFree,FFree,FFree,FFree,FFree,FFree,FFree,FFree,FFree,FFree,FFree,FFree,FFree,FFree,FFree,FFree,FFree,FFree,FFree,FFree,FFree
IE 304,FFree,FFree,FFree,FFree,FFree,FFree,FFree,FFree,FFree,FFree,FFree,FFree,FFree,FFree,FFree,FFree,FFree,FFree,FFree,FFree,FFree,FFree,FFree,FFree,FFree,FFree,FFree,FFree,FFree,FFree,FFree,FFree,FFree,FFree,FFree,FFree,FFree
IE 306,FFree,FFree,FFree,FFree,FFree,FFree,FFree,,,,,,,,,,,,,,,,,,,,,,,,,,,,,,
IE 307,FFree,FFree,FFree,FFree,FFree,FFree,,,,,,,,,,,,,,,,,,,,,,,,,,,,,,,
IE 308,FFree,FFree,FFree,FFree,FFree,FFree,FFree,FFree,FFree,FFree,FFree,FFree,FFree,FFree,FFree,FFree,FFree,FFree,FFree,FFree,FFree,FFree,FFree,FFree,FFree,,,,,,,,,,,,
IE 309,FFree,FFree,FFree,FFree,FFree,FFree,FFree,FFree,FFree,FFree,FFree,FFree,FFree,FFree,FFree,FFree,FFree,FFree,FFree,FFree,FFree,FFree,FFree,FFree,FFree,FFree,FFree,FFree,FFree,FFree,FFree,FFree,FFree,FFree,FFree,FFree,FFree
IE 311,FFree,FFree,FFree,FFree,FFree,FFree,FFree,FFree,FFree,FFree,FFree,FFree,FFree,AArea,AArea,AArea,AArea,AArea,AArea,AArea,AArea,AArea,AArea,AArea,AArea,AArea,AArea,AArea,AArea,AArea,AArea,AArea,AArea,AArea,AArea,AArea,AArea
IE 312,FFree,FFree,FFree,FFree,FFree,FFree,FFree,FFree,FFree,FFree,FFree,FFree,FFree,FFree,FFree,FFree,FFree,FFree,FFree,FFree,FFree,FFree,FFree,FFree,FFree,FFree,FFree,FFree,FFree,FFree,FFree,FFree,FFree,FFree,FFree,FFree,FFree
IE 313,FFree,FFree,FFree,FFree,FFree,FFree,FFree,FFree,FFree,FFree,FFree,FFree,FFree,AArea,AArea,AArea,AArea,AArea,AArea,AArea,AArea,AArea,AArea,AArea,AArea,AArea,AArea,AArea,AArea,AArea,AArea,AArea,AArea,AArea,AArea,AArea,AArea
IE 398,FFree,FFree,FFree,FFree,FFree,FFree,FFree,FFree,FFree,FFree,FFree,FFree,FFree,FFree,FFree,FFree,FFree,FFree,FFree,FFree,FFree,FFree,FFree,FFree,FFree,,,,,,,,,,,,
IE 399,FFree,FFree,FFree,FFree,FFree,FFree,FFree,FFree,FFree,FFree,FFree,FFree,FFree,FFree,FFree,FFree,FFree,FFree,FFree,FFree,FFree,FFree,FFree,FFree,FFree,,,,,,,,,,,,
IE 401,FFree,FFree,FFree,FFree,FFree,FFree,FFree,FFree,FFree,FFree,FFree,FFree,FFree,FFree,FFree,FFree,FFree,FFree,FFree,FFree,FFree,FFree,FFree,FFree,FFree,FFree,FFree,FFree,FFree,FFree,FFree,FFree,FFree,FFree,FFree,FFree,FFree
IE 402,FFree,FFree,FFree,FFree,FFree,FFree,FFree,FFree,FFree,FFree,FFree,FFree,FFree,FFree,FFree,FFree,FFree,FFree,FFree,FFree,FFree,FFree,FFree,FFree,FFree,FFree,FFree,FFree,FFree,FFree,FFree,FFree,FFree,FFree,FFree,FFree,FFree
IE 403,FFree,FFree,FFree,FFree,FFree,FFree,FFree,FFree,FFree,FFree,FFree,FFree,FFree,FFree,FFree,FFree,FFree,FFree,FFree,FFree,FFree,FFree,FFree,FFree,FFree,FFree,FFree,FFree,FFree,FFree,FFree,FFree,FFree,FFree,FFree,FFree,FFree
IE 407,FFree,FFree,FFree,FFree,FFree,FFree,FFree,FFree,FFree,FFree,FFree,FFree,FFree,FFree,FFree,FFree,FFree,FFree,FFree,FFree,FFree,FFree,FFree,FFree,FFree,,,,,,,,,,,,
IE 408,FFree,FFree,FFree,FFree,FFree,FFree,FFree,FFree,FFree,FFree,FFree,FFree,FFree,FFree,FFree,FFree,,,,,,,,,,,,,,,,,,,,,
IE 411,FFree,FFree,FFree,FFree,FFree,FFree,FFree,FFree,FFree,FFree,FFree,FFree,FFree,FFree,FFree,FFree,FFree,FFree,FFree,FFree,FFree,FFree,FFree,FFree,FFree,FFree,FFree,FFree,FFree,FFree,FFree,FFree,FFree,FFree,FFree,FFree,FFree
IE 412,FFree,FFree,FFree,FFree,FFree,FFree,FFree,FFree,FFree,FFree,FFree,FFree,FFree,FFree,FFree,FFree,FFree,FFree,FFree,FFree,FFree,FFree,FFree,FFree,FFree,,,,,,,,,,,,
IE 414,FFree,FFree,FFree,FFree,FFree,FFree,FFree,FFree,FFree,FFree,FFree,FFree,FFree,FFree,FFree,FFree,FFree,FFree,FFree,FFree,FFree,FFree,FFree,FFree,FFree,FFree,FFree,FFree,FFree,FFree,FFree,FFree,FFree,FFree,FFree,FFree,FFree
IE 416,FFree,FFree,FFree,FFree,FFree,FFree,FFree,FFree,FFree,FFree,FFree,FFree,FFree,FFree,FFree,FFree,FFree,FFree,FFree,FFree,FFree,FFree,FFree,FFree,FFree,FFree,FFree,FFree,FFree,FFree,FFree,FFree,FFree,FFree,FFree,FFree,FFree
IE 418,FFree,FFree,FFree,FFree,FFree,FFree,FFree,FFree,FFree,FFree,FFree,FFree,FFree,FFree,FFree,FFree,FFree,FFree,FFree,FFree,FFree,FFree,FFree,FFree,FFree,,,,,,,,,,,,
IE 419,FFree,FFree,FFree,FFree,FFree,FFree,FFree,FFree,FFree,FFree,FFree,FFree,FFree,FFree,FFree,FFree,FFree,FFree,FFree,FFree,FFree,FFree,FFree,FFree,FFree,,,,,,,,,,,,
IE 420,FFree,FFree,FFree,FFree,FFree,FFree,FFree,FFree,FFree,FFree,FFree,FFree,FFree,FFree,FFree,FFree,FFree,FFree,FFree,FFree,FFree,FFree,FFree,FFree,FFree,,,,,,,,,,,,
IE 430,FFree,FFree,FFree,FFree,FFree,FFree,FFree,FFree,FFree,FFree,FFree,FFree,FFree,FFree,FFree,FFree,FFree,FFree,FFree,FFree,FFree,FFree,FFree,FFree,FFree,FFree,FFree,FFree,FFree,FFree,FFree,FFree,FFree,FFree,FFree,FFree,FFree
IE 432,FFree,FFree,FFree,FFree,FFree,FFree,FFree,FFree,FFree,FFree,FFree,FFree,FFree,FFree,FFree,FFree,FFree,FFree,FFree,FFree,FFree,FFree,FFree,FFree,FFree,FFree,FFree,FFree,FFree,FFree,FFree,FFree,FFree,FFree,FFree,FFree,FFree
IE 435,FFree,FFree,FFree,FFree,FFree,FFree,FFree,FFree,FFree,FFree,FFree,FFree,FFree,FFree,FFree,FFree,FFree,FFree,FFree,FFree,FFree,FFree,FFree,FFree,FFree,FFree,FFree,FFree,FFree,FFree,FFree,FFree,FFree,FFree,FFree,FFree,FFree
IE 454,FFree,FFree,FFree,FFree,FFree,FFree,FFree,FFree,FFree,FFree,FFree,FFree,FFree,FFree,FFree,FFree,FFree,FFree,FFree,FFree,FFree,FFree,FFree,FFree,FFree,FFree,FFree,FFree,FFree,FFree,FFree,FFree,FFree,FFree,FFree,FFree,FFree
IE 471,FFree,FFree,FFree,FFree,FFree,FFree,FFree,FFree,FFree,FFree,,,,,,,,,,,,,,,,,,,,,,,,,,,
IE 472,FFree,FFree,FFree,FFree,FFree,FFree,FFree,,,,,,,,,,,,,,,,,,,,,,,,,,,,,,
IE 480,FFree,FFree,FFree,FFree,FFree,FFree,,,,,,,,,,,,,,,,,,,,,,,,,,,,,,,
IE 48000,FFree,FFree,FFree,FFree,FFree,FFree,FFree,FFree,FFree,FFree,FFree,FFree,FFree,FFree,FFree,FFree,FFree,FFree,FFree,FFree,FFree,FFree,FFree,FFree,FFree,,,,,,,,,,,,
IE 48001,FFree,FFree,FFree,FFree,FFree,FFree,FFree,FFree,FFree,FFree,FFree,FFree,FFree,FFree,FFree,FFree,FFree,FFree,FFree,FFree,FFree,FFree,FFree,FFree,FFree,,,,,,,,,,,,
IE 48002,FFree,FFree,FFree,FFree,FFree,FFree,FFree,FFree,FFree,FFree,FFree,FFree,FFree,FFree,FFree,FFree,FFree,FFree,FFree,FFree,FFree,FFree,FFree,FFree,FFree,FFree,FFree,FFree,FFree,FFree,FFree,FFree,FFree,FFree,FFree,FFree,FFree
IE 48003,FFree,FFree,FFree,FFree,FFree,FFree,FFree,FFree,FFree,FFree,FFree,FFree,FFree,FFree,FFree,FFree,FFree,FFree,FFree,FFree,FFree,FFree,FFree,FFree,FFree,,,,,,,,,,,,
IE 48004,FFree,FFree,FFree,FFree,FFree,FFree,FFree,FFree,FFree,FFree,FFree,FFree,FFree,FFree,FFree,FFree,FFree,FFree,FFree,FFree,FFree,FFree,FFree,FFree,FFree,,,,,,,,,,,,
IE 48005,FFree,FFree,FFree,FFree,FFree,FFree,FFree,FFree,FFree,FFree,FFree,FFree,FFree,FFree,FFree,FFree,FFree,FFree,FFree,FFree,FFree,FFree,FFree,FFree,FFree,FFree,FFree,FFree,FFree,FFree,FFree,FFree,FFree,FFree,FFree,FFree,FFree
IE 481,FFree,FFree,FFree,FFree,FFree,FFree,,,,,,,,,,,,,,,,,,,,,,,,,,,,,,,
IE 482,FFree,FFree,FFree,FFree,FFree,FFree,,,,,,,,,,,,,,,,,,,,,,,,,,,,,,,
IE 483,FFree,FFree,FFree,FFree,FFree,FFree,,,,,,,,,,,,,,,,,,,,,,,,,,,,,,,
IF 200,FFree,FFree,FFree,FFree,FFree,FFree,FFree,FFree,FFree,FFree,FFree,FFree,FFree,FFree,FFree,FFree,FFree,FFree,FFree,FFree,FFree,FFree,FFree,FFree,FFree,FFree,FFree,FFree,FFree,FFree,FFree,FFree,FFree,FFree,FFree,FFree,FFree
IF 201,FFree,FFree,FFree,FFree,FFree,FFree,FFree,FFree,FFree,FFree,FFree,FFree,FFree,FFree,FFree,FFree,FFree,FFree,FFree,FFree,FFree,FFree,FFree,FFree,FFree,FFree,FFree,FFree,FFree,FFree,FFree,FFree,FFree,FFree,FFree,FFree,FFree
IF 301,FFree,FFree,FFree,FFree,FFree,FFree,FFree,FFree,FFree,FFree,FFree,FFree,FFree,FFree,FFree,FFree,FFree,FFree,FFree,FFree,FFree,FFree,FFree,FFree,FFree,FFree,FFree,FFree,FFree,FFree,FFree,FFree,FFree,FFree,FFree,FFree,FFree
IF 401,FFree,FFree,FFree,FFree,FFree,FFree,FFree,FFree,FFree,FFree,FFree,FFree,FFree,FFree,FFree,FFree,FFree,FFree,FFree,FFree,FFree,FFree,FFree,FFree,FFree,FFree,FFree,,,,,,,,,,
IF 402,FFree,FFree,FFree,FFree,FFree,FFree,FFree,FFree,FFree,FFree,FFree,FFree,FFree,FFree,FFree,FFree,FFree,FFree,FFree,FFree,FFree,FFree,FFree,FFree,FFree,FFree,FFree,FFree,FFree,FFree,FFree,FFree,FFree,FFree,FFree,FFree,FFree
IF 405,FFree,FFree,FFree,FFree,FFree,FFree,FFree,FFree,FFree,FFree,FFree,FFree,FFree,FFree,FFree,FFree,FFree,FFree,FFree,FFree,FFree,FFree,FFree,FFree,FFree,FFree,FFree,FFree,FFree,FFree,FFree,FFree,FFree,FFree,FFree,FFree,FFree
IR 201,FFree:A,FFree:A,FFree:A,FFree:A,FFree:A,FFree:A,FFree:A,FFree:A,FFree:A,FFree:A,FFree:A,FFree:A,FFree:A,FFree:A,FFree:A,FFree:A,FFree:A,FFree:A,FFree:A,FFree:A,FFree:A,FFree:A,FFree:A,FFree:A,FFree:A,FFree:A,FFree:A,FFree:A,FFree:A,FFree:A,FFree:A,FFree:A,FFree:A,FFree:A,FFree:A,FFree:A,FFree:A
IR 301,FFree,FFree,FFree,FFree,FFree,FFree,FFree,FFree,FFree,FFree,FFree,FFree,FFree,FFree,FFree,FFree,FFree,FFree,FFree,FFree,FFree,FFree,FFree,FFree,FFree,FFree,FFree,FFree,FFree,FFree,FFree:A,FFree:A,FFree:A,FFree:A,FFree:A,FFree:A,FFree:A
IR 341,FFree,FFree,FFree,FFree,FFree,FFree,FFree,FFree,FFree,FFree,FFree,FFree,FFree,FFree,FFree,FFree,FFree,FFree,FFree,FFree,FFree,FFree,FFree,FFree,FFree,FFree,FFree,FFree,FFree,FFree,FFree,FFree,FFree,FFree,FFree,FFree,FFree
IR 342,FFree,FFree,FFree,FFree,FFree,FFree,FFree,FFree,FFree,FFree,FFree,FFree,FFree,FFree,FFree,FFree,FFree,FFree,FFree,FFree,FFree,FFree,FFree,FFree,FFree,FFree,FFree,FFree,FFree,FFree,FFree,FFree,FFree,FFree,FFree,FFree,FFree
IR 389,FFree,FFree,FFree,FFree,FFree,FFree,FFree,FFree,FFree,FFree,FFree,FFree,FFree,FFree,FFree,FFree,FFree,FFree,,,,,,,,,,,,,,,,,,,
IR 391,FFree,FFree,FFree,FFree,FFree,FFree,FFree,FFree,FFree,FFree,FFree,FFree,FFree,FFree,FFree,FFree,FFree,FFree,FFree,FFree,FFree,FFree,FFree,FFree,FFree,FFree,FFree,FFree,FFree,FFree,FFree:A,FFree:A,FFree:A,FFree:A,FFree:A,FFree:A,FFree:A
IR 392,FFree,FFree,FFree,FFree,FFree,FFree,FFree,FFree,FFree,FFree,FFree,FFree,FFree,FFree,FFree,FFree,FFree,FFree,FFree,FFree,FFree,FFree,FFree,FFree,FFree,FFree,FFree,FFree,FFree,FFree,FFree,FFree,FFree,FFree,FFree,FFree,FFree
IR 394,FFree,FFree,FFree,FFree,FFree,FFree,FFree,FFree,FFree,FFree,FFree,FFree,FFree,FFree,FFree,FFree,FFree,FFree,FFree,FFree,FFree,FFree,FFree,FFree,FFree,FFree,FFree,FFree,FFree,FFree,FFree:A,FFree:A,FFree:A,FFree:A,FFree:A,FFree:A,FFree:A
IR 400,FFree,FFree,FFree,FFree,FFree,FFree,FFree,FFree,FFree,FFree,FFree,FFree,FFree,FFree,FFree,FFree,FFree,FFree,,,,,,,,,,,,,,,,,,,
IR 402,FFree,FFree,FFree,FFree,FFree,FFree,FFree,FFree,FFree,FFree,FFree,FFree,FFree,FFree,FFree,FFree,FFree,FFree,FFree,FFree,FFree,FFree,FFree,FFree,FFree,FFree,FFree,FFree,FFree,FFree,FFree,FFree,FFree,FFree,FFree,FFree,FFree
IR 403,FFree,FFree,FFree,FFree,FFree,FFree,FFree,FFree,FFree,FFree,FFree,FFree,FFree,FFree,FFree,FFree,,,,,,,,,,,,,,,,,,,,,
IR 404,FFree,FFree,FFree,FFree,FFree,FFree,FFree,FFree,FFree,FFree,FFree,FFree,FFree,FFree,FFree,,,,,,,,,,,,,,,,,,,,,,
IR 405,FFree,FFree,FFree,FFree,FFree,FFree,FFree,FFree,FFree,FFree,FFree,FFree,FFree,FFree,FFree,FFree,FFree,FFree,FFree,FFree,FFree,FFree,FFree,FFree,FFree,FFree,FFree,FFree,FFree,FFree,FFree,FFree,FFree,FFree,FFree,FFree,FFree
IR 410,FFree,FFree,FFree,FFree,FFree,FFree,FFree,FFree,FFree,FFree,FFree,FFree,FFree,FFree,FFree,FFree,FFree,FFree,FFree,FFree,FFree,FFree,FFree,FFree,FFree,FFree,FFree,FFree,FFree,FFree,FFree,FFree,FFree,FFree,FFree,FFree,FFree
IR 489,FFree,FFree,FFree,FFree,FFree,FFree,FFree,FFree,FFree,FFree,FFree,FFree,FFree,FFree,FFree,FFree,FFree,FFree,FFree,FFree,FFree,FFree,FFree,FFree,FFree,FFree,FFree,FFree,FFree,FFree,FFree,FFree,FFree,FFree,FFree,FFree,FFree
IR 493,FFree,FFree,FFree,FFree,FFree,FFree,FFree,FFree,FFree,FFree,FFree,FFree,FFree,FFree,FFree,FFree,FFree,FFree,,,,,,,,,,,,,,,,,,,
LAW 311,FFree,FFree,FFree,FFree,FFree,FFree,FFree,FFree,FFree,FFree,FFree,FFree,FFree,FFree,FFree,FFree,FFree,FFree,FFree,FFree,FFree,FFree,FFree,FFree,FFree,FFree,FFree,FFree,FFree,FFree,FFree,FFree,FFree,FFree,FFree,FFree,FFree
LAW 312,FFree,FFree,FFree,FFree,FFree,FFree,FFree,FFree,FFree,FFree,FFree,FFree,FFree,FFree,FFree,FFree,FFree,FFree,FFree,FFree,FFree,FFree,FFree,FFree,FFree,FFree,FFree,FFree,FFree,FFree,FFree,FFree,FFree,FFree,FFree,FFree,FFree
LAW 403,FFree,FFree,FFree,FFree,FFree,FFree,FFree,FFree,FFree,,,,,,,,,,,,,,,,,,,,,,,,,,,,
LIT 212,FFree:A,FFree:A,FFree:A,FFree:A,FFree:A,FFree:A,FFree:A,FFree:A,FFree:A,FFree:A,FFree:A,FFree:A,FFree:A,FFree:A,FFree:A,FFree:A,FFree:A,FFree:A,FFree:A,FFree:A,FFree:A,FFree:A,FFree:A,FFree:A,FFree:A,FFree:A,FFree:A,FFree:A,FFree:A,FFree:A,FFree:A,FFree:A,FFree:A,FFree:A,FFree:A,FFree:A,FFree:A
LIT 290,FFree,FFree,FFree,FFree,FFree,FFree,FFree,FFree,FFree,FFree,FFree,FFree,FFree,FFree,FFree,,,,,,,,,,,,,,,,,,,,,,
LIT 334,FFree,FFree,FFree,FFree,FFree,FFree,FFree,FFree,FFree,,,,,,,,,,,,,,,,,,,,,,,,,,,,
LIT 345,FFree,FFree,FFree,FFree,FFree,FFree,FFree,FFree,FFree,,,,,,,,,,,,,,,,,,,,,,,,,,,,
LIT 359,FFree,FFree,FFree,FFree,FFree,FFree,FFree,FFree,FFree,FFree,FFree,FFree,FFree,FFree,FFree,FFree,FFree,FFree,FFree,FFree,FFree,FFree,FFree,FFree,FFree,FFree,FFree,FFree,FFree,FFree,FFree:A,FFree:A,FFree:A,FFree:A,FFree:A,FFree:A,FFree:A
LIT 394,FFree,FFree,FFree,FFree,FFree,FFree,FFree,FFree,FFree,FFree,FFree,FFree,FFree,FFree,FFree,FFree,FFree,FFree,FFree,FFree,FFree,FFree,FFree,FFree,FFree,FFree,FFree,FFree,FFree,FFree,FFree,FFree,FFree,FFree,FFree,FFree,FFree
LIT 434,FFree,FFree,FFree,FFree,FFree,FFree,FFree,FFree,FFree,FFree,FFree,FFree,,,,,,,,,,,,,,,,,,,,,,,,,
LIT 440,FFree,FFree,FFree,FFree,FFree,FFree,FFree,FFree,FFree,FFree,FFree,FFree,FFree,FFree,FFree,FFree,FFree,FFree,FFree,FFree,FFree,FFree,FFree,FFree,FFree,FFree,FFree,FFree,FFree,FFree,FFree,FFree,FFree,FFree,FFree,FFree,FFree
LIT 445,FFree,FFree,FFree,FFree,FFree,FFree,FFree,FFree,FFree,FFree,FFree,FFree,FFree,FFree,FFree,FFree,FFree,FFree,FFree,FFree,FFree,FFree,FFree,FFree,FFree,FFree,FFree,FFree,FFree,FFree,FFree,FFree,FFree,FFree,FFree,FFree,FFree
LIT 492,FFree,FFree,FFree,FFree,FFree,FFree,FFree,FFree,FFree,FFree,FFree,FFree,FFree,FFree,FFree,FFree,,,,,,,,,,,,,,,,,,,,,
MATH 221,FFree,FFree,FFree,FFree,FFree,FFree,FFree,FFree,FFree,FFree,FFree,FFree,FFree,FFree,FFree,,,,,,,,,,,,,,,,,,,,,,
MATH 307,FFree,FFree,FFree,FFree,FFree,FFree,FFree,FFree,FFree,FFree,FFree,FFree,FFree,FFree,FFree,FFree,FFree,FFree,FFree,FFree,FFree,FFree,FFree,FFree,FFree,FFree,FFree,FFree,FFree,FFree,FFree,FFree,FFree,FFree,FFree,FFree,FFree
MATH 322,FFree,FFree,FFree,FFree,FFree,FFree,FFree,FFree,FFree,FFree,FFree,FFree,FFree,FFree,FFree,FFree,FFree,FFree,FFree,FFree,FFree,FFree,FFree,FFree,FFree,FFree,FFree,FFree,FFree,FFree,FFree,FFree,FFree,FFree,FFree,FFree,FFree
MATH 402,FFree,FFree,FFree,FFree,FFree,FFree,FFree,FFree,FFree,FFree,FFree,FFree,FFree,FFree,FFree,FFree,FFree,FFree,FFree,FFree,FFree,,,,,,,,,,,,,,,,
MATH 405,FFree,FFree,FFree,FFree,FFree,FFree,FFree,FFree,FFree,FFree,FFree,FFree,FFree,FFree,FFree,FFree,FFree,FFree,FFree,FFree,FFree,FFree,FFree,FFree,FFree,,,,,,,,,,,,
MATH 409,FFree,FFree,FFree,FFree,FFree,FFree,FFree,FFree,FFree,FFree,FFree,FFree,FFree,FFree,FFree,FFree,FFree,FFree,FFree,FFree,FFree,FFree,FFree,FFree,FFree,FFree,FFree,FFree,FFree,FFree,FFree,FFree,FFree,FFree,FFree,FFree,FFree
MATH 410,FFree,FFree,FFree,FFree,FFree,FFree,FFree,FFree,FFree,FFree,FFree,FFree,FFree,FFree,FFree,FFree,FFree,FFree,FFree,FFree,FFree,FFree,FFree,FFree,FFree,FFree,FFree,FFree,FFree,FFree,FFree,FFree,FFree,FFree,FFree,FFree,FFree
MATH 428,FFree,FFree,FFree,FFree,FFree,FFree,FFree,FFree,FFree,FFree,FFree,FFree,FFree,FFree,FFree,FFree,FFree,FFree,FFree,FFree,FFree,FFree,FFree,FFree,FFree,FFree,FFree,FFree,FFree,FFree,FFree,FFree,FFree,FFree,FFree,FFree,FFree
MATH 479,FFree,FFree,FFree,FFree,FFree,FFree,FFree,FFree,FFree,FFree,FFree,FFree,FFree,FFree,FFree,FFree,FFree,FFree,FFree,FFree,FFree,FFree,FFree,FFree,FFree,,,,,,,,,,,,
MATH 480,FFree,FFree,FFree,FFree,FFree,FFree,,,,,,,,,,,,,,,,,,,,,,,,,,,,,,,
MATH 481,FFree,FFree,FFree,FFree,FFree,FFree,,,,,,,,,,,,,,,,,,,,,,,,,,,,,,,
MAT 204,FFree,FFree,FFree,FFree,FFree,FFree,FFree,FFree,FFree,FFree,FFree,FFree,FFree,FFree,FFree,FFree,FFree,FFree,FFree:E,FFree:E,FFree:E,FFree:E,FFree:E,FFree:E,FFree:E,FFree:E,FFree:E,FFree:E,FFree:E,FFree:E,FFree:E,FFree:E,FFree:E,FFree:E,FFree:E,FFree:E,FFree:E
MAT 206,FFree,FFree,FFree,FFree,FFree,FFree,FFree,FFree,FFree,FFree,FFree,FFree,FFree,FFree,FFree,FFree,FFree,FFree,FFree,FFree,FFree,FFree,FFree,FFree,FFree,FFree,FFree,FFree,FFree,FFree,FFree,FFree,FFree,FFree,FFree,FFree,FFree
MAT 302,FFree,FFree,FFree,FFree,FFree,FFree,FFree,FFree,FFree,FFree,FFree,FFree,FFree,FFree,FFree,FFree,FFree,FFree,FFree,FFree,FFree,FFree,FFree,FFree,FFree,FFree,FFree,FFree,FFree,FFree,FFree,FFree,FFree,FFree,FFree,FFree,FFree
MAT 304,FFree,FFree,FFree,FFree,FFree,FFree,FFree,FFree,FFree,FFree,FFree,FFree,FFree,FFree,FFree,FFree,FFree,FFree,FFree,FFree,FFree,FFree,FFree,FFree,FFree,,,,,,,,,,,,
MAT 305,FFree,FFree,FFree,FFree,FFree,FFree,FFree,FFree,FFree,FFree,FFree,FFree,FFree,FFree,FFree,FFree,FFree,FFree,FFree,FFree,FFree,FFree,FFree,FFree,FFree,FFree,FFree,FFree,FFree,FFree,FFree,FFree,FFree,FFree,FFree,FFree,FFree
MAT 307,FFree,FFree,FFree,FFree,FFree,FFree,FFree,FFree,FFree,FFree,FFree,FFree,FFree,FFree,FFree,FFree,FFree,FFree,FFree,FFree,FFree,FFree,FFree,FFree,FFree,FFree,FFree,FFree,FFree,FFree,FFree,FFree,FFree,FFree,FFree,FFree,FFree
MAT 308,FFree,FFree,FFree,FFree,FFree,FFree,FFree,FFree,FFree,FFree,FFree,FFree,FFree,FFree,FFree,FFree,FFree,FFree,FFree,FFree,FFree,FFree,FFree,FFree,FFree,FFree,FFree,FFree,FFree,FFree,FFree,FFree,FFree,FFree,FFree,FFree,FFree
MAT 309,FFree,FFree,FFree,FFree,FFree,FFree,FFree,FFree,FFree,FFree,FFree,FFree,FFree,FFree,FFree,FFree,FFree,FFree,FFree,FFree,FFree,FFree,FFree,FFree,FFree,FFree,FFree,FFree,FFree,FFree,FFree,FFree,FFree,FFree,FFree,FFree,FFree
MAT 310,FFree,FFree,FFree,FFree,FFree,FFree,FFree,FFree,FFree,FFree,FFree,FFree,FFree,FFree,FFree,FFree,FFree,FFree,FFree,FFree,FFree,FFree,FFree,FFree,FFree,,,,,,,,,,,,
MAT 312,FFree,FFree,FFree,FFree,FFree,FFree,FFree,FFree,FFree,FFree,FFree,FFree,FFree,FFree,FFree,FFree,FFree,FFree,FFree,FFree,FFree,FFree,FFree,FFree,FFree,FFree,FFree,FFree,FFree,FFree,FFree,FFree,FFree,FFree,FFree,FFree,FFree
MAT 314,FFree,FFree,FFree,FFree,FFree,FFree,FFree,FFree,FFree,FFree,FFree,FFree,FFree,FFree,FFree,FFree,FFree,FFree,FFree,FFree,FFree,FFree,FFree,FFree,FFree,FFree,FFree,FFree,FFree,FFree,FFree,FFree,FFree,FFree,FFree,FFree,FFree
MAT 401,FFree,FFree,FFree,FFree,FFree,FFree,FFree,FFree,FFree,FFree,FFree,FFree,FFree,FFree,FFree,FFree,FFree,FFree,FFree,FFree,FFree,FFree,FFree,FFree,FFree,FFree,FFree,FFree,FFree,FFree,FFree,FFree,FFree,FFree,FFree,FFree,FFree
MAT 402,FFree,FFree,FFree,FFree,FFree,FFree,FFree,FFree,FFree,FFree,FFree,FFree,FFree,FFree,FFree,FFree,FFree,FFree,FFree,FFree,FFree,FFree,FFree,FFree,FFree,FFree,FFree,FFree,FFree,FFree,FFree,FFree,FFree,FFree,FFree,FFree,FFree
MAT 403,FFree,FFree,FFree,FFree,FFree,FFree,FFree,FFree,FFree,FFree,FFree,FFree,FFree,FFree,FFree,FFree,FFree,FFree,FFree,FFree,FFree,FFree,FFree,FFree,FFree,,,,,,,,,,,,
MAT 404,FFree,FFree,FFree,FFree,FFree,FFree,FFree,FFree,FFree,FFree,FFree,FFree,FFree,FFree,FFree,FFree,FFree,FFree,FFree,FFree,FFree,FFree,FFree,FFree,FFree,FFree,FFree,FFree,FFree,FFree,FFree,FFree,FFree,FFree,FFree,FFree,FFree
MAT 405,FFree,FFree,FFree,FFree,FFree,FFree,FFree,FFree,FFree,FFree,FFree,FFree,FFree,FFree,FFree,FFree,FFree,FFree,FFree,FFree,FFree,FFree,FFree,FFree,FFree,FFree,FFree,FFree,FFree,FFree,FFree,FFree,FFree,FFree,FFree,FFree,FFree
MAT 406,FFree,FFree,FFree,FFree,FFree,FFree,FFree,FFree,FFree,FFree,FFree,FFree,FFree,FFree,FFree,FFree,FFree,FFree,FFree,FFree,FFree,FFree,FFree,FFree,FFree,FFree,FFree,FFree,FFree,FFree,FFree,FFree,FFree,FFree,FFree,FFree,FFree
MAT 408,FFree,FFree,FFree,FFree,FFree,FFree,FFree,FFree,FFree,FFree,FFree,FFree,FFree,FFree,FFree,FFree,FFree,FFree,FFree,FFree,FFree,FFree,FFree,FFree,FFree,FFree,FFree,FFree,FFree,FFree,FFree,FFree,FFree,FFree,FFree,FFree,FFree
MAT 416,FFree,FFree,FFree,FFree,FFree,FFree,FFree,FFree,FFree,FFree,FFree,FFree,FFree,FFree,FFree,FFree,FFree,FFree,FFree,FFree,FFree,FFree,FFree,FFree,FFree,FFree,FFree,FFree,FFree,FFree,FFree,FFree,FFree,FFree,FFree,FFree,FFree
MAT 422,FFree,FFree,FFree,FFree,FFree,FFree,FFree,FFree,FFree,FFree,FFree,FFree,FFree,FFree,FFree,FFree,FFree,FFree,FFree,FFree,FFree,FFree,FFree,FFree,FFree,FFree,FFree,FFree,FFree,FFree,FFree,FFree,FFree,FFree,FFree,FFree,FFree
MAT 423,FFree,FFree,FFree,FFree,FFree,FFree,FFree,FFree,FFree,FFree,FFree,FFree,FFree,FFree,FFree,FFree,FFree,FFree,FFree,FFree,FFree,FFree,FFree,FFree,FFree,FFree,FFree,FFree,FFree,FFree,FFree,FFree,FFree,FFree,FFree,FFree,FFree
MAT 424,FFree,FFree,FFree,FFree,FFree,FFree,FFree,FFree,FFree,FFree,FFree,FFree,FFree,FFree,FFree,FFree,FFree,FFree,FFree,FFree,FFree,FFree,FFree,FFree,FFree,FFree,FFree,FFree,FFree,FFree,FFree,FFree,FFree,FFree,FFree,FFree,FFree
MAT 480,FFree,FFree,FFree,FFree,FFree,FFree,,,,,,,,,,,,,,,,,,,,,,,,,,,,,,,
MAT 48000,FFree,FFree,FFree,FFree,FFree,FFree,FFree,FFree,FFree,FFree,FFree,FFree,FFree,FFree,FFree,FFree,FFree,FFree,FFree,FFree,FFree,FFree,FFree,FFree,FFree,FFree,FFree,FFree,FFree,FFree,FFree,FFree,FFree,FFree,FFree,FFree,FFree
MAT 48003,FFree,FFree,FFree,FFree,FFree,FFree,FFree,FFree,FFree,FFree,FFree,FFree,FFree,FFree,FFree,FFree,FFree,FFree,FFree,FFree,FFree,FFree,FFree,FFree,FFree,FFree,FFree,FFree,FFree,FFree,FFree,FFree,FFree,FFree,FFree,FFree,FFree
MAT 48004,FFree,FFree,FFree,FFree,FFree,FFree,FFree,FFree,FFree,FFree,FFree,FFree,FFree,FFree,FFree,FFree,FFree,FFree,FFree,FFree,FFree,FFree,FFree,FFree,FFree,FFree,FFree,FFree,FFree,FFree,FFree,FFree,FFree,FFree,FFree,FFree,FFree
MAT 48005,FFree,FFree,FFree,FFree,FFree,FFree,FFree,FFree,FFree,FFree,FFree,FFree,FFree,FFree,FFree,FFree,FFree,FFree,FFree,FFree,FFree,FFree,FFree,FFree,FFree,FFree,FFree,FFree,FFree,FFree,FFree,FFree,,,,,
MAT 481,FFree,FFree,FFree,FFree,FFree,FFree,,,,,,,,,,,,,,,,,,,,,,,,,,,,,,,
ME 301,FFree,FFree,FFree,FFree,FFree,FFree,FFree,FFree,FFree,FFree,FFree,FFree,FFree,FFree,FFree,FFree,FFree,FFree,FFree,FFree,FFree,FFree,FFree,FFree,FFree,FFree,FFree,FFree,FFree,FFree,FFree,FFree,FFree,FFree,FFree,FFree,FFree
ME 302,FFree,FFree,FFree,FFree,FFree,FFree,FFree,FFree,FFree,FFree,FFree,FFree,FFree,FFree,FFree,FFree,FFree,FFree,FFree,FFree,FFree,FFree,FFree,FFree,FFree,FFree,FFree,FFree,FFree,FFree,FFree,FFree,FFree,FFree,FFree,FFree,FFree
ME 303,FFree,FFree,FFree,FFree,FFree,FFree,FFree,FFree,FFree,FFree,FFree,FFree,FFree,FFree,FFree,FFree,FFree,FFree,FFree,FFree,FFree,FFree,FFree,FFree,FFree,FFree,FFree,FFree,FFree,FFree,FFree,FFree,FFree,FFree,FFree,FFree,FFree
ME 304,FFree,FFree,FFree,FFree,FFree,FFree,FFree,FFree,FFree,FFree,FFree,FFree,FFree,FFree,FFree,FFree,FFree,FFree,FFree,FFree,FFree,FFree,FFree,FFree,FFree,FFree,FFree,FFree,FFree,FFree,FFree,FFree,FFree,FFree,FFree,FFree,FFree
ME 305,FFree,FFree,FFree,FFree,FFree,FFree,FFree,FFree,FFree,FFree,FFree,FFree,FFree,FFree,FFree,FFree,FFree,FFree,FFree,FFree,FFree,FFree,FFree,FFree,FFree,FFree,FFree,FFree,FFree,FFree,FFree,FFree,FFree,FFree,FFree,FFree,FFree
ME 307,FFree,FFree,FFree,FFree,FFree,FFree,FFree,FFree,FFree,FFree,FFree,FFree,FFree,FFree,FFree,FFree,FFree,FFree,FFree,FFree,FFree,FFree,FFree,FFree,FFree,FFree,FFree,FFree,FFree,FFree,FFree,FFree,FFree,FFree,FFree,FFree,FFree
ME 308,FFree,FFree,FFree,FFree,FFree,FFree,FFree,FFree,FFree,FFree,FFree,FFree,FFree,FFree,FFree,FFree,FFree,FFree,FFree,FFree,FFree,FFree,FFree,FFree,FFree,FFree,FFree,FFree,FFree,FFree,FFree,FFree,FFree,FFree,FFree,FFree,FFree
ME 309,FFree,FFree,FFree,FFree,FFree,FFree,FFree,FFree,FFree,FFree,FFree,FFree,FFree,FFree,FFree,FFree,FFree,FFree,FFree,FFree,FFree,FFree,FFree,FFree,FFree,FFree,FFree,FFree,FFree,FFree,FFree,FFree,FFree,FFree,FFree,FFree,FFree
ME 312,FFree,FFree,FFree,FFree,FFree,FFree,FFree,FFree,FFree,FFree,FFree,FFree,FFree,FFree,FFree,FFree,FFree,FFree,FFree,FFree,FFree,FFree,FFree,FFree,FFree,FFree,FFree,FFree,FFree,FFree,FFree,FFree,FFree,FFree,FFree,FFree,FFree
ME 402,FFree,FFree,FFree,FFree,FFree,FFree,FFree,FFree,FFree,FFree,FFree,FFree,FFree,FFree,FFree,FFree,FFree,FFree,FFree,FFree,FFree,FFree,FFree,FFree,FFree,FFree,FFree,FFree,FFree,FFree,FFree,FFree,FFree,FFree,FFree,FFree,FFree
ME 405,FFree,FFree,FFree,FFree,FFree,FFree,FFree,FFree,FFree,FFree,FFree,FFree,FFree,FFree,FFree,FFree,FFree,FFree,FFree,FFree,FFree,FFree,FFree,FFree,FFree,FFree,FFree,FFree,FFree,FFree,FFree,FFree,FFree,FFree,FFree,FFree,FFree
ME 408,FFree,FFree,FFree,FFree,FFree,FFree,FFree,FFree,FFree,FFree,FFree,FFree,FFree,FFree,FFree,FFree,FFree,FFree,FFree,FFree,FFree,FFree,FFree,FFree,FFree,FFree,FFree,FFree,FFree,FFree,FFree,FFree,FFree,FFree,FFree,FFree,FFree
ME 409,FFree,FFree,FFree,FFree,FFree,FFree,FFree,FFree,FFree,FFree,FFree,FFree,FFree,FFree,FFree,FFree,FFree,FFree,FFree,FFree,FFree,FFree,FFree,FFree,FFree,FFree,FFree,FFree,FFree,FFree,FFree,FFree,FFree,FFree,FFree,FFree,FFree
ME 410,FFree,FFree,FFree,FFree,FFree,FFree,FFree,FFree,FFree,FFree,FFree,FFree,FFree,FFree,FFree,FFree,FFree,FFree,FFree,FFree,FFree,FFree,FFree,FFree,FFree,,,,,,,,,,,,
ME 411,FFree,FFree,FFree,FFree,FFree,FFree,FFree,FFree,FFree,FFree,FFree,FFree,FFree,FFree,FFree,FFree,FFree,FFree,FFree,FFree,FFree,FFree,FFree,FFree,FFree,,,,,,,,,,,,
ME 412,FFree,FFree,FFree,FFree,FFree,FFree,FFree,FFree,FFree,FFree,FFree,FFree,FFree,FFree,FFree,FFree,FFree,FFree,FFree,FFree,FFree,FFree,FFree,FFree,FFree,FFree,FFree,FFree,FFree,FFree,FFree,FFree,FFree,FFree,FFree,FFree,FFree
ME 415,FFree,FFree,FFree,FFree,FFree,FFree,FFree,FFree,FFree,FFree,FFree,FFree,FFree,FFree,FFree,FFree,FFree,FFree,FFree,FFree,FFree,FFree,FFree,FFree,FFree,FFree,FFree,FFree,FFree,FFree,FFree,FFree,FFree,FFree,FFree,FFree,FFree
ME 420,FFree,FFree,FFree,FFree,FFree,FFree,FFree,FFree,FFree,FFree,FFree,FFree,FFree,FFree,FFree,FFree,FFree,FFree,FFree,FFree,FFree,FFree,FFree,FFree,FFree,FFree,FFree,FFree,FFree,FFree,FFree,FFree,FFree,FFree,FFree,FFree,FFree
ME 437,FFree,FFree,FFree,FFree,FFree,FFree,FFree,FFree,FFree,FFree,FFree,FFree,FFree,FFree,FFree,FFree,FFree,FFree,FFree,FFree,FFree,FFree,FFree,FFree,FFree,FFree,FFree,FFree,FFree,FFree,FFree,FFree,FFree,FFree,FFree,FFree,FFree
ME 441,FFree,FFree,FFree,FFree,FFree,FFree,FFree,FFree,FFree,FFree,FFree,FFree,FFree,FFree,FFree,FFree,FFree,FFree,FFree,FFree,FFree,FFree,FFree,FFree,FFree,FFree,FFree,FFree,FFree,FFree,FFree,FFree,FFree,FFree,FFree,FFree,FFree
ME 480,FFree,FFree,FFree,FFree,FFree,FFree,,,,,,,,,,,,,,,,,,,,,,,,,,,,,,,
ME 48000,FFree,FFree,FFree,FFree,FFree,FFree,FFree,FFree,FFree,FFree,FFree,FFree,FFree,FFree,FFree,FFree,FFree,FFree,FFree,FFree,FFree,FFree,FFree,FFree,FFree,,,,,,,,,,,,
ME 48001,FFree,FFree,FFree,FFree,FFree,FFree,FFree,FFree,FFree,FFree,FFree,FFree,FFree,FFree,FFree,FFree,FFree,FFree,FFree,FFree,FFree,FFree,FFree,FFree,FFree,,,,,,,,,,,,
ME 48002,FFree,FFree,FFree,FFree,FFree,FFree,FFree,FFree,FFree,FFree,FFree,FFree,FFree,FFree,FFree,FFree,FFree,FFree,FFree,FFree,FFree,FFree,FFree,FFree,FFree,,,,,,,,,,,,
ME 481,FFree,FFree,FFree,FFree,FFree,FFree,,,,,,,,,,,,,,,,,,,,,,,,,,,,,,,
MGMT 201,FFree,FFree,FFree,FFree,FFree,FFree,FFree,FFree,FFree,FFree,FFree,FFree,FFree,FFree,FFree,FFree,FFree,FFree,FFree,FFree,FFree,FFree,FFree,FFree,FFree,FFree,FFree,FFree,FFree,FFree,FFree,FFree,FFree,FFree,FFree,FFree,FFree
MGMT 213,FFree,FFree,FFree,FFree,FFree,FFree,FFree,FFree,FFree,FFree,FFree,FFree,FFree,FFree,FFree,FFree,FFree,FFree,FFree,FFree,FFree,FFree,FFree,FFree,FFree,FFree,FFree,FFree,FFree,FFree,FFree,FFree,FFree,FFree,FFree,FFree,FFree
MGMT 301,FFree,FFree,FFree,FFree,FFree,FFree,FFree,FFree,FFree,FFree,FFree,FFree,FFree,FFree,FFree,FFree,FFree,FFree,FFree,FFree,FFree,FFree,FFree,FFree,FFree,FFree,FFree,FFree,FFree,FFree,FFree,FFree,FFree,FFree,FFree,FFree,FFree
MGMT 302,FFree,FFree,FFree,FFree,FFree,FFree,FFree,FFree,FFree,FFree,FFree,FFree,FFree,FFree,FFree,FFree,FFree,FFree,FFree,FFree,FFree,FFree,FFree,FFree,FFree,FFree,FFree,FFree,FFree,FFree,FFree,FFree,FFree,FFree,FFree,FFree,FFree
MGMT 309,FFree,FFree,FFree,FFree,FFree,FFree,FFree,FFree,FFree,FFree,FFree,FFree,FFree,FFree,FFree,FFree,FFree,FFree,FFree,FFree,FFree,FFree,FFree,FFree,FFree,FFree,FFree,FFree,FFree,FFree,FFree,FFree,FFree,FFree,FFree,FFree,FFree
MGMT 310,FFree,FFree,FFree,FFree,FFree,FFree,FFree,FFree,FFree,FFree,FFree,FFree,FFree,FFree,FFree,FFree,FFree,FFree,FFree,FFree,FFree,FFree,FFree,FFree,FFree,FFree,FFree,FFree,FFree,FFree,FFree,FFree,FFree,FFree,FFree,FFree,FFree
MGMT 333,FFree,FFree,FFree,FFree,FFree,FFree,FFree,FFree,FFree,FFree,FFree,FFree,FFree,FFree,FFree,FFree,FFree,FFree,FFree,FFree,FFree,FFree,FFree,FFree,FFree,FFree,FFree,FFree,FFree,FFree,FFree,FFree,FFree,FFree,FFree,FFree,FFree
MGMT 401,FFree,FFree,FFree,FFree,FFree,FFree,FFree,FFree,FFree,FFree,FFree,FFree,FFree,FFree,FFree,FFree,FFree,FFree,FFree,FFree,FFree,FFree,FFree,FFree,FFree,FFree,FFree,FFree,FFree,FFree,FFree,FFree,FFree,FFree,FFree,FFree,FFree
MGMT 402,FFree,FFree,FFree,FFree,FFree,FFree,FFree,FFree,FFree,FFree,FFree,FFree,FFree,FFree,FFree,FFree,FFree,FFree,FFree,FFree,FFree,FFree,FFree,FFree,FFree,FFree,FFree,FFree,FFree,FFree,FFree:M,FFree:M,FFree:M,FFree:M,FFree:M,FFree:M,FFree:M
MGMT 403,FFree,FFree,FFree,FFree,FFree,FFree,FFree,FFree,FFree,FFree,FFree,FFree,FFree,FFree,FFree,FFree,FFree,FFree,FFree,FFree,FFree,FFree,FFree,FFree,FFree,FFree,FFree,FFree,FFree,FFree,FFree,FFree,FFree,FFree,FFree,FFree,FFree
MGMT 404,FFree,FFree,FFree,FFree,FFree,FFree,FFree,FFree,FFree,FFree,FFree,FFree,FFree,FFree,FFree,FFree,FFree,FFree,FFree,FFree,FFree,FFree,FFree,FFree,FFree,FFree,FFree,FFree,FFree,FFree,FFree,FFree,FFree,FFree,FFree,FFree,FFree
MGMT 405,FFree,FFree,FFree,FFree,FFree,FFree,FFree,FFree,FFree,FFree,FFree,FFree,FFree,FFree,FFree,FFree,FFree,FFree,FFree,FFree,FFree,FFree,FFree,FFree,FFree,FFree,FFree,FFree,FFree,FFree,FFree,FFree,FFree,FFree,FFree,FFree,FFree
MGMT 406,FFree,FFree,FFree,FFree,FFree,FFree,FFree,FFree,FFree,FFree,FFree,FFree,FFree,FFree,FFree,FFree,FFree,FFree,FFree,FFree,FFree,FFree,,,,,,,,,,,,,,,
MGMT 407,FFree,FFree,FFree,FFree,FFree,FFree,FFree,FFree,FFree,FFree,FFree,FFree,FFree,FFree,FFree,FFree,FFree,FFree,FFree,FFree,FFree,FFree,,,,,,,,,,,,,,,
MGMT 408,FFree,FFree,FFree,FFree,FFree,FFree,FFree,FFree,FFree,FFree,FFree,FFree,FFree,FFree,,,,,,,,,,,,,,,,,,,,,,,
MGMT 409,FFree,FFree,FFree,FFree,FFree,FFree,FFree,FFree,FFree,FFree,FFree,FFree,FFree,FFree,,,,,,,,,,,,,,,,,,,,,,,
MGMT 410,FFree,FFree,FFree,FFree,FFree,FFree,FFree,FFree,FFree,FFree,FFree,FFree,FFree,FFree,FFree,FFree,FFree,FFree,FFree,FFree,FFree,FFree,FFree,FFree,FFree,FFree,FFree,FFree,FFree,FFree,FFree,FFree,FFree,FFree,FFree,FFree,FFree
MGMT 411,FFree,FFree,FFree,FFree,FFree,FFree,FFree,FFree,FFree,FFree,FFree,FFree,FFree,FFree,FFree,FFree,FFree,FFree,FFree,FFree,FFree,FFree,FFree,FFree,FFree,FFree,FFree,FFree,FFree,FFree,FFree,FFree,FFree,FFree,FFree,FFree,FFree
MGMT 412,FFree,FFree,FFree,FFree,FFree,FFree,FFree,FFree,FFree,FFree,FFree,FFree,FFree,FFree,FFree,FFree,FFree,FFree,FFree,FFree,FFree,FFree,FFree,FFree,FFree,FFree,FFree,FFree,FFree,FFree,FFree,FFree,FFree,FFree,FFree,FFree,FFree
MGMT 413,FFree,FFree,FFree,FFree,FFree,FFree,FFree,FFree,FFree,FFree,FFree,FFree,FFree,FFree,FFree,FFree,FFree,FFree,FFree,FFree,FFree,FFree,FFree,FFree,FFree,FFree,FFree,FFree,FFree,FFree,FFree,FFree,FFree,FFree,FFree,FFree,FFree
MGMT 414,FFree,FFree,FFree,FFree,FFree,FFree,FFree,FFree,FFree,FFree,FFree,FFree,FFree,FFree,FFree,FFree,FFree,FFree,FFree,FFree,FFree,FFree,FFree,FFree,FFree,FFree,FFree,FFree,FFree,FFree,FFree,FFree,FFree,FFree,FFree,FFree,FFree
MGMT 415,FFree,FFree,FFree,FFree,FFree,FFree,FFree,FFree,FFree,FFree,FFree,FFree,FFree,FFree,FFree,FFree,FFree,FFree,FFree,FFree,FFree,FFree,FFree,FFree,FFree,FFree,FFree,FFree,FFree,FFree,FFree,FFree,FFree,FFree,FFree,FFree,FFree
MGMT 416,FFree,FFree,FFree,FFree,FFree,FFree,FFree,FFree,FFree,FFree,,,,,,,,,,,,,,,,,,,,,,,,,,,
MGMT 417,FFree,FFree,FFree,FFree,FFree,FFree,FFree,FFree,FFree,FFree,FFree,FFree,FFree,FFree,FFree,FFree,FFree,FFree,FFree,FFree,FFree,FFree,FFree,FFree,FFree,FFree,FFree,FFree,FFree,FFree,FFree,FFree,FFree,FFree,FFree,FFree,FFree
MGMT 418,FFree,FFree,FFree,FFree,FFree,FFree,FFree,FFree,FFree,FFree,FFree,FFree,FFree,FFree,FFree,FFree,FFree,FFree,FFree,FFree,FFree,FFree,FFree,FFree,FFree,FFree,FFree,FFree,FFree,FFree,FFree,FFree,FFree,FFree,FFree,FFree,FFree
MGMT 419,FFree,FFree,FFree,FFree,FFree,FFree,FFree,FFree,FFree,FFree,FFree,FFree,FFree,FFree,FFree,FFree,FFree,FFree,FFree,FFree,FFree,FFree,FFree,FFree,FFree,FFree,FFree,FFree,FFree,FFree,FFree,FFree,FFree,FFree,FFree,FFree,FFree
MGMT 420,FFree,FFree,FFree,FFree,FFree,FFree,FFree,FFree,FFree,FFree,FFree,FFree,FFree,FFree,FFree,FFree,FFree,FFree,FFree,FFree,FFree,FFree,,,,,,,,,,,,,,,
MGMT 421,FFree,FFree,FFree,FFree,FFree,FFree,FFree,FFree,FFree,FFree,FFree,FFree,FFree,FFree,FFree,FFree,FFree,FFree,FFree,FFree,FFree,FFree,FFree,FFree,FFree,FFree,FFree,FFree,FFree,FFree,FFree,FFree,FFree,FFree,FFree,FFree,FFree
MGMT 422,FFree,FFree,FFree,FFree,FFree,FFree,FFree,FFree,FFree,FFree,FFree,FFree,FFree,FFree,FFree,FFree,FFree,FFree,FFree,FFree,,,,,,,,,,,,,,,,,
MGMT 423,FFree,FFree,FFree,FFree,FFree,FFree,FFree,FFree,FFree,FFree,FFree,FFree,FFree,FFree,FFree,FFree,FFree,FFree,FFree,FFree,FFree,FFree,FFree,FFree,FFree,FFree,FFree,FFree,FFree,FFree,FFree,FFree,FFree,FFree,FFree,FFree,FFree
MGMT 424,FFree,FFree,FFree,FFree,FFree,FFree,FFree,FFree,FFree,FFree,FFree,FFree,FFree,FFree,FFree,FFree,FFree,FFree,FFree,FFree,FFree,FFree,FFree,FFree,FFree,FFree,FFree,FFree,FFree,FFree,FFree,FFree,FFree,FFree,FFree,FFree,FFree
MGMT 425,FFree,FFree,FFree,FFree,FFree,FFree,FFree,FFree,FFree,FFree,FFree,FFree,FFree,FFree,FFree,FFree,FFree,FFree,FFree,FFree,FFree,FFree,FFree,FFree,FFree,FFree,FFree,FFree,FFree,FFree,FFree,FFree,FFree,FFree,FFree,FFree,FFree
MGMT 426,FFree,FFree,FFree,FFree,FFree,FFree,FFree,FFree,FFree,FFree,FFree,FFree,FFree,FFree,FFree,FFree,FFree,FFree,FFree,FFree,FFree,FFree,FFree,FFree,FFree,FFree,FFree,FFree,FFree,FFree,FFree,FFree,FFree,FFree,FFree,FFree,FFree
MGMT 450,FFree,FFree,FFree,FFree,FFree,FFree,FFree,FFree,FFree,FFree,FFree,FFree,FFree,FFree,FFree,FFree,,,,,,,,,,,,,,,,,,,,,
MGMT 451,FFree,FFree,FFree,FFree,FFree,FFree,FFree,FFree,FFree,FFree,FFree,FFree,FFree,FFree,FFree,FFree,FFree,FFree,FFree,,,,,,,,,,,,,,,,,,
MGMT 491,FFree,FFree,FFree,FFree,FFree,FFree,FFree,FFree,FFree,FFree,FFree,FFree,FFree,FFree,FFree,FFree,FFree,FFree,FFree,FFree,FFree,FFree,FFree,FFree,FFree,FFree,FFree,FFree,FFree,FFree,FFree,FFree,FFree,FFree,FFree,FFree,FFree
MGMT 492,FFree,FFree,FFree,FFree,FFree,FFree,FFree,FFree,FFree,FFree,FFree,FFree,FFree,FFree,FFree,FFree,FFree,FFree,FFree,FFree,FFree,FFree,FFree,FFree,FFree,FFree,FFree,FFree,FFree,FFree,FFree,FFree,FFree,FFree,FFree,FFree,FFree
MGMT 495,FFree,FFree,FFree,FFree,FFree,FFree,FFree,FFree,FFree,FFree,FFree,FFree,FFree,FFree,FFree,FFree,FFree,FFree,FFree,FFree,FFree,FFree,FFree,FFree,FFree,FFree,FFree,FFree,FFree,FFree,FFree,FFree,FFree,FFree,FFree,FFree,FFree
MGMT 496,FFree,FFree,FFree,FFree,FFree,FFree,FFree,FFree,FFree,FFree,FFree,FFree,FFree,FFree,FFree,FFree,FFree,FFree,FFree,FFree,FFree,FFree,FFree,FFree,FFree,FFree,FFree,FFree,FFree,FFree,FFree,FFree,FFree,FFree,FFree,FFree,FFree
MGMT 499,FFree,FFree,FFree,FFree,FFree,FFree,FFree,FFree,FFree,FFree,FFree,FFree,FFree,FFree,FFree,FFree,FFree,FFree,FFree,FFree,FFree,FFree,FFree,FFree,FFree,FFree,FFree,FFree,FFree,FFree,FFree,FFree,FFree,FFree,FFree,FFree,FFree
MKTG 301,FFree:M,FFree:M,FFree:M,FFree:M,FFree:M,FFree:M,FFree:M,FFree:M,FFree:M,FFree:M,FFree:M,FFree:M,FFree:M,FFree:M,FFree:M,FFree:M,FFree:M,FFree:M,FFree:M,FFree:M,FFree:M,FFree:M,FFree:M,FFree:M,FFree:M,FFree:M,FFree:M,FFree:M,FFree:M,FFree:M,FFree:M,FFree:M,FFree:M,FFree:M,FFree:M,FFree:M,FFree:M
MKTG 401,FFree,FFree,FFree,FFree,FFree,FFree,FFree,FFree,FFree,FFree,FFree,FFree,FFree,FFree,FFree,FFree,FFree,FFree,FFree,FFree,FFree,FFree,FFree,FFree,FFree,FFree,FFree,FFree,FFree,FFree,FFree,FFree,FFree,FFree,FFree,FFree,FFree
MKTG 402,FFree,FFree,FFree,FFree,FFree,FFree,FFree,FFree,FFree,FFree,FFree,FFree,FFree,FFree,FFree,FFree,FFree,FFree,FFree,FFree,FFree,FFree,FFree,FFree,FFree,FFree,FFree,FFree,FFree,FFree,FFree,FFree,FFree,FFree,FFree,FFree,FFree
MKTG 403,FFree,FFree,FFree,FFree,FFree,FFree,FFree,FFree,FFree,FFree,FFree,FFree,FFree,FFree,FFree,FFree,FFree,,,,,,,,,,,,,,,,,,,,
MKTG 404,FFree,FFree,FFree,FFree,FFree,FFree,FFree,FFree,FFree,FFree,FFree,FFree,FFree,FFree,FFree,FFree,FFree,FFree,FFree,FFree,FFree,FFree,FFree,FFree,FFree,FFree,FFree,FFree,FFree,FFree,FFree,FFree,FFree,FFree,FFree,FFree,FFree
MKTG 405,FFree,FFree,FFree,FFree,FFree,FFree,FFree,FFree,FFree,FFree,FFree,FFree,FFree,FFree,FFree,FFree,FFree,FFree,FFree,FFree,FFree,FFree,FFree,FFree,FFree,FFree,FFree,FFree,FFree,FFree,FFree,FFree,FFree,FFree,FFree,FFree,FFree
MKTG 406,FFree,FFree,FFree,FFree,FFree,FFree,FFree,FFree,FFree,FFree,FFree,FFree,FFree,FFree,FFree,FFree,FFree,FFree,FFree,FFree,FFree,FFree,FFree,FFree,FFree,FFree,FFree,FFree,FFree,FFree,FFree,FFree,FFree,FFree,FFree,FFree,FFree
MKTG 407,FFree,FFree,FFree,FFree,FFree,FFree,FFree,FFree,FFree,FFree,FFree,FFree,FFree,FFree,FFree,FFree,FFree,FFree,FFree,FFree,FFree,FFree,FFree,FFree,FFree,FFree,FFree,FFree,FFree,FFree,FFree,FFree,FFree,FFree,FFree,FFree,FFree
MKTG 409,FFree,FFree,FFree,FFree,FFree,FFree,FFree,FFree,FFree,FFree,FFree,FFree,FFree,FFree,FFree,FFree,FFree,FFree,FFree,FFree,FFree,FFree,FFree,FFree,FFree,FFree,FFree,FFree,FFree,FFree,FFree,FFree,FFree,FFree,FFree,FFree,FFree
MKTG 410,FFree,FFree,FFree,FFree,FFree,FFree,FFree,FFree,FFree,FFree,FFree,FFree,FFree,FFree,FFree,FFree,FFree,FFree,FFree,FFree,FFree,FFree,FFree,FFree,FFree,FFree,FFree,FFree,FFree,FFree,FFree,FFree,FFree,FFree,FFree,FFree,FFree
MKTG 411,FFree,FFree,FFree,FFree,FFree,FFree,FFree,FFree,FFree,FFree,FFree,FFree,FFree,FFree,FFree,FFree,FFree,FFree,FFree,FFree,FFree,FFree,FFree,FFree,FFree,FFree,FFree,FFree,FFree,FFree,FFree,FFree,FFree,FFree,FFree,FFree,FFree
MKTG 412,FFree,FFree,FFree,FFree,FFree,FFree,FFree,FFree,FFree,FFree,FFree,FFree,FFree,FFree,FFree,FFree,FFree,FFree,FFree,FFree,FFree,FFree,FFree,FFree,FFree,FFree,FFree,FFree,FFree,FFree,FFree,FFree,FFree,FFree,FFree,FFree,FFree
MKTG 413,FFree,FFree,FFree,FFree,FFree,FFree,FFree,FFree,FFree,FFree,FFree,FFree,FFree,FFree,FFree,FFree,FFree,FFree,FFree,FFree,FFree,FFree,FFree,FFree,FFree,FFree,FFree,FFree,FFree,FFree,FFree,FFree,FFree,FFree,FFree,FFree,FFree
MKTG 414,FFree,FFree,FFree,FFree,FFree,FFree,FFree,FFree,FFree,FFree,FFree,FFree,FFree,FFree,FFree,FFree,FFree,FFree,FFree,FFree,FFree,FFree,FFree,FFree,FFree,FFree,FFree,FFree,FFree,FFree,FFree,FFree,FFree,FFree,FFree,FFree,FFree
MKTG 450,FFree,FFree,FFree,FFree,FFree,FFree,FFree,FFree,FFree,FFree,FFree,FFree,FFree,FFree,,,,,,,,,,,,,,,,,,,,,,,
MKTG 451,FFree,FFree,FFree,FFree,FFree,FFree,FFree,FFree,FFree,FFree,FFree,FFree,FFree,FFree,,,,,,,,,,,,,,,,,,,,,,,
NS 200,FFree,FFree,FFree,FFree,FFree,FFree,FFree,FFree,FFree,FFree,FFree,FFree,FFree,FFree,FFree,FFree,FFree,FFree,FFree,FFree,FFree,FFree,FFree,FFree,FFree,FFree,FFree,FFree,FFree,FFree,FFree,FFree,FFree,FFree,FFree,FFree,FFree
NS 201,FFree:E,FFree:E,FFree:E,FFree:E,FFree:E,FFree:E,FFree:E,FFree:E,FFree:E,FFree:E,FFree:E,FFree:E,FFree:E,FFree:E,FFree:E,FFree:E,FFree:E,FFree:E,FFree:E,FFree:E,FFree:E,FFree:E,FFree:E,FFree:E,FFree:E,FFree:E,FFree:E,FFree:E,FFree:E,FFree:E,FFree:E,FFree:E,FFree:E,FFree:E,FFree:E,FFree:E,FFree:E
NS 206,FFree,FFree,FFree,FFree,FFree,FFree,FFree,FFree,FFree,FFree,FFree,FFree,FFree,FFree,FFree,FFree,FFree,FFree,FFree,FFree,FFree,FFree,FFree,FFree,FFree,FFree,FFree,FFree,FFree,FFree,FFree,FFree,FFree,FFree,FFree,FFree,FFree
NS 207,FFree:E,FFree:E,FFree:E,FFree:E,FFree:E,FFree:E,FFree:E,FFree:E,FFree:E,FFree:E,FFree:E,FFree:E,FFree:E,FFree:E,FFree:E,FFree:E,FFree:E,FFree:E,FFree:E,FFree:E,FFree:E,FFree:E,FFree:E,FFree:E,FFree:E,FFree:E,FFree:E,FFree:E,FFree:E,FFree:E,FFree:E,FFree:E,FFree:E,FFree:E,FFree:E,FFree:E,FFree:E
NS 208,FFree,FFree,FFree,FFree,FFree,FFree,FFree,FFree,FFree,FFree,FFree,FFree,FFree,FFree,FFree,FFree,FFree,FFree,FFree,FFree,FFree,FFree,FFree,FFree,FFree,FFree,FFree,FFree,FFree,FFree,FFree,FFree,FFree,FFree,FFree,FFree,FFree
NS 209,FFree,FFree,FFree,FFree,FFree,FFree,FFree,FFree,FFree,FFree,FFree,FFree,FFree,FFree,FFree,FFree,FFree,FFree,FFree,FFree,FFree,FFree,FFree,FFree,FFree,FFree,FFree,FFree,FFree,FFree,FFree,FFree,FFree,FFree,FFree,FFree,FFree
NS 210,FFree,FFree,FFree,FFree,FFree,FFree,FFree,FFree,FFree,FFree,FFree,FFree,FFree,FFree,FFree,FFree,FFree,FFree,FFree,FFree,FFree,FFree,FFree,FFree,FFree,,,,,,,,,,,,
NS 212,FFree,FFree,FFree,FFree,FFree,FFree,FFree,FFree,FFree,FFree,FFree,FFree,FFree,FFree,FFree,FFree,FFree,FFree,FFree,FFree,FFree,FFree,FFree,FFree,FFree,,,,,,,,,,,,
NS 214,FFree,FFree,FFree,FFree,FFree,FFree,FFree,FFree,FFree,FFree,FFree,FFree,FFree,FFree,FFree,FFree,FFree,FFree,FFree:E,FFree:E,FFree:E,FFree:E,FFree:E,FFree:E,FFree:E,FFree:E,FFree:E,FFree:E,FFree:E,FFree:E,FFree:E,FFree:E,FFree:E,FFree:E,FFree:E,FFree:E,FFree:E
NS 216,FFree,FFree,FFree,FFree,FFree,FFree,FFree,FFree,FFree,FFree,FFree,FFree,FFree,FFree,FFree,FFree,FFree,FFree,FFree:E,FFree:E,FFree:E,FFree:E,FFree:E,FFree:E,FFree:E,FFree:E,FFree:E,FFree:E,FFree:E,FFree:E,FFree:E,FFree:E,FFree:E,FFree:E,FFree:E,FFree:E,FFree:E
NS 218,FFree,FFree,FFree,FFree,FFree,FFree,FFree,FFree,FFree,FFree,FFree,FFree,FFree,FFree,FFree,FFree,FFree,FFree,FFree:E,FFree:E,FFree:E,FFree:E,FFree:E,FFree:E,FFree:E,FFree:E,FFree:E,FFree:E,FFree:E,FFree:E,FFree:E,FFree:E,FFree:E,FFree:E,FFree:E,FFree:E,FFree:E
NS 220,FFree,FFree,FFree,FFree,FFree,FFree,FFree,FFree,FFree,FFree,FFree,FFree,FFree,FFree,FFree,FFree,FFree,FFree,FFree,FFree,FFree,FFree,FFree,FFree,FFree,FFree,FFree,,,,,,,,,,
NS 222,FFree,FFree,FFree,FFree,FFree,FFree,FFree,FFree,FFree,FFree,FFree,FFree,FFree,FFree,FFree,FFree,FFree,FFree,FFree,FFree,FFree,FFree,FFree,,,,,,,,,,,,,,
NS 224,FFree,FFree,FFree,FFree,FFree,FFree,FFree,FFree,FFree,,,,,,,,,,,,,,,,,,,,,,,,,,,,
NS 48000,FFree,FFree,FFree,FFree,FFree,FFree,FFree,FFree,FFree,FFree,FFree,FFree,FFree,FFree,FFree,FFree,FFree,FFree,FFree,FFree,FFree,FFree,FFree,FFree,FFree,FFree,FFree,FFree,FFree,FFree,,,,,,,
OPIM 301,FFree,FFree,FFree,FFree,FFree,FFree,FFree,FFree,FFree,FFree,FFree,FFree,FFree,FFree,FFree,FFree,FFree,FFree,FFree,FFree,FFree,FFree,FFree,FFree,FFree,FFree,FFree,FFree,FFree,FFree,FFree,FFree,FFree,FFree,FFree,FFree,FFree
OPIM 401,FFree,FFree,FFree,FFree,FFree,FFree,FFree,FFree,FFree,FFree,FFree,FFree,FFree,FFree,FFree,FFree,FFree,FFree,FFree,FFree,FFree,FFree,FFree,FFree,FFree,FFree,FFree,FFree,FFree,FFree,FFree,FFree,FFree,FFree,FFree,FFree,FFree
OPIM 403,FFree,FFree,FFree,FFree,FFree,FFree,FFree,FFree,FFree,FFree,FFree,FFree,FFree,FFree,FFree,FFree,FFree,FFree,FFree,FFree,FFree,FFree,FFree,FFree,FFree,FFree,,,,,,,,,,,
OPIM 405,FFree,FFree,FFree,FFree,FFree,FFree,FFree,FFree,FFree,FFree,FFree,FFree,FFree,FFree,FFree,FFree,FFree,FFree,FFree,FFree,FFree,FFree,FFree,FFree,FFree,FFree,,,,,,,,,,,
OPIM 410,FFree,FFree,FFree,FFree,FFree,FFree,FFree,FFree,FFree,FFree,FFree,FFree,FFree,FFree,FFree,FFree,FFree,FFree,FFree,FFree,FFree,FFree,FFree,FFree,FFree,FFree,FFree,FFree,FFree,FFree,FFree,FFree,FFree,FFree,FFree,FFree,FFree
OPIM 411,FFree,FFree,FFree,FFree,FFree,FFree,FFree,FFree,FFree,FFree,,,,,,,,,,,,,,,,,,,,,,,,,,,
OPIM 412,FFree,FFree,FFree,FFree,FFree,FFree,FFree,FFree,FFree,FFree,FFree,FFree,FFree,FFree,FFree,FFree,FFree,FFree,FFree,FFree,FFree,FFree,FFree,FFree,FFree,FFree,FFree,FFree,FFree,FFree,FFree,FFree,FFree,FFree,FFree,FFree,FFree
OPIM 413,FFree,FFree,FFree,FFree,FFree,FFree,FFree,FFree,FFree,FFree,FFree,FFree,FFree,FFree,FFree,FFree,FFree,FFree,FFree,FFree,FFree,FFree,FFree,FFree,FFree,FFree,FFree,FFree,FFree,FFree,FFree,FFree,FFree,FFree,FFree,FFree,FFree
OPIM 416,FFree,FFree,FFree,FFree,FFree,FFree,FFree,FFree,FFree,FFree,FFree,FFree,FFree,FFree,FFree,FFree,FFree,FFree,FFree,FFree,FFree,FFree,FFree,FFree,FFree,FFree,,,,,,,,,,,
OPIM 450,FFree,FFree,FFree,FFree,FFree,FFree,FFree,FFree,FFree,FFree,FFree,FFree,FFree,FFree,,,,,,,,,,,,,,,,,,,,,,,
OPIM 451,FFree,FFree,FFree,FFree,FFree,FFree,FFree,FFree,FFree,FFree,FFree,FFree,FFree,FFree,,,,,,,,,,,,,,,,,,,,,,,
OPIM 452,FFree,FFree,FFree,FFree,FFree,FFree,FFree,FFree,FFree,FFree,FFree,FFree,FFree,FFree,,,,,,,,,,,,,,,,,,,,,,,
OPIM 453,FFree,FFree,FFree,FFree,FFree,FFree,FFree,FFree,FFree,FFree,FFree,FFree,FFree,FFree,,,,,,,,,,,,,,,,,,,,,,,
ORG 301,FFree:M,FFree:M,FFree:M,FFree:M,FFree:M,FFree:M,FFree:M,FFree:M,FFree:M,FFree:M,FFree:M,FFree:M,FFree:M,FFree:M,FFree:M,FFree:M,FFree:M,FFree:M,FFree:M,FFree:M,FFree:M,FFree:M,FFree:M,FFree:M,FFree:M,FFree:M,FFree:M,FFree:M,FFree:M,FFree:M,FFree:M,FFree:M,FFree:M,FFree:M,FFree:M,FFree:M,FFree:M
ORG 302,FFree,FFree,FFree,FFree,FFree,FFree,FFree,FFree,FFree,FFree,FFree,FFree,FFree,FFree,FFree,FFree,FFree,FFree,FFree,FFree,FFree,FFree,FFree,FFree,FFree,FFree,FFree,FFree,FFree,FFree,FFree:M,FFree:M,FFree:M,FFree:M,FFree:M,FFree:M,FFree:M
ORG 401,FFree,FFree,FFree,FFree,FFree,FFree,FFree,FFree,FFree,FFree,FFree,FFree,FFree,FFree,FFree,FFree,FFree,FFree,FFree,FFree,FFree,FFree,FFree,FFree,FFree,FFree,FFree,FFree,FFree,FFree,FFree,FFree,FFree,FFree,FFree,FFree,FFree
ORG 402,FFree,FFree,FFree,FFree,FFree,FFree,FFree,,,,,,,,,,,,,,,,,,,,,,,,,,,,,,
ORG 403,FFree,FFree,FFree,FFree,FFree,FFree,FFree,FFree,FFree,FFree,FFree,FFree,FFree,FFree,FFree,FFree,FFree,FFree,FFree,FFree,FFree,FFree,FFree,FFree,FFree,FFree,FFree,FFree,FFree,FFree,FFree,FFree,FFree,FFree,FFree,FFree,FFree
ORG 404,FFree,FFree,FFree,FFree,FFree,FFree,FFree,FFree,FFree,FFree,FFree,FFree,FFree,FFree,FFree,FFree,FFree,FFree,FFree,FFree,FFree,FFree,FFree,FFree,FFree,FFree,FFree,FFree,FFree,FFree,FFree,FFree,FFree,FFree,FFree,FFree,FFree
ORG 405,FFree,FFree,FFree,FFree,FFree,FFree,FFree,FFree,FFree,FFree,FFree,FFree,FFree,FFree,FFree,FFree,FFree,FFree,FFree,FFree,FFree,FFree,FFree,FFree,FFree,FFree,FFree,FFree,FFree,FFree,FFree,FFree,FFree,FFree,FFree,FFree,FFree
ORG 450,FFree,FFree,FFree,FFree,FFree,FFree,FFree,FFree,FFree,FFree,FFree,FFree,FFree,FFree,FFree,FFree,FFree,FFree,FFree,FFree,,,,,,,,,,,,,,,,,
ORG 451,FFree,FFree,FFree,FFree,FFree,FFree,FFree,FFree,FFree,FFree,FFree,FFree,FFree,FFree,FFree,FFree,FFree,FFree,FFree,,,,,,,,,,,,,,,,,,
PHIL 201,FFree,FFree,FFree,FFree,FFree,FFree,FFree,FFree,FFree,FFree,FFree,FFree,FFree,FFree,FFree,FFree,FFree,FFree,,,,,,,,,,,,,,,,,,,
PHIL 202,FFree,FFree,FFree,FFree,FFree,FFree,FFree,FFree,FFree,FFree,FFree,FFree,FFree,FFree,FFree,FFree,FFree,FFree,FFree,FFree,FFree,FFree,FFree,FFree,FFree,FFree,FFree,FFree,FFree,FFree,FFree:A,FFree:A,FFree:A,FFree:A,FFree:A,FFree:A,FFree:A
PHIL 240,FFree,FFree,FFree,FFree,FFree,FFree,FFree,FFree,FFree,FFree,FFree,FFree,FFree,FFree,FFree,FFree,FFree,FFree,,,,,,,,,,,,,,,,,,,
PHIL 300,FFree,FFree,FFree,FFree,FFree,FFree,FFree,FFree,FFree,FFree,FFree,FFree,FFree,FFree,FFree,FFree,FFree,FFree,FFree,FFree,FFree,FFree,FFree,FFree,FFree,FFree,FFree,FFree,FFree,FFree,FFree,FFree,FFree,FFree,FFree,FFree,FFree
PHIL 301,FFree,FFree,FFree,FFree,FFree,FFree,FFree,FFree,FFree,FFree,FFree,FFree,FFree,FFree,FFree,FFree,FFree,FFree,FFree,FFree,FFree,FFree,FFree,FFree,FFree,FFree,FFree,FFree,FFree,FFree,FFree,FFree,FFree,FFree,FFree,FFree,FFree
PHIL 310,FFree,FFree,FFree,FFree,FFree,FFree,FFree,FFree,FFree,FFree,FFree,FFree,FFree,FFree,FFree,FFree,FFree,FFree,FFree,FFree,FFree,FFree,FFree,FFree,FFree,FFree,FFree,FFree,FFree,FFree,FFree,FFree,FFree,FFree,FFree,FFree,FFree
PHIL 313,FFree,FFree,FFree,FFree,FFree,FFree,,,,,,,,,,,,,,,,,,,,,,,,,,,,,,,
PHIL 321,FFree,FFree,FFree,FFree,FFree,FFree,FFree,FFree,FFree,FFree,FFree,FFree,FFree,FFree,FFree,FFree,FFree,FFree,FFree,FFree,FFree,FFree,FFree,FFree,FFree,FFree,FFree,FFree,FFree,FFree,FFree:A,FFree:A,FFree:A,FFree:A,FFree:A,FFree:A,FFree:A
PHIL 322,FFree,FFree,FFree,FFree,FFree,FFree,FFree,FFree,FFree,FFree,FFree,FFree,FFree,FFree,FFree,FFree,FFree,FFree,FFree,FFree,FFree,FFree,FFree,FFree,FFree,FFree,FFree,FFree,FFree,FFree,FFree,FFree,FFree,FFree,FFree,FFree,FFree
PHIL 323,FFree,FFree,FFree,FFree,FFree,FFree,,,,,,,,,,,,,,,,,,,,,,,,,,,,,,,
PHIL 340,FFree,FFree,FFree,FFree,FFree,FFree,FFree,FFree,FFree,FFree,FFree,FFree,FFree,FFree,FFree,FFree,FFree,FFree,FFree,FFree,FFree,FFree,,,,,,,,,,,,,,,
PHIL 342,FFree,FFree,FFree,FFree,FFree,FFree,FFree,FFree,FFree,,,,,,,,,,,,,,,,,,,,,,,,,,,,
PHIL 370,FFree,FFree,FFree,FFree,FFree,FFree,FFree,FFree,FFree,FFree,FFree,FFree,FFree,FFree,FFree,FFree,FFree,FFree,FFree,FFree,FFree,FFree,FFree,FFree,FFree,FFree,FFree,FFree,FFree,FFree,FFree,FFree,FFree,FFree,FFree,FFree,FFree
PHIL 399,FFree,FFree,FFree,FFree,FFree,FFree,FFree,FFree,FFree,FFree,FFree,FFree,FFree,FFree,FFree,FFree,FFree,FFree,FFree,FFree,FFree,FFree,FFree,FFree,FFree,FFree,FFree,FFree,FFree,FFree,FFree,FFree,FFree,FFree,FFree,FFree,FFree
PHIL 401,FFree,FFree,FFree,FFree,FFree,FFree,FFree,FFree,FFree,FFree,FFree,FFree,FFree,FFree,FFree,FFree,FFree,FFree,FFree,FFree,FFree,FFree,FFree,FFree,FFree,FFree,FFree,FFree,FFree,FFree,FFree,FFree,FFree,FFree,FFree,FFree,FFree
PHIL 450,FFree,FFree,FFree,FFree,FFree,FFree,FFree,FFree,FFree,FFree,FFree,FFree,FFree,FFree,FFree,FFree,FFree,FFree,FFree,FFree,FFree,FFree,FFree,FFree,FFree,FFree,FFree,FFree,FFree,FFree,FFree,FFree,FFree,FFree,FFree,FFree,FFree
PHIL 460,FFree,FFree,FFree,FFree,FFree,FFree,FFree,FFree,FFree,FFree,FFree,FFree,FFree,FFree,FFree,FFree,FFree,FFree,FFree,FFree,FFree,FFree,FFree,FFree,FFree,FFree,FFree,FFree,FFree,FFree,FFree,FFree,FFree,FFree,FFree,FFree,FFree
PHYS 211,FFree,FFree,FFree,FFree,FFree,FFree,FFree,FFree,FFree,FFree,FFree,FFree,FFree,FFree,FFree,FFree,FFree,FFree,FFree:E,FFree:E,FFree:E,FFree:E,FFree:E,FFree:E,FFree:E,FFree:E,FFree:E,FFree:E,FFree:E,FFree:E,FFree:E,FFree:E,FFree:E,FFree:E,FFree:E,FFree:E,FFree:E
PHYS 302,FFree,FFree,FFree,FFree,FFree,FFree,FFree,FFree,FFree,FFree,FFree,FFree,FFree,FFree,FFree,FFree,FFree,FFree,FFree,FFree,FFree,FFree,FFree,FFree,FFree,FFree,FFree,FFree,FFree,FFree,FFree,FFree,FFree,FFree,FFree,FFree,FFree
PHYS 303,FFree:E,FFree:E,FFree:E,FFree:E,FFree:E,FFree:E,FFree:E,FFree:E,FFree:E,FFree:E,FFree:E,FFree:E,FFree:E,FFree:E,FFree:E,FFree:E,FFree:E,FFree:E,FFree,FFree,FFree,FFree,FFree,FFree,FFree,FFree,FFree,FFree,FFree,FFree,FFree,FFree,FFree,FFree,FFree,FFree,FFree
PHYS 304,FFree,FFree,FFree,FFree,FFree,FFree,FFree,FFree,FFree,FFree,FFree,FFree,FFree,FFree,FFree,FFree,FFree,FFree,FFree,FFree,FFree,FFree,FFree,FFree,FFree,FFree,FFree,FFree,FFree,FFree,FFree,FFree,FFree,FFree,FFree,FFree,FFree
PHYS 313,FFree,FFree,FFree,FFree,FFree,FFree,FFree,FFree,FFree,FFree,FFree,FFree,FFree,FFree,FFree,FFree,FFree,FFree,FFree,FFree,FFree,FFree,FFree,FFree,FFree,,,,,,,,,,,,
PHYS 401,FFree,FFree,FFree,FFree,FFree,FFree,FFree,FFree,FFree,FFree,FFree,FFree,FFree,FFree,FFree,FFree,FFree,FFree,FFree,FFree,FFree,FFree,FFree,FFree,FFree,FFree,FFree,FFree,FFree,FFree,FFree,FFree,FFree,FFree,FFree,FFree,FFree
PHYS 411,FFree,FFree,FFree,FFree,FFree,FFree,FFree,FFree,FFree,FFree,FFree,FFree,FFree,FFree,FFree,FFree,FFree,FFree,FFree,FFree,FFree,FFree,FFree,FFree,FFree,FFree,FFree,FFree,FFree,FFree,FFree,FFree,FFree,FFree,FFree,FFree,FFree
PHYS 412,FFree,FFree,FFree,FFree,FFree,FFree,FFree,FFree,FFree,FFree,FFree,FFree,FFree,FFree,FFree,FFree,FFree,FFree,FFree,FFree,FFree,FFree,FFree,FFree,FFree,FFree,FFree,FFree,FFree,FFree,FFree,FFree,FFree,FFree,FFree,FFree,FFree
PHYS 438,FFree,FFree,FFree,FFree,FFree,FFree,FFree,,,,,,,,,,,,,,,,,,,,,,,,,,,,,,
PHYS 492,FFree,FFree,FFree,FFree,FFree,FFree,FFree,FFree,FFree,FFree,FFree,FFree,FFree,FFree,FFree,FFree,FFree,FFree,FFree,FFree,FFree,FFree,FFree,FFree,FFree,FFree,FFree,FFree,FFree,FFree,,,,,,,
POLS 250,FFree:A,FFree:A,FFree:A,FFree:A,FFree:A,FFree:A,FFree:A,FFree:A,FFree:A,FFree:A,FFree:A,FFree:A,FFree:A,FFree:A,FFree:A,FFree:A,FFree:A,FFree:A,FFree:A,FFree:A,FFree:A,FFree:A,FFree:A,FFree:A,FFree:A,FFree:A,FFree:A,FFree:A,FFree:A,FFree:A,FFree:A,FFree:A,FFree:A,FFree:A,FFree:A,FFree:A,FFree:A
POLS 251,FFree,FFree,FFree,FFree,FFree,FFree,FFree,FFree,FFree,FFree,FFree,FFree,FFree,FFree,FFree,FFree,FFree,FFree,FFree,FFree,FFree,FFree,FFree,FFree,FFree,FFree,FFree,FFree,FFree,FFree,FFree,FFree,FFree,FFree,FFree,FFree,FFree
POLS 301,FFree,FFree,FFree,FFree,FFree,FFree,FFree,FFree,FFree,FFree,FFree,FFree,FFree,FFree,FFree,FFree,FFree,FFree,FFree,FFree,FFree,FFree,FFree,FFree,FFree,FFree,FFree,FFree,FFree,FFree,FFree:A,FFree:A,FFree:A,FFree:A,FFree:A,FFree:A,FFree:A
POLS 302,FFree,FFree,FFree,FFree,FFree,FFree,FFree,FFree,FFree,FFree,FFree,FFree,FFree,FFree,FFree,FFree,FFree,FFree,FFree,FFree,FFree,FFree,FFree,FFree,FFree,FFree,FFree,FFree,FFree,FFree,FFree,FFree,FFree,FFree,FFree,FFree,FFree
POLS 303,FFree,FFree,FFree,FFree,FFree,FFree,FFree,FFree,FFree,FFree,FFree,FFree,FFree,FFree,FFree,FFree,FFree,FFree,FFree,FFree,FFree,FFree,FFree,FFree,FFree,FFree,FFree,FFree,FFree,FFree,FFree,FFree,FFree,FFree,FFree,FFree,FFree
POLS 304,FFree,FFree,FFree,FFree,FFree,FFree,FFree,FFree,FFree,FFree,FFree,FFree,FFree,FFree,FFree,FFree,FFree,FFree,,,,,,,,,,,,,,,,,,,
POLS 305,FFree,FFree,FFree,FFree,FFree,FFree,FFree,FFree,FFree,FFree,FFree,FFree,FFree,FFree,FFree,FFree,FFree,FFree,FFree,FFree,FFree,FFree,FFree,FFree,FFree,FFree,FFree,FFree,FFree,FFree,FFree,FFree,FFree,FFree,FFree,FFree,FFree
POLS 307,FFree,FFree,FFree,FFree,FFree,FFree,FFree,FFree,FFree,FFree,FFree,FFree,FFree,FFree,FFree,FFree,FFree,FFree,FFree,FFree,FFree,FFree,FFree,FFree,FFree,FFree,FFree,FFree,FFree,FFree,FFree,FFree,FFree,FFree,FFree,FFree,FFree
POLS 348,FFree,FFree,FFree,FFree,FFree,FFree,,,,,,,,,,,,,,,,,,,,,,,,,,,,,,,
POLS 351,FFree,FFree,FFree,FFree,FFree,FFree,FFree,FFree,FFree,FFree,FFree,FFree,FFree,FFree,FFree,FFree,FFree,FFree,FFree,FFree,FFree,FFree,FFree,FFree,FFree,FFree,FFree,FFree,FFree,FFree,FFree,FFree,FFree,FFree,FFree,FFree,FFree
POLS 352,FFree,FFree,FFree,FFree,FFree,FFree,FFree,FFree,FFree,FFree,FFree,FFree,FFree,FFree,FFree,FFree,FFree,FFree,FFree,FFree,FFree,FFree,FFree,FFree,FFree,FFree,FFree,FFree,FFree,FFree,FFree,FFree,FFree,FFree,FFree,FFree,FFree
POLS 353,FFree,FFree,FFree,FFree,FFree,FFree,FFree,FFree,FFree,FFree,FFree,FFree,FFree,FFree,FFree,FFree,FFree,FFree,FFree,FFree,FFree,FFree,FFree,FFree,FFree,FFree,FFree,FFree,FFree,FFree,FFree,FFree,FFree,FFree,FFree,FFree,FFree
POLS 354,FFree,FFree,FFree,FFree,FFree,FFree,FFree,FFree,FFree,FFree,FFree,FFree,FFree,FFree,FFree,FFree,FFree,FFree,FFree,FFree,FFree,FFree,FFree,FFree,FFree,FFree,FFree,FFree,FFree,FFree,FFree,FFree,FFree,FFree,FFree,FFree,FFree
POLS 364,FFree,FFree,FFree,FFree,FFree,FFree,FFree,FFree,FFree,FFree,FFree,FFree,FFree,FFree,FFree,FFree,FFree,FFree,FFree,FFree,FFree,FFree,FFree,FFree,FFree,FFree,FFree,FFree,FFree,FFree,FFree,FFree,FFree,FFree,FFree,FFree,FFree
POLS 365,FFree,FFree,FFree,FFree,FFree,FFree,FFree,FFree,FFree,FFree,FFree,FFree,FFree,FFree,FFree,FFree,FFree,FFree,FFree,FFree,FFree,FFree,FFree,FFree,FFree,FFree,FFree,FFree,FFree,FFree,FFree,FFree,FFree,FFree,FFree,FFree,FFree
POLS 366,FFree,FFree,FFree,FFree,FFree,FFree,FFree,FFree,FFree,FFree,FFree,FFree,FFree,FFree,FFree,FFree,FFree,FFree,FFree,FFree,FFree,FFree,FFree,FFree,FFree,FFree,FFree,FFree,FFree,FFree,FFree,FFree,FFree,FFree,FFree,FFree,FFree
POLS 392,FFree,FFree,FFree,FFree,FFree,FFree,FFree,FFree,FFree,FFree,FFree,FFree,FFree,FFree,FFree,FFree,FFree,FFree,FFree,FFree,FFree,FFree,FFree,FFree,FFree,FFree,FFree,FFree,FFree,FFree,FFree,FFree,FFree,FFree,FFree,FFree,FFree
POLS 393,FFree,FFree,FFree,FFree,FFree,FFree,FFree,FFree,FFree,FFree,FFree,FFree,FFree,FFree,FFree,FFree,FFree,FFree,FFree,FFree,FFree,FFree,FFree,FFree,FFree,FFree,FFree,FFree,FFree,FFree,FFree,FFree,FFree,FFree,FFree,FFree,FFree
POLS 399,FFree,FFree,FFree,FFree,FFree,FFree,FFree,FFree,FFree,FFree,FFree,FFree,FFree,FFree,FFree,FFree,FFree,FFree,FFree,FFree,FFree,FFree,FFree,FFree,FFree,FFree,FFree,FFree,FFree,FFree,FFree,FFree,FFree,FFree,FFree,FFree,FFree
POLS 400,FFree,FFree,FFree,FFree,FFree,FFree,FFree,FFree,FFree,FFree,FFree,FFree,FFree,FFree,FFree,FFree,FFree,FFree,FFree,FFree,FFree,FFree,FFree,FFree,FFree,FFree,FFree,FFree,FFree,FFree,FFree,FFree,FFree,FFree,FFree,FFree,FFree
POLS 401,FFree,FFree,FFree,FFree,FFree,FFree,FFree,FFree,FFree,FFree,FFree,FFree,FFree,FFree,FFree,FFree,FFree,FFree,FFree,FFree,FFree,FFree,FFree,FFree,FFree,FFree,FFree,,,,,,,,,,
POLS 403,FFree,FFree,FFree,FFree,FFree,FFree,FFree,FFree,FFree,FFree,FFree,FFree,FFree,FFree,FFree,FFree,FFree,FFree,FFree,FFree,FFree,FFree,FFree,FFree,FFree,FFree,FFree,FFree,FFree,FFree,FFree,FFree,FFree,FFree,FFree,FFree,FFree
POLS 404,FFree,FFree,FFree,FFree,FFree,FFree,FFree,FFree,FFree,FFree,FFree,FFree,FFree,FFree,FFree,FFree,FFree,FFree,FFree,FFree,FFree,FFree,FFree,FFree,FFree,FFree,FFree,FFree,FFree,FFree,FFree,FFree,FFree,FFree,FFree,FFree,FFree
POLS 405,FFree,FFree,FFree,FFree,FFree,FFree,FFree,FFree,FFree,FFree,FFree,FFree,FFree,FFree,FFree,FFree,FFree,FFree,FFree,FFree,FFree,FFree,FFree,FFree,FFree,FFree,FFree,FFree,FFree,FFree,FFree,FFree,FFree,FFree,FFree,FFree,FFree
POLS 408,FFree,FFree,FFree,FFree,FFree,FFree,FFree,FFree,FFree,FFree,FFree,FFree,FFree,FFree,FFree,FFree,FFree,FFree,FFree,FFree,FFree,FFree,FFree,FFree,FFree,FFree,FFree,FFree,FFree,FFree,FFree,FFree,FFree,FFree,FFree,FFree,FFree
POLS 421,FFree,FFree,FFree,FFree,FFree,FFree,FFree,FFree,FFree,FFree,FFree,FFree,FFree,FFree,FFree,FFree,FFree,FFree,FFree,FFree,FFree,FFree,FFree,FFree,FFree,FFree,FFree,FFree,FFree,FFree,FFree,FFree,FFree,FFree,FFree,FFree,FFree
POLS 422,FFree,FFree,FFree,FFree,FFree,FFree,FFree,FFree,FFree,FFree,FFree,FFree,FFree,FFree,FFree,FFree,FFree,FFree,FFree,FFree,FFree,FFree,FFree,FFree,FFree,FFree,FFree,FFree,FFree,FFree,FFree,FFree,FFree,FFree,FFree,FFree,FFree
POLS 431,FFree,FFree,FFree,FFree,FFree,FFree,FFree,FFree,FFree,FFree,FFree,FFree,FFree,FFree,FFree,FFree,FFree,FFree,,,,,,,,,,,,,,,,,,,
POLS 434,FFree,FFree,FFree,FFree,FFree,FFree,FFree,FFree,FFree,FFree,FFree,FFree,FFree,FFree,FFree,FFree,FFree,FFree,FFree,FFree,FFree,FFree,FFree,FFree,FFree,FFree,FFree,FFree,FFree,FFree,FFree,FFree,FFree,FFree,FFree,FFree,FFree
POLS 446,FFree,FFree,FFree,FFree,FFree,FFree,FFree,FFree,FFree,FFree,FFree,FFree,FFree,FFree,FFree,FFree,FFree,FFree,FFree,FFree,FFree,FFree,FFree,FFree,FFree,FFree,FFree,FFree,FFree,FFree,FFree,FFree,FFree,FFree,FFree,FFree,FFree
POLS 448,FFree,FFree,FFree,FFree,FFree,FFree,FFree,FFree,FFree,FFree,FFree,FFree,FFree,FFree,FFree,FFree,FFree,FFree,FFree,FFree,FFree,FFree,FFree,FFree,FFree,FFree,FFree,FFree,FFree,FFree,FFree,FFree,FFree,FFree,FFree,FFree,FFree
POLS 455,FFree,FFree,FFree,FFree,FFree,FFree,FFree,FFree,FFree,FFree,FFree,FFree,FFree,FFree,FFree,FFree,FFree,FFree,FFree,FFree,FFree,FFree,FFree,FFree,FFree,FFree,FFree,FFree,FFree,FFree,FFree,FFree,FFree,FFree,FFree,FFree,FFree
POLS 457,FFree,FFree,FFree,FFree,FFree,FFree,FFree,FFree,FFree,FFree,FFree,FFree,FFree,FFree,FFree,FFree,FFree,FFree,FFree,FFree,FFree,FFree,FFree,FFree,FFree,FFree,FFree,FFree,FFree,FFree,FFree,FFree,FFree,FFree,FFree,FFree,FFree
POLS 473,FFree,FFree,FFree,FFree,FFree,FFree,FFree,FFree,FFree,FFree,FFree,FFree,FFree,FFree,FFree,FFree,FFree,FFree,FFree,FFree,FFree,FFree,FFree,FFree,FFree,FFree,FFree,FFree,FFree,FFree,FFree,FFree,FFree,FFree,FFree,FFree,FFree
POLS 483,FFree,FFree,FFree,FFree,FFree,FFree,FFree,FFree,FFree,FFree,FFree,FFree,FFree,FFree,FFree,FFree,FFree,FFree,FFree,FFree,FFree,FFree,FFree,FFree,FFree,FFree,FFree,FFree,FFree,FFree,FFree,FFree,FFree,FFree,FFree,FFree,FFree
POLS 491,FFree,FFree,FFree,FFree,FFree,FFree,FFree,FFree,FFree,FFree,FFree,FFree,FFree,FFree,FFree,FFree,FFree,FFree,FFree,FFree,FFree,FFree,FFree,FFree,FFree,FFree,FFree,FFree,FFree,FFree,FFree,FFree,FFree,FFree,FFree,FFree,FFree
POLS 492,FFree,FFree,FFree,FFree,FFree,FFree,FFree,FFree,FFree,FFree,FFree,FFree,FFree,FFree,FFree,FFree,FFree,FFree,FFree,FFree,FFree,FFree,FFree,FFree,FFree,FFree,FFree,FFree,FFree,FFree,FFree,FFree,FFree,FFree,FFree,FFree,FFree
POLS 493,FFree,FFree,FFree,FFree,FFree,FFree,FFree,FFree,FFree,FFree,FFree,FFree,FFree,FFree,FFree,FFree,FFree,FFree,FFree,FFree,FFree,FFree,FFree,FFree,FFree,FFree,FFree,FFree,FFree,FFree,FFree,FFree,FFree,FFree,FFree,FFree,FFree
POLS 495,FFree,FFree,FFree,FFree,FFree,FFree,FFree,FFree,FFree,FFree,FFree,FFree,FFree,FFree,FFree,FFree,FFree,FFree,FFree,FFree,FFree,FFree,FFree,FFree,FFree,FFree,FFree,FFree,FFree,FFree,FFree,FFree,FFree,FFree,FFree,FFree,FFree
PROJ 301,FFree,FFree,FFree,FFree,FFree,FFree,FFree,FFree,FFree,FFree,FFree,FFree,FFree,FFree,FFree,FFree,FFree,FFree,FFree,FFree,FFree,FFree,FFree,FFree,FFree,FFree,FFree,FFree,FFree,FFree,FFree,FFree,FFree,FFree,FFree,FFree,FFree
PROJ 401,FFree,FFree,FFree,FFree,FFree,FFree,FFree,FFree,FFree,FFree,FFree,FFree,FFree,FFree,FFree,FFree,FFree,FFree,FFree,FFree,FFree,FFree,FFree,FFree,FFree,FFree,FFree,FFree,FFree,FFree,FFree,FFree,FFree,FFree,FFree,FFree,FFree
PSIR 311,FFree,FFree,FFree,FFree,FFree,FFree,FFree,FFree,FFree,FFree,FFree,FFree,FFree,FFree,FFree,FFree,FFree,FFree,FFree,FFree,FFree,FFree,FFree,FFree,FFree,FFree,FFree,FFree,FFree,FFree,FFree,FFree,FFree,FFree,FFree,FFree,FFree
PSIR 401,FFree,FFree,FFree,FFree,FFree,FFree,FFree,FFree,FFree,FFree,FFree,FFree,FFree,FFree,FFree,FFree,FFree,FFree,FFree,FFree,FFree,FFree,FFree,FFree,FFree,FFree,FFree,FFree,FFree,FFree,FFree,FFree,FFree,FFree,FFree,FFree,FFree
PSY 201,FFree,FFree,FFree,FFree,FFree,FFree,FFree,FFree,FFree,FFree,FFree,FFree,FFree,FFree,FFree,FFree,FFree,FFree,FFree,FFree,FFree,FFree,FFree,FFree,FFree,FFree,FFree,FFree,FFree,FFree,FFree:A,FFree:A,FFree:A,FFree:A,FFree:A,FFree:A,FFree:A
PSY 202,FFree,FFree,FFree,FFree,FFree,FFree,FFree,FFree,FFree,FFree,FFree,FFree,FFree,FFree,FFree,FFree,FFree,FFree,FFree,FFree,FFree,FFree,FFree,FFree,FFree,FFree,FFree,FFree,FFree,FFree,FFree,FFree,FFree,FFree,FFree,FFree,FFree
PSY 203,FFree,FFree,FFree,FFree,FFree,FFree,FFree,FFree,FFree,FFree,FFree,FFree,FFree,FFree,FFree,FFree,FFree,FFree,FFree,FFree,FFree,FFree,FFree,FFree,FFree,FFree,FFree,FFree,FFree,FFree,FFree,FFree,FFree,FFree,FFree,FFree,FFree
PSY 303,FFree,FFree,FFree,FFree,FFree,FFree,FFree,FFree,FFree,FFree,FFree,FFree,FFree,FFree,FFree,FFree,FFree,FFree,FFree,FFree,FFree,FFree,FFree,FFree,FFree,FFree,FFree,FFree,FFree,FFree,FFree,FFree,FFree,FFree,FFree,FFree,FFree
PSY 304,FFree,FFree,FFree,FFree,FFree,FFree,FFree,FFree,FFree,FFree,FFree,FFree,FFree,FFree,FFree,FFree,FFree,FFree,FFree,FFree,FFree,FFree,FFree,FFree,FFree,FFree,FFree,FFree,FFree,FFree,FFree,FFree,FFree,FFree,FFree,FFree,FFree
PSY 305,FFree,FFree,FFree,FFree,FFree,FFree,FFree,FFree,FFree,FFree,FFree,FFree,FFree,FFree,FFree,FFree,FFree,FFree,FFree,FFree,FFree,FFree,FFree,FFree,FFree,FFree,FFree,FFree,FFree,FFree,FFree,FFree,FFree,FFree,FFree,FFree,FFree
PSY 306,FFree,FFree,FFree,FFree,FFree,FFree,FFree,FFree,FFree,FFree,FFree,FFree,FFree,FFree,FFree,FFree,FFree,FFree,FFree,FFree,FFree,FFree,FFree,FFree,FFree,FFree,FFree,FFree,FFree,FFree,FFree,FFree,FFree,FFree,FFree,FFree,FFree
PSY 310,FFree,FFree,FFree,FFree,FFree,FFree,FFree,FFree,FFree,FFree,FFree,FFree,FFree,FFree,FFree,FFree,FFree,FFree,FFree,FFree,FFree,FFree,FFree,FFree,FFree,FFree,FFree,FFree,FFree,FFree,FFree:A,FFree:A,FFree:A,FFree:A,FFree:A,FFree:A,FFree:A
PSY 311,FFree,FFree,FFree,FFree,FFree,FFree,FFree,FFree,FFree,FFree,FFree,FFree,FFree,FFree,FFree,FFree,FFree,FFree,FFree,FFree,FFree,FFree,FFree,FFree,FFree,FFree,FFree,FFree,FFree,FFree,FFree,FFree,FFree,FFree,FFree,FFree,FFree
PSY 312,FFree,FFree,FFree,FFree,FFree,FFree,FFree,FFree,FFree,FFree,FFree,FFree,FFree,FFree,FFree,FFree,FFree,FFree,FFree,FFree,FFree,FFree,FFree,FFree,FFree,FFree,FFree,FFree,FFree,FFree,FFree,FFree,FFree,FFree,FFree,FFree,FFree
PSY 314,FFree,FFree,FFree,FFree,FFree,FFree,FFree,FFree,FFree,FFree,FFree,FFree,FFree,FFree,FFree,FFree,FFree,FFree,FFree,FFree,FFree,FFree,FFree,FFree,FFree,FFree,FFree,FFree,FFree,FFree,FFree,FFree,FFree,FFree,FFree,FFree,FFree
PSY 315,FFree,FFree,FFree,FFree,FFree,FFree,FFree,FFree,FFree,FFree,FFree,FFree,FFree,FFree,FFree,FFree,FFree,FFree,FFree,FFree,FFree,FFree,FFree,FFree,FFree,FFree,FFree,FFree,FFree,FFree,FFree,FFree,FFree,FFree,FFree,FFree,FFree
PSY 316,FFree,FFree,FFree,FFree,FFree,FFree,FFree,FFree,FFree,FFree,FFree,FFree,FFree,FFree,FFree,FFree,FFree,FFree,FFree,FFree,FFree,FFree,FFree,FFree,FFree,FFree,FFree,FFree,FFree,FFree,FFree,FFree,FFree,FFree,FFree,FFree,FFree
PSY 317,FFree,FFree,FFree,FFree,FFree,FFree,FFree,FFree,FFree,FFree,FFree,FFree,FFree,FFree,FFree,FFree,FFree,FFree,FFree,FFree,FFree,FFree,FFree,FFree,FFree,FFree,FFree,FFree,FFree,FFree,FFree,FFree,FFree,FFree,FFree,FFree,FFree
PSY 320,FFree,FFree,FFree,FFree,FFree,FFree,FFree,FFree,FFree,FFree,FFree,FFree,FFree,FFree,FFree,FFree,FFree,FFree,FFree,FFree,FFree,FFree,FFree,FFree,FFree,FFree,FFree,FFree,FFree,FFree,FFree,FFree,FFree,FFree,FFree,FFree,FFree
PSY 322,FFree,FFree,FFree,FFree,FFree,FFree,FFree,FFree,FFree,FFree,FFree,FFree,FFree,FFree,FFree,FFree,FFree,FFree,FFree,FFree,FFree,FFree,FFree,FFree,FFree,FFree,FFree,FFree,FFree,FFree,FFree,FFree,FFree,FFree,FFree,FFree,FFree
PSY 323,FFree,FFree,FFree,FFree,FFree,FFree,FFree,FFree,FFree,FFree,FFree,FFree,FFree,FFree,FFree,FFree,FFree,FFree,FFree,FFree,FFree,FFree,FFree,FFree,FFree,FFree,FFree,FFree,FFree,FFree,FFree,FFree,FFree,FFree,FFree,FFree,FFree
PSY 325,FFree,FFree,FFree,FFree,FFree,FFree,FFree,FFree,FFree,FFree,FFree,FFree,FFree,FFree,FFree,FFree,FFree,FFree,FFree,FFree,FFree,FFree,FFree,FFree,FFree,FFree,FFree,FFree,FFree,FFree,FFree,FFree,FFree,FFree,FFree,FFree,FFree
PSY 330,FFree,FFree,FFree,FFree,FFree,FFree,FFree,FFree,FFree,FFree,FFree,FFree,FFree,FFree,FFree,FFree,FFree,FFree,,,,,,,,,,,,,,,,,,,
PSY 340,FFree,FFree,FFree,FFree,FFree,FFree,FFree,FFree,FFree,FFree,FFree,FFree,FFree,FFree,FFree,FFree,FFree,FFree,FFree,FFree,FFree,FFree,FFree,FFree,FFree,FFree,FFree,FFree,FFree,FFree,FFree:A,FFree:A,FFree:A,FFree:A,FFree:A,FFree:A,FFree:A
PSY 341,FFree,FFree,FFree,FFree,FFree,FFree,FFree,FFree,FFree,FFree,FFree,FFree,FFree,FFree,FFree,FFree,FFree,FFree,FFree,FFree,FFree,FFree,FFree,FFree,FFree,FFree,FFree,FFree,FFree,FFree,FFree,FFree,FFree,FFree,FFree,FFree,FFree
PSY 343,FFree,FFree,FFree,FFree,FFree,FFree,FFree,FFree,FFree,FFree,FFree,FFree,FFree,FFree,FFree,FFree,FFree,FFree,FFree,FFree,FFree,FFree,FFree,FFree,FFree,FFree,FFree,FFree,FFree,FFree,FFree,FFree,FFree,FFree,FFree,FFree,FFree
PSY 344,FFree,FFree,FFree,FFree,FFree,FFree,FFree,FFree,FFree,FFree,FFree,FFree,FFree,FFree,FFree,FFree,FFree,FFree,FFree,FFree,FFree,FFree,FFree,FFree,FFree,FFree,FFree,FFree,FFree,FFree,FFree,FFree,FFree,FFree,FFree,FFree,FFree
PSY 345,FFree,FFree,FFree,FFree,FFree,FFree,FFree,FFree,FFree,FFree,FFree,FFree,FFree,FFree,FFree,FFree,FFree,FFree,FFree,FFree,FFree,FFree,,,,,,,,,,,,,,,
PSY 350,FFree,FFree,FFree,FFree,FFree,FFree,FFree,FFree,FFree,FFree,FFree,FFree,FFree,FFree,FFree,FFree,FFree,FFree,FFree,FFree,FFree,FFree,FFree,FFree,FFree,FFree,FFree,FFree,FFree,FFree,FFree,FFree,FFree,FFree,FFree,FFree,FFree
PSY 352,FFree,FFree,FFree,FFree,FFree,FFree,FFree,FFree,FFree,FFree,FFree,FFree,FFree,FFree,FFree,FFree,FFree,FFree,,,,,,,,,,,,,,,,,,,
PSY 360,FFree,FFree,FFree,FFree,FFree,FFree,FFree,FFree,FFree,FFree,FFree,FFree,FFree,FFree,FFree,FFree,FFree,FFree,FFree,FFree,FFree,FFree,FFree,FFree,FFree,FFree,FFree,FFree,FFree,FFree,FFree,FFree,FFree,FFree,FFree,FFree,FFree
PSY 361,FFree,FFree,FFree,FFree,FFree,FFree,FFree,FFree,FFree,FFree,FFree,FFree,FFree,FFree,FFree,FFree,FFree,FFree,FFree,FFree,FFree,FFree,FFree,FFree,FFree,FFree,FFree,FFree,FFree,FFree,FFree,FFree,FFree,FFree,FFree,FFree,FFree
PSY 362,FFree,FFree,FFree,FFree,FFree,FFree,FFree,FFree,FFree,FFree,FFree,FFree,FFree,FFree,FFree,FFree,FFree,FFree,FFree,FFree,FFree,FFree,FFree,FFree,FFree,FFree,FFree,FFree,FFree,FFree,FFree,FFree,FFree,FFree,FFree,FFree,FFree
PSY 363,FFree,FFree,FFree,FFree,FFree,FFree,FFree,FFree,FFree,FFree,FFree,FFree,FFree,FFree,FFree,FFree,FFree,FFree,FFree,FFree,FFree,FFree,FFree,FFree,FFree,FFree,FFree,FFree,FFree,FFree,FFree,FFree,FFree,FFree,FFree,FFree,FFree
PSY 364,FFree,FFree,FFree,FFree,FFree,FFree,FFree,FFree,FFree,FFree,FFree,FFree,FFree,FFree,FFree,FFree,FFree,FFree,FFree,FFree,FFree,FFree,FFree,FFree,FFree,FFree,FFree,FFree,FFree,FFree,FFree,FFree,FFree,FFree,FFree,FFree,FFree
PSY 365,FFree,FFree,FFree,FFree,FFree,FFree,FFree,FFree,FFree,FFree,FFree,FFree,FFree,FFree,FFree,FFree,FFree,FFree,FFree,FFree,FFree,,,,,,,,,,,,,,,,
PSY 366,FFree,FFree,FFree,FFree,FFree,FFree,FFree,FFree,FFree,FFree,FFree,FFree,FFree,FFree,FFree,FFree,FFree,FFree,FFree,FFree,FFree,FFree,FFree,FFree,FFree,FFree,FFree,FFree,FFree,FFree,FFree,FFree,FFree,FFree,FFree,FFree,FFree
PSY 368,FFree,FFree,FFree,FFree,FFree,FFree,FFree,FFree,FFree,FFree,FFree,FFree,FFree,FFree,FFree,FFree,FFree,FFree,FFree,FFree,FFree,FFree,FFree,FFree,FFree,FFree,FFree,FFree,FFree,FFree,FFree,FFree,FFree,FFree,FFree,FFree,FFree
PSY 370,FFree,FFree,FFree,FFree,FFree,FFree,FFree,FFree,FFree,FFree,FFree,FFree,FFree,FFree,FFree,FFree,FFree,FFree,,,,,,,,,,,,,,,,,,,
PSY 371,FFree,FFree,FFree,FFree,FFree,FFree,FFree,FFree,FFree,FFree,FFree,FFree,FFree,FFree,FFree,FFree,FFree,FFree,,,,,,,,,,,,,,,,,,,
PSY 380,FFree,FFree,FFree,FFree,FFree,FFree,FFree,FFree,FFree,FFree,FFree,FFree,FFree,FFree,FFree,FFree,FFree,FFree,,,,,,,,,,,,,,,,,,,
PSY 382,FFree,FFree,FFree,FFree,FFree,FFree,FFree,FFree,FFree,FFree,FFree,FFree,FFree,FFree,FFree,FFree,FFree,FFree,,,,,,,,,,,,,,,,,,,
PSY 390,FFree,FFree,FFree,FFree,FFree,FFree,FFree,FFree,FFree,FFree,FFree,FFree,FFree,FFree,FFree,FFree,FFree,FFree,,,,,,,,,,,,,,,,,,,
PSY 398,FFree,FFree,FFree,FFree,FFree,FFree,FFree,FFree,FFree,FFree,FFree,FFree,FFree,FFree,FFree,FFree,FFree,FFree,FFree,FFree,FFree,FFree,FFree,FFree,FFree,FFree,FFree,FFree,FFree,FFree,FFree,FFree,FFree,FFree,FFree,FFree,FFree
PSY 399,FFree,FFree,FFree,FFree,FFree,FFree,FFree,FFree,FFree,FFree,FFree,FFree,FFree,FFree,FFree,FFree,FFree,FFree,FFree,FFree,FFree,FFree,FFree,FFree,FFree,FFree,FFree,FFree,FFree,FFree,FFree,FFree,FFree,FFree,FFree,FFree,FFree
PSY 403,FFree,FFree,FFree,FFree,FFree,FFree,FFree,FFree,FFree,FFree,FFree,FFree,FFree,FFree,FFree,FFree,FFree,FFree,FFree,FFree,FFree,FFree,FFree,FFree,FFree,FFree,FFree,FFree,FFree,FFree,FFree,FFree,FFree,FFree,FFree,FFree,FFree
PSY 405,FFree,FFree,FFree,FFree,FFree,FFree,FFree,FFree,FFree,FFree,FFree,FFree,FFree,FFree,FFree,FFree,FFree,FFree,,,,,,,,,,,,,,,,,,,
PSY 407,FFree,FFree,FFree,FFree,FFree,FFree,FFree,FFree,FFree,FFree,FFree,FFree,FFree,FFree,FFree,FFree,FFree,FFree,FFree,FFree,FFree,FFree,FFree,FFree,FFree,FFree,FFree,FFree,FFree,FFree,FFree,FFree,FFree,FFree,FFree,FFree,FFree
PSY 410,FFree,FFree,FFree,FFree,FFree,FFree,FFree,FFree,FFree,FFree,FFree,FFree,FFree,FFree,FFree,FFree,FFree,FFree,FFree,FFree,FFree,FFree,FFree,FFree,FFree,FFree,FFree,FFree,FFree,FFree,FFree,FFree,FFree,FFree,FFree,FFree,FFree
PSY 411,FFree,FFree,FFree,FFree,FFree,FFree,FFree,FFree,FFree,FFree,FFree,FFree,FFree,FFree,FFree,FFree,FFree,FFree,FFree,FFree,FFree,FFree,FFree,FFree,FFree,FFree,FFree,FFree,FFree,FFree,FFree,FFree,FFree,FFree,FFree,FFree,FFree
PSY 412,FFree,FFree,FFree,FFree,FFree,FFree,FFree,FFree,FFree,FFree,FFree,FFree,FFree,FFree,FFree,FFree,FFree,FFree,FFree,FFree,FFree,FFree,FFree,FFree,FFree,FFree,FFree,FFree,FFree,FFree,FFree,FFree,FFree,FFree,FFree,FFree,FFree
PSY 414,FFree,FFree,FFree,FFree,FFree,FFree,FFree,FFree,FFree,FFree,FFree,FFree,FFree,FFree,FFree,FFree,FFree,FFree,FFree,FFree,FFree,FFree,FFree,FFree,FFree,FFree,FFree,FFree,FFree,FFree,FFree,FFree,FFree,FFree,FFree,FFree,FFree
PSY 415,FFree,FFree,FFree,FFree,FFree,FFree,FFree,FFree,FFree,FFree,FFree,FFree,FFree,FFree,FFree,FFree,FFree,FFree,FFree,FFree,FFree,FFree,FFree,FFree,FFree,FFree,FFree,FFree,FFree,FFree,FFree,FFree,FFree,FFree,FFree,FFree,FFree
PSY 416,FFree,FFree,FFree,FFree,FFree,FFree,FFree,FFree,FFree,FFree,FFree,FFree,FFree,FFree,FFree,FFree,FFree,FFree,FFree,FFree,FFree,FFree,FFree,FFree,FFree,FFree,FFree,FFree,FFree,FFree,FFree,FFree,FFree,FFree,FFree,FFree,FFree
PSY 418,FFree,FFree,FFree,FFree,FFree,FFree,FFree,FFree,FFree,FFree,FFree,FFree,FFree,FFree,FFree,FFree,FFree,FFree,FFree,FFree,FFree,FFree,FFree,FFree,FFree,FFree,FFree,FFree,FFree,FFree,FFree,FFree,FFree,FFree,FFree,FFree,FFree
PSY 421,FFree,FFree,FFree,FFree,FFree,FFree,FFree,FFree,FFree,FFree,FFree,FFree,FFree,FFree,FFree,FFree,FFree,FFree,FFree,FFree,FFree,FFree,FFree,FFree,FFree,FFree,FFree,FFree,FFree,FFree,FFree,FFree,FFree,FFree,FFree,FFree,FFree
PSY 422,FFree,FFree,FFree,FFree,FFree,FFree,FFree,FFree,FFree,FFree,FFree,FFree,FFree,FFree,FFree,FFree,FFree,FFree,FFree,FFree,FFree,FFree,FFree,FFree,FFree,FFree,FFree,FFree,FFree,FFree,FFree,FFree,FFree,FFree,FFree,FFree,FFree
PSY 423,FFree,FFree,FFree,FFree,FFree,FFree,FFree,FFree,FFree,FFree,FFree,FFree,FFree,FFree,FFree,FFree,FFree,FFree,FFree,FFree,FFree,FFree,FFree,FFree,,,,,,,,,,,,,
PSY 424,FFree,FFree,FFree,FFree,FFree,FFree,FFree,FFree,FFree,FFree,FFree,FFree,FFree,FFree,FFree,FFree,FFree,FFree,FFree,FFree,FFree,FFree,FFree,FFree,FFree,FFree,FFree,FFree,FFree,FFree,FFree,FFree,FFree,FFree,FFree,FFree,FFree
PSY 433,FFree,FFree,FFree,FFree,FFree,FFree,FFree,FFree,FFree,FFree,FFree,FFree,FFree,FFree,FFree,FFree,FFree,FFree,,,,,,,,,,,,,,,,,,,
PSY 440,FFree,FFree,FFree,FFree,FFree,FFree,FFree,FFree,FFree,FFree,FFree,FFree,FFree,FFree,FFree,FFree,FFree,FFree,,,,,,,,,,,,,,,,,,,
PSY 442,FFree,FFree,FFree,FFree,FFree,FFree,FFree,FFree,FFree,FFree,FFree,FFree,FFree,FFree,FFree,FFree,FFree,FFree,FFree,FFree,FFree,FFree,FFree,FFree,FFree,FFree,FFree,FFree,FFree,FFree,FFree,FFree,FFree,FFree,FFree,FFree,FFree
PSY 443,FFree,FFree,FFree,FFree,FFree,FFree,FFree,FFree,FFree,FFree,FFree,FFree,FFree,FFree,FFree,FFree,FFree,FFree,FFree,FFree,FFree,FFree,FFree,FFree,FFree,FFree,FFree,FFree,FFree,FFree,FFree,FFree,FFree,FFree,FFree,FFree,FFree
PSY 444,FFree,FFree,FFree,FFree,FFree,FFree,FFree,FFree,FFree,FFree,FFree,FFree,FFree,FFree,FFree,FFree,FFree,FFree,FFree,FFree,FFree,FFree,FFree,FFree,FFree,FFree,FFree,FFree,FFree,FFree,FFree,FFree,FFree,FFree,FFree,FFree,FFree
PSY 445,FFree,FFree,FFree,FFree,FFree,FFree,FFree,FFree,FFree,FFree,FFree,FFree,FFree,FFree,FFree,FFree,FFree,FFree,FFree,FFree,FFree,FFree,FFree,FFree,FFree,FFree,FFree,FFree,FFree,FFree,FFree,FFree,FFree,FFree,FFree,FFree,FFree
PSY 450,FFree,FFree,FFree,FFree,FFree,FFree,FFree,FFree,FFree,FFree,FFree,FFree,FFree,FFree,FFree,FFree,FFree,FFree,FFree,FFree,FFree,FFree,FFree,FFree,FFree,FFree,FFree,FFree,FFree,FFree,FFree,FFree,FFree,FFree,FFree,FFree,FFree
PSY 452,FFree,FFree,FFree,FFree,FFree,FFree,FFree,FFree,FFree,FFree,FFree,FFree,FFree,FFree,FFree,FFree,FFree,FFree,FFree,FFree,FFree,FFree,FFree,FFree,FFree,FFree,FFree,FFree,FFree,FFree,FFree,FFree,FFree,FFree,FFree,FFree,FFree
PSY 464,FFree,FFree,FFree,FFree,FFree,FFree,FFree,FFree,FFree,FFree,FFree,FFree,FFree,FFree,FFree,FFree,FFree,FFree,,,,,,,,,,,,,,,,,,,
PSY 467,FFree,FFree,FFree,FFree,FFree,FFree,FFree,FFree,FFree,FFree,FFree,FFree,FFree,FFree,FFree,FFree,FFree,FFree,FFree,FFree,FFree,FFree,FFree,FFree,FFree,FFree,FFree,FFree,FFree,FFree,FFree,FFree,FFree,FFree,FFree,FFree,FFree
PSY 469,FFree,FFree,FFree,FFree,FFree,FFree,FFree,FFree,FFree,FFree,FFree,FFree,FFree,FFree,FFree,FFree,FFree,FFree,FFree,FFree,FFree,FFree,FFree,FFree,FFree,FFree,FFree,FFree,FFree,FFree,FFree,FFree,FFree,FFree,FFree,FFree,FFree
PSY 480,FFree,FFree,FFree,FFree,FFree,FFree,FFree,FFree,FFree,FFree,FFree,FFree,FFree,FFree,FFree,FFree,FFree,FFree,FFree,FFree,FFree,FFree,FFree,FFree,FFree,FFree,FFree,FFree,FFree,FFree,FFree,FFree,FFree,FFree,FFree,FFree,FFree
PSY 481,FFree,FFree,FFree,FFree,FFree,FFree,FFree,FFree,FFree,FFree,FFree,FFree,FFree,FFree,FFree,FFree,FFree,FFree,FFree,FFree,FFree,FFree,FFree,FFree,FFree,FFree,FFree,FFree,FFree,FFree,FFree,FFree,FFree,FFree,FFree,FFree,FFree
SOC 201,FFree:A,FFree:A,FFree:A,FFree:A,FFree:A,FFree:A,FFree:A,FFree:A,FFree:A,FFree:A,FFree:A,FFree:A,FFree:A,FFree:A,FFree:A,FFree:A,FFree:A,FFree:A,FFree:A,FFree:A,FFree:A,FFree:A,FFree:A,FFree:A,FFree:A,FFree:A,FFree:A,FFree:A,FFree:A,FFree:A,FFree:A,FFree:A,FFree:A,FFree:A,FFree:A,FFree:A,FFree:A
SOC 300,FFree,FFree,FFree,FFree,FFree,FFree,FFree,FFree,FFree,FFree,,,,,,,,,,,,,,,,,,,,,,,,,,,
SOC 301,FFree,FFree,FFree,FFree,FFree,FFree,FFree,FFree,FFree,FFree,FFree,FFree,FFree,FFree,FFree,FFree,FFree,FFree,FFree,FFree,FFree,FFree,FFree,FFree,FFree,FFree,FFree,FFree,FFree,FFree,FFree:A,FFree:A,FFree:A,FFree:A,FFree:A,FFree:A,FFree:A
SOC 313,FFree,FFree,FFree,FFree,FFree,FFree,FFree,FFree,FFree,FFree,FFree,FFree,FFree,FFree,FFree,FFree,FFree,FFree,FFree,,,,,,,,,,,,,,,,,,
SOC 318,FFree,FFree,FFree,FFree,FFree,FFree,FFree,FFree,FFree,FFree,FFree,FFree,FFree,FFree,FFree,FFree,,,,,,,,,,,,,,,,,,,,,
SOC 321,FFree,FFree,FFree,FFree,FFree,FFree,FFree,FFree,FFree,FFree,FFree,FFree,,,,,,,,,,,,,,,,,,,,,,,,,
SOC 399,FFree,FFree,FFree,FFree,FFree,FFree,FFree,FFree,FFree,FFree,FFree,FFree,FFree,FFree,FFree,FFree,FFree,FFree,FFree,FFree,FFree,FFree,FFree,FFree,FFree,FFree,FFree,FFree,FFree,FFree,FFree,FFree,FFree,FFree,FFree,FFree,FFree
SOC 402,FFree,FFree,FFree,FFree,FFree,FFree,FFree,FFree,FFree,,,,,,,,,,,,,,,,,,,,,,,,,,,,
SOC 408,FFree,FFree,FFree,FFree,FFree,FFree,FFree,FFree,FFree,FFree,FFree,FFree,FFree,FFree,FFree,FFree,FFree,FFree,FFree,FFree,FFree,FFree,FFree,FFree,FFree,FFree,FFree,FFree,FFree,FFree,FFree,FFree,FFree,FFree,FFree,FFree,FFree
SOC 420,FFree,FFree,FFree,FFree,FFree,FFree,FFree,FFree,FFree,FFree,FFree,FFree,FFree,FFree,FFree,FFree,FFree,FFree,FFree,FFree,FFree,FFree,FFree,FFree,FFree,FFree,FFree,FFree,FFree,FFree,FFree,FFree,FFree,FFree,FFree,FFree,FFree
SOC 425,FFree,FFree,FFree,FFree,FFree,FFree,FFree,FFree,FFree,FFree,FFree,FFree,FFree,FFree,FFree,FFree,FFree,FFree,FFree,FFree,FFree,FFree,FFree,FFree,FFree,FFree,FFree,FFree,FFree,FFree,FFree,FFree,FFree,FFree,FFree,FFree,FFree
SOC 426,FFree,FFree,FFree,FFree,FFree,FFree,FFree,FFree,FFree,FFree,FFree,FFree,FFree,FFree,FFree,FFree,FFree,FFree,FFree,FFree,FFree,FFree,FFree,FFree,FFree,FFree,FFree,FFree,FFree,FFree,,,,,,,
SOC 432,FFree,FFree,FFree,FFree,FFree,FFree,FFree,FFree,FFree,FFree,FFree,FFree,FFree,FFree,FFree,FFree,FFree,FFree,FFree,FFree,FFree,FFree,FFree,FFree,FFree,FFree,FFree,FFree,FFree,FFree,FFree,FFree,FFree,FFree,FFree,FFree,FFree
SPS 201,FFree,FFree,FFree,FFree,FFree,FFree,FFree,FFree,FFree,FFree,FFree,FFree,FFree,FFree,FFree,FFree,FFree,FFree,FFree,FFree,FFree,FFree,FFree,FFree,FFree,FFree,FFree,FFree,FFree,FFree,FFree,FFree,FFree,FFree,FFree,FFree,FFree
SPS 311,FFree,FFree,FFree,FFree,FFree,FFree,FFree,FFree,FFree,FFree,FFree,FFree,FFree,FFree,FFree,FFree,FFree,FFree,FFree,FFree,FFree,FFree,FFree,FFree,FFree,FFree,FFree,,,,,,,,,,
SPS 374,FFree,FFree,FFree,FFree,FFree,FFree,FFree,FFree,FFree,FFree,FFree,FFree,FFree,FFree,FFree,FFree,FFree,FFree,FFree,FFree,FFree,FFree,FFree,FFree,FFree,FFree,FFree,FFree,FFree,FFree,FFree,FFree,FFree,FFree,FFree,FFree,FFree
SPS 384,FFree,FFree,FFree,FFree,FFree,FFree,FFree,FFree,FFree,FFree,FFree,FFree,FFree,FFree,FFree,FFree,FFree,FFree,FFree,FFree,FFree,FFree,FFree,FFree,FFree,FFree,FFree,FFree,FFree,FFree,FFree,FFree,FFree,FFree,FFree,FFree,FFree
SPS 394,FFree,FFree,FFree,FFree,FFree,FFree,FFree,FFree,FFree,FFree,FFree,FFree,FFree,FFree,FFree,FFree,FFree,FFree,FFree,FFree,FFree,FFree,FFree,FFree,FFree,FFree,FFree,FFree,FFree,FFree,FFree,FFree,FFree,FFree,FFree,FFree,FFree
SPS 404,FFree,FFree,FFree,FFree,FFree,FFree,FFree,FFree,FFree,FFree,FFree,FFree,FFree,FFree,FFree,FFree,FFree,FFree,FFree,FFree,FFree,FFree,FFree,FFree,FFree,FFree,FFree,FFree,FFree,FFree,FFree,FFree,FFree,FFree,FFree,FFree,FFree
TLL 001,FFree,FFree,FFree,FFree,FFree,FFree,FFree,FFree,FFree,FFree,FFree,FFree,FFree,FFree,FFree,FFree,FFree,FFree,FFree,FFree,FFree,FFree,FFree,FFree,FFree,FFree,FFree,FFree,FFree,FFree,FFree,FFree,FFree,FFree,FFree,FFree,FFree
TS 320,FFree,FFree,FFree,FFree,FFree,FFree,FFree,FFree,FFree,FFree,FFree,FFree,FFree,FFree,FFree,FFree,FFree,FFree,FFree,FFree,FFree,FFree,FFree,FFree,FFree,FFree,FFree,FFree,FFree,FFree,FFree,FFree,FFree,FFree,FFree,FFree,FFree
VA 201,FFree:A,FFree:A,FFree:A,FFree:A,FFree:A,FFree:A,FFree:A,FFree:A,FFree:A,FFree:A,FFree:A,FFree:A,FFree:A,FFree:A,FFree:A,FFree:A,FFree:A,FFree:A,FFree:A,FFree:A,FFree:A,FFree:A,FFree:A,FFree:A,FFree:A,FFree:A,FFree:A,FFree:A,FFree:A,FFree:A,FFree:A,FFree:A,FFree:A,FFree:A,FFree:A,FFree:A,FFree:A
VA 202,FFree:A,FFree:A,FFree:A,FFree:A,FFree:A,FFree:A,FFree:A,FFree:A,FFree:A,FFree:A,FFree:A,FFree:A,FFree:A,FFree:A,FFree:A,FFree:A,FFree:A,FFree:A,FFree:A,FFree:A,FFree:A,FFree:A,FFree:A,FFree:A,FFree:A,FFree:A,FFree:A,FFree:A,FFree:A,FFree:A,FFree,FFree,FFree,FFree,FFree,FFree,FFree
VA 203,FFree:A,FFree:A,FFree:A,FFree:A,FFree:A,FFree:A,FFree:A,FFree:A,FFree:A,FFree:A,FFree:A,FFree:A,FFree:A,FFree:A,FFree:A,FFree:A,FFree:A,FFree:A,FFree:A,FFree:A,FFree:A,FFree:A,FFree:A,FFree:A,FFree:A,FFree:A,FFree:A,FFree:A,FFree:A,FFree:A,FFree:A,FFree:A,FFree:A,FFree:A,FFree:A,FFree:A,FFree:A
VA 204,FFree:A,FFree:A,FFree:A,FFree:A,FFree:A,FFree:A,FFree:A,FFree:A,FFree:A,FFree:A,FFree:A,FFree:A,FFree:A,FFree:A,FFree:A,FFree:A,FFree:A,FFree:A,FFree:A,FFree:A,FFree:A,FFree:A,FFree:A,FFree:A,FFree:A,FFree:A,FFree:A,FFree:A,FFree:A,FFree:A,FFree,FFree,FFree,FFree,FFree,FFree,FFree
VA 228,FFree,FFree,FFree,FFree,FFree,FFree,,,,,,,,,,,,,,,,,,,,,,,,,,,,,,,
VA 234,FFree,FFree,FFree,FFree,FFree,FFree,FFree,FFree,FFree,FFree,FFree,FFree,FFree,FFree,FFree,FFree,FFree,FFree,FFree,FFree,FFree,FFree,FFree,FFree,FFree,FFree,FFree,FFree,FFree,FFree,FFree,FFree,FFree,FFree,FFree,FFree,FFree
VA 267,FFree,FFree,FFree,FFree,FFree,FFree,FFree,FFree,FFree,FFree,FFree,FFree,FFree,FFree,FFree,FFree,FFree,FFree,FFree,FFree,FFree,FFree,FFree,FFree,FFree,FFree,FFree,FFree,FFree,FFree,FFree,FFree,FFree,FFree,FFree,FFree,FFree
VA 301,FFree,FFree,FFree,FFree,FFree,FFree,FFree,FFree,FFree,FFree,FFree,FFree,FFree,FFree,FFree,FFree,FFree,FFree,FFree,FFree,FFree,FFree,FFree,FFree,FFree,FFree,FFree,FFree,FFree,FFree,FFree,FFree,FFree,FFree,FFree,FFree,FFree
VA 302,FFree,FFree,FFree,FFree,FFree,FFree,FFree,FFree,FFree,FFree,FFree,FFree,FFree,FFree,FFree,FFree,FFree,FFree,FFree,FFree,FFree,FFree,FFree,FFree,FFree,FFree,FFree,FFree,FFree,FFree,FFree,FFree,FFree,FFree,FFree,FFree,FFree
VA 303,FFree,FFree,FFree,FFree,FFree,FFree,FFree,FFree,FFree,FFree,FFree,FFree,FFree,FFree,FFree,FFree,FFree,FFree,FFree,FFree,FFree,FFree,FFree,FFree,FFree,FFree,FFree,FFree,FFree,FFree,FFree,FFree,FFree,FFree,FFree,FFree,FFree
VA 304,FFree,FFree,FFree,FFree,FFree,FFree,FFree,FFree,FFree,FFree,FFree,FFree,FFree,FFree,FFree,FFree,FFree,FFree,FFree,FFree,FFree,FFree,FFree,FFree,FFree,FFree,FFree,FFree,FFree,FFree,FFree,FFree,FFree,FFree,FFree,FFree,FFree
VA 311,FFree,FFree,FFree,FFree,FFree,FFree,FFree,FFree,FFree,FFree,FFree,FFree,FFree,FFree,FFree,FFree,FFree,FFree,FFree,FFree,FFree,FFree,FFree,FFree,FFree,FFree,FFree,FFree,FFree,FFree,FFree,FFree,FFree,FFree,FFree,FFree,FFree
VA 312,FFree,FFree,FFree,FFree,FFree,FFree,FFree,FFree,FFree,FFree,FFree,FFree,FFree,FFree,FFree,FFree,FFree,FFree,FFree,FFree,FFree,FFree,FFree,FFree,FFree,FFree,FFree,FFree,FFree,FFree,FFree:A,FFree:A,FFree:A,FFree:A,FFree:A,FFree:A,FFree:A
VA 315,FFree,FFree,FFree,FFree,FFree,FFree,FFree,FFree,FFree,FFree,FFree,FFree,FFree,FFree,FFree,FFree,FFree,FFree,FFree,FFree,FFree,FFree,FFree,FFree,FFree,FFree,FFree,FFree,FFree,FFree,FFree:A,FFree:A,FFree:A,FFree:A,FFree:A,FFree:A,FFree:A
VA 321,FFree,FFree,FFree,FFree,FFree,FFree,FFree,FFree,FFree,FFree,FFree,FFree,FFree,FFree,FFree,FFree,FFree,FFree,FFree,FFree,FFree,FFree,FFree,FFree,,,,,,,,,,,,,
VA 322,FFree,FFree,FFree,FFree,FFree,FFree,FFree,FFree,FFree,FFree,FFree,FFree,FFree,FFree,FFree,,,,,,,,,,,,,,,,,,,,,,
VA 323,FFree,FFree,FFree,FFree,FFree,FFree,FFree,FFree,FFree,FFree,FFree,FFree,FFree,FFree,FFree,FFree,FFree,FFree,FFree,FFree,FFree,FFree,FFree,FFree,FFree,FFree,FFree,FFree,FFree,FFree,FFree,FFree,FFree,FFree,FFree,FFree,FFree
VA 324,FFree,FFree,FFree,FFree,FFree,FFree,FFree,FFree,FFree,FFree,FFree,FFree,FFree,FFree,FFree,FFree,FFree,FFree,FFree,FFree,FFree,FFree,FFree,FFree,FFree,FFree,FFree,FFree,FFree,FFree,FFree,FFree,FFree,FFree,FFree,FFree,FFree
VA 328,FFree,FFree,FFree,FFree,FFree,FFree,FFree,FFree,FFree,FFree,FFree,FFree,FFree,FFree,FFree,FFree,FFree,FFree,FFree,FFree,FFree,FFree,FFree,FFree,FFree,FFree,FFree,FFree,FFree,FFree,FFree,FFree,FFree,FFree,FFree,FFree,FFree
VA 329,FFree,FFree,FFree,FFree,FFree,FFree,FFree,FFree,FFree,FFree,FFree,FFree,FFree,FFree,FFree,FFree,FFree,FFree,FFree,FFree,FFree,FFree,FFree,FFree,FFree,FFree,FFree,FFree,FFree,FFree,FFree,FFree,FFree,FFree,FFree,FFree,FFree
VA 331,FFree,FFree,FFree,FFree,FFree,FFree,FFree,FFree,FFree,FFree,FFree,FFree,FFree,FFree,FFree,FFree,FFree,FFree,FFree,FFree,FFree,FFree,FFree,FFree,FFree,FFree,FFree,FFree,FFree,FFree,FFree,FFree,FFree,FFree,FFree,FFree,FFree
VA 333,FFree,FFree,FFree,FFree,FFree,FFree,FFree,FFree,FFree,FFree,FFree,FFree,FFree,FFree,FFree,FFree,FFree,FFree,FFree,FFree,FFree,FFree,FFree,FFree,FFree,FFree,FFree,FFree,FFree,FFree,FFree,FFree,FFree,FFree,FFree,FFree,FFree
VA 335,FFree,FFree,FFree,FFree,FFree,FFree,FFree,FFree,FFree,FFree,FFree,FFree,FFree,FFree,FFree,FFree,FFree,FFree,FFree,FFree,FFree,FFree,FFree,FFree,FFree,FFree,FFree,FFree,FFree,FFree,FFree,FFree,FFree,FFree,FFree,FFree,FFree
VA 336,FFree,FFree,FFree,FFree,FFree,FFree,FFree,FFree,FFree,FFree,FFree,FFree,FFree,FFree,FFree,FFree,FFree,FFree,FFree,FFree,FFree,FFree,FFree,FFree,,,,,,,,,,,,,
VA 337,FFree,FFree,FFree,FFree,FFree,FFree,FFree,FFree,FFree,FFree,FFree,FFree,,,,,,,,,,,,,,,,,,,,,,,,,
VA 399,FFree,FFree,FFree,FFree,FFree,FFree,FFree,FFree,FFree,FFree,FFree,FFree,FFree,FFree,FFree,FFree,FFree,FFree,FFree,FFree,FFree,FFree,FFree,FFree,FFree,FFree,FFree,FFree,FFree,FFree,FFree,FFree,FFree,FFree,FFree,FFree,FFree
VA 401,FFree,FFree,FFree,FFree,FFree,FFree,FFree,FFree,FFree,FFree,FFree,FFree,FFree,FFree,FFree,FFree,FFree,FFree,FFree,FFree,FFree,FFree,FFree,FFree,FFree,FFree,FFree,FFree,FFree,FFree,FFree,FFree,FFree,FFree,FFree,FFree,FFree
VA 402,FFree,FFree,FFree,FFree,FFree,FFree,FFree,FFree,FFree,FFree,FFree,FFree,FFree,FFree,FFree,FFree,FFree,FFree,FFree,FFree,FFree,FFree,FFree,FFree,FFree,FFree,FFree,FFree,FFree,FFree,FFree,FFree,FFree,FFree,FFree,FFree,FFree
VA 403,FFree,FFree,FFree,FFree,FFree,FFree,FFree,FFree,FFree,FFree,FFree,FFree,FFree,FFree,FFree,FFree,FFree,FFree,FFree,FFree,FFree,FFree,FFree,FFree,FFree,FFree,FFree,FFree,FFree,FFree,FFree,FFree,FFree,FFree,FFree,FFree,FFree
VA 404,FFree,FFree,FFree,FFree,FFree,FFree,FFree,FFree,FFree,FFree,FFree,FFree,FFree,FFree,FFree,FFree,FFree,FFree,FFree,FFree,FFree,FFree,FFree,FFree,FFree,FFree,FFree,FFree,FFree,FFree,FFree,FFree,FFree,FFree,FFree,FFree,FFree
VA 420,FFree,FFree,FFree,FFree,FFree,FFree,FFree,FFree,FFree,FFree,FFree,FFree,FFree,FFree,FFree,FFree,FFree,FFree,FFree,FFree,FFree,FFree,FFree,FFree,FFree,FFree,FFree,FFree,FFree,FFree,FFree,FFree,FFree,FFree,FFree,FFree,FFree
VA 423,FFree,FFree,FFree,FFree,FFree,FFree,FFree,FFree,FFree,FFree,FFree,FFree,FFree,FFree,FFree,FFree,FFree,FFree,FFree,FFree,FFree,FFree,FFree,FFree,FFree,FFree,FFree,FFree,FFree,FFree,FFree,FFree,FFree,FFree,FFree,FFree,FFree
VA 424,FFree,FFree,FFree,FFree,FFree,FFree,FFree,FFree,FFree,FFree,FFree,FFree,FFree,FFree,FFree,FFree,FFree,FFree,FFree,FFree,FFree,FFree,FFree,FFree,FFree,FFree,FFree,FFree,FFree,FFree,FFree,FFree,FFree,FFree,FFree,FFree,FFree
VA 428,FFree,FFree,FFree,FFree,FFree,FFree,FFree,FFree,FFree,FFree,FFree,FFree,,,,,,,,,,,,,,,,,,,,,,,,,
VA 430,FFree,FFree,FFree,FFree,FFree,FFree,FFree,FFree,FFree,FFree,FFree,FFree,FFree,FFree,FFree,FFree,FFree,FFree,FFree,FFree,FFree,FFree,FFree,FFree,FFree,FFree,FFree,FFree,FFree,FFree,FFree,FFree,FFree,FFree,FFree,FFree,FFree
VA 431,FFree,FFree,FFree,FFree,FFree,FFree,FFree,FFree,FFree,FFree,FFree,FFree,FFree,FFree,FFree,FFree,FFree,FFree,FFree,FFree,FFree,FFree,FFree,FFree,FFree,FFree,FFree,FFree,FFree,FFree,FFree,FFree,FFree,FFree,FFree,FFree,FFree
VA 433,FFree,FFree,FFree,FFree,FFree,FFree,FFree,FFree,FFree,FFree,FFree,FFree,FFree,FFree,FFree,FFree,FFree,FFree,FFree,FFree,FFree,FFree,FFree,FFree,FFree,FFree,FFree,FFree,FFree,FFree,FFree,FFree,FFree,FFree,FFree,FFree,FFree
VA 434,FFree,FFree,FFree,FFree,FFree,FFree,FFree,FFree,FFree,FFree,FFree,FFree,FFree,FFree,FFree,FFree,FFree,FFree,FFree,FFree,FFree,FFree,FFree,FFree,FFree,FFree,FFree,FFree,FFree,FFree,FFree,FFree,FFree,FFree,FFree,FFree,FFree
VA 437,FFree,FFree,FFree,FFree,FFree,FFree,FFree,FFree,FFree,FFree,FFree,FFree,FFree,FFree,FFree,FFree,FFree,FFree,FFree,FFree,FFree,FFree,FFree,FFree,FFree,FFree,FFree,FFree,FFree,FFree,FFree,FFree,FFree,FFree,FFree,FFree,FFree
VA 439,FFree,FFree,FFree,FFree,FFree,FFree,FFree,FFree,FFree,FFree,FFree,FFree,FFree,FFree,FFree,FFree,FFree,FFree,FFree,FFree,FFree,FFree,FFree,FFree,FFree,FFree,FFree,FFree,FFree,FFree,FFree,FFree,FFree,FFree,FFree,FFree,FFree
VA 440,FFree,FFree,FFree,FFree,FFree,FFree,FFree,FFree,FFree,FFree,FFree,FFree,FFree,FFree,FFree,FFree,FFree,FFree,FFree,FFree,FFree,FFree,FFree,FFree,FFree,FFree,FFree,FFree,FFree,FFree,FFree,FFree,FFree,FFree,FFree,FFree,FFree
VA 441,FFree,FFree,FFree,FFree,FFree,FFree,FFree,FFree,FFree,FFree,FFree,FFree,FFree,,,,,,,,,,,,,,,,,,,,,,,,
VA 450,FFree,FFree,FFree,FFree,FFree,FFree,FFree,FFree,FFree,FFree,FFree,FFree,FFree,FFree,FFree,FFree,FFree,FFree,FFree,FFree,FFree,FFree,FFree,FFree,FFree,FFree,FFree,FFree,FFree,FFree,FFree,FFree,FFree,FFree,FFree,FFree,FFree
VA 453,FFree,FFree,FFree,FFree,FFree,FFree,FFree,FFree,FFree,FFree,FFree,FFree,FFree,FFree,FFree,FFree,FFree,FFree,FFree,FFree,FFree,FFree,FFree,FFree,FFree,FFree,FFree,FFree,FFree,FFree,FFree,FFree,FFree,FFree,FFree,FFree,FFree
VA 456,FFree,FFree,FFree,FFree,FFree,FFree,FFree,FFree,FFree,FFree,FFree,FFree,,,,,,,,,,,,,,,,,,,,,,,,,
VA 465,FFree,FFree,FFree,FFree,FFree,FFree,FFree,FFree,FFree,FFree,FFree,FFree,FFree,FFree,FFree,FFree,FFree,FFree,FFree,FFree,FFree,FFree,FFree,FFree,FFree,FFree,FFree,FFree,FFree,FFree,FFree,FFree,FFree,FFree,FFree,FFree,FFree
VA 481,FFree,FFree,FFree,FFree,FFree,FFree,FFree,FFree,FFree,FFree,FFree,FFree,FFree,FFree,FFree,FFree,FFree,FFree,FFree,FFree,FFree,FFree,FFree,FFree,FFree,FFree,FFree,FFree,FFree,,,,,,,,
VA 482,FFree,FFree,FFree,FFree,FFree,FFree,FFree,FFree,FFree,FFree,FFree,FFree,FFree,FFree,FFree,FFree,FFree,FFree,FFree,FFree,FFree,FFree,FFree,FFree,FFree,FFree,FFree,FFree,FFree,,,,,,,,
VA 490,FFree,FFree,FFree,FFree,FFree,FFree,FFree,FFree,FFree,FFree,FFree,FFree,FFree,FFree,FFree,FFree,FFree,FFree,FFree,FFree,FFree,FFree,FFree,FFree,FFree,FFree,FFree,FFree,FFree,FFree,FFree,FFree,FFree,FFree,FFree,FFree,FFree
VIS 308,FFree,FFree,FFree,FFree,FFree,FFree,FFree,FFree,FFree,FFree,FFree,FFree,FFree,FFree,FFree,FFree,FFree,FFree,FFree,FFree,FFree,FFree,FFree,FFree,FFree,FFree,FFree,FFree,FFree,,,,,,,,
VIS 310,FFree,FFree,FFree,FFree,FFree,FFree,FFree,FFree,FFree,FFree,FFree,FFree,FFree,FFree,FFree,FFree,FFree,FFree,FFree,FFree,FFree,FFree,FFree,FFree,FFree,FFree,FFree,FFree,FFree,,,,,,,,
VIS 412,FFree,FFree,FFree,FFree,FFree,FFree,FFree,FFree,FFree,FFree,FFree,FFree,FFree,FFree,FFree,FFree,FFree,FFree,FFree,FFree,FFree,FFree,FFree,FFree,FFree,FFree,FFree,FFree,FFree,,,,,,,,
XM 490,FFree,FFree,FFree,FFree,FFree,FFree,FFree,FFree,FFree,FFree,FFree,FFree,FFree,FFree,FFree,FFree,FFree,FFree,FFree,FFree,FFree,FFree,FFree,FFree,FFree,FFree,FFree,FFree,FFree,FFree,FFree,FFree,FFree,FFree,FFree,FFree,FFree
EL 308,CCore,CCore,CCore,,,,,,,,,,,,,,,,,,,,,,,,,,,,,,,,,,
TE 407,CCore,CCore,CCore,,,,,,,,,,,,,,,,,,,,,,,,,,,,,,,,,,
EL 310,AArea,AArea,AArea,,,,,,,,,,,,,,,,,,,,,,,,,,,,,,,,,,
MS 301,AArea,AArea,AArea,,,,,,,,,,,,,,,,,,,,,,,,,,,,,,,,,,
MS 302,AArea,AArea,AArea,,,,,,,,,,,,,,,,,,,,,,,,,,,,,,,,,,
MS 305,AArea,AArea,AArea,,,,,,,,,,,,,,,,,,,,,,,,,,,,,,,,,,
MS 405,AArea,AArea,AArea,,,,,,,,,,,,,,,,,,,,,,,,,,,,,,,,,,
MS 409,AArea,AArea,AArea,,,,,,,,,,,,,,,,,,,,,,,,,,,,,,,,,,
MS 413,AArea,AArea,AArea,,,,,,,,,,,,,,,,,,,,,,,,,,,,,,,,,,
MS 415,AArea,AArea,AArea,,,,,,,,,,,,,,,,,,,,,,,,,,,,,,,,,,
MS 451,AArea,AArea,AArea,,,,,,,,,,,,,,,,,,,,,,,,,,,,,,,,,,
TE 302,AArea,AArea,AArea,,,,,,,,,,,,,,,,,,,,,,,,,,,,,,,,,,
TE 404,AArea,AArea,AArea,,,,,,,,,,,,,,,,,,,,,,,,,,,,,,,,,,
TE 405,AArea,AArea,AArea,,,,,,,,,,,,,,,,,,,,,,,,,,,,,,,,,,
TE 409,AArea,AArea,AArea,,,,,,,,,,,,,,,,,,,,,,,,,,,,,,,,,,
TE 410,AArea,AArea,AArea,,,,,,,,,,,,,,,,,,,,,,,,,,,,,,,,,,
TE 412,AArea,AArea,AArea,,,,,,,,,,,,,,,,,,,,,,,,,,,,,,,,,,
VA 210,AArea:A,AArea:A,AArea:A,,,,,,,,,,,,,,,,,,,,,,,,,,,,,,,,,,
ANTH 428,FFree,,,,,,,,,,,,,,,,,,,,,,,,,,,,,,,,,,,,
CULT 242,FFree:A,FFree:A,FFree:A,,,,,,,,,,,,,,,,,,,,,,,,,,,,,,,,,,
CULT 434,FFree,FFree,FFree,FFree,,,,,,,,,,,,,,,,,,,,,,,,,,,,,,,,,
CULT 449,FFree,FFree,FFree,,,,,,,,,,,,,,,,,,,,,,,,,,,,,,,,,,
CULT 454,FFree,FFree,FFree,,,,,,,,,,,,,,,,,,,,,,,,,,,,,,,,,,
ECON 335,FFree,,,,,,,,,,,,,,,,,,,,,,,,,,,,,,,,,,,,
ECON 450,FFree,FFree,FFree,,,,,,,,,,,,,,,,,,,,,,,,,,,,,,,,,,
EE 301,FFree,FFree,FFree,FFree,,,,,,,,,,,,,,,,,,,,,,,,,,,,,,,,,
EL 202,FFree,FFree,FFree,,,,,,,,,,,,,,,,,,,,,,,,,,,,,,,,,,
EL 204,FFree,FFree,FFree,,,,,,,,,,,,,,,,,,,,,,,,,,,,,,,,,,
EL 302,FFree,FFree,FFree,,,,,,,,,,,,,,,,,,,,,,,,,,,,,,,,,,
EL 303,FFree,FFree,FFree,,,,,,,,,,,,,,,,,,,,,,,,,,,,,,,,,,
EL 304,FFree,FFree,FFree,,,,,,,,,,,,,,,,,,,,,,,,,,,,,,,,,,
EL 305,FFree,FFree,FFree,,,,,,,,,,,,,,,,,,,,,,,,,,,,,,,,,,
EL 306,FFree,FFree,FFree,,,,,,,,,,,,,,,,,,,,,,,,,,,,,,,,,,
EL 401,FFree,FFree,FFree,,,,,,,,,,,,,,,,,,,,,,,,,,,,,,,,,,
EL 402,FFree,FFree,FFree,,,,,,,,,,,,,,,,,,,,,,,,,,,,,,,,,,
EL 404,FFree,FFree,FFree,,,,,,,,,,,,,,,,,,,,,,,,,,,,,,,,,,
EL 405,FFree,FFree,FFree,,,,,,,,,,,,,,,,,,,,,,,,,,,,,,,,,,
EL 407,FFree,FFree,FFree,,,,,,,,,,,,,,,,,,,,,,,,,,,,,,,,,,
EL 444,FFree,FFree,FFree,,,,,,,,,,,,,,,,,,,,,,,,,,,,,,,,,,
EL 473,FFree,FFree,FFree,,,,,,,,,,,,,,,,,,,,,,,,,,,,,,,,,,
EL 480,FFree,FFree,FFree,,,,,,,,,,,,,,,,,,,,,,,,,,,,,,,,,,
HART 323,FFree,FFree,FFree,FFree,,,,,,,,,,,,,,,,,,,,,,,,,,,,,,,,,
HART 424,FFree,,,,,,,,,,,,,,,,,,,,,,,,,,,,,,,,,,,,
HIST 434,FFree,FFree,FFree,FFree,,,,,,,,,,,,,,,,,,,,,,,,,,,,,,,,,
IE 417,FFree,FFree,FFree,FFree,,,,,,,,,,,,,,,,,,,,,,,,,,,,,,,,,
IE 425,FFree,FFree,FFree,FFree,,,,,,,,,,,,,,,,,,,,,,,,,,,,,,,,,
LAW 404,FFree,FFree,FFree,,,,,,,,,,,,,,,,,,,,,,,,,,,,,,,,,,
MATH 401,FFree,FFree,FFree,FFree,,,,,,,,,,,,,,,,,,,,,,,,,,,,,,,,,
MAT 202,FFree,,,,,,,,,,,,,,,,,,,,,,,,,,,,,,,,,,,,
MS 303,FFree,FFree,FFree,,,,,,,,,,,,,,,,,,,,,,,,,,,,,,,,,,
MS 304,FFree,FFree,FFree,,,,,,,,,,,,,,,,,,,,,,,,,,,,,,,,,,
MS 306,FFree,FFree,FFree,,,,,,,,,,,,,,,,,,,,,,,,,,,,,,,,,,
MS 307,FFree,FFree,FFree,,,,,,,,,,,,,,,,,,,,,,,,,,,,,,,,,,
MS 308,FFree,FFree,FFree,,,,,,,,,,,,,,,,,,,,,,,,,,,,,,,,,,
MS 309,FFree,FFree,FFree,,,,,,,,,,,,,,,,,,,,,,,,,,,,,,,,,,
MS 401,FFree,FFree,FFree,,,,,,,,,,,,,,,,,,,,,,,,,,,,,,,,,,
MS 402,FFree,FFree,FFree,,,,,,,,,,,,,,,,,,,,,,,,,,,,,,,,,,
MS 403,FFree,FFree,FFree,,,,,,,,,,,,,,,,,,,,,,,,,,,,,,,,,,
MS 407,FFree,FFree,FFree,,,,,,,,,,,,,,,,,,,,,,,,,,,,,,,,,,
MS 408,FFree,FFree,FFree,,,,,,,,,,,,,,,,,,,,,,,,,,,,,,,,,,
MS 411,FFree,FFree,FFree,,,,,,,,,,,,,,,,,,,,,,,,,,,,,,,,,,
MS 412,FFree,FFree,FFree,,,,,,,,,,,,,,,,,,,,,,,,,,,,,,,,,,
MS 414,FFree,FFree,FFree,,,,,,,,,,,,,,,,,,,,,,,,,,,,,,,,,,
MS 417,FFree,FFree,FFree,,,,,,,,,,,,,,,,,,,,,,,,,,,,,,,,,,
MS 418,FFree,FFree,FFree,,,,,,,,,,,,,,,,,,,,,,,,,,,,,,,,,,
MS 419,FFree,FFree,FFree,,,,,,,,,,,,,,,,,,,,,,,,,,,,,,,,,,
MS 420,FFree,FFree,FFree,,,,,,,,,,,,,,,,,,,,,,,,,,,,,,,,,,
MS 425,FFree,FFree,FFree,,,,,,,,,,,,,,,,,,,,,,,,,,,,,,,,,,
MS 430,FFree,FFree,FFree,,,,,,,,,,,,,,,,,,,,,,,,,,,,,,,,,,
MS 432,FFree,FFree,FFree,,,,,,,,,,,,,,,,,,,,,,,,,,,,,,,,,,
MS 454,FFree,FFree,FFree,,,,,,,,,,,,,,,,,,,,,,,,,,,,,,,,,,
MS 480,FFree,FFree,FFree,,,,,,,,,,,,,,,,,,,,,,,,,,,,,,,,,,
MS 481,FFree,FFree,FFree,,,,,,,,,,,,,,,,,,,,,,,,,,,,,,,,,,
MS 482,FFree,FFree,FFree,,,,,,,,,,,,,,,,,,,,,,,,,,,,,,,,,,
OPIM 491,FFree,FFree,FFree,,,,,,,,,,,,,,,,,,,,,,,,,,,,,,,,,,
OPIM 492,FFree,FFree,FFree,,,,,,,,,,,,,,,,,,,,,,,,,,,,,,,,,,
PHIL 330,FFree,FFree,FFree,,,,,,,,,,,,,,,,,,,,,,,,,,,,,,,,,,
SPS 315,FFree,FFree,FFree,FFree,,,,,,,,,,,,,,,,,,,,,,,,,,,,,,,,,
SPS 399,FFree,FFree,FFree,,,,,,,,,,,,,,,,,,,,,,,,,,,,,,,,,,
TE 301,FFree,FFree,FFree,,,,,,,,,,,,,,,,,,,,,,,,,,,,,,,,,,
TE 303,FFree,FFree,FFree,,,,,,,,,,,,,,,,,,,,,,,,,,,,,,,,,,
TE 304,FFree,FFree,FFree,,,,,,,,,,,,,,,,,,,,,,,,,,,,,,,,,,
TE 305,FFree,FFree,FFree,,,,,,,,,,,,,,,,,,,,,,,,,,,,,,,,,,
TE 401,FFree,FFree,FFree,,,,,,,,,,,,,,,,,,,,,,,,,,,,,,,,,,
TE 402,FFree,FFree,FFree,,,,,,,,,,,,,,,,,,,,,,,,,,,,,,,,,,
TE 480,FFree,FFree,FFree,,,,,,,,,,,,,,,,,,,,,,,,,,,,,,,,,,
VA 327,FFree,FFree,FFree,FFree,,,,,,,,,,,,,,,,,,,,,,,,,,,,,,,,,
VA 442,FFree,,,,,,,,,,,,,,,,,,,,,,,,,,,,,,,,,,,,
IF 100,,,,,,,,,,DFoundationally Required,DFoundationally Required,DFoundationally Required,DFoundationally Required,DFoundationally Required,DFoundationally Required,DFoundationally Required,DFoundationally Required,DFoundationally Required,DFoundationally Required,DFoundationally Required,DFoundationally Required,DFoundationally Required,DFoundationally Required,DFoundationally Required,DFoundationally Required,DFoundationally Required,DFoundationally Required,DFoundationally Required,DFoundationally Required,DFoundationally Required,DFoundationally Required,DFoundationally Required,DFoundationally Required,DFoundationally Required,DFoundationally Required,DFoundationally Required,DFoundationally Required
CIP 101N,,,,,,,,,,DFoundationally Required,DFoundationally Required,DFoundationally Required,DFoundationally Required,DFoundationally Required,DFoundationally Required,DFoundationally Required,DFoundationally Required,DFoundationally Required,DFoundationally Required,DFoundationally Required,DFoundationally Required,DFoundationally Required,DFoundationally Required,DFoundationally Required,DFoundationally Required,DFoundationally Required,DFoundationally Required,DFoundationally Required,DFoundationally Required,DFoundationally Required,DFoundationally Required,DFoundationally Required,DFoundationally Required,DFoundationally Required,DFoundationally Required,DFoundationally Required,DFoundationally Required
AL 102,,,,,,,,,,DFoundationally Required,DFoundationally Required,DFoundationally Required,DFoundationally Required,DFoundationally Required,DFoundationally Required,DFoundationally Required,DFoundationally Required,DFoundationally Required,DFoundationally Required,DFoundationally Required,DFoundationally Required,DFoundationally Required,DFoundationally Required,DFoundationally Required,DFoundationally Required,DFoundationally Required,DFoundationally Required,DFoundationally Required,DFoundationally Required,DFoundationally Required,DFoundationally Required,DFoundationally Required,DFoundationally Required,DFoundationally Required,DFoundationally Required,DFoundationally Required,DFoundationally Required
PROJ 201,,,,,,,,,,DFoundationally Required,DFoundationally Required,DFoundationally Required,DFoundationally Required,DFoundationally Required,DFoundationally Required,DFoundationally Required,DFoundationally Required,DFoundationally Required,DFoundationally Required,DFoundationally Required,DFoundationally Required,DFoundationally Required,DFoundationally Required,DFoundationally Required,DFoundationally Required,DFoundationally Required,DFoundationally Required,DFoundationally Required,DFoundationally Required,DFoundationally Required,DFoundationally Required,DFoundationally Required,DFoundationally Required,DFoundationally Required,DFoundationally Required,DFoundationally Required,DFoundationally Required