"History - With Thesis","199901","199902","199903","200001","200002","200003","200101","200102","200103","200201","200202","200203","200301","200302","200303","200401","200402","200403","200501","200502","200503","200601","200602","200603","200701","200702","200703","200801","200802","200803","200901","200902","200903","201001","201002","201003","201101","201102","201103","201201","201202","201203","201301","201302","201303","201401","201402","201403","201501","201502","201503","201601","201602","201603","201701","201702","201703","201801","201802","201803","201901","201902","201903","202001","202002","202003","202101","202102","202103","202201","202202","202203","202301","202302","202303","202401","202402","202403","202501","202502","202503","202601"
Requirement:credits,36,36,36,36,36,36,36,36,36,36,36,36,27,27,27,27,27,27,27,27,27,27,27,27,27,27,27,27,27,27,27,27,27,27,27,27,27,27,27,27,27,27,27,27,27,27,27,27,27,27,27,27,27,27,27,27,27,27,27,27,27,27,27,27,27,27,27,27,27,27,27,27,27,27,27,27,27,27,27,27,27,27
Requirement:courses,14,14,14,14,14,14,14,14,14,14,14,14,11,11,11,11,11,11,11,11,11,11,11,11,11,11,11,11,11,11,11,11,11,11,11,11,11,11,11,11,11,11,11,11,11,15,15,15,15,15,15,15,15,15,15,15,15,15,15,15,15,15,15,15,15,15,15,15,15,15,15,15,12,12,12,12,12,12,12,12,12,12
Requirement:ECTS,,,,,,,,,,,,,,,,,,,,,,,,,,,,,,,,,,,,,,,,,,,,,,163,163,163,163,163,163,163,163,163,163,163,163,163,163,163,163,163,163,163,163,163,163,163,163,163,163,163,142,142,142,142,142,142,142,142,142,142
HIST 599,TThesis,TThesis,TThesis,TThesis,TThesis,TThesis,TThesis,TThesis,TThesis,TThesis,TThesis,TThesis,TThesis,TThesis,TThesis,TThesis,TThesis,TThesis,TThesis,TThesis,TThesis,TThesis,TThesis,TThesis,TThesis,TThesis,TThesis,TThesis,TThesis,TThesis,TThesis,TThesis,TThesis,TThesis,TThesis,TThesis,TThesis,TThesis,TThesis,TThesis,TThesis,TThesis,TThesis,TThesis,TThesis,TThesis,TThesis,TThesis,TThesis,TThesis,TThesis,TThesis,TThesis,TThesis,TThesis,TThesis,TThesis,TThesis,TThesis,TThesis,TThesis,TThesis,TThesis,TThesis,TThesis,TThesis,TThesis,TThesis,TThesis,TThesis,TThesis,TThesis,TThesis,TThesis,TThesis,TThesis,TThesis,TThesis,TThesis,TThesis,TThesis,TThesis
HIST 500,RRequired,RRequired,RRequired,RRequired,RRequired,RRequired,RRequired,RRequired,RRequired,RRequired,RRequired,RRequired,RRequired,RRequired,RRequired,RRequired,RRequired,RRequired,RRequired,RRequired,RRequired,RRequired,RRequired,RRequired,RRequired,RRequired,RRequired,RRequired,RRequired,RRequired,RRequired,RRequired,RRequired,RRequired,RRequired,RRequired,RRequired,RRequired,RRequired,RRequired,RRequired,RRequired,RRequired,RRequired,RRequired,RRequired,RRequired,RRequired,RRequired,RRequired,RRequired,RRequired,RRequired,RRequired,RRequired,RRequired,RRequired,RRequired,RRequired,RRequired,RRequired,RRequired,RRequired,RRequired,RRequired,RRequired,RRequired,RRequired,RRequired,RRequired,RRequired,RRequired,RRequired,RRequired,RRequired,RRequired,RRequired,RRequired,RRequired,RRequired,RRequired,RRequired
HIST 501,RRequired,RRequired,RRequired,RRequired,RRequired,RRequired,RRequired,RRequired,RRequired,RRequired,RRequired,RRequired,RRequired,RRequired,RRequired,RRequired,RRequired,RRequired,RRequired,RRequired,RRequired,RRequired,RRequired,RRequired,RRequired,RRequired,RRequired,RRequired,RRequired,RRequired,RRequired,RRequired,RRequired,RRequired,RRequired,RRequired,RRequired,RRequired,RRequired,RRequired,RRequired,RRequired,RRequired,RRequired,RRequired,RRequired,RRequired,RRequired,RRequired,RRequired,RRequired,RRequired,RRequired,RRequired,RRequired,RRequired,RRequired,RRequired,RRequired,RRequired,RRequired,RRequired,RRequired,RRequired,RRequired,RRequired,RRequired,RRequired,RRequired,RRequired,RRequired,RRequired,RRequired,RRequired,RRequired,RRequired,RRequired,RRequired,RRequired,RRequired,RRequired,RRequired
HIST 502,RRequired,RRequired,RRequired,RRequired,RRequired,RRequired,RRequired,RRequired,RRequired,RRequired,RRequired,RRequired,RRequired,RRequired,RRequired,RRequired,RRequired,RRequired,RRequired,RRequired,RRequired,RRequired,RRequired,RRequired,RRequired,RRequired,RRequired,RRequired,RRequired,RRequired,RRequired,RRequired,RRequired,RRequired,RRequired,RRequired,RRequired,RRequired,RRequired,RRequired,RRequired,RRequired,RRequired,RRequired,RRequired,RRequired,RRequired,RRequired,RRequired,RRequired,RRequired,RRequired,RRequired,RRequired,RRequired,RRequired,RRequired,RRequired,RRequired,RRequired,RRequired,RRequired,RRequired,RRequired,RRequired,RRequired,RRequired,RRequired,RRequired,RRequired,RRequired,RRequired,RRequired,RRequired,RRequired,RRequired,RRequired,RRequired,RRequired,RRequired,RRequired,RRequired
HART 623,CCore 14,CCore 14,CCore 14,CCore 14,CCore 14,CCore 14,CCore 14,CCore 14,CCore 14,CCore 14,CCore 14,CCore 14,CCore 14,CCore 14,CCore 14,CCore 14,CCore 14,CCore 14,CCore 14,CCore 3,CCore 3,CCore 3,CCore 3,CCore 3,CCore 3,CCore 3,CCore 3,CCore 3,CCore 3,CCore 3,CCore 3,CCore 3,CCore 3,CCore 3,CCore 3,CCore 3,CCore 3,CCore 3,CCore 3,CCore 3,CCore 3,CCore 3,CCore 3,CCore 3,CCore 3,CCore 3,CCore 3,CCore 3,CCore 3,CCore 3,CCore 3,CCore 3,CCore 3,CCore 3,,,,,,,,,,,,,,,,,,,,,,,,,,,,
HART 624,CCore 14,CCore 14,CCore 14,CCore 14,CCore 14,CCore 14,CCore 14,CCore 14,CCore 14,CCore 14,CCore 14,CCore 14,CCore 14,CCore 14,CCore 14,CCore 14,CCore 14,CCore 14,CCore 14,FFree,FFree,AArea,AArea,,,,,,,,,,,,,,,,,,,,,,,,,,,,,,,,,,,,,,,,,,,,,,,,,,,,,,,,,,,
HART 626,CCore 14,CCore 14,CCore 14,CCore 14,CCore 14,CCore 14,CCore 14,CCore 14,CCore 14,CCore 14,CCore 14,CCore 14,CCore 14,CCore 14,CCore 14,CCore 14,CCore 14,CCore 14,CCore 14,CCore 3,CCore 3,CCore 3,CCore 3,CCore 3,CCore 3,CCore 3,CCore 3,CCore 3,CCore 3,CCore 3,CCore 3,CCore 3,CCore 3,CCore 3,CCore 3,CCore 3,CCore 3,CCore 3,CCore 3,CCore 3,CCore 3,CCore 3,CCore 3,CCore 3,CCore 3,CCore 3,CCore 3,CCore 3,CCore 3,CCore 3,CCore 3,CCore 3,CCore 3,CCore 3,,,,,,,,,,,,,,,,,,,,,,,,,,,,
HIST 549,CCore 14,CCore 14,CCore 14,CCore 14,CCore 14,CCore 14,CCore 14,CCore 14,CCore 14,CCore 14,CCore 14,CCore 14,CCore 14,CCore 14,CCore 14,CCore 14,CCore 14,CCore 14,CCore 14,CCore 2,CCore 2,CCore 2,CCore 2,CCore 2,CCore 2,CCore 2,CCore 2,CCore 2,CCore 2,CCore 2,CCore 2,CCore 2,CCore 2,CCore 2,CCore 2,CCore 2,CCore 2,CCore 2,CCore 2,CCore 2,CCore 2,CCore 2,CCore 2,CCore 2,CCore 2,CCore 2,CCore 2,CCore 2,CCore 2,CCore 2,CCore 2,CCore 2,CCore 2,CCore 2,,,,,,,,,,,,,,,,,,,,,,,,,,,,
HIST 561,CCore 14,CCore 14,CCore 14,CCore 14,CCore 14,CCore 14,CCore 14,CCore 14,CCore 14,CCore 14,CCore 14,CCore 14,CCore 14,CCore 14,CCore 14,CCore 14,CCore 14,CCore 14,CCore 14,CCore 2,CCore 2,CCore 2,CCore 2,CCore 2,CCore 2,CCore 2,CCore 2,CCore 2,CCore 2,CCore 2,CCore 2,CCore 2,CCore 2,CCore 2,CCore 2,CCore 2,CCore 2,CCore 2,CCore 2,CCore 2,CCore 2,CCore 2,CCore 2,CCore 2,CCore 2,CCore 2,CCore 2,CCore 2,CCore 2,CCore 2,CCore 2,CCore 2,CCore 2,CCore 2,CCore 2,CCore 2,CCore 2,CCore 2,CCore 2,CCore 2,CCore 2,CCore 2,CCore 2,CCore 2,CCore 2,CCore 2,CCore 2,CCore 2,CCore 2,CCore 2,CCore 2,CCore 2,CCore 2,CCore 2,CCore 2,CCore 2,CCore 2,CCore 2,CCore 2,CCore 2,CCore 2,CCore 2
HIST 572,CCore 14,CCore 14,CCore 14,CCore 14,CCore 14,CCore 14,CCore 14,CCore 14,CCore 14,CCore 14,CCore 14,CCore 14,CCore 14,CCore 14,CCore 14,CCore 14,CCore 14,CCore 14,CCore 14,CCore 2,CCore 2,CCore 2,CCore 2,CCore 2,CCore 2,CCore 2,CCore 2,CCore 2,CCore 2,CCore 2,CCore 2,CCore 2,CCore 2,CCore 2,CCore 2,CCore 2,CCore 2,CCore 2,CCore 2,CCore 2,CCore 2,CCore 2,CCore 2,CCore 2,CCore 2,CCore 2,CCore 2,CCore 2,CCore 2,CCore 2,CCore 2,CCore 2,CCore 2,CCore 2,CCore 2,CCore 2,CCore 2,CCore 2,CCore 2,CCore 2,CCore 2,CCore 2,CCore 2,CCore 2,CCore 2,CCore 2,CCore 2,CCore 2,CCore 2,CCore 2,CCore 2,CCore 2,CCore 2,CCore 2,CCore 2,CCore 2,CCore 2,CCore 2,CCore 2,CCore 2,CCore 2,CCore 2
HIST 581,CCore 14,CCore 14,CCore 14,CCore 14,CCore 14,CCore 14,CCore 14,CCore 14,CCore 14,CCore 14,CCore 14,CCore 14,CCore 14,CCore 14,CCore 14,CCore 14,CCore 14,CCore 14,CCore 14,CCore 2,CCore 2,CCore 2,CCore 2,CCore 2,CCore 2,CCore 2,CCore 2,CCore 2,CCore 2,CCore 2,CCore 2,CCore 2,CCore 2,CCore 2,CCore 2,CCore 2,CCore 2,CCore 2,CCore 2,CCore 2,CCore 2,CCore 2,CCore 2,CCore 2,CCore 2,CCore 2,CCore 2,CCore 2,CCore 2,CCore 2,CCore 2,CCore 2,CCore 2,CCore 2,CCore 2,CCore 2,CCore 2,CCore 2,CCore 2,CCore 2,CCore 2,CCore 2,CCore 2,CCore 2,CCore 2,CCore 2,CCore 2,CCore 2,CCore 2,CCore 2,CCore 2,CCore 2,CCore 2,CCore 2,CCore 2,CCore 2,CCore 2,CCore 2,CCore 2,CCore 2,CCore 2,CCore 2
HIST 591,CCore 14,CCore 14,CCore 14,CCore 14,CCore 14,CCore 14,CCore 14,CCore 14,CCore 14,CCore 14,CCore 14,CCore 14,CCore 14,CCore 14,CCore 14,CCore 14,CCore 14,CCore 14,CCore 14,CCore 2,CCore 2,CCore 2,CCore 2,CCore 2,CCore 2,CCore 2,CCore 2,CCore 2,CCore 2,CCore 2,CCore 2,CCore 2,CCore 2,CCore 2,CCore 2,CCore 2,CCore 2,CCore 2,CCore 2,CCore 2,CCore 2,CCore 2,CCore 2,CCore 2,CCore 2,CCore 2,CCore 2,CCore 2,CCore 2,CCore 2,CCore 2,CCore 2,CCore 2,CCore 2,CCore 2,CCore 2,CCore 2,CCore 2,CCore 2,CCore 2,CCore 2,CCore 2,CCore 2,CCore 2,CCore 2,CCore 2,CCore 2,CCore 2,CCore 2,CCore 2,CCore 2,CCore 2,CCore 2,CCore 2,CCore 2,CCore 2,CCore 2,CCore 2,CCore 2,CCore 2,CCore 2,CCore 2
HIST 592,CCore 14,CCore 14,CCore 14,CCore 14,CCore 14,CCore 14,CCore 14,CCore 14,CCore 14,CCore 14,CCore 14,CCore 14,CCore 14,CCore 14,CCore 14,CCore 14,CCore 14,CCore 14,CCore 14,CCore 2,CCore 2,CCore 2,CCore 2,CCore 2,CCore 2,CCore 2,CCore 2,CCore 2,CCore 2,CCore 2,CCore 2,CCore 2,CCore 2,CCore 2,CCore 2,CCore 2,CCore 2,CCore 2,CCore 2,CCore 2,CCore 2,CCore 2,CCore 2,CCore 2,CCore 2,CCore 2,CCore 2,CCore 2,CCore 2,CCore 2,CCore 2,CCore 2,CCore 2,CCore 2,CCore 2,CCore 2,CCore 2,CCore 2,CCore 2,CCore 2,CCore 2,CCore 2,CCore 2,CCore 2,CCore 2,CCore 2,CCore 2,CCore 2,CCore 2,CCore 2,CCore 2,CCore 2,CCore 2,CCore 2,CCore 2,,,,,,,
HIST 609,CCore 14,CCore 14,CCore 14,CCore 14,CCore 14,CCore 14,CCore 14,CCore 14,CCore 14,CCore 14,CCore 14,CCore 14,CCore 14,CCore 14,CCore 14,CCore 14,CCore 14,CCore 14,CCore 14,CCore 3,CCore 3,CCore 3,CCore 3,CCore 3,CCore 3,CCore 3,CCore 3,CCore 3,CCore 3,CCore 3,CCore 3,CCore 3,CCore 3,CCore 3,CCore 3,CCore 3,CCore 3,CCore 3,CCore 3,CCore 3,CCore 3,CCore 3,CCore 3,CCore 3,CCore 3,CCore 3,CCore 3,CCore 3,CCore 3,CCore 3,CCore 3,CCore 3,CCore 3,CCore 3,CCore 3,CCore 3,CCore 3,CCore 3,CCore 3,CCore 3,CCore 3,CCore 3,CCore 3,CCore 3,CCore 3,CCore 3,CCore 3,CCore 3,CCore 3,CCore 3,CCore 3,CCore 3,CCore 3,CCore 3,CCore 3,CCore 3,CCore 3,CCore 3,CCore 3,CCore 3,CCore 3,CCore 3
HIST 611,CCore 14,CCore 14,CCore 14,CCore 14,CCore 14,CCore 14,CCore 14,CCore 14,CCore 14,CCore 14,CCore 14,CCore 14,CCore 14,CCore 14,CCore 14,CCore 14,CCore 14,CCore 14,CCore 14,CCore 3,CCore 3,CCore 3,CCore 3,CCore 3,CCore 3,CCore 3,CCore 3,CCore 3,CCore 3,CCore 3,CCore 3,CCore 3,CCore 3,CCore 3,CCore 3,CCore 3,CCore 3,CCore 3,CCore 3,CCore 3,CCore 3,CCore 3,CCore 3,CCore 3,CCore 3,CCore 3,CCore 3,CCore 3,CCore 3,CCore 3,CCore 3,CCore 3,CCore 3,CCore 3,,,,,,,,,,,,,,,,,,,,,,,,,,,,
HIST 613,CCore 14,CCore 14,CCore 14,CCore 14,CCore 14,CCore 14,CCore 14,CCore 14,CCore 14,CCore 14,CCore 14,CCore 14,CCore 14,CCore 14,CCore 14,CCore 14,CCore 14,CCore 14,CCore 14,CCore 3,CCore 3,CCore 3,CCore 3,CCore 3,CCore 3,CCore 3,CCore 3,CCore 3,CCore 3,CCore 3,CCore 3,CCore 3,CCore 3,CCore 3,CCore 3,CCore 3,CCore 3,CCore 3,CCore 3,CCore 3,CCore 3,CCore 3,CCore 3,CCore 3,CCore 3,CCore 3,CCore 3,CCore 3,CCore 3,CCore 3,CCore 3,CCore 3,CCore 3,CCore 3,CCore 3,CCore 3,CCore 3,CCore 3,CCore 3,CCore 3,CCore 3,CCore 3,CCore 3,CCore 3,CCore 3,CCore 3,CCore 3,CCore 3,CCore 3,CCore 3,CCore 3,CCore 3,CCore 3,CCore 3,CCore 3,CCore 3,CCore 3,CCore 3,CCore 3,CCore 3,CCore 3,CCore 3
HIST 621,CCore 14,CCore 14,CCore 14,CCore 14,CCore 14,CCore 14,CCore 14,CCore 14,CCore 14,CCore 14,CCore 14,CCore 14,CCore 14,CCore 14,CCore 14,CCore 14,CCore 14,CCore 14,CCore 14,CCore 3,CCore 3,CCore 3,CCore 3,CCore 3,CCore 3,CCore 3,CCore 3,CCore 3,CCore 3,CCore 3,CCore 3,CCore 3,CCore 3,CCore 3,CCore 3,CCore 3,CCore 3,CCore 3,CCore 3,CCore 3,CCore 3,CCore 3,CCore 3,CCore 3,CCore 3,CCore 3,CCore 3,CCore 3,CCore 3,CCore 3,CCore 3,CCore 3,CCore 3,CCore 3,,,,,,,,,,,,,,,,,,,,,,,,,,,,
HIST 622,CCore 14,CCore 14,CCore 14,CCore 14,CCore 14,CCore 14,CCore 14,CCore 14,CCore 14,CCore 14,CCore 14,CCore 14,CCore 14,CCore 14,CCore 14,CCore 14,CCore 14,CCore 14,CCore 14,CCore 3,CCore 3,CCore 3,CCore 3,CCore 3,CCore 3,CCore 3,CCore 3,CCore 3,CCore 3,CCore 3,CCore 3,CCore 3,CCore 3,CCore 3,CCore 3,CCore 3,CCore 3,CCore 3,CCore 3,CCore 3,CCore 3,CCore 3,CCore 3,CCore 3,CCore 3,CCore 3,CCore 3,CCore 3,CCore 3,CCore 3,CCore 3,CCore 3,CCore 3,CCore 3,,,,,,,,,,,,,,,,,,,,,,,,,,,,
HIST 623,CCore 14,CCore 14,CCore 14,CCore 14,CCore 14,CCore 14,CCore 14,CCore 14,CCore 14,CCore 14,CCore 14,CCore 14,CCore 14,CCore 14,CCore 14,CCore 14,CCore 14,CCore 14,CCore 14,CCore 3,CCore 3,CCore 3,CCore 3,CCore 3,CCore 3,CCore 3,CCore 3,CCore 3,CCore 3,CCore 3,CCore 3,CCore 3,CCore 3,CCore 3,CCore 3,CCore 3,CCore 3,CCore 3,CCore 3,CCore 3,CCore 3,CCore 3,CCore 3,CCore 3,CCore 3,CCore 3,CCore 3,CCore 3,CCore 3,CCore 3,CCore 3,CCore 3,CCore 3,CCore 3,CCore 3,CCore 3,CCore 3,CCore 3,CCore 3,CCore 3,CCore 3,CCore 3,CCore 3,CCore 3,CCore 3,CCore 3,CCore 3,CCore 3,CCore 3,CCore 3,,,,,,,,,,,,
HIST 625,CCore 14,CCore 14,CCore 14,CCore 14,CCore 14,CCore 14,CCore 14,CCore 14,CCore 14,CCore 14,CCore 14,CCore 14,CCore 14,CCore 14,CCore 14,CCore 14,CCore 14,CCore 14,CCore 14,CCore 3,CCore 3,CCore 3,CCore 3,CCore 3,CCore 3,CCore 3,CCore 3,CCore 3,CCore 3,CCore 3,CCore 3,CCore 3,CCore 3,CCore 3,CCore 3,CCore 3,CCore 3,CCore 3,CCore 3,CCore 3,CCore 3,CCore 3,CCore 3,CCore 3,CCore 3,CCore 3,CCore 3,CCore 3,CCore 3,CCore 3,CCore 3,CCore 3,CCore 3,CCore 3,CCore 3,CCore 3,CCore 3,CCore 3,CCore 3,CCore 3,CCore 3,CCore 3,CCore 3,CCore 3,CCore 3,CCore 3,CCore 3,CCore 3,CCore 3,CCore 3,CCore 3,CCore 3,CCore 3,CCore 3,CCore 3,CCore 3,CCore 3,CCore 3,CCore 3,CCore 3,CCore 3,CCore 3
HIST 647,CCore 14,CCore 14,CCore 14,CCore 14,CCore 14,CCore 14,CCore 14,CCore 14,CCore 14,CCore 14,CCore 14,CCore 14,CCore 14,CCore 14,CCore 14,CCore 14,CCore 14,CCore 14,CCore 14,CCore 3,CCore 3,CCore 3,CCore 3,CCore 3,CCore 3,CCore 3,CCore 3,CCore 3,CCore 3,CCore 3,CCore 3,CCore 3,CCore 3,CCore 3,CCore 3,CCore 3,CCore 3,CCore 3,CCore 3,CCore 3,CCore 3,CCore 3,CCore 3,CCore 3,CCore 3,CCore 3,CCore 3,CCore 3,CCore 3,CCore 3,CCore 3,CCore 3,CCore 3,CCore 3,,,,,,,,,,,,,,,,,,,,,,,,,,,,
HIST 650,CCore 14,CCore 14,CCore 14,CCore 14,CCore 14,CCore 14,CCore 14,CCore 14,CCore 14,CCore 14,CCore 14,CCore 14,CCore 14,CCore 14,CCore 14,CCore 14,CCore 14,CCore 14,CCore 14,CCore 3,CCore 3,CCore 3,CCore 3,CCore 3,CCore 3,CCore 3,CCore 3,CCore 3,CCore 3,CCore 3,CCore 3,CCore 3,CCore 3,CCore 3,CCore 3,CCore 3,CCore 3,CCore 3,CCore 3,CCore 3,CCore 3,CCore 3,CCore 3,CCore 3,CCore 3,CCore 3,CCore 3,CCore 3,CCore 3,CCore 3,CCore 3,CCore 3,CCore 3,CCore 3,CCore 3,CCore 3,CCore 3,CCore 3,CCore 3,CCore 3,CCore 3,CCore 3,CCore 3,CCore 3,CCore 3,CCore 3,CCore 3,CCore 3,CCore 3,CCore 3,,,,,,,,,,,,
HIST 652,CCore 14,CCore 14,CCore 14,CCore 14,CCore 14,CCore 14,CCore 14,CCore 14,CCore 14,CCore 14,CCore 14,CCore 14,CCore 14,CCore 14,CCore 14,CCore 14,CCore 14,CCore 14,CCore 14,CCore 3,CCore 3,CCore 3,CCore 3,CCore 3,CCore 3,CCore 3,CCore 3,CCore 3,CCore 3,CCore 3,CCore 3,CCore 3,CCore 3,CCore 3,CCore 3,CCore 3,CCore 3,CCore 3,CCore 3,CCore 3,CCore 3,CCore 3,CCore 3,CCore 3,CCore 3,CCore 3,CCore 3,CCore 3,CCore 3,CCore 3,CCore 3,CCore 3,CCore 3,CCore 3,,,,,,,,,,,,,,,,,,,,,,,,,,,,
HIST 653,CCore 14,CCore 14,CCore 14,CCore 14,CCore 14,CCore 14,CCore 14,CCore 14,CCore 14,CCore 14,CCore 14,CCore 14,CCore 14,CCore 14,CCore 14,CCore 14,CCore 14,CCore 14,CCore 14,CCore 3,CCore 3,CCore 3,CCore 3,CCore 3,CCore 3,CCore 3,CCore 3,CCore 3,CCore 3,CCore 3,CCore 3,CCore 3,CCore 3,CCore 3,CCore 3,CCore 3,CCore 3,CCore 3,CCore 3,CCore 3,CCore 3,CCore 3,CCore 3,CCore 3,CCore 3,CCore 3,CCore 3,CCore 3,CCore 3,CCore 3,CCore 3,CCore 3,CCore 3,CCore 3,,,,,,,,,,,,,,,,,,,,,,,,,,,,
HIST 669,CCore 14,CCore 14,CCore 14,CCore 14,CCore 14,CCore 14,CCore 14,CCore 14,CCore 14,CCore 14,CCore 14,CCore 14,CCore 14,CCore 14,CCore 14,CCore 14,CCore 14,CCore 14,CCore 14,CCore 3,CCore 3,CCore 3,CCore 3,CCore 3,CCore 3,CCore 3,CCore 3,CCore 3,CCore 3,CCore 3,CCore 3,CCore 3,CCore 3,CCore 3,CCore 3,CCore 3,CCore 3,CCore 3,CCore 3,CCore 3,CCore 3,CCore 3,CCore 3,CCore 3,CCore 3,CCore 3,CCore 3,CCore 3,CCore 3,CCore 3,CCore 3,CCore 3,CCore 3,CCore 3,CCore 3,CCore 3,CCore 3,CCore 3,CCore 3,CCore 3,CCore 3,CCore 3,CCore 3,CCore 3,CCore 3,CCore 3,CCore 3,CCore 3,CCore 3,CCore 3,,,,,,,,,,,,
HIST 671,CCore 14,CCore 14,CCore 14,CCore 14,CCore 14,CCore 14,CCore 14,CCore 14,CCore 14,CCore 14,CCore 14,CCore 14,CCore 14,CCore 14,CCore 14,CCore 14,CCore 14,CCore 14,CCore 14,CCore 3,CCore 3,CCore 3,CCore 3,CCore 3,CCore 3,CCore 3,CCore 3,CCore 3,CCore 3,CCore 3,CCore 3,CCore 3,CCore 3,CCore 3,CCore 3,CCore 3,CCore 3,CCore 3,CCore 3,CCore 3,CCore 3,CCore 3,CCore 3,CCore 3,CCore 3,CCore 3,CCore 3,CCore 3,CCore 3,CCore 3,CCore 3,CCore 3,CCore 3,CCore 3,CCore 3,CCore 3,CCore 3,CCore 3,CCore 3,CCore 3,CCore 3,CCore 3,CCore 3,CCore 3,CCore 3,CCore 3,CCore 3,CCore 3,CCore 3,CCore 3,,,,,,,,,,,,
HIST 682,CCore 14,CCore 14,CCore 14,CCore 14,CCore 14,CCore 14,CCore 14,CCore 14,CCore 14,CCore 14,CCore 14,CCore 14,CCore 14,CCore 14,CCore 14,CCore 14,CCore 14,CCore 14,CCore 14,CCore 3,CCore 3,CCore 3,CCore 3,CCore 3,CCore 3,CCore 3,CCore 3,CCore 3,CCore 3,CCore 3,CCore 3,CCore 3,CCore 3,CCore 3,CCore 3,CCore 3,CCore 3,CCore 3,CCore 3,CCore 3,CCore 3,CCore 3,CCore 3,CCore 3,CCore 3,CCore 3,CCore 3,CCore 3,CCore 3,CCore 3,CCore 3,CCore 3,CCore 3,CCore 3,CCore 3,CCore 3,CCore 3,CCore 3,CCore 3,CCore 3,CCore 3,CCore 3,CCore 3,CCore 3,CCore 3,CCore 3,CCore 3,CCore 3,CCore 3,CCore 3,CCore 3,CCore 3,CCore 3,CCore 3,CCore 3,CCore 3,CCore 3,CCore 3,CCore 3,CCore 3,CCore 3,CCore 3
HIST 689,CCore 14,CCore 14,CCore 14,CCore 14,CCore 14,CCore 14,CCore 14,CCore 14,CCore 14,CCore 14,CCore 14,CCore 14,CCore 14,CCore 14,CCore 14,CCore 14,CCore 14,CCore 14,CCore 14,CCore 3,CCore 3,CCore 3,CCore 3,CCore 3,CCore 3,CCore 3,CCore 3,CCore 3,CCore 3,CCore 3,CCore 3,CCore 3,CCore 3,CCore 3,CCore 3,CCore 3,CCore 3,CCore 3,CCore 3,CCore 3,CCore 3,CCore 3,CCore 3,CCore 3,CCore 3,CCore 3,CCore 3,CCore 3,CCore 3,CCore 3,CCore 3,CCore 3,CCore 3,CCore 3,CCore 3,CCore 3,CCore 3,CCore 3,CCore 3,CCore 3,CCore 3,CCore 3,CCore 3,CCore 3,CCore 3,CCore 3,CCore 3,CCore 3,CCore 3,CCore 3,,,,,,,,,,,,
HIST 692,CCore 14,CCore 14,CCore 14,CCore 14,CCore 14,CCore 14,CCore 14,CCore 14,CCore 14,CCore 14,CCore 14,CCore 14,CCore 14,CCore 14,CCore 14,CCore 14,CCore 14,CCore 14,CCore 14,CCore 3,CCore 3,CCore 3,CCore 3,CCore 3,CCore 3,CCore 3,CCore 3,CCore 3,CCore 3,CCore 3,CCore 3,CCore 3,CCore 3,CCore 3,CCore 3,CCore 3,CCore 3,CCore 3,CCore 3,CCore 3,CCore 3,CCore 3,CCore 3,CCore 3,CCore 3,CCore 3,CCore 3,CCore 3,CCore 3,CCore 3,CCore 3,CCore 3,CCore 3,CCore 3,CCore 3,CCore 3,CCore 3,CCore 3,CCore 3,CCore 3,CCore 3,CCore 3,CCore 3,CCore 3,CCore 3,CCore 3,CCore 3,CCore 3,CCore 3,CCore 3,CCore 3,CCore 3,CCore 3,CCore 3,CCore 3,CCore 3,CCore 3,CCore 3,CCore 3,CCore 3,CCore 3,CCore 3
HIST 694,CCore 14,CCore 14,CCore 14,CCore 14,CCore 14,CCore 14,CCore 14,CCore 14,CCore 14,CCore 14,CCore 14,CCore 14,CCore 14,CCore 14,CCore 14,CCore 14,CCore 14,CCore 14,CCore 14,CCore 3,CCore 3,CCore 3,CCore 3,CCore 3,CCore 3,CCore 3,CCore 3,CCore 3,CCore 3,CCore 3,CCore 3,CCore 3,CCore 3,CCore 3,CCore 3,CCore 3,CCore 3,CCore 3,CCore 3,CCore 3,CCore 3,CCore 3,CCore 3,CCore 3,CCore 3,CCore 3,CCore 3,CCore 3,CCore 3,CCore 3,CCore 3,CCore 3,CCore 3,CCore 3,,,,,,,,,,,,,,,,,,,,,,,,,,,,
HIST 695,CCore 14,CCore 14,CCore 14,CCore 14,CCore 14,CCore 14,CCore 14,CCore 14,CCore 14,CCore 14,CCore 14,CCore 14,CCore 14,CCore 14,CCore 14,CCore 14,CCore 14,CCore 14,CCore 14,CCore 3,CCore 3,CCore 3,CCore 3,CCore 3,CCore 3,CCore 3,CCore 3,CCore 3,CCore 3,CCore 3,CCore 3,CCore 3,CCore 3,CCore 3,CCore 3,CCore 3,CCore 3,CCore 3,CCore 3,CCore 3,CCore 3,CCore 3,CCore 3,CCore 3,CCore 3,CCore 3,CCore 3,CCore 3,CCore 3,CCore 3,CCore 3,CCore 3,CCore 3,CCore 3,CCore 3,CCore 3,CCore 3,CCore 3,CCore 3,CCore 3,CCore 3,CCore 3,CCore 3,CCore 3,CCore 3,CCore 3,CCore 3,CCore 3,CCore 3,CCore 3,,,,,,,,,,,,
HIST 696,CCore 14,CCore 14,CCore 14,CCore 14,CCore 14,CCore 14,CCore 14,CCore 14,CCore 14,CCore 14,CCore 14,CCore 14,CCore 14,CCore 14,CCore 14,CCore 14,CCore 14,CCore 14,CCore 14,CCore 3,CCore 3,CCore 3,CCore 3,CCore 3,CCore 3,CCore 3,CCore 3,CCore 3,CCore 3,CCore 3,CCore 3,CCore 3,CCore 3,CCore 3,CCore 3,CCore 3,CCore 3,CCore 3,CCore 3,CCore 3,CCore 3,CCore 3,CCore 3,CCore 3,CCore 3,CCore 3,CCore 3,CCore 3,CCore 3,CCore 3,CCore 3,CCore 3,CCore 3,CCore 3,CCore 3,CCore 3,CCore 3,CCore 3,CCore 3,CCore 3,CCore 3,CCore 3,CCore 3,CCore 3,CCore 3,CCore 3,CCore 3,CCore 3,CCore 3,CCore 3,,,,,,,,,,,,
HIST 697,CCore 14,CCore 14,CCore 14,CCore 14,CCore 14,CCore 14,CCore 14,CCore 14,CCore 14,CCore 14,CCore 14,CCore 14,CCore 14,CCore 14,CCore 14,CCore 14,CCore 14,CCore 14,CCore 14,CCore 3,CCore 3,CCore 3,CCore 3,CCore 3,CCore 3,CCore 3,CCore 3,CCore 3,CCore 3,CCore 3,CCore 3,CCore 3,CCore 3,CCore 3,CCore 3,CCore 3,CCore 3,CCore 3,CCore 3,CCore 3,CCore 3,CCore 3,CCore 3,CCore 3,CCore 3,CCore 3,CCore 3,CCore 3,CCore 3,CCore 3,CCore 3,CCore 3,CCore 3,CCore 3,CCore 3,CCore 3,CCore 3,CCore 3,CCore 3,CCore 3,CCore 3,CCore 3,CCore 3,CCore 3,CCore 3,CCore 3,CCore 3,CCore 3,CCore 3,CCore 3,,,,,,,,,,,,
LIT 624,CCore 14,CCore 14,CCore 14,CCore 14,CCore 14,CCore 14,CCore 14,CCore 14,CCore 14,CCore 14,CCore 14,CCore 14,CCore 14,CCore 14,CCore 14,CCore 14,CCore 14,CCore 14,CCore 14,,,,,,,,,,,,,,,,,,,,,,,,,,,,,,,,,,,,,,,,,,,,,,,,,,,,,,,,,,,,,,,
LIT 692,CCore 14,CCore 14,CCore 14,CCore 14,CCore 14,CCore 14,CCore 14,CCore 14,CCore 14,CCore 14,CCore 14,CCore 14,CCore 14,CCore 14,CCore 14,CCore 14,CCore 14,CCore 14,CCore 14,CCore 3,CCore 3,CCore 3,CCore 3,CCore 3,CCore 3,CCore 3,CCore 3,CCore 3,CCore 3,CCore 3,CCore 3,CCore 3,CCore 3,CCore 3,CCore 3,CCore 3,CCore 3,CCore 3,CCore 3,CCore 3,CCore 3,CCore 3,CCore 3,CCore 3,CCore 3,CCore 3,CCore 3,CCore 3,CCore 3,CCore 3,CCore 3,CCore 3,CCore 3,CCore 3,CCore 3,CCore 3,CCore 3,CCore 3,CCore 3,CCore 3,CCore 3,,,,,,,,,,,,,,,,,,,,,
ACC 551,FFree,FFree,FFree,FFree,FFree,FFree,FFree,FFree,FFree,FFree,FFree,FFree,FFree,FFree,FFree,FFree,FFree,FFree,FFree,FFree,FFree,AArea,AArea,AArea,,,,,,,,,,,,,,,,,,,,,,,,,,,,,,,,,,,,,,,,,,,,,,,,,,,,,,,,,,
ANTH 513,FFree,FFree,FFree,FFree,FFree,FFree,FFree,FFree,FFree,FFree,FFree,FFree,FFree,FFree,FFree,FFree,FFree,FFree,FFree,FFree,FFree,,,,,,,,,,,,,,,,,,,,,,,,,,,,,,,,,,,,,,,,,,,,,,,,,,,,,,,,,,,,,
ANTH 515,FFree,FFree,FFree,FFree,FFree,FFree,FFree,FFree,FFree,FFree,FFree,FFree,FFree,FFree,FFree,FFree,FFree,FFree,FFree,FFree,FFree,AArea,AArea,AArea,AArea,AArea,AArea,,,,,,,,,,,,,,,,,,,,,,,,,,,,,,,,,,,,,,,,,,,,,,,,,,,,,,,
ANTH 521,FFree,FFree,FFree,FFree,FFree,FFree,FFree,FFree,FFree,FFree,FFree,FFree,FFree,FFree,FFree,FFree,FFree,FFree,FFree,FFree,FFree,AArea,AArea,AArea,AArea,AArea,AArea,,,,,,,,,,,,,,,,,,,,,,,,,,,,,,,,,,,,,,,,,,,,,,,,,,,,,,,
ANTH 525,FFree,FFree,FFree,FFree,FFree,FFree,FFree,FFree,FFree,FFree,FFree,FFree,FFree,FFree,FFree,FFree,FFree,FFree,FFree,FFree,FFree,AArea,AArea,AArea,AArea,AArea,AArea,,,,,,,,,,,,,,,,,,,,,,,,,,,,,,,,,,,,,,,,,,,,,,,,,,,,,,,
ANTH 526,FFree,FFree,FFree,FFree,FFree,FFree,FFree,FFree,FFree,FFree,FFree,FFree,FFree,FFree,FFree,FFree,FFree,FFree,FFree,FFree,FFree,AArea,AArea,AArea,AArea,AArea,AArea,,,,,,,,,,,,,,,,,,,,,,,,,,,,,,,,,,,,,,,,,,,,,,,,,,,,,,,
ANTH 528,FFree,FFree,FFree,FFree,FFree,FFree,FFree,FFree,FFree,FFree,FFree,FFree,FFree,FFree,FFree,FFree,FFree,FFree,FFree,FFree,FFree,AArea,AArea,AArea,AArea,AArea,AArea,,,,,,,,,,,,,,,,,,,,,,,,,,,,,,,,,,,,,,,,,,,,,,,,,,,,,,,
ANTH 550,FFree,FFree,FFree,FFree,FFree,FFree,FFree,FFree,FFree,FFree,FFree,FFree,FFree,FFree,FFree,FFree,FFree,FFree,FFree,FFree,FFree,AArea,AArea,AArea,AArea,AArea,AArea,,,,,,,,,,,,,,,,,,,,,,,,,,,,,,,,,,,,,,,,,,,,,,,,,,,,,,,
ANTH 554,FFree,FFree,FFree,FFree,FFree,FFree,FFree,FFree,FFree,FFree,FFree,FFree,FFree,FFree,FFree,FFree,FFree,FFree,FFree,FFree,FFree,AArea,AArea,AArea,AArea,AArea,AArea,,,,,,,,,,,,,,,,,,,,,,,,,,,,,,,,,,,,,,,,,,,,,,,,,,,,,,,
ANTH 565,FFree,FFree,FFree,FFree,FFree,FFree,FFree,FFree,FFree,FFree,FFree,FFree,FFree,FFree,FFree,FFree,FFree,FFree,FFree,FFree,FFree,AArea,AArea,AArea,AArea,AArea,AArea,,,,,,,,,,,,,,,,,,,,,,,,,,,,,,,,,,,,,,,,,,,,,,,,,,,,,,,
ANTH 568,FFree,FFree,FFree,FFree,FFree,FFree,FFree,FFree,FFree,FFree,FFree,FFree,FFree,FFree,FFree,FFree,FFree,FFree,FFree,FFree,FFree,AArea,AArea,AArea,AArea,AArea,AArea,,,,,,,,,,,,,,,,,,,,,,,,,,,,,,,,,,,,,,,,,,,,,,,,,,,,,,,
ANTH 569,FFree,FFree,FFree,FFree,FFree,FFree,FFree,FFree,FFree,FFree,FFree,FFree,FFree,FFree,FFree,FFree,FFree,FFree,FFree,FFree,FFree,AArea,AArea,AArea,AArea,AArea,AArea,AArea,AArea,AArea,AArea,AArea,AArea,AArea,AArea,AArea,,,,,,,,,,,,,,,,,,,,,,,,,,,,,,,,,,,,,,,,,,,,,,
ANTH 571,FFree,FFree,FFree,FFree,FFree,FFree,FFree,FFree,FFree,FFree,FFree,FFree,FFree,FFree,FFree,FFree,FFree,FFree,FFree,FFree,FFree,AArea,AArea,AArea,AArea,AArea,AArea,,,,,,,,,,,,,,,,,,,,,,,,,,,,,,,,,,,,,,,,,,,,,,,,,,,,,,,
ANTH 591,FFree,FFree,FFree,FFree,FFree,FFree,FFree,,,,,,,,,,,,,,,,,,,,,,,,,,,,,,,,,,,,,,,,,,,,,,,,,,,,,,,,,,,,,,,,,,,,,,,,,,,
ANTH 613,FFree,FFree,FFree,FFree,FFree,FFree,FFree,FFree,FFree,FFree,FFree,FFree,FFree,FFree,FFree,FFree,FFree,FFree,FFree,,,,,,,,,,,,,,,,,,,,,,,,,,,,,,,,,,,,,,,,,,,,,,,,,,,,,,,,,,,,,,,
ANTH 669,FFree,FFree,FFree,FFree,FFree,FFree,FFree,FFree,FFree,FFree,FFree,FFree,FFree,FFree,FFree,FFree,FFree,FFree,FFree,,,,,,,,,,,,,,,,,,,,,,,,,,,,,,,,,,,,,,,,,,,,,,,,,,,,,,,,,,,,,,,
ARA 501,FFree,FFree,FFree,FFree,FFree,FFree,FFree,FFree,FFree,FFree,FFree,FFree,FFree,FFree,FFree,FFree,FFree,FFree,FFree,FFree,FFree,AArea,AArea,AArea,AArea,AArea,AArea,CCore 1,CCore 1,CCore 1,CCore 1,CCore 1,CCore 1,CCore 1,CCore 1,CCore 1,CCore 1,CCore 1,CCore 1,CCore 1,CCore 1,CCore 1,,,,,,,,,,,,,,,,,,,,,,,,,,,,,,,,,,,,,,,,
ARA 502,FFree,FFree,FFree,FFree,FFree,FFree,FFree,FFree,FFree,FFree,FFree,FFree,FFree,FFree,FFree,FFree,FFree,FFree,FFree,FFree,FFree,AArea,AArea,AArea,AArea,AArea,AArea,CCore 1,CCore 1,CCore 1,CCore 1,CCore 1,CCore 1,CCore 1,CCore 1,CCore 1,CCore 1,CCore 1,CCore 1,CCore 1,CCore 1,CCore 1,,,,,,,,,,,,,,,,,,,,,,,,,,,,,,,,,,,,,,,,
ARA 503,FFree,FFree,FFree,FFree,FFree,FFree,FFree,FFree,FFree,FFree,FFree,FFree,FFree,FFree,FFree,FFree,FFree,FFree,FFree,FFree,FFree,AArea,AArea,AArea,AArea,AArea,AArea,CCore 1,CCore 1,CCore 1,CCore 1,CCore 1,CCore 1,CCore 1,CCore 1,CCore 1,CCore 1,CCore 1,CCore 1,CCore 1,CCore 1,CCore 1,,,,,,,,,,,,,,,,,,,,,,,,,,,,,,,,,,,,,,,,
ARA 504,FFree,FFree,FFree,FFree,FFree,FFree,FFree,FFree,FFree,FFree,FFree,FFree,FFree,FFree,FFree,FFree,FFree,FFree,FFree,FFree,FFree,AArea,AArea,AArea,AArea,AArea,AArea,CCore 1,CCore 1,CCore 1,CCore 1,CCore 1,CCore 1,CCore 1,CCore 1,CCore 1,CCore 1,CCore 1,CCore 1,CCore 1,CCore 1,CCore 1,,,,,,,,,,,,,,,,,,,,,,,,,,,,,,,,,,,,,,,,
ARA 510,FFree,FFree,FFree,FFree,FFree,FFree,FFree,FFree,FFree,FFree,FFree,FFree,FFree,FFree,FFree,FFree,FFree,FFree,FFree,FFree,FFree,AArea,AArea,AArea,AArea,AArea,AArea,,,,,,,,,,,,,,,,CCore 1,CCore 1,CCore 1,CCore 1,CCore 1,CCore 1,CCore 1,CCore 1,CCore 1,CCore 1,CCore 1,CCore 1,CCore 1,CCore 1,CCore 1,CCore 1,CCore 1,CCore 1,CCore 1,CCore 1,CCore 1,CCore 1,CCore 1,CCore 1,CCore 1,CCore 1,CCore 1,CCore 1,CCore 1,CCore 1,CCore 1,CCore 1,CCore 1,CCore 1,CCore 1,CCore 1,CCore 1,CCore 1,CCore 1,CCore 1
ARA 520,FFree,FFree,FFree,FFree,FFree,FFree,FFree,FFree,FFree,FFree,FFree,FFree,FFree,FFree,FFree,FFree,FFree,FFree,FFree,FFree,FFree,AArea,AArea,AArea,AArea,AArea,AArea,,,,,,,,,,,,,,,,CCore 1,CCore 1,CCore 1,CCore 1,CCore 1,CCore 1,CCore 1,CCore 1,CCore 1,CCore 1,CCore 1,CCore 1,CCore 1,CCore 1,CCore 1,CCore 1,CCore 1,CCore 1,CCore 1,CCore 1,CCore 1,CCore 1,CCore 1,CCore 1,CCore 1,CCore 1,CCore 1,CCore 1,CCore 1,CCore 1,CCore 1,CCore 1,CCore 1,CCore 1,CCore 1,CCore 1,CCore 1,CCore 1,CCore 1,CCore 1
ARA 530,FFree,FFree,FFree,FFree,FFree,FFree,FFree,FFree,FFree,FFree,FFree,FFree,FFree,FFree,FFree,FFree,FFree,FFree,FFree,FFree,FFree,AArea,AArea,AArea,AArea,AArea,AArea,,,,,,,,,,,,,,,,CCore 1,CCore 1,CCore 1,CCore 1,CCore 1,CCore 1,CCore 1,CCore 1,CCore 1,CCore 1,CCore 1,CCore 1,CCore 1,CCore 1,CCore 1,CCore 1,CCore 1,CCore 1,CCore 1,CCore 1,CCore 1,CCore 1,CCore 1,CCore 1,CCore 1,CCore 1,CCore 1,CCore 1,CCore 1,CCore 1,CCore 1,CCore 1,CCore 1,CCore 1,CCore 1,CCore 1,CCore 1,CCore 1,CCore 1,CCore 1
ARA 540,FFree,FFree,FFree,FFree,FFree,FFree,FFree,FFree,FFree,FFree,FFree,FFree,FFree,FFree,FFree,FFree,FFree,FFree,FFree,FFree,FFree,AArea,AArea,AArea,AArea,AArea,AArea,,,,,,,,,,,,,,,,CCore 1,CCore 1,CCore 1,CCore 1,CCore 1,CCore 1,CCore 1,CCore 1,CCore 1,CCore 1,CCore 1,CCore 1,CCore 1,CCore 1,CCore 1,CCore 1,CCore 1,CCore 1,CCore 1,CCore 1,CCore 1,CCore 1,CCore 1,CCore 1,CCore 1,CCore 1,CCore 1,CCore 1,CCore 1,CCore 1,CCore 1,CCore 1,CCore 1,CCore 1,CCore 1,CCore 1,CCore 1,CCore 1,CCore 1,CCore 1
ARA 550,FFree,FFree,FFree,FFree,FFree,FFree,FFree,FFree,FFree,FFree,FFree,FFree,FFree,FFree,FFree,FFree,FFree,FFree,FFree,FFree,FFree,AArea,AArea,AArea,AArea,AArea,AArea,,,,,,,,,,,,,,,,,,,,,,AArea,AArea,AArea,AArea,AArea,AArea,AArea,AArea,AArea,CCore 1,CCore 1,CCore 1,CCore 1,CCore 1,CCore 1,CCore 1,CCore 1,CCore 1,CCore 1,CCore 1,CCore 1,CCore 1,CCore 1,CCore 1,CCore 1,CCore 1,CCore 1,CCore 1,CCore 1,CCore 1,CCore 1,CCore 1,CCore 1,CCore 1
BAN 500,FFree,FFree,FFree,FFree,FFree,FFree,FFree,FFree,FFree,FFree,FFree,FFree,FFree,FFree,FFree,FFree,FFree,FFree,FFree,FFree,FFree,AArea,AArea,AArea,AArea,AArea,AArea,,,,,,,,,,,,,,,,,,,,,,,,,,,,,,,,,,,,,,,,,,,,,,,,,,,,,,,
BAN 502,FFree,FFree,FFree,FFree,FFree,FFree,FFree,FFree,FFree,FFree,FFree,FFree,FFree,FFree,FFree,FFree,FFree,FFree,FFree,FFree,FFree,AArea,AArea,AArea,AArea,AArea,AArea,,,,,,,,,,,,,,,,,,,,,,,,,,,,,,,,,,,,,,,,,,,,,,,,,,,,,,,
BAN 503,FFree,FFree,FFree,FFree,FFree,FFree,FFree,FFree,FFree,FFree,FFree,FFree,FFree,FFree,FFree,FFree,FFree,FFree,FFree,FFree,FFree,AArea,AArea,AArea,AArea,AArea,AArea,,,,,,,,,,,,,,,,,,,,,,,,,,,,,,,,,,,,,,,,,,,,,,,,,,,,,,,
BAN 504,FFree,FFree,FFree,FFree,FFree,FFree,FFree,FFree,FFree,FFree,FFree,FFree,FFree,FFree,FFree,FFree,FFree,FFree,FFree,FFree,FFree,AArea,AArea,AArea,AArea,AArea,AArea,,,,,,,,,,,,,,,,,,,,,,,,,,,,,,,,,,,,,,,,,,,,,,,,,,,,,,,
BAN 505,FFree,FFree,FFree,FFree,FFree,FFree,FFree,FFree,FFree,FFree,FFree,FFree,FFree,FFree,FFree,FFree,FFree,FFree,FFree,FFree,FFree,AArea,AArea,AArea,AArea,AArea,AArea,,,,,,,,,,,,,,,,,,,,,,,,,,,,,,,,,,,,,,,,,,,,,,,,,,,,,,,
BAN 506,FFree,FFree,FFree,FFree,FFree,FFree,FFree,FFree,FFree,FFree,FFree,FFree,FFree,FFree,FFree,FFree,FFree,FFree,FFree,FFree,FFree,AArea,AArea,AArea,AArea,AArea,AArea,,,,,,,,,,,,,,,,,,,,,,,,,,,,,,,,,,,,,,,,,,,,,,,,,,,,,,,
BAN 520,FFree,FFree,FFree,FFree,FFree,FFree,FFree,FFree,FFree,FFree,FFree,FFree,FFree,FFree,FFree,FFree,FFree,FFree,FFree,FFree,FFree,AArea,AArea,AArea,AArea,AArea,AArea,,,,,,,,,,,,,,,,,,,,,,,,,,,,,,,,,,,,,,,,,,,,,,,,,,,,,,,
BAN 521,FFree,FFree,FFree,FFree,FFree,FFree,FFree,FFree,FFree,FFree,FFree,FFree,FFree,FFree,FFree,FFree,FFree,FFree,FFree,FFree,FFree,AArea,AArea,AArea,AArea,AArea,AArea,,,,,,,,,,,,,,,,,,,,,,,,,,,,,,,,,,,,,,,,,,,,,,,,,,,,,,,
BAN 522,FFree,FFree,FFree,FFree,FFree,FFree,FFree,FFree,FFree,FFree,FFree,FFree,FFree,FFree,FFree,FFree,FFree,FFree,FFree,FFree,FFree,AArea,AArea,AArea,AArea,AArea,AArea,,,,,,,,,,,,,,,,,,,,,,,,,,,,,,,,,,,,,,,,,,,,,,,,,,,,,,,
BAN 523,FFree,FFree,FFree,FFree,FFree,FFree,FFree,FFree,FFree,FFree,FFree,FFree,FFree,FFree,FFree,FFree,FFree,FFree,FFree,FFree,FFree,AArea,AArea,AArea,AArea,AArea,AArea,,,,,,,,,,,,,,,,,,,,,,,,,,,,,,,,,,,,,,,,,,,,,,,,,,,,,,,
BAN 524,FFree,FFree,FFree,FFree,FFree,FFree,FFree,FFree,FFree,FFree,FFree,FFree,FFree,FFree,FFree,FFree,FFree,FFree,FFree,FFree,FFree,AArea,AArea,AArea,AArea,AArea,AArea,,,,,,,,,,,,,,,,,,,,,,,,,,,,,,,,,,,,,,,,,,,,,,,,,,,,,,,
BAN 525,FFree,FFree,FFree,FFree,FFree,FFree,FFree,FFree,FFree,FFree,FFree,FFree,FFree,FFree,FFree,FFree,FFree,FFree,FFree,FFree,FFree,AArea,AArea,AArea,AArea,AArea,AArea,,,,,,,,,,,,,,,,,,,,,,,,,,,,,,,,,,,,,,,,,,,,,,,,,,,,,,,
BAN 526,FFree,FFree,FFree,FFree,FFree,FFree,FFree,FFree,FFree,FFree,FFree,FFree,FFree,FFree,FFree,FFree,FFree,FFree,FFree,FFree,FFree,AArea,AArea,AArea,AArea,AArea,AArea,,,,,,,,,,,,,,,,,,,,,,,,,,,,,,,,,,,,,,,,,,,,,,,,,,,,,,,
BAN 527,FFree,FFree,FFree,FFree,FFree,FFree,FFree,FFree,FFree,FFree,FFree,FFree,FFree,FFree,FFree,FFree,FFree,FFree,FFree,FFree,FFree,AArea,AArea,AArea,AArea,AArea,AArea,,,,,,,,,,,,,,,,,,,,,,,,,,,,,,,,,,,,,,,,,,,,,,,,,,,,,,,
BAN 528,FFree,FFree,FFree,FFree,FFree,FFree,FFree,FFree,FFree,FFree,FFree,FFree,FFree,FFree,FFree,FFree,FFree,FFree,FFree,FFree,FFree,AArea,AArea,AArea,AArea,AArea,AArea,,,,,,,,,,,,,,,,,,,,,,,,,,,,,,,,,,,,,,,,,,,,,,,,,,,,,,,
BAN 529,FFree,FFree,FFree,FFree,FFree,FFree,FFree,FFree,FFree,FFree,FFree,FFree,FFree,FFree,FFree,FFree,FFree,FFree,FFree,FFree,FFree,AArea,AArea,AArea,AArea,AArea,AArea,,,,,,,,,,,,,,,,,,,,,,,,,,,,,,,,,,,,,,,,,,,,,,,,,,,,,,,
BAN 531,FFree,FFree,FFree,FFree,FFree,FFree,FFree,FFree,FFree,FFree,FFree,FFree,FFree,FFree,FFree,FFree,FFree,FFree,FFree,FFree,FFree,AArea,AArea,AArea,AArea,AArea,AArea,,,,,,,,,,,,,,,,,,,,,,,,,,,,,,,,,,,,,,,,,,,,,,,,,,,,,,,
BAN 532,FFree,FFree,FFree,FFree,FFree,FFree,FFree,FFree,FFree,FFree,FFree,FFree,FFree,FFree,FFree,FFree,FFree,FFree,FFree,FFree,FFree,AArea,AArea,AArea,AArea,AArea,AArea,,,,,,,,,,,,,,,,,,,,,,,,,,,,,,,,,,,,,,,,,,,,,,,,,,,,,,,
BAN 533,FFree,FFree,FFree,FFree,FFree,FFree,FFree,FFree,FFree,FFree,FFree,FFree,FFree,FFree,FFree,FFree,FFree,FFree,FFree,FFree,FFree,AArea,AArea,AArea,AArea,AArea,AArea,,,,,,,,,,,,,,,,,,,,,,,,,,,,,,,,,,,,,,,,,,,,,,,,,,,,,,,
BAN 535,FFree,FFree,FFree,FFree,FFree,FFree,FFree,FFree,FFree,FFree,FFree,FFree,FFree,FFree,FFree,FFree,FFree,FFree,FFree,FFree,FFree,AArea,AArea,AArea,AArea,AArea,AArea,,,,,,,,,,,,,,,,,,,,,,,,,,,,,,,,,,,,,,,,,,,,,,,,,,,,,,,
BAN 537,FFree,FFree,FFree,FFree,FFree,FFree,FFree,FFree,FFree,FFree,FFree,FFree,FFree,FFree,FFree,FFree,FFree,FFree,FFree,FFree,FFree,AArea,AArea,AArea,AArea,AArea,AArea,,,,,,,,,,,,,,,,,,,,,,,,,,,,,,,,,,,,,,,,,,,,,,,,,,,,,,,
BAN 539,FFree,FFree,FFree,FFree,FFree,FFree,FFree,FFree,FFree,FFree,FFree,FFree,FFree,FFree,FFree,FFree,FFree,FFree,FFree,FFree,FFree,AArea,AArea,AArea,AArea,AArea,AArea,,,,,,,,,,,,,,,,,,,,,,,,,,,,,,,,,,,,,,,,,,,,,,,,,,,,,,,
BAN 600,FFree,FFree,FFree,FFree,FFree,FFree,FFree,FFree,FFree,FFree,FFree,FFree,FFree,FFree,FFree,FFree,FFree,FFree,FFree,FFree,FFree,AArea,AArea,AArea,AArea,AArea,AArea,,,,,,,,,,,,,,,,,,,,,,,,,,,,,,,,,,,,,,,,,,,,,,,,,,,,,,,
BAN 601,FFree,FFree,FFree,FFree,FFree,FFree,FFree,FFree,FFree,FFree,FFree,FFree,FFree,FFree,FFree,FFree,FFree,FFree,FFree,FFree,FFree,AArea,AArea,AArea,AArea,AArea,AArea,,,,,,,,,,,,,,,,,,,,,,,,,,,,,,,,,,,,,,,,,,,,,,,,,,,,,,,
BAN 872,FFree,FFree,FFree,FFree,FFree,FFree,FFree,FFree,FFree,FFree,FFree,FFree,FFree,FFree,FFree,FFree,FFree,FFree,FFree,FFree,FFree,AArea,AArea,AArea,AArea,AArea,AArea,,,,,,,,,,,,,,,,,,,,,,,,,,,,,,,,,,,,,,,,,,,,,,,,,,,,,,,
BIO 501,FFree,FFree,FFree,FFree,FFree,FFree,FFree,FFree,FFree,FFree,FFree,FFree,FFree,FFree,FFree,FFree,FFree,FFree,FFree,FFree,FFree,AArea,AArea,AArea,AArea,AArea,AArea,,,,,,,,,,,,,,,,,,,,,,,,,,,,,,,,,,,,,,,,,,,,,,,,,,,,,,,
BIO 502,FFree,FFree,FFree,FFree,FFree,FFree,FFree,FFree,FFree,FFree,FFree,FFree,FFree,FFree,FFree,FFree,FFree,FFree,FFree,FFree,FFree,AArea,AArea,AArea,AArea,AArea,AArea,,,,,,,,,,,,,,,,,,,,,,,,,,,,,,,,,,,,,,,,,,,,,,,,,,,,,,,
BIO 503,FFree,FFree,FFree,FFree,FFree,FFree,FFree,FFree,FFree,FFree,FFree,FFree,FFree,FFree,FFree,FFree,FFree,FFree,FFree,FFree,FFree,AArea,AArea,AArea,AArea,AArea,AArea,,,,,,,,,,,,,,,,,,,,,,,,,,,,,,,,,,,,,,,,,,,,,,,,,,,,,,,
BIO 504,FFree,FFree,FFree,FFree,FFree,FFree,FFree,FFree,FFree,FFree,FFree,FFree,FFree,FFree,FFree,FFree,FFree,FFree,FFree,FFree,FFree,AArea,AArea,AArea,AArea,AArea,AArea,,,,,,,,,,,,,,,,,,,,,,,,,,,,,,,,,,,,,,,,,,,,,,,,,,,,,,,
BIO 511,FFree,FFree,FFree,FFree,FFree,FFree,FFree,FFree,FFree,FFree,FFree,FFree,FFree,FFree,FFree,FFree,FFree,FFree,FFree,FFree,FFree,AArea,AArea,AArea,AArea,AArea,AArea,,,,,,,,,,,,,,,,,,,,,,,,,,,,,,,,,,,,,,,,,,,,,,,,,,,,,,,
BIO 512,FFree,FFree,FFree,FFree,FFree,FFree,FFree,FFree,FFree,FFree,FFree,FFree,FFree,FFree,FFree,FFree,FFree,FFree,FFree,FFree,FFree,AArea,AArea,AArea,AArea,AArea,AArea,,,,,,,,,,,,,,,,,,,,,,,,,,,,,,,,,,,,,,,,,,,,,,,,,,,,,,,
BIO 521,FFree,FFree,FFree,FFree,FFree,FFree,FFree,FFree,FFree,FFree,FFree,FFree,FFree,FFree,FFree,FFree,FFree,FFree,FFree,FFree,FFree,AArea,AArea,AArea,AArea,AArea,AArea,,,,,,,,,,,,,,,,,,,,,,,,,,,,,,,,,,,,,,,,,,,,,,,,,,,,,,,
BIO 523,FFree,FFree,FFree,FFree,FFree,FFree,FFree,FFree,FFree,FFree,FFree,FFree,FFree,FFree,FFree,FFree,FFree,FFree,FFree,FFree,FFree,AArea,AArea,AArea,AArea,AArea,AArea,,,,,,,,,,,,,,,,,,,,,,,,,,,,,,,,,,,,,,,,,,,,,,,,,,,,,,,
BIO 532,FFree,FFree,FFree,FFree,FFree,FFree,FFree,FFree,FFree,FFree,FFree,FFree,FFree,FFree,FFree,FFree,FFree,FFree,FFree,FFree,FFree,AArea,AArea,AArea,AArea,AArea,AArea,,,,,,,,,,,,,,,,,,,,,,,,,,,,,,,,,,,,,,,,,,,,,,,,,,,,,,,
BIO 541,FFree,FFree,FFree,FFree,FFree,FFree,FFree,FFree,FFree,FFree,FFree,FFree,FFree,FFree,FFree,FFree,FFree,FFree,FFree,FFree,FFree,AArea,AArea,AArea,AArea,AArea,AArea,,,,,,,,,,,,,,,,,,,,,,,,,,,,,,,,,,,,,,,,,,,,,,,,,,,,,,,
BIO 542,FFree,FFree,FFree,FFree,FFree,FFree,FFree,FFree,FFree,FFree,FFree,FFree,FFree,FFree,FFree,FFree,FFree,FFree,FFree,FFree,FFree,AArea,AArea,AArea,AArea,AArea,AArea,,,,,,,,,,,,,,,,,,,,,,,,,,,,,,,,,,,,,,,,,,,,,,,,,,,,,,,
BIO 543,FFree,FFree,FFree,FFree,FFree,FFree,FFree,FFree,FFree,FFree,FFree,FFree,FFree,FFree,FFree,FFree,FFree,FFree,FFree,FFree,FFree,AArea,AArea,AArea,AArea,AArea,AArea,,,,,,,,,,,,,,,,,,,,,,,,,,,,,,,,,,,,,,,,,,,,,,,,,,,,,,,
BIO 544,FFree,FFree,FFree,FFree,FFree,FFree,FFree,FFree,FFree,FFree,FFree,FFree,FFree,FFree,FFree,FFree,FFree,FFree,FFree,FFree,FFree,AArea,AArea,AArea,AArea,AArea,AArea,,,,,,,,,,,,,,,,,,,,,,,,,,,,,,,,,,,,,,,,,,,,,,,,,,,,,,,
BIO 545,FFree,FFree,FFree,FFree,FFree,FFree,FFree,FFree,FFree,FFree,FFree,FFree,FFree,FFree,FFree,FFree,FFree,FFree,FFree,FFree,FFree,AArea,AArea,AArea,AArea,AArea,AArea,,,,,,,,,,,,,,,,,,,,,,,,,,,,,,,,,,,,,,,,,,,,,,,,,,,,,,,
BIO 546,FFree,FFree,FFree,FFree,FFree,FFree,FFree,FFree,FFree,FFree,FFree,FFree,FFree,FFree,FFree,FFree,FFree,FFree,FFree,FFree,FFree,AArea,AArea,AArea,AArea,AArea,AArea,,,,,,,,,,,,,,,,,,,,,,,,,,,,,,,,,,,,,,,,,,,,,,,,,,,,,,,
BIO 550,FFree,FFree,FFree,FFree,FFree,FFree,FFree,FFree,FFree,FFree,FFree,FFree,FFree,FFree,FFree,FFree,FFree,FFree,FFree,FFree,FFree,AArea,AArea,AArea,AArea,AArea,AArea,,,,,,,,,,,,,,,,,,,,,,,,,,,,,,,,,,,,,,,,,,,,,,,,,,,,,,,
BIO 560,FFree,FFree,FFree,FFree,FFree,FFree,FFree,FFree,FFree,FFree,FFree,FFree,FFree,FFree,FFree,FFree,FFree,FFree,FFree,FFree,FFree,AArea,AArea,AArea,AArea,AArea,AArea,,,,,,,,,,,,,,,,,,,,,,,,,,,,,,,,,,,,,,,,,,,,,,,,,,,,,,,
BIO 567,FFree,FFree,FFree,FFree,FFree,FFree,FFree,FFree,FFree,FFree,FFree,FFree,FFree,FFree,FFree,FFree,FFree,FFree,FFree,FFree,FFree,AArea,AArea,AArea,AArea,AArea,AArea,,,,,,,,,,,,,,,,,,,,,,,,,,,,,,,,,,,,,,,,,,,,,,,,,,,,,,,
BIO 568,FFree,FFree,FFree,FFree,FFree,FFree,FFree,FFree,FFree,FFree,FFree,FFree,FFree,FFree,FFree,FFree,FFree,FFree,FFree,FFree,FFree,AArea,AArea,AArea,AArea,AArea,AArea,,,,,,,,,,,,,,,,,,,,,,,,,,,,,,,,,,,,,,,,,,,,,,,,,,,,,,,
BIO 569,FFree,FFree,FFree,FFree,FFree,FFree,FFree,FFree,FFree,FFree,FFree,FFree,FFree,FFree,FFree,FFree,FFree,FFree,FFree,FFree,FFree,AArea,AArea,AArea,AArea,AArea,AArea,,,,,,,,,,,,,,,,,,,,,,,,,,,,,,,,,,,,,,,,,,,,,,,,,,,,,,,
BIO 570,FFree,FFree,FFree,FFree,FFree,FFree,FFree,FFree,FFree,FFree,FFree,FFree,FFree,FFree,FFree,FFree,FFree,FFree,FFree,FFree,FFree,AArea,AArea,AArea,AArea,AArea,AArea,,,,,,,,,,,,,,,,,,,,,,,,,,,,,,,,,,,,,,,,,,,,,,,,,,,,,,,
BIO 580,FFree,FFree,FFree,FFree,FFree,FFree,FFree,FFree,FFree,FFree,FFree,FFree,FFree,FFree,FFree,FFree,FFree,FFree,FFree,FFree,FFree,AArea,AArea,AArea,AArea,AArea,AArea,,,,,,,,,,,,,,,,,,,,,,,,,,,,,,,,,,,,,,,,,,,,,,,,,,,,,,,
BIO 58000,FFree,FFree,FFree,FFree,FFree,FFree,FFree,FFree,FFree,FFree,FFree,FFree,FFree,FFree,FFree,FFree,FFree,FFree,FFree,FFree,FFree,AArea,AArea,AArea,AArea,AArea,AArea,,,,,,,,,,,,,,,,,,,,,,,,,,,,,,,,,,,,,,,,,,,,,,,,,,,,,,,
BIO 58001,FFree,FFree,FFree,FFree,FFree,FFree,FFree,FFree,FFree,FFree,FFree,FFree,FFree,FFree,FFree,FFree,FFree,FFree,FFree,FFree,FFree,AArea,AArea,AArea,AArea,AArea,AArea,,,,,,,,,,,,,,,,,,,,,,,,,,,,,,,,,,,,,,,,,,,,,,,,,,,,,,,
BIO 58002,FFree,FFree,FFree,FFree,FFree,FFree,FFree,FFree,FFree,FFree,FFree,FFree,FFree,FFree,FFree,FFree,FFree,FFree,FFree,FFree,FFree,AArea,AArea,AArea,AArea,AArea,AArea,,,,,,,,,,,,,,,,,,,,,,,,,,,,,,,,,,,,,,,,,,,,,,,,,,,,,,,
BIO 58003,FFree,FFree,FFree,FFree,FFree,FFree,FFree,FFree,FFree,FFree,FFree,FFree,FFree,FFree,FFree,FFree,FFree,FFree,FFree,FFree,FFree,AArea,AArea,AArea,AArea,AArea,AArea,,,,,,,,,,,,,,,,,,,,,,,,,,,,,,,,,,,,,,,,,,,,,,,,,,,,,,,
BIO 58004,FFree,FFree,FFree,FFree,FFree,FFree,FFree,FFree,FFree,FFree,FFree,FFree,FFree,FFree,FFree,FFree,FFree,FFree,FFree,FFree,FFree,AArea,AArea,AArea,AArea,AArea,AArea,,,,,,,,,,,,,,,,,,,,,,,,,,,,,,,,,,,,,,,,,,,,,,,,,,,,,,,
BIO 58005,FFree,FFree,FFree,FFree,FFree,FFree,FFree,FFree,FFree,FFree,FFree,FFree,FFree,FFree,FFree,FFree,FFree,FFree,FFree,FFree,FFree,AArea,AArea,AArea,AArea,AArea,AArea,,,,,,,,,,,,,,,,,,,,,,,,,,,,,,,,,,,,,,,,,,,,,,,,,,,,,,,
BIO 58006,FFree,FFree,FFree,FFree,FFree,FFree,FFree,FFree,FFree,FFree,FFree,FFree,FFree,FFree,FFree,FFree,FFree,FFree,FFree,FFree,FFree,AArea,AArea,AArea,AArea,AArea,AArea,,,,,,,,,,,,,,,,,,,,,,,,,,,,,,,,,,,,,,,,,,,,,,,,,,,,,,,
BIO 58007,FFree,FFree,FFree,FFree,FFree,FFree,FFree,FFree,FFree,FFree,FFree,FFree,FFree,FFree,FFree,FFree,FFree,FFree,FFree,FFree,FFree,AArea,AArea,AArea,AArea,AArea,AArea,,,,,,,,,,,,,,,,,,,,,,,,,,,,,,,,,,,,,,,,,,,,,,,,,,,,,,,
BIO 581,FFree,FFree,FFree,FFree,FFree,FFree,FFree,FFree,FFree,FFree,FFree,FFree,FFree,FFree,FFree,FFree,FFree,FFree,FFree,FFree,FFree,AArea,AArea,AArea,AArea,AArea,AArea,,,,,,,,,,,,,,,,,,,,,,,,,,,,,,,,,,,,,,,,,,,,,,,,,,,,,,,
BIO 601,FFree,FFree,FFree,FFree,FFree,FFree,FFree,FFree,FFree,FFree,FFree,FFree,FFree,FFree,FFree,FFree,FFree,FFree,FFree,FFree,FFree,AArea,AArea,AArea,AArea,AArea,AArea,,,,,,,,,,,,,,,,,,,,,,,,,,,,,,,,,,,,,,,,,,,,,,,,,,,,,,,
BIO 602,FFree,FFree,FFree,FFree,FFree,FFree,FFree,FFree,FFree,FFree,FFree,FFree,FFree,FFree,FFree,FFree,FFree,FFree,FFree,FFree,FFree,AArea,AArea,AArea,AArea,AArea,AArea,,,,,,,,,,,,,,,,,,,,,,,,,,,,,,,,,,,,,,,,,,,,,,,,,,,,,,,
BIO 604,FFree,FFree,FFree,FFree,FFree,FFree,FFree,FFree,FFree,FFree,FFree,FFree,FFree,FFree,FFree,FFree,FFree,FFree,FFree,FFree,FFree,AArea,AArea,AArea,AArea,AArea,AArea,,,,,,,,,,,,,,,,,,,,,,,,,,,,,,,,,,,,,,,,,,,,,,,,,,,,,,,
BIO 606,FFree,FFree,FFree,FFree,FFree,FFree,FFree,FFree,FFree,FFree,FFree,FFree,FFree,FFree,FFree,FFree,FFree,FFree,FFree,FFree,FFree,AArea,AArea,AArea,AArea,AArea,AArea,,,,,,,,,,,,,,,,,,,,,,,,,,,,,,,,,,,,,,,,,,,,,,,,,,,,,,,
BIO 610,FFree,FFree,FFree,FFree,FFree,FFree,FFree,FFree,FFree,FFree,FFree,FFree,FFree,FFree,FFree,FFree,FFree,FFree,FFree,FFree,FFree,AArea,AArea,AArea,AArea,AArea,AArea,,,,,,,,,,,,,,,,,,,,,,,,,,,,,,,,,,,,,,,,,,,,,,,,,,,,,,,
BIO 631,FFree,FFree,FFree,FFree,FFree,FFree,FFree,FFree,FFree,FFree,FFree,FFree,FFree,FFree,FFree,FFree,FFree,FFree,FFree,FFree,FFree,AArea,AArea,AArea,AArea,AArea,AArea,,,,,,,,,,,,,,,,,,,,,,,,,,,,,,,,,,,,,,,,,,,,,,,,,,,,,,,
BIO 633,FFree,FFree,FFree,FFree,FFree,FFree,FFree,FFree,FFree,FFree,FFree,FFree,FFree,FFree,FFree,FFree,FFree,FFree,FFree,FFree,FFree,AArea,AArea,AArea,AArea,AArea,AArea,,,,,,,,,,,,,,,,,,,,,,,,,,,,,,,,,,,,,,,,,,,,,,,,,,,,,,,
BIO 634,FFree,FFree,FFree,FFree,FFree,FFree,FFree,FFree,FFree,FFree,FFree,FFree,FFree,FFree,FFree,FFree,FFree,FFree,FFree,FFree,FFree,AArea,AArea,AArea,AArea,AArea,AArea,,,,,,,,,,,,,,,,,,,,,,,,,,,,,,,,,,,,,,,,,,,,,,,,,,,,,,,
BIO 635,FFree,FFree,FFree,FFree,FFree,FFree,FFree,FFree,FFree,FFree,FFree,FFree,FFree,FFree,FFree,FFree,FFree,FFree,FFree,FFree,FFree,AArea,AArea,AArea,AArea,AArea,AArea,,,,,,,,,,,,,,,,,,,,,,,,,,,,,,,,,,,,,,,,,,,,,,,,,,,,,,,
BIO 636,FFree,FFree,FFree,FFree,FFree,FFree,FFree,FFree,FFree,FFree,FFree,FFree,FFree,FFree,FFree,FFree,FFree,FFree,FFree,FFree,FFree,AArea,AArea,AArea,AArea,AArea,AArea,,,,,,,,,,,,,,,,,,,,,,,,,,,,,,,,,,,,,,,,,,,,,,,,,,,,,,,
BIO 641,FFree,FFree,FFree,FFree,FFree,FFree,FFree,FFree,FFree,FFree,FFree,FFree,FFree,FFree,FFree,FFree,FFree,FFree,FFree,FFree,FFree,AArea,AArea,AArea,AArea,AArea,AArea,,,,,,,,,,,,,,,,,,,,,,,,,,,,,,,,,,,,,,,,,,,,,,,,,,,,,,,
BIO 642,FFree,FFree,FFree,FFree,FFree,FFree,FFree,FFree,FFree,FFree,FFree,FFree,FFree,FFree,FFree,FFree,FFree,FFree,FFree,FFree,FFree,AArea,AArea,AArea,AArea,AArea,AArea,,,,,,,,,,,,,,,,,,,,,,,,,,,,,,,,,,,,,,,,,,,,,,,,,,,,,,,
BIO 643,FFree,FFree,FFree,FFree,FFree,FFree,FFree,FFree,FFree,FFree,FFree,FFree,FFree,FFree,FFree,FFree,FFree,FFree,FFree,FFree,FFree,AArea,AArea,AArea,AArea,AArea,AArea,,,,,,,,,,,,,,,,,,,,,,,,,,,,,,,,,,,,,,,,,,,,,,,,,,,,,,,
BIO 644,FFree,FFree,FFree,FFree,FFree,FFree,FFree,FFree,FFree,FFree,FFree,FFree,FFree,FFree,FFree,FFree,FFree,FFree,FFree,FFree,FFree,AArea,AArea,AArea,AArea,AArea,AArea,,,,,,,,,,,,,,,,,,,,,,,,,,,,,,,,,,,,,,,,,,,,,,,,,,,,,,,
BIO 645,FFree,FFree,FFree,FFree,FFree,FFree,FFree,FFree,FFree,FFree,FFree,FFree,FFree,FFree,FFree,FFree,FFree,FFree,FFree,FFree,FFree,AArea,AArea,AArea,AArea,AArea,AArea,,,,,,,,,,,,,,,,,,,,,,,,,,,,,,,,,,,,,,,,,,,,,,,,,,,,,,,
BIO 676,FFree,FFree,FFree,FFree,FFree,FFree,FFree,FFree,FFree,FFree,FFree,FFree,FFree,FFree,FFree,FFree,FFree,FFree,FFree,FFree,FFree,AArea,AArea,AArea,AArea,AArea,AArea,,,,,,,,,,,,,,,,,,,,,,,,,,,,,,,,,,,,,,,,,,,,,,,,,,,,,,,
BIO 680,FFree,FFree,FFree,FFree,FFree,FFree,FFree,FFree,FFree,FFree,FFree,FFree,FFree,FFree,FFree,FFree,FFree,FFree,FFree,FFree,FFree,AArea,AArea,AArea,AArea,AArea,AArea,,,,,,,,,,,,,,,,,,,,,,,,,,,,,,,,,,,,,,,,,,,,,,,,,,,,,,,
BIO 681,FFree,FFree,FFree,FFree,FFree,FFree,FFree,FFree,FFree,FFree,FFree,FFree,FFree,FFree,FFree,FFree,FFree,FFree,FFree,FFree,FFree,AArea,AArea,AArea,AArea,AArea,AArea,,,,,,,,,,,,,,,,,,,,,,,,,,,,,,,,,,,,,,,,,,,,,,,,,,,,,,,
CHEM 505,FFree,FFree,FFree,FFree,FFree,FFree,FFree,FFree,FFree,FFree,FFree,FFree,FFree,FFree,FFree,FFree,FFree,FFree,FFree,FFree,FFree,AArea,AArea,AArea,AArea,AArea,AArea,,,,,,,,,,,,,,,,,,,,,,,,,,,,,,,,,,,,,,,,,,,,,,,,,,,,,,,
CONF 500,FFree,FFree,FFree,FFree,FFree,FFree,FFree,FFree,FFree,FFree,FFree,FFree,FFree,FFree,FFree,FFree,FFree,FFree,FFree,FFree,FFree,AArea,AArea,AArea,AArea,AArea,AArea,,,,,,,,,,,,,,,,,,,,,,,,,,,,,,,,,,,,,,,,,,,,,,,,,,,,,,,
CONF 501,FFree,FFree,FFree,FFree,FFree,FFree,FFree,FFree,FFree,FFree,FFree,FFree,FFree,FFree,FFree,FFree,FFree,FFree,FFree,FFree,FFree,AArea,AArea,AArea,AArea,AArea,AArea,,,,,,,,,,,,,,,,,,,,,,,,,,,,,,,,,,,,,,,,,,,,,,,,,,,,,,,
CONF 502,FFree,FFree,FFree,FFree,FFree,FFree,FFree,FFree,FFree,FFree,FFree,FFree,FFree,FFree,FFree,FFree,FFree,FFree,FFree,FFree,FFree,AArea,AArea,AArea,AArea,AArea,AArea,,,,,,,,,,,,,,,,,,,,,,,,,,,,,,,,,,,,,,,,,,,,,,,,,,,,,,,
CONF 504,FFree,FFree,FFree,FFree,FFree,FFree,FFree,FFree,FFree,FFree,FFree,FFree,FFree,FFree,FFree,FFree,FFree,FFree,FFree,FFree,FFree,AArea,AArea,AArea,AArea,AArea,AArea,,,,,,,,,,,,,,,,,,,,,,,,,,,,,,,,,,,,,,,,,,,,,,,,,,,,,,,
CONF 508,FFree,FFree,FFree,FFree,FFree,FFree,FFree,FFree,FFree,FFree,FFree,FFree,FFree,FFree,FFree,FFree,FFree,FFree,FFree,FFree,FFree,,,,,,,,,,,,,,,,,,,,,,,,,,,,,,,,,,,,,,,,,,,,,,,,,,,,,,,,,,,,,
CONF 510,FFree,FFree,FFree,FFree,FFree,FFree,FFree,FFree,FFree,FFree,FFree,FFree,FFree,FFree,FFree,FFree,FFree,FFree,FFree,FFree,FFree,AArea,AArea,AArea,AArea,AArea,AArea,,,,,,,,,,,,,,,,,,,,,,,,,,,,,,,,,,,,,,,,,,,,,,,,,,,,,,,
CONF 511,FFree,FFree,FFree,FFree,FFree,FFree,FFree,FFree,FFree,FFree,FFree,FFree,FFree,FFree,FFree,FFree,FFree,FFree,FFree,FFree,FFree,AArea,AArea,AArea,AArea,AArea,AArea,,,,,,,,,,,,,,,,,,,,,,,,,,,,,,,,,,,,,,,,,,,,,,,,,,,,,,,
CONF 512,FFree,FFree,FFree,FFree,FFree,FFree,FFree,FFree,FFree,FFree,FFree,FFree,FFree,FFree,FFree,FFree,FFree,FFree,FFree,FFree,FFree,AArea,AArea,AArea,AArea,AArea,AArea,,,,,,,,,,,,,,,,,,,,,,,,,,,,,,,,,,,,,,,,,,,,,,,,,,,,,,,
CONF 523,FFree,FFree,FFree,FFree,FFree,FFree,FFree,FFree,FFree,FFree,FFree,FFree,FFree,FFree,FFree,FFree,FFree,FFree,FFree,FFree,FFree,AArea,AArea,AArea,AArea,AArea,AArea,,,,,,,,,,,,,,,,,,,,,,,,,,,,,,,,,,,,,,,,,,,,,,,,,,,,,,,
CONF 524,FFree,FFree,FFree,FFree,FFree,FFree,FFree,FFree,FFree,FFree,FFree,FFree,FFree,FFree,FFree,FFree,FFree,FFree,FFree,FFree,FFree,AArea,AArea,AArea,AArea,AArea,AArea,,,,,,,,,,,,,,,,,,,,,,,,,,,,,,,,,,,,,,,,,,,,,,,,,,,,,,,
CONF 531,FFree,FFree,FFree,FFree,FFree,FFree,FFree,FFree,FFree,FFree,FFree,FFree,FFree,FFree,FFree,FFree,FFree,FFree,FFree,FFree,FFree,AArea,AArea,AArea,AArea,AArea,AArea,,,,,,,,,,,,,,,,,,,,,,,,,,,,,,,,,,,,,,,,,,,,,,,,,,,,,,,
CONF 532,FFree,FFree,FFree,FFree,FFree,FFree,FFree,FFree,FFree,FFree,FFree,FFree,FFree,FFree,FFree,FFree,FFree,FFree,FFree,FFree,FFree,AArea,AArea,AArea,AArea,AArea,AArea,,,,,,,,,,,,,,,,,,,,,,,,,,,,,,,,,,,,,,,,,,,,,,,,,,,,,,,
CONF 534,FFree,FFree,FFree,FFree,FFree,FFree,FFree,FFree,FFree,FFree,FFree,FFree,FFree,FFree,FFree,FFree,FFree,FFree,FFree,FFree,FFree,AArea,AArea,AArea,AArea,AArea,AArea,,,,,,,,,,,,,,,,,,,,,,,,,,,,,,,,,,,,,,,,,,,,,,,,,,,,,,,
CONF 536,FFree,FFree,FFree,FFree,FFree,FFree,FFree,FFree,FFree,FFree,FFree,FFree,FFree,FFree,FFree,FFree,FFree,FFree,FFree,FFree,FFree,AArea,AArea,AArea,AArea,AArea,AArea,,,,,,,,,,,,,,,,,,,,,,,,,,,,,,,,,,,,,,,,,,,,,,,,,,,,,,,
CONF 541,FFree,FFree,FFree,FFree,FFree,FFree,FFree,FFree,FFree,FFree,FFree,FFree,FFree,FFree,FFree,FFree,FFree,FFree,FFree,FFree,FFree,AArea,AArea,AArea,AArea,AArea,AArea,,,,,,,,,,,,,,,,,,,,,,,,,,,,,,,,,,,,,,,,,,,,,,,,,,,,,,,
CONF 542,FFree,FFree,FFree,FFree,FFree,FFree,FFree,FFree,FFree,FFree,FFree,FFree,FFree,FFree,FFree,FFree,FFree,FFree,FFree,FFree,FFree,AArea,AArea,AArea,,,,,,,,,,,,,,,,,,,,,,,,,,,,,,,,,,,,,,,,,,,,,,,,,,,,,,,,,,
CONF 544,FFree,FFree,FFree,FFree,FFree,FFree,FFree,FFree,FFree,FFree,FFree,FFree,FFree,FFree,FFree,FFree,FFree,FFree,FFree,FFree,FFree,AArea,AArea,AArea,AArea,AArea,AArea,,,,,,,,,,,,,,,,,,,,,,,,,,,,,,,,,,,,,,,,,,,,,,,,,,,,,,,
CONF 552,FFree,FFree,FFree,FFree,FFree,FFree,FFree,FFree,FFree,FFree,FFree,FFree,FFree,FFree,FFree,FFree,FFree,FFree,FFree,FFree,FFree,AArea,AArea,AArea,AArea,AArea,AArea,,,,,,,,,,,,,,,,,,,,,,,,,,,,,,,,,,,,,,,,,,,,,,,,,,,,,,,
CONF 561,FFree,FFree,FFree,FFree,FFree,FFree,FFree,FFree,FFree,FFree,FFree,FFree,FFree,FFree,FFree,FFree,FFree,FFree,FFree,FFree,FFree,AArea,AArea,AArea,AArea,AArea,AArea,,,,,,,,,,,,,,,,,,,,,,,,,,,,,,,,,,,,,,,,,,,,,,,,,,,,,,,
CONF 580,FFree,FFree,FFree,FFree,FFree,FFree,FFree,FFree,FFree,FFree,FFree,FFree,FFree,FFree,FFree,FFree,FFree,FFree,FFree,FFree,FFree,AArea,AArea,AArea,AArea,AArea,AArea,,,,,,,,,,,,,,,,,,,,,,,,,,,,,,,,,,,,,,,,,,,,,,,,,,,,,,,
CONF 582,FFree,FFree,FFree,FFree,FFree,FFree,FFree,FFree,FFree,FFree,FFree,FFree,FFree,FFree,FFree,FFree,FFree,FFree,FFree,FFree,FFree,AArea,AArea,AArea,AArea,AArea,AArea,,,,,,,,,,,,,,,,,,,,,,,,,,,,,,,,,,,,,,,,,,,,,,,,,,,,,,,
CONF 585,FFree,FFree,FFree,FFree,FFree,FFree,FFree,FFree,FFree,FFree,FFree,FFree,FFree,FFree,FFree,FFree,FFree,FFree,FFree,FFree,FFree,AArea,AArea,AArea,AArea,AArea,AArea,,,,,,,,,,,,,,,,,,,,,,,,,,,,,,,,,,,,,,,,,,,,,,,,,,,,,,,
CONF 590,FFree,FFree,FFree,FFree,FFree,FFree,FFree,FFree,FFree,FFree,FFree,FFree,FFree,FFree,FFree,FFree,FFree,FFree,FFree,FFree,FFree,AArea,AArea,AArea,AArea,AArea,AArea,,,,,,,,,,,,,,,,,,,,,,,,,,,,,,,,,,,,,,,,,,,,,,,,,,,,,,,
CONF 592,FFree,FFree,FFree,FFree,FFree,FFree,FFree,FFree,FFree,FFree,FFree,FFree,FFree,FFree,FFree,FFree,FFree,FFree,FFree,FFree,FFree,AArea,AArea,AArea,AArea,AArea,AArea,,,,,,,,,,,,,,,,,,,,,,,,,,,,,,,,,,,,,,,,,,,,,,,,,,,,,,,
CONF 594,FFree,FFree,FFree,FFree,FFree,FFree,FFree,FFree,FFree,FFree,FFree,FFree,FFree,FFree,FFree,FFree,FFree,FFree,FFree,FFree,FFree,AArea,AArea,AArea,AArea,AArea,AArea,,,,,,,,,,,,,,,,,,,,,,,,,,,,,,,,,,,,,,,,,,,,,,,,,,,,,,,
CONF 601,FFree,FFree,FFree,FFree,FFree,FFree,FFree,FFree,FFree,FFree,FFree,FFree,FFree,FFree,FFree,FFree,FFree,FFree,,,,,,,,,,,,,,,,,,,,,,,,,,,,,,,,,,,,,,,,,,,,,,,,,,,,,,,,,,,,,,,,
CONF 602,FFree,FFree,FFree,FFree,FFree,FFree,FFree,FFree,FFree,FFree,FFree,FFree,FFree,FFree,FFree,FFree,FFree,FFree,,,,,,,,,,,,,,,,,,,,,,,,,,,,,,,,,,,,,,,,,,,,,,,,,,,,,,,,,,,,,,,,
CONF 604,FFree,FFree,FFree,FFree,FFree,FFree,FFree,FFree,FFree,FFree,FFree,FFree,FFree,FFree,FFree,FFree,FFree,FFree,,,,,,,,,,,,,,,,,,,,,,,,,,,,,,,,,,,,,,,,,,,,,,,,,,,,,,,,,,,,,,,,
CONF 608,FFree,FFree,FFree,FFree,FFree,FFree,FFree,FFree,FFree,FFree,FFree,FFree,FFree,FFree,FFree,FFree,FFree,FFree,,,,,,,,,,,,,,,,,,,,,,,,,,,,,,,,,,,,,,,,,,,,,,,,,,,,,,,,,,,,,,,,
CONF 610,FFree,FFree,FFree,FFree,FFree,FFree,FFree,FFree,FFree,FFree,FFree,FFree,FFree,FFree,FFree,FFree,FFree,FFree,,,,,,,,,,,,,,,,,,,,,,,,,,,,,,,,,,,,,,,,,,,,,,,,,,,,,,,,,,,,,,,,
CONF 611,FFree,FFree,FFree,FFree,FFree,FFree,FFree,FFree,FFree,FFree,FFree,FFree,FFree,FFree,FFree,FFree,FFree,FFree,,,,,,,,,,,,,,,,,,,,,,,,,,,,,,,,,,,,,,,,,,,,,,,,,,,,,,,,,,,,,,,,
CONF 612,FFree,FFree,FFree,FFree,FFree,FFree,FFree,FFree,FFree,FFree,FFree,FFree,FFree,FFree,FFree,FFree,FFree,FFree,,,,,,,,,,,,,,,,,,,,,,,,,,,,,,,,,,,,,,,,,,,,,,,,,,,,,,,,,,,,,,,,
CONF 623,FFree,FFree,FFree,FFree,FFree,FFree,FFree,FFree,FFree,FFree,FFree,FFree,FFree,FFree,FFree,FFree,FFree,FFree,,,,,,,,,,,,,,,,,,,,,,,,,,,,,,,,,,,,,,,,,,,,,,,,,,,,,,,,,,,,,,,,
CONF 624,FFree,FFree,FFree,FFree,FFree,FFree,FFree,FFree,FFree,FFree,FFree,FFree,FFree,FFree,FFree,FFree,FFree,FFree,,,,,,,,,,,,,,,,,,,,,,,,,,,,,,,,,,,,,,,,,,,,,,,,,,,,,,,,,,,,,,,,
CONF 631,FFree,FFree,FFree,FFree,FFree,FFree,FFree,FFree,FFree,FFree,FFree,FFree,FFree,FFree,FFree,FFree,FFree,FFree,,,,,,,,,,,,,,,,,,,,,,,,,,,,,,,,,,,,,,,,,,,,,,,,,,,,,,,,,,,,,,,,
CONF 634,FFree,FFree,FFree,FFree,FFree,FFree,FFree,FFree,FFree,FFree,FFree,FFree,FFree,FFree,FFree,FFree,FFree,FFree,,,,,,,,,,,,,,,,,,,,,,,,,,,,,,,,,,,,,,,,,,,,,,,,,,,,,,,,,,,,,,,,
CONF 636,FFree,FFree,FFree,FFree,FFree,FFree,FFree,FFree,FFree,FFree,FFree,FFree,FFree,FFree,FFree,FFree,FFree,FFree,,,,,,,,,,,,,,,,,,,,,,,,,,,,,,,,,,,,,,,,,,,,,,,,,,,,,,,,,,,,,,,,
CONF 641,FFree,FFree,FFree,FFree,FFree,FFree,FFree,FFree,FFree,FFree,FFree,FFree,FFree,FFree,FFree,FFree,FFree,FFree,,,,,,,,,,,,,,,,,,,,,,,,,,,,,,,,,,,,,,,,,,,,,,,,,,,,,,,,,,,,,,,,
CONF 644,FFree,FFree,FFree,FFree,FFree,FFree,FFree,FFree,FFree,FFree,FFree,FFree,FFree,FFree,FFree,FFree,FFree,FFree,,,,,,,,,,,,,,,,,,,,,,,,,,,,,,,,,,,,,,,,,,,,,,,,,,,,,,,,,,,,,,,,
CONF 652,FFree,FFree,FFree,FFree,FFree,FFree,FFree,FFree,FFree,FFree,FFree,FFree,FFree,FFree,FFree,FFree,FFree,FFree,,,,,,,,,,,,,,,,,,,,,,,,,,,,,,,,,,,,,,,,,,,,,,,,,,,,,,,,,,,,,,,,
CONF 661,FFree,FFree,FFree,FFree,FFree,FFree,FFree,FFree,FFree,FFree,FFree,FFree,FFree,FFree,FFree,FFree,FFree,FFree,,,,,,,,,,,,,,,,,,,,,,,,,,,,,,,,,,,,,,,,,,,,,,,,,,,,,,,,,,,,,,,,
CONF 682,FFree,FFree,FFree,FFree,FFree,FFree,FFree,FFree,FFree,FFree,FFree,FFree,FFree,FFree,FFree,FFree,FFree,FFree,,,,,,,,,,,,,,,,,,,,,,,,,,,,,,,,,,,,,,,,,,,,,,,,,,,,,,,,,,,,,,,,
CONF 690,FFree,FFree,FFree,FFree,FFree,FFree,FFree,FFree,FFree,FFree,FFree,FFree,FFree,FFree,FFree,FFree,FFree,FFree,,,,,,,,,,,,,,,,,,,,,,,,,,,,,,,,,,,,,,,,,,,,,,,,,,,,,,,,,,,,,,,,
CONF 693,FFree,FFree,FFree,FFree,FFree,FFree,FFree,FFree,FFree,FFree,FFree,FFree,FFree,FFree,FFree,FFree,FFree,FFree,,,,,,,,,,,,,,,,,,,,,,,,,,,,,,,,,,,,,,,,,,,,,,,,,,,,,,,,,,,,,,,,
CONF 697,FFree,FFree,FFree,FFree,FFree,FFree,FFree,FFree,FFree,FFree,FFree,FFree,FFree,FFree,FFree,FFree,FFree,FFree,,,,,,,,,,,,,,,,,,,,,,,,,,,,,,,,,,,,,,,,,,,,,,,,,,,,,,,,,,,,,,,,
CONF 699,FFree,FFree,FFree,FFree,FFree,FFree,FFree,FFree,FFree,FFree,FFree,FFree,FFree,FFree,FFree,FFree,FFree,FFree,,,,,,,,,,,,,,,,,,,,,,,,,,,,,,,,,,,,,,,,,,,,,,,,,,,,,,,,,,,,,,,,
CS 500,FFree,FFree,FFree,FFree,FFree,FFree,FFree,FFree,FFree,FFree,FFree,FFree,FFree,FFree,FFree,FFree,FFree,FFree,FFree,FFree,FFree,AArea,AArea,AArea,AArea,AArea,AArea,,,,,,,,,,,,,,,,,,,,,,,,,,,,,,,,,,,,,,,,,,,,,,,,,,,,,,,
CS 501,FFree,FFree,FFree,FFree,FFree,FFree,FFree,FFree,FFree,FFree,FFree,FFree,FFree,FFree,FFree,FFree,FFree,FFree,FFree,FFree,FFree,AArea,AArea,AArea,AArea,AArea,AArea,,,,,,,,,,,,,,,,,,,,,,,,,,,,,,,,,,,,,,,,,,,,,,,,,,,,,,,
CS 502,FFree,FFree,FFree,FFree,FFree,FFree,FFree,FFree,FFree,FFree,FFree,FFree,FFree,FFree,FFree,FFree,FFree,FFree,FFree,FFree,FFree,AArea,AArea,AArea,AArea,AArea,AArea,,,,,,,,,,,,,,,,,,,,,,,,,,,,,,,,,,,,,,,,,,,,,,,,,,,,,,,
CS 503,FFree,FFree,FFree,FFree,FFree,FFree,FFree,FFree,FFree,FFree,FFree,FFree,FFree,FFree,FFree,FFree,FFree,FFree,FFree,FFree,FFree,AArea,AArea,AArea,AArea,AArea,AArea,,,,,,,,,,,,,,,,,,,,,,,,,,,,,,,,,,,,,,,,,,,,,,,,,,,,,,,
CS 504,FFree,FFree,FFree,FFree,FFree,FFree,FFree,FFree,FFree,FFree,FFree,FFree,FFree,FFree,FFree,FFree,FFree,FFree,FFree,FFree,FFree,AArea,AArea,AArea,AArea,AArea,AArea,,,,,,,,,,,,,,,,,,,,,,,,,,,,,,,,,,,,,,,,,,,,,,,,,,,,,,,
CS 505,FFree,FFree,FFree,FFree,FFree,FFree,FFree,FFree,FFree,FFree,FFree,FFree,FFree,FFree,FFree,FFree,FFree,FFree,FFree,FFree,FFree,AArea,AArea,AArea,AArea,AArea,AArea,,,,,,,,,,,,,,,,,,,,,,,,,,,,,,,,,,,,,,,,,,,,,,,,,,,,,,,
CS 506,FFree,FFree,FFree,FFree,FFree,FFree,FFree,FFree,FFree,FFree,FFree,FFree,FFree,FFree,FFree,FFree,FFree,FFree,FFree,FFree,FFree,AArea,AArea,AArea,AArea,AArea,AArea,,,,,,,,,,,,,,,,,,,,,,,,,,,,,,,,,,,,,,,,,,,,,,,,,,,,,,,
CS 507,FFree,FFree,FFree,FFree,FFree,FFree,FFree,FFree,FFree,FFree,FFree,FFree,FFree,FFree,FFree,FFree,FFree,FFree,FFree,FFree,FFree,AArea,AArea,AArea,AArea,AArea,AArea,,,,,,,,,,,,,,,,,,,,,,,,,,,,,,,,,,,,,,,,,,,,,,,,,,,,,,,
CS 508,FFree,FFree,FFree,FFree,FFree,FFree,FFree,FFree,FFree,FFree,FFree,FFree,FFree,FFree,FFree,FFree,FFree,FFree,FFree,FFree,FFree,AArea,AArea,AArea,AArea,AArea,AArea,,,,,,,,,,,,,,,,,,,,,,,,,,,,,,,,,,,,,,,,,,,,,,,,,,,,,,,
CS 510,FFree,FFree,FFree,FFree,FFree,FFree,FFree,FFree,FFree,FFree,FFree,FFree,FFree,FFree,FFree,FFree,FFree,FFree,FFree,FFree,FFree,AArea,AArea,AArea,AArea,AArea,AArea,,,,,,,,,,,,,,,,,,,,,,,,,,,,,,,,,,,,,,,,,,,,,,,,,,,,,,,
CS 512,FFree,FFree,FFree,FFree,FFree,FFree,FFree,FFree,FFree,FFree,FFree,FFree,FFree,FFree,FFree,FFree,FFree,FFree,FFree,FFree,FFree,AArea,AArea,AArea,AArea,AArea,AArea,,,,,,,,,,,,,,,,,,,,,,,,,,,,,,,,,,,,,,,,,,,,,,,,,,,,,,,
CS 513,FFree,FFree,FFree,FFree,FFree,FFree,FFree,FFree,FFree,FFree,FFree,FFree,FFree,FFree,FFree,FFree,FFree,FFree,FFree,FFree,FFree,AArea,AArea,AArea,AArea,AArea,AArea,,,,,,,,,,,,,,,,,,,,,,,,,,,,,,,,,,,,,,,,,,,,,,,,,,,,,,,
CS 514,FFree,FFree,FFree,FFree,FFree,FFree,FFree,FFree,FFree,FFree,FFree,FFree,FFree,FFree,FFree,FFree,FFree,FFree,FFree,FFree,FFree,AArea,AArea,AArea,AArea,AArea,AArea,,,,,,,,,,,,,,,,,,,,,,,,,,,,,,,,,,,,,,,,,,,,,,,,,,,,,,,
CS 515,FFree,FFree,FFree,FFree,FFree,FFree,FFree,FFree,FFree,FFree,FFree,FFree,FFree,FFree,FFree,FFree,FFree,FFree,FFree,FFree,FFree,AArea,AArea,AArea,AArea,AArea,AArea,,,,,,,,,,,,,,,,,,,,,,,,,,,,,,,,,,,,,,,,,,,,,,,,,,,,,,,
CS 516,FFree,FFree,FFree,FFree,FFree,FFree,FFree,FFree,FFree,FFree,FFree,FFree,FFree,FFree,FFree,FFree,FFree,FFree,FFree,FFree,FFree,AArea,AArea,AArea,AArea,AArea,AArea,,,,,,,,,,,,,,,,,,,,,,,,,,,,,,,,,,,,,,,,,,,,,,,,,,,,,,,
CS 517,FFree,FFree,FFree,FFree,FFree,FFree,FFree,FFree,FFree,FFree,FFree,FFree,FFree,FFree,FFree,FFree,FFree,FFree,FFree,FFree,FFree,AArea,AArea,AArea,AArea,AArea,AArea,,,,,,,,,,,,,,,,,,,,,,,,,,,,,,,,,,,,,,,,,,,,,,,,,,,,,,,
CS 518,FFree,FFree,FFree,FFree,FFree,FFree,FFree,FFree,FFree,FFree,FFree,FFree,FFree,FFree,FFree,FFree,FFree,FFree,FFree,FFree,FFree,AArea,AArea,AArea,AArea,AArea,AArea,,,,,,,,,,,,,,,,,,,,,,,,,,,,,,,,,,,,,,,,,,,,,,,,,,,,,,,
CS 522,FFree,FFree,FFree,FFree,FFree,FFree,FFree,FFree,FFree,FFree,FFree,FFree,FFree,FFree,FFree,FFree,FFree,FFree,FFree,FFree,FFree,AArea,AArea,AArea,AArea,AArea,AArea,,,,,,,,,,,,,,,,,,,,,,,,,,,,,,,,,,,,,,,,,,,,,,,,,,,,,,,
CS 523,FFree,FFree,FFree,FFree,FFree,FFree,FFree,FFree,FFree,FFree,FFree,FFree,FFree,FFree,FFree,FFree,FFree,FFree,FFree,FFree,FFree,AArea,AArea,AArea,AArea,AArea,AArea,,,,,,,,,,,,,,,,,,,,,,,,,,,,,,,,,,,,,,,,,,,,,,,,,,,,,,,
CS 525,FFree,FFree,FFree,FFree,FFree,FFree,FFree,FFree,FFree,FFree,FFree,FFree,FFree,FFree,FFree,FFree,FFree,FFree,FFree,FFree,FFree,AArea,AArea,AArea,AArea,AArea,AArea,,,,,,,,,,,,,,,,,,,,,,,,,,,,,,,,,,,,,,,,,,,,,,,,,,,,,,,
CS 526,FFree,FFree,FFree,FFree,FFree,FFree,FFree,FFree,FFree,FFree,FFree,FFree,FFree,FFree,FFree,FFree,FFree,FFree,FFree,FFree,FFree,AArea,AArea,AArea,AArea,AArea,AArea,,,,,,,,,,,,,,,,,,,,,,,,,,,,,,,,,,,,,,,,,,,,,,,,,,,,,,,
CS 528,FFree,FFree,FFree,FFree,FFree,FFree,FFree,FFree,FFree,FFree,FFree,FFree,FFree,FFree,FFree,FFree,FFree,FFree,FFree,FFree,FFree,AArea,AArea,AArea,AArea,AArea,AArea,,,,,,,,,,,,,,,,,,,,,,,,,,,,,,,,,,,,,,,,,,,,,,,,,,,,,,,
CS 531,FFree,FFree,FFree,FFree,FFree,FFree,FFree,FFree,FFree,FFree,FFree,FFree,FFree,FFree,FFree,FFree,FFree,FFree,FFree,FFree,FFree,AArea,AArea,AArea,AArea,AArea,AArea,,,,,,,,,,,,,,,,,,,,,,,,,,,,,,,,,,,,,,,,,,,,,,,,,,,,,,,
CS 532,FFree,FFree,FFree,FFree,FFree,FFree,FFree,FFree,FFree,FFree,FFree,FFree,FFree,FFree,FFree,FFree,FFree,FFree,FFree,FFree,FFree,AArea,AArea,AArea,AArea,AArea,AArea,,,,,,,,,,,,,,,,,,,,,,,,,,,,,,,,,,,,,,,,,,,,,,,,,,,,,,,
CS 533,FFree,FFree,FFree,FFree,FFree,FFree,FFree,FFree,FFree,FFree,FFree,FFree,FFree,FFree,FFree,FFree,FFree,FFree,FFree,FFree,FFree,AArea,AArea,AArea,AArea,AArea,AArea,,,,,,,,,,,,,,,,,,,,,,,,,,,,,,,,,,,,,,,,,,,,,,,,,,,,,,,
CS 534,FFree,FFree,FFree,FFree,FFree,FFree,FFree,FFree,FFree,FFree,FFree,FFree,FFree,FFree,FFree,FFree,FFree,FFree,FFree,FFree,FFree,AArea,AArea,AArea,AArea,AArea,AArea,,,,,,,,,,,,,,,,,,,,,,,,,,,,,,,,,,,,,,,,,,,,,,,,,,,,,,,
CS 535,FFree,FFree,FFree,FFree,FFree,FFree,FFree,FFree,FFree,FFree,FFree,FFree,FFree,FFree,FFree,FFree,FFree,FFree,FFree,FFree,FFree,AArea,AArea,AArea,AArea,AArea,AArea,,,,,,,,,,,,,,,,,,,,,,,,,,,,,,,,,,,,,,,,,,,,,,,,,,,,,,,
CS 538,FFree,FFree,FFree,FFree,FFree,FFree,FFree,FFree,FFree,FFree,FFree,FFree,FFree,FFree,FFree,FFree,FFree,FFree,FFree,FFree,FFree,AArea,AArea,AArea,AArea,AArea,AArea,,,,,,,,,,,,,,,,,,,,,,,,,,,,,,,,,,,,,,,,,,,,,,,,,,,,,,,
CS 539,FFree,FFree,FFree,FFree,FFree,FFree,FFree,FFree,FFree,FFree,FFree,FFree,FFree,FFree,FFree,FFree,FFree,FFree,FFree,FFree,FFree,AArea,AArea,AArea,AArea,AArea,AArea,,,,,,,,,,,,,,,,,,,,,,,,,,,,,,,,,,,,,,,,,,,,,,,,,,,,,,,
CS 540,FFree,FFree,FFree,FFree,FFree,FFree,FFree,FFree,FFree,FFree,FFree,FFree,FFree,FFree,FFree,FFree,FFree,FFree,FFree,FFree,FFree,AArea,AArea,AArea,AArea,AArea,AArea,,,,,,,,,,,,,,,,,,,,,,,,,,,,,,,,,,,,,,,,,,,,,,,,,,,,,,,
CS 541,FFree,FFree,FFree,FFree,FFree,FFree,FFree,FFree,FFree,FFree,FFree,FFree,FFree,FFree,FFree,FFree,FFree,FFree,FFree,FFree,FFree,AArea,AArea,AArea,AArea,AArea,AArea,,,,,,,,,,,,,,,,,,,,,,,,,,,,,,,,,,,,,,,,,,,,,,,,,,,,,,,
CS 542,FFree,FFree,FFree,FFree,FFree,FFree,FFree,FFree,FFree,FFree,FFree,FFree,FFree,FFree,FFree,FFree,FFree,FFree,FFree,FFree,FFree,AArea,AArea,AArea,AArea,AArea,AArea,,,,,,,,,,,,,,,,,,,,,,,,,,,,,,,,,,,,,,,,,,,,,,,,,,,,,,,
CS 543,FFree,FFree,FFree,FFree,FFree,FFree,FFree,FFree,FFree,FFree,FFree,FFree,FFree,FFree,FFree,FFree,FFree,FFree,FFree,FFree,FFree,AArea,AArea,AArea,AArea,AArea,AArea,,,,,,,,,,,,,,,,,,,,,,,,,,,,,,,,,,,,,,,,,,,,,,,,,,,,,,,
CS 545,FFree,FFree,FFree,FFree,FFree,FFree,FFree,FFree,FFree,FFree,FFree,FFree,FFree,FFree,FFree,FFree,FFree,FFree,FFree,FFree,FFree,AArea,AArea,AArea,AArea,AArea,AArea,,,,,,,,,,,,,,,,,,,,,,,,,,,,,,,,,,,,,,,,,,,,,,,,,,,,,,,
CS 546,FFree,FFree,FFree,FFree,FFree,FFree,FFree,FFree,FFree,FFree,FFree,FFree,FFree,FFree,FFree,FFree,FFree,FFree,FFree,FFree,FFree,AArea,AArea,AArea,AArea,AArea,AArea,,,,,,,,,,,,,,,,,,,,,,,,,,,,,,,,,,,,,,,,,,,,,,,,,,,,,,,
CS 547,FFree,FFree,FFree,FFree,FFree,FFree,FFree,FFree,FFree,FFree,FFree,FFree,FFree,FFree,FFree,FFree,FFree,FFree,FFree,FFree,FFree,AArea,AArea,AArea,AArea,AArea,AArea,,,,,,,,,,,,,,,,,,,,,,,,,,,,,,,,,,,,,,,,,,,,,,,,,,,,,,,
CS 549,FFree,FFree,FFree,FFree,FFree,FFree,FFree,FFree,FFree,FFree,FFree,FFree,FFree,FFree,FFree,FFree,FFree,FFree,FFree,FFree,FFree,AArea,AArea,AArea,AArea,AArea,AArea,,,,,,,,,,,,,,,,,,,,,,,,,,,,,,,,,,,,,,,,,,,,,,,,,,,,,,,
CS 555,FFree,FFree,FFree,FFree,FFree,FFree,FFree,FFree,FFree,FFree,FFree,FFree,FFree,FFree,FFree,FFree,FFree,FFree,FFree,FFree,FFree,AArea,AArea,AArea,AArea,AArea,AArea,,,,,,,,,,,,,,,,,,,,,,,,,,,,,,,,,,,,,,,,,,,,,,,,,,,,,,,
CS 560,FFree,FFree,FFree,FFree,FFree,FFree,FFree,FFree,FFree,FFree,FFree,FFree,FFree,FFree,FFree,FFree,FFree,FFree,FFree,FFree,FFree,AArea,AArea,AArea,AArea,AArea,AArea,,,,,,,,,,,,,,,,,,,,,,,,,,,,,,,,,,,,,,,,,,,,,,,,,,,,,,,
CS 580,FFree,FFree,FFree,FFree,FFree,FFree,FFree,FFree,FFree,FFree,FFree,FFree,FFree,FFree,FFree,FFree,FFree,FFree,FFree,FFree,FFree,AArea,AArea,AArea,AArea,AArea,AArea,,,,,,,,,,,,,,,,,,,,,,,,,,,,,,,,,,,,,,,,,,,,,,,,,,,,,,,
CS 58000,FFree,FFree,FFree,FFree,FFree,FFree,FFree,FFree,FFree,FFree,FFree,FFree,FFree,FFree,FFree,FFree,FFree,FFree,FFree,FFree,FFree,AArea,AArea,AArea,AArea,AArea,AArea,,,,,,,,,,,,,,,,,,,,,,,,,,,,,,,,,,,,,,,,,,,,,,,,,,,,,,,
CS 58001,FFree,FFree,FFree,FFree,FFree,FFree,FFree,FFree,FFree,FFree,FFree,FFree,FFree,FFree,FFree,FFree,FFree,FFree,FFree,FFree,FFree,AArea,AArea,AArea,AArea,AArea,AArea,,,,,,,,,,,,,,,,,,,,,,,,,,,,,,,,,,,,,,,,,,,,,,,,,,,,,,,
CS 58002,FFree,FFree,FFree,FFree,FFree,FFree,FFree,FFree,FFree,FFree,FFree,FFree,FFree,FFree,FFree,FFree,FFree,FFree,FFree,FFree,FFree,AArea,AArea,AArea,AArea,AArea,AArea,,,,,,,,,,,,,,,,,,,,,,,,,,,,,,,,,,,,,,,,,,,,,,,,,,,,,,,
CS 58003,FFree,FFree,FFree,FFree,FFree,FFree,FFree,FFree,FFree,FFree,FFree,FFree,FFree,FFree,FFree,FFree,FFree,FFree,FFree,FFree,FFree,AArea,AArea,AArea,AArea,AArea,AArea,,,,,,,,,,,,,,,,,,,,,,,,,,,,,,,,,,,,,,,,,,,,,,,,,,,,,,,
CS 58004,FFree,FFree,FFree,FFree,FFree,FFree,FFree,FFree,FFree,FFree,FFree,FFree,FFree,FFree,FFree,FFree,FFree,FFree,FFree,FFree,FFree,AArea,AArea,AArea,AArea,AArea,AArea,,,,,,,,,,,,,,,,,,,,,,,,,,,,,,,,,,,,,,,,,,,,,,,,,,,,,,,
CS 58005,FFree,FFree,FFree,FFree,FFree,FFree,FFree,FFree,FFree,FFree,FFree,FFree,FFree,FFree,FFree,FFree,FFree,FFree,FFree,FFree,FFree,AArea,AArea,AArea,AArea,AArea,AArea,,,,,,,,,,,,,,,,,,,,,,,,,,,,,,,,,,,,,,,,,,,,,,,,,,,,,,,
CS 58007,FFree,FFree,FFree,FFree,FFree,FFree,FFree,FFree,FFree,FFree,FFree,FFree,FFree,FFree,FFree,FFree,FFree,FFree,FFree,FFree,FFree,AArea,AArea,AArea,AArea,AArea,AArea,,,,,,,,,,,,,,,,,,,,,,,,,,,,,,,,,,,,,,,,,,,,,,,,,,,,,,,
CS 58008,FFree,FFree,FFree,FFree,FFree,FFree,FFree,FFree,FFree,FFree,FFree,FFree,FFree,FFree,FFree,FFree,FFree,FFree,FFree,FFree,FFree,AArea,AArea,AArea,AArea,AArea,AArea,,,,,,,,,,,,,,,,,,,,,,,,,,,,,,,,,,,,,,,,,,,,,,,,,,,,,,,
CS 58009,FFree,FFree,FFree,FFree,FFree,FFree,FFree,FFree,FFree,FFree,FFree,FFree,FFree,FFree,FFree,FFree,FFree,FFree,FFree,FFree,FFree,AArea,AArea,AArea,AArea,AArea,AArea,,,,,,,,,,,,,,,,,,,,,,,,,,,,,,,,,,,,,,,,,,,,,,,,,,,,,,,
CS 58010,FFree,FFree,FFree,FFree,FFree,FFree,FFree,FFree,FFree,FFree,FFree,FFree,FFree,FFree,FFree,FFree,FFree,FFree,FFree,FFree,FFree,AArea,AArea,AArea,AArea,AArea,AArea,,,,,,,,,,,,,,,,,,,,,,,,,,,,,,,,,,,,,,,,,,,,,,,,,,,,,,,
CS 58011,FFree,FFree,FFree,FFree,FFree,FFree,FFree,FFree,FFree,FFree,FFree,FFree,FFree,FFree,FFree,FFree,FFree,FFree,FFree,FFree,FFree,AArea,AArea,AArea,AArea,AArea,AArea,,,,,,,,,,,,,,,,,,,,,,,,,,,,,,,,,,,,,,,,,,,,,,,,,,,,,,,
CS 58012,FFree,FFree,FFree,FFree,FFree,FFree,FFree,FFree,FFree,FFree,FFree,FFree,FFree,FFree,FFree,FFree,FFree,FFree,FFree,FFree,FFree,AArea,AArea,AArea,AArea,AArea,AArea,,,,,,,,,,,,,,,,,,,,,,,,,,,,,,,,,,,,,,,,,,,,,,,,,,,,,,,
CS 581,FFree,FFree,FFree,FFree,FFree,FFree,FFree,FFree,FFree,FFree,FFree,FFree,FFree,FFree,FFree,FFree,FFree,FFree,FFree,FFree,FFree,AArea,AArea,AArea,AArea,AArea,AArea,,,,,,,,,,,,,,,,,,,,,,,,,,,,,,,,,,,,,,,,,,,,,,,,,,,,,,,
CS 582,FFree,FFree,FFree,FFree,FFree,FFree,FFree,FFree,FFree,FFree,FFree,FFree,FFree,FFree,FFree,FFree,FFree,FFree,FFree,FFree,FFree,AArea,AArea,AArea,AArea,AArea,AArea,,,,,,,,,,,,,,,,,,,,,,,,,,,,,,,,,,,,,,,,,,,,,,,,,,,,,,,
CS 601,FFree,FFree,FFree,FFree,FFree,FFree,FFree,FFree,FFree,FFree,FFree,FFree,FFree,FFree,FFree,FFree,FFree,FFree,FFree,FFree,FFree,AArea,AArea,AArea,AArea,AArea,AArea,,,,,,,,,,,,,,,,,,,,,,,,,,,,,,,,,,,,,,,,,,,,,,,,,,,,,,,
CS 611,FFree,FFree,FFree,FFree,FFree,FFree,FFree,FFree,FFree,FFree,FFree,FFree,FFree,FFree,FFree,FFree,FFree,FFree,FFree,FFree,FFree,AArea,AArea,AArea,AArea,AArea,AArea,,,,,,,,,,,,,,,,,,,,,,,,,,,,,,,,,,,,,,,,,,,,,,,,,,,,,,,
CS 680,FFree,FFree,FFree,FFree,FFree,FFree,FFree,FFree,FFree,FFree,FFree,FFree,FFree,FFree,FFree,FFree,FFree,FFree,FFree,FFree,FFree,AArea,AArea,AArea,AArea,AArea,AArea,,,,,,,,,,,,,,,,,,,,,,,,,,,,,,,,,,,,,,,,,,,,,,,,,,,,,,,
CS 68000,FFree,FFree,FFree,FFree,FFree,FFree,FFree,FFree,FFree,FFree,FFree,FFree,FFree,FFree,FFree,FFree,FFree,FFree,FFree,FFree,FFree,AArea,AArea,AArea,AArea,AArea,AArea,,,,,,,,,,,,,,,,,,,,,,,,,,,,,,,,,,,,,,,,,,,,,,,,,,,,,,,
CS 68001,FFree,FFree,FFree,FFree,FFree,FFree,FFree,FFree,FFree,FFree,FFree,FFree,FFree,FFree,FFree,FFree,FFree,FFree,FFree,FFree,FFree,AArea,AArea,AArea,AArea,AArea,AArea,,,,,,,,,,,,,,,,,,,,,,,,,,,,,,,,,,,,,,,,,,,,,,,,,,,,,,,
CS 681,FFree,FFree,FFree,FFree,FFree,FFree,FFree,FFree,FFree,FFree,FFree,FFree,FFree,FFree,FFree,FFree,FFree,FFree,FFree,FFree,FFree,AArea,AArea,AArea,AArea,AArea,AArea,,,,,,,,,,,,,,,,,,,,,,,,,,,,,,,,,,,,,,,,,,,,,,,,,,,,,,,
CULT 500,FFree,FFree,FFree,FFree,FFree,FFree,FFree,FFree,FFree,FFree,FFree,FFree,FFree,FFree,FFree,FFree,FFree,FFree,FFree,FFree,FFree,AArea,AArea,AArea,AArea,AArea,AArea,,,,,,,,,,,,,,,,,,,,,,,,,,,,,,,,,,,,,,,,,,,,,,,,,,,,,,,
CULT 501,FFree,FFree,FFree,FFree,FFree,FFree,FFree,FFree,FFree,FFree,FFree,FFree,FFree,FFree,FFree,FFree,FFree,FFree,FFree,FFree,FFree,AArea,AArea,AArea,AArea,AArea,AArea,,,,,,,,,,,,,,,,,,,,,,,,,,,,,,,,,,,,,,,,,,,,,,,,,,,,,,,
CULT 502,FFree,FFree,FFree,FFree,FFree,FFree,FFree,FFree,FFree,FFree,FFree,FFree,FFree,FFree,FFree,FFree,FFree,FFree,FFree,FFree,FFree,AArea,AArea,AArea,AArea,AArea,AArea,,,,,,,,,,,,,,,,,,,,,,,,,,,,,,,,,,,,,,,,,,,,,,,,,,,,,,,
CULT 503,FFree,FFree,FFree,FFree,FFree,FFree,FFree,FFree,FFree,FFree,FFree,FFree,FFree,FFree,FFree,FFree,FFree,FFree,FFree,FFree,FFree,AArea,AArea,AArea,AArea,AArea,AArea,,,,,,,,,,,,,,,,,,,,,,,,,,,,,,,,,,,,,,,,,,,,,,,,,,,,,,,
CULT 520,FFree,FFree,FFree,FFree,FFree,FFree,FFree,FFree,FFree,FFree,FFree,FFree,FFree,FFree,FFree,FFree,FFree,FFree,FFree,FFree,FFree,AArea,,,,,,,,,,,,,,,,,,,,,,,,,,,,,,,,,,,,,,,,,,,,,,,,,,,,,,,,,,,,
CULT 521,FFree,FFree,FFree,FFree,FFree,FFree,FFree,FFree,FFree,FFree,FFree,FFree,FFree,FFree,FFree,FFree,FFree,FFree,FFree,FFree,FFree,AArea,AArea,AArea,AArea,AArea,AArea,,,,,,,,,,,,,,,,,,,,,,,,,,,,,,,,,,,,,,,,,,,,,,,,,,,,,,,
CULT 522,FFree,FFree,FFree,FFree,FFree,FFree,FFree,FFree,FFree,FFree,FFree,FFree,FFree,FFree,FFree,FFree,FFree,FFree,FFree,FFree,FFree,AArea,AArea,AArea,AArea,AArea,AArea,,,,,,,,,,,,,,,,,,,,,,,,,,,,,,,,,,,,,,,,,,,,,,,,,,,,,,,
CULT 525,FFree,FFree,FFree,FFree,FFree,FFree,FFree,FFree,FFree,FFree,FFree,FFree,FFree,FFree,FFree,FFree,FFree,FFree,FFree,FFree,FFree,AArea,AArea,AArea,AArea,AArea,AArea,,,,,,,,,,,,,,,,,,,,,,,,,,,,,,,,,,,,,,,,,,,,,,,,,,,,,,,
CULT 527,FFree,FFree,FFree,FFree,FFree,FFree,FFree,FFree,FFree,FFree,FFree,FFree,FFree,FFree,FFree,FFree,FFree,FFree,FFree,FFree,FFree,AArea,AArea,AArea,AArea,AArea,AArea,,,,,,,,,,,,,,,,,,,,,,,,,,,,,,,,,,,,,,,,,,,,,,,,,,,,,,,
CULT 532,FFree,FFree,FFree,FFree,FFree,FFree,FFree,FFree,FFree,FFree,FFree,FFree,FFree,FFree,FFree,FFree,FFree,FFree,FFree,FFree,FFree,AArea,AArea,AArea,AArea,AArea,AArea,,,,,,,,,,,,,,,,,,,,,,,,,,,,,,,,,,,,,,,,,,,,,,,,,,,,,,,
CULT 535,FFree,FFree,FFree,FFree,FFree,FFree,FFree,FFree,FFree,FFree,FFree,FFree,FFree,FFree,FFree,FFree,FFree,FFree,FFree,FFree,FFree,AArea,AArea,AArea,AArea,AArea,AArea,,,,,,,,,,,,,,,,,,,,,,,,,,,,,,,,,,,,,,,,,,,,,,,,,,,,,,,
CULT 537,FFree,FFree,FFree,FFree,FFree,FFree,FFree,FFree,FFree,FFree,FFree,FFree,FFree,FFree,FFree,FFree,FFree,FFree,FFree,FFree,FFree,AArea,AArea,AArea,AArea,AArea,AArea,,,,,,,,,,,,,,,,,,,,,,,,,,,,,,,,,,,,,,,,,,,,,,,,,,,,,,,
CULT 541,FFree,FFree,FFree,FFree,FFree,FFree,FFree,FFree,FFree,FFree,FFree,FFree,FFree,FFree,FFree,FFree,FFree,FFree,FFree,FFree,FFree,AArea,AArea,AArea,AArea,AArea,AArea,,,,,,,,,,,,,,,,,,,,,,,,,,,,,,,,,,,,,,,,,,,,,,,,,,,,,,,
CULT 542,FFree,FFree,FFree,FFree,FFree,FFree,FFree,FFree,FFree,FFree,FFree,FFree,FFree,FFree,FFree,FFree,FFree,FFree,FFree,FFree,FFree,AArea,AArea,AArea,AArea,AArea,AArea,,,,,,,,,,,,,,,,,,,,,,,,,,,,,,,,,,,,,,,,,,,,,,,,,,,,,,,
CULT 543,FFree,FFree,FFree,FFree,FFree,FFree,FFree,FFree,FFree,FFree,FFree,FFree,FFree,FFree,FFree,FFree,FFree,FFree,FFree,FFree,FFree,AArea,AArea,AArea,AArea,AArea,AArea,,,,,,,,,,,,,,,,,,,,,,,,,,,,,,,,,,,,,,,,,,,,,,,,,,,,,,,
CULT 544,FFree,FFree,FFree,FFree,FFree,FFree,FFree,FFree,FFree,FFree,FFree,FFree,FFree,FFree,FFree,FFree,FFree,FFree,FFree,FFree,FFree,AArea,AArea,AArea,AArea,AArea,AArea,,,,,,,,,,,,,,,,,,,,,,,,,,,,,,,,,,,,,,,,,,,,,,,,,,,,,,,
CULT 551,FFree,FFree,FFree,FFree,FFree,FFree,FFree,FFree,FFree,FFree,FFree,FFree,FFree,FFree,FFree,FFree,FFree,FFree,FFree,FFree,FFree,AArea,AArea,AArea,AArea,AArea,AArea,,,,,,,,,,,,,,,,,,,,,,,,,,,,,,,,,,,,,,,,,,,,,,,,,,,,,,,
CULT 552,FFree,FFree,FFree,FFree,FFree,FFree,FFree,FFree,FFree,FFree,FFree,FFree,FFree,FFree,FFree,FFree,FFree,FFree,FFree,FFree,FFree,AArea,AArea,AArea,AArea,AArea,AArea,,,,,,,,,,,,,,,,,,,,,,,,,,,,,,,,,,,,,,,,,,,,,,,,,,,,,,,
CULT 553,FFree,FFree,FFree,FFree,FFree,FFree,FFree,FFree,FFree,FFree,FFree,FFree,FFree,FFree,FFree,FFree,FFree,FFree,FFree,FFree,FFree,AArea,AArea,AArea,AArea,AArea,AArea,,,,,,,,,,,,,,,,,,,,,,,,,,,,,,,,,,,,,,,,,,,,,,,,,,,,,,,
CULT 554,FFree,FFree,FFree,FFree,FFree,FFree,FFree,FFree,FFree,FFree,FFree,FFree,FFree,FFree,FFree,FFree,FFree,FFree,FFree,FFree,FFree,AArea,AArea,AArea,AArea,AArea,AArea,,,,,,,,,,,,,,,,,,,,,,,,,,,,,,,,,,,,,,,,,,,,,,,,,,,,,,,
CULT 555,FFree,FFree,FFree,FFree,FFree,FFree,FFree,FFree,FFree,FFree,FFree,FFree,FFree,FFree,FFree,FFree,FFree,FFree,FFree,FFree,FFree,AArea,AArea,AArea,AArea,AArea,AArea,,,,,,,,,,,,,,,,,,,,,,,,,,,,,,,,,,,,,,,,,,,,,,,,,,,,,,,
CULT 560,FFree,FFree,FFree,FFree,FFree,FFree,FFree,FFree,FFree,FFree,FFree,FFree,FFree,FFree,FFree,FFree,FFree,FFree,FFree,,,,,,,,,,,,,,,,,,,,,,,,,,,,,,,,,,,,,,,,,,,,,,,,,,,,,,,,,,,,,,,
CULT 561,FFree,FFree,FFree,FFree,FFree,FFree,FFree,FFree,FFree,FFree,FFree,FFree,FFree,FFree,FFree,FFree,FFree,FFree,FFree,FFree,FFree,AArea,AArea,AArea,AArea,AArea,AArea,,,,,,,,,,,,,,,,,,,,,,,,,,,,,,,,,,,,,,,,,,,,,,,,,,,,,,,
CULT 562,FFree,FFree,FFree,FFree,FFree,FFree,FFree,FFree,FFree,FFree,FFree,FFree,FFree,FFree,FFree,FFree,FFree,FFree,FFree,FFree,FFree,AArea,AArea,AArea,AArea,AArea,AArea,,,,,,,,,,,,,,,,,,,,,,,,,,,,,,,,,,,,,,,,,,,,,,,,,,,,,,,
CULT 563,FFree,FFree,FFree,FFree,FFree,FFree,FFree,FFree,FFree,FFree,FFree,FFree,FFree,FFree,FFree,FFree,FFree,FFree,FFree,FFree,FFree,AArea,AArea,AArea,AArea,AArea,AArea,,,,,,,,,,,,,,,,,,,,,,,,,,,,,,,,,,,,,,,,,,,,,,,,,,,,,,,
CULT 568,FFree,FFree,FFree,FFree,FFree,FFree,FFree,FFree,FFree,FFree,FFree,FFree,FFree,FFree,FFree,FFree,FFree,FFree,FFree,FFree,FFree,AArea,AArea,AArea,AArea,AArea,AArea,,,,,,,,,,,,,,,,,,,,,,,,,,,,,,,,,,,,,,,,,,,,,,,,,,,,,,,
CULT 570,FFree,FFree,FFree,FFree,FFree,FFree,FFree,FFree,FFree,FFree,FFree,FFree,FFree,FFree,FFree,FFree,FFree,FFree,FFree,FFree,FFree,AArea,AArea,AArea,AArea,AArea,AArea,,,,,,,,,,,,,,,,,,,,,,,,,,,,,,,,,,,,,,,,,,,,,,,,,,,,,,,
CULT 584,FFree,FFree,FFree,FFree,FFree,FFree,FFree,FFree,FFree,FFree,FFree,FFree,FFree,FFree,FFree,FFree,FFree,FFree,FFree,FFree,FFree,AArea,AArea,AArea,AArea,AArea,AArea,,,,,,,,,,,,,,,,,,,,,,,,,,,,,,,,,,,,,,,,,,,,,,,,,,,,,,,
CULT 591,FFree,FFree,FFree,FFree,FFree,FFree,FFree,FFree,FFree,FFree,FFree,FFree,FFree,FFree,FFree,FFree,FFree,FFree,FFree,FFree,FFree,AArea,AArea,AArea,AArea,AArea,AArea,,,,,,,,,,,,,,,,,,,,,,,,,,,,,,,,,,,,,,,,,,,,,,,,,,,,,,,
CULT 592,FFree,FFree,FFree,FFree,FFree,FFree,FFree,FFree,FFree,FFree,FFree,FFree,FFree,FFree,FFree,FFree,FFree,FFree,FFree,FFree,FFree,AArea,AArea,AArea,AArea,AArea,AArea,,,,,,,,,,,,,,,,,,,,,,,,,,,,,,,,,,,,,,,,,,,,,,,,,,,,,,,
CULT 593,FFree,FFree,FFree,FFree,FFree,FFree,FFree,FFree,FFree,FFree,FFree,FFree,FFree,FFree,FFree,FFree,FFree,FFree,FFree,FFree,FFree,AArea,AArea,AArea,AArea,AArea,AArea,,,,,,,,,,,,,,,,,,,,,,,,,,,,,,,,,,,,,,,,,,,,,,,,,,,,,,,
CULT 598,FFree,FFree,FFree,FFree,FFree,FFree,FFree,FFree,FFree,FFree,FFree,FFree,FFree,FFree,FFree,FFree,FFree,FFree,FFree,FFree,FFree,AArea,AArea,AArea,AArea,AArea,AArea,,,,,,,,,,,,,,,,,,,,,,,,,,,,,,,,,,,,,,,,,,,,,,,,,,,,,,,
CULT 643,FFree,FFree,FFree,FFree,FFree,FFree,FFree,FFree,FFree,FFree,FFree,FFree,FFree,FFree,FFree,FFree,FFree,FFree,,,,,,,,,,,,,,,,,,,,,,,,,,,,,,,,,,,,,,,,,,,,,,,,,,,,,,,,,,,,,,,,
DS 551,FFree,FFree,FFree,FFree,FFree,FFree,FFree,FFree,FFree,FFree,FFree,FFree,FFree,FFree,FFree,FFree,FFree,FFree,FFree,FFree,FFree,AArea,AArea,AArea,AArea,AArea,AArea,,,,,,,,,,,,,,,,,,,,,,,,,,,,,,,,,,,,,,,,,,,,,,,,,,,,,,,
DS 552,FFree,FFree,FFree,FFree,FFree,FFree,FFree,FFree,FFree,FFree,FFree,FFree,FFree,FFree,FFree,FFree,FFree,FFree,FFree,FFree,FFree,AArea,AArea,AArea,AArea,AArea,AArea,,,,,,,,,,,,,,,,,,,,,,,,,,,,,,,,,,,,,,,,,,,,,,,,,,,,,,,
DS 590,FFree,FFree,FFree,FFree,FFree,FFree,FFree,FFree,FFree,FFree,FFree,FFree,FFree,FFree,FFree,FFree,FFree,FFree,FFree,FFree,FFree,AArea,AArea,AArea,AArea,AArea,AArea,,,,,,,,,,,,,,,,,,,,,,,,,,,,,,,,,,,,,,,,,,,,,,,,,,,,,,,
DT 501,FFree,FFree,FFree,FFree,FFree,FFree,FFree,FFree,FFree,FFree,FFree,FFree,FFree,FFree,FFree,FFree,FFree,FFree,FFree,FFree,FFree,AArea,AArea,AArea,AArea,AArea,AArea,,,,,,,,,,,,,,,,,,,,,,,,,,,,,,,,,,,,,,,,,,,,,,,,,,,,,,,
DT 502,FFree,FFree,FFree,FFree,FFree,FFree,FFree,FFree,FFree,FFree,FFree,FFree,FFree,FFree,FFree,FFree,FFree,FFree,FFree,FFree,FFree,AArea,AArea,AArea,AArea,AArea,AArea,,,,,,,,,,,,,,,,,,,,,,,,,,,,,,,,,,,,,,,,,,,,,,,,,,,,,,,
DT 503,FFree,FFree,FFree,FFree,FFree,FFree,FFree,FFree,FFree,FFree,FFree,FFree,FFree,FFree,FFree,FFree,FFree,FFree,FFree,FFree,FFree,AArea,AArea,AArea,AArea,AArea,AArea,,,,,,,,,,,,,,,,,,,,,,,,,,,,,,,,,,,,,,,,,,,,,,,,,,,,,,,
DT 504,FFree,FFree,FFree,FFree,FFree,FFree,FFree,FFree,FFree,FFree,FFree,FFree,FFree,FFree,FFree,FFree,FFree,FFree,FFree,FFree,FFree,AArea,AArea,AArea,AArea,AArea,AArea,,,,,,,,,,,,,,,,,,,,,,,,,,,,,,,,,,,,,,,,,,,,,,,,,,,,,,,
DT 511,FFree,FFree,FFree,FFree,FFree,FFree,FFree,FFree,FFree,FFree,FFree,FFree,FFree,FFree,FFree,FFree,FFree,FFree,FFree,FFree,FFree,AArea,AArea,AArea,AArea,AArea,AArea,,,,,,,,,,,,,,,,,,,,,,,,,,,,,,,,,,,,,,,,,,,,,,,,,,,,,,,
DT 512,FFree,FFree,FFree,FFree,FFree,FFree,FFree,FFree,FFree,FFree,FFree,FFree,FFree,FFree,FFree,FFree,FFree,FFree,FFree,FFree,FFree,AArea,AArea,AArea,AArea,AArea,AArea,,,,,,,,,,,,,,,,,,,,,,,,,,,,,,,,,,,,,,,,,,,,,,,,,,,,,,,
DT 513,FFree,FFree,FFree,FFree,FFree,FFree,FFree,FFree,FFree,FFree,FFree,FFree,FFree,FFree,FFree,FFree,FFree,FFree,FFree,FFree,FFree,AArea,AArea,AArea,AArea,AArea,AArea,,,,,,,,,,,,,,,,,,,,,,,,,,,,,,,,,,,,,,,,,,,,,,,,,,,,,,,
DT 514,FFree,FFree,FFree,FFree,FFree,FFree,FFree,FFree,FFree,FFree,FFree,FFree,FFree,FFree,FFree,FFree,FFree,FFree,FFree,FFree,FFree,AArea,AArea,AArea,AArea,AArea,AArea,,,,,,,,,,,,,,,,,,,,,,,,,,,,,,,,,,,,,,,,,,,,,,,,,,,,,,,
DT 521,FFree,FFree,FFree,FFree,FFree,FFree,FFree,FFree,FFree,FFree,FFree,FFree,FFree,FFree,FFree,FFree,FFree,FFree,FFree,FFree,FFree,AArea,AArea,AArea,AArea,AArea,AArea,,,,,,,,,,,,,,,,,,,,,,,,,,,,,,,,,,,,,,,,,,,,,,,,,,,,,,,
DT 522,FFree,FFree,FFree,FFree,FFree,FFree,FFree,FFree,FFree,FFree,FFree,FFree,FFree,FFree,FFree,FFree,FFree,FFree,FFree,FFree,FFree,AArea,AArea,AArea,AArea,AArea,AArea,,,,,,,,,,,,,,,,,,,,,,,,,,,,,,,,,,,,,,,,,,,,,,,,,,,,,,,
DT 523,FFree,FFree,FFree,FFree,FFree,FFree,FFree,FFree,FFree,FFree,FFree,FFree,FFree,FFree,FFree,FFree,FFree,FFree,FFree,FFree,FFree,AArea,AArea,AArea,AArea,AArea,AArea,,,,,,,,,,,,,,,,,,,,,,,,,,,,,,,,,,,,,,,,,,,,,,,,,,,,,,,
DT 524,FFree,FFree,FFree,FFree,FFree,FFree,FFree,FFree,FFree,FFree,FFree,FFree,FFree,FFree,FFree,FFree,FFree,FFree,FFree,FFree,FFree,AArea,AArea,AArea,AArea,AArea,AArea,,,,,,,,,,,,,,,,,,,,,,,,,,,,,,,,,,,,,,,,,,,,,,,,,,,,,,,
DT 532,FFree,FFree,FFree,FFree,FFree,FFree,FFree,FFree,FFree,FFree,FFree,FFree,FFree,FFree,FFree,FFree,FFree,FFree,FFree,FFree,FFree,AArea,AArea,AArea,AArea,AArea,AArea,,,,,,,,,,,,,,,,,,,,,,,,,,,,,,,,,,,,,,,,,,,,,,,,,,,,,,,
DT 533,FFree,FFree,FFree,FFree,FFree,FFree,FFree,FFree,FFree,FFree,FFree,FFree,FFree,FFree,FFree,FFree,FFree,FFree,FFree,FFree,FFree,AArea,AArea,AArea,AArea,AArea,AArea,,,,,,,,,,,,,,,,,,,,,,,,,,,,,,,,,,,,,,,,,,,,,,,,,,,,,,,
DT 541,FFree,FFree,FFree,FFree,FFree,FFree,FFree,FFree,FFree,FFree,FFree,FFree,FFree,FFree,FFree,FFree,FFree,FFree,FFree,FFree,FFree,AArea,AArea,AArea,AArea,AArea,AArea,,,,,,,,,,,,,,,,,,,,,,,,,,,,,,,,,,,,,,,,,,,,,,,,,,,,,,,
DT 592,FFree,FFree,FFree,FFree,FFree,FFree,FFree,FFree,FFree,FFree,FFree,FFree,FFree,FFree,FFree,FFree,FFree,FFree,FFree,FFree,FFree,AArea,AArea,AArea,AArea,AArea,AArea,,,,,,,,,,,,,,,,,,,,,,,,,,,,,,,,,,,,,,,,,,,,,,,,,,,,,,,
ECON 501,FFree,FFree,FFree,FFree,FFree,FFree,FFree,FFree,FFree,FFree,FFree,FFree,FFree,FFree,FFree,FFree,FFree,FFree,FFree,FFree,FFree,AArea,AArea,AArea,AArea,AArea,AArea,,,,,,,,,,,,,,,,,,,,,,,,,,,,,,,,,,,,,,,,,,,,,,,,,,,,,,,
ECON 502,FFree,FFree,FFree,FFree,FFree,FFree,FFree,FFree,FFree,FFree,FFree,FFree,FFree,FFree,FFree,FFree,FFree,FFree,FFree,FFree,FFree,AArea,AArea,AArea,AArea,AArea,AArea,,,,,,,,,,,,,,,,,,,,,,,,,,,,,,,,,,,,,,,,,,,,,,,,,,,,,,,
ECON 503,FFree,FFree,FFree,FFree,FFree,FFree,FFree,FFree,FFree,FFree,FFree,FFree,FFree,FFree,FFree,FFree,FFree,FFree,FFree,FFree,FFree,AArea,AArea,AArea,AArea,AArea,AArea,,,,,,,,,,,,,,,,,,,,,,,,,,,,,,,,,,,,,,,,,,,,,,,,,,,,,,,
ECON 504,FFree,FFree,FFree,FFree,FFree,FFree,FFree,FFree,FFree,FFree,FFree,FFree,FFree,FFree,FFree,FFree,FFree,FFree,FFree,FFree,FFree,AArea,AArea,AArea,AArea,AArea,AArea,,,,,,,,,,,,,,,,,,,,,,,,,,,,,,,,,,,,,,,,,,,,,,,,,,,,,,,
ECON 505,FFree,FFree,FFree,FFree,FFree,FFree,FFree,FFree,FFree,FFree,FFree,FFree,FFree,FFree,FFree,FFree,FFree,FFree,FFree,FFree,FFree,AArea,AArea,AArea,AArea,AArea,AArea,,,,,,,,,,,,,,,,,,,,,,,,,,,,,,,,,,,,,,,,,,,,,,,,,,,,,,,
ECON 506,FFree,FFree,FFree,FFree,FFree,FFree,FFree,FFree,FFree,FFree,FFree,FFree,FFree,FFree,FFree,FFree,FFree,FFree,FFree,FFree,FFree,AArea,AArea,AArea,AArea,AArea,AArea,,,,,,,,,,,,,,,,,,,,,,,,,,,,,,,,,,,,,,,,,,,,,,,,,,,,,,,
ECON 520,FFree,FFree,FFree,FFree,FFree,FFree,FFree,FFree,FFree,FFree,FFree,FFree,FFree,FFree,FFree,FFree,FFree,FFree,FFree,FFree,FFree,AArea,AArea,AArea,AArea,AArea,AArea,,,,,,,,,,,,,,,,,,,,,,,,,,,,,,,,,,,,,,,,,,,,,,,,,,,,,,,
ECON 521,FFree,FFree,FFree,FFree,FFree,FFree,FFree,FFree,FFree,FFree,FFree,FFree,FFree,FFree,FFree,FFree,FFree,FFree,FFree,FFree,FFree,AArea,AArea,AArea,AArea,AArea,AArea,,,,,,,,,,,,,,,,,,,,,,,,,,,,,,,,,,,,,,,,,,,,,,,,,,,,,,,
ECON 522,FFree,FFree,FFree,FFree,FFree,FFree,FFree,FFree,FFree,FFree,FFree,FFree,FFree,FFree,FFree,FFree,FFree,FFree,FFree,FFree,FFree,AArea,AArea,AArea,AArea,AArea,AArea,,,,,,,,,,,,,,,,,,,,,,,,,,,,,,,,,,,,,,,,,,,,,,,,,,,,,,,
ECON 523,FFree,FFree,FFree,FFree,FFree,FFree,FFree,FFree,FFree,FFree,FFree,FFree,FFree,FFree,FFree,FFree,FFree,FFree,FFree,FFree,FFree,AArea,AArea,AArea,AArea,AArea,AArea,,,,,,,,,,,,,,,,,,,,,,,,,,,,,,,,,,,,,,,,,,,,,,,,,,,,,,,
ECON 526,FFree,FFree,FFree,FFree,FFree,FFree,FFree,FFree,FFree,FFree,FFree,FFree,FFree,FFree,FFree,FFree,FFree,FFree,FFree,FFree,FFree,AArea,AArea,AArea,AArea,AArea,AArea,,,,,,,,,,,,,,,,,,,,,,,,,,,,,,,,,,,,,,,,,,,,,,,,,,,,,,,
ECON 547,FFree,FFree,FFree,FFree,FFree,FFree,FFree,FFree,FFree,FFree,FFree,FFree,FFree,FFree,FFree,FFree,FFree,FFree,FFree,FFree,FFree,AArea,AArea,AArea,AArea,AArea,AArea,,,,,,,,,,,,,,,,,,,,,,,,,,,,,,,,,,,,,,,,,,,,,,,,,,,,,,,
ECON 571,FFree,FFree,FFree,FFree,FFree,FFree,FFree,FFree,FFree,FFree,FFree,FFree,FFree,FFree,FFree,FFree,FFree,FFree,FFree,FFree,FFree,AArea,AArea,AArea,AArea,AArea,AArea,,,,,,,,,,,,,,,,,,,,,,,,,,,,,,,,,,,,,,,,,,,,,,,,,,,,,,,
ECON 591,FFree,FFree,FFree,FFree,FFree,FFree,FFree,FFree,FFree,FFree,FFree,FFree,FFree,FFree,FFree,FFree,FFree,FFree,FFree,FFree,FFree,AArea,AArea,AArea,AArea,AArea,AArea,,,,,,,,,,,,,,,,,,,,,,,,,,,,,,,,,,,,,,,,,,,,,,,,,,,,,,,
ECON 592,FFree,FFree,FFree,FFree,FFree,FFree,FFree,FFree,FFree,FFree,FFree,FFree,FFree,FFree,FFree,FFree,FFree,FFree,FFree,FFree,FFree,AArea,AArea,AArea,AArea,AArea,AArea,,,,,,,,,,,,,,,,,,,,,,,,,,,,,,,,,,,,,,,,,,,,,,,,,,,,,,,
ECON 601,FFree,FFree,FFree,FFree,FFree,FFree,FFree,FFree,FFree,FFree,FFree,FFree,FFree,FFree,FFree,FFree,FFree,FFree,FFree,FFree,FFree,AArea,AArea,AArea,AArea,AArea,AArea,,,,,,,,,,,,,,,,,,,,,,,,,,,,,,,,,,,,,,,,,,,,,,,,,,,,,,,
ECON 602,FFree,FFree,FFree,FFree,FFree,FFree,FFree,FFree,FFree,FFree,FFree,FFree,FFree,FFree,FFree,FFree,FFree,FFree,FFree,FFree,FFree,AArea,AArea,AArea,AArea,AArea,AArea,,,,,,,,,,,,,,,,,,,,,,,,,,,,,,,,,,,,,,,,,,,,,,,,,,,,,,,
ECON 603,FFree,FFree,FFree,FFree,FFree,FFree,FFree,FFree,FFree,FFree,FFree,FFree,FFree,FFree,FFree,FFree,FFree,FFree,FFree,FFree,FFree,AArea,AArea,AArea,AArea,AArea,AArea,,,,,,,,,,,,,,,,,,,,,,,,,,,,,,,,,,,,,,,,,,,,,,,,,,,,,,,
ECON 604,FFree,FFree,FFree,FFree,FFree,FFree,FFree,FFree,FFree,FFree,FFree,FFree,FFree,FFree,FFree,FFree,FFree,FFree,FFree,FFree,FFree,AArea,AArea,AArea,AArea,AArea,AArea,,,,,,,,,,,,,,,,,,,,,,,,,,,,,,,,,,,,,,,,,,,,,,,,,,,,,,,
ECON 605,FFree,FFree,FFree,FFree,FFree,FFree,FFree,FFree,FFree,FFree,FFree,FFree,FFree,FFree,FFree,FFree,FFree,FFree,FFree,FFree,FFree,AArea,AArea,AArea,AArea,AArea,AArea,,,,,,,,,,,,,,,,,,,,,,,,,,,,,,,,,,,,,,,,,,,,,,,,,,,,,,,
ECON 606,FFree,FFree,FFree,FFree,FFree,FFree,FFree,FFree,FFree,FFree,FFree,FFree,FFree,FFree,FFree,FFree,FFree,FFree,FFree,FFree,FFree,AArea,AArea,AArea,AArea,AArea,AArea,,,,,,,,,,,,,,,,,,,,,,,,,,,,,,,,,,,,,,,,,,,,,,,,,,,,,,,
ECON 607,FFree,FFree,FFree,FFree,FFree,FFree,FFree,FFree,FFree,FFree,FFree,FFree,FFree,FFree,FFree,FFree,FFree,FFree,FFree,FFree,FFree,AArea,AArea,AArea,AArea,AArea,AArea,,,,,,,,,,,,,,,,,,,,,,,,,,,,,,,,,,,,,,,,,,,,,,,,,,,,,,,
ECON 608,FFree,FFree,FFree,FFree,FFree,FFree,FFree,FFree,FFree,FFree,FFree,FFree,FFree,FFree,FFree,FFree,FFree,FFree,FFree,FFree,FFree,AArea,AArea,AArea,AArea,AArea,AArea,,,,,,,,,,,,,,,,,,,,,,,,,,,,,,,,,,,,,,,,,,,,,,,,,,,,,,,
ECON 609,FFree,FFree,FFree,FFree,FFree,FFree,FFree,FFree,FFree,FFree,FFree,FFree,FFree,FFree,FFree,FFree,FFree,FFree,FFree,FFree,FFree,AArea,AArea,AArea,AArea,AArea,AArea,,,,,,,,,,,,,,,,,,,,,,,,,,,,,,,,,,,,,,,,,,,,,,,,,,,,,,,
ECON 610,FFree,FFree,FFree,FFree,FFree,FFree,FFree,FFree,FFree,FFree,FFree,FFree,FFree,FFree,FFree,FFree,FFree,FFree,FFree,FFree,FFree,AArea,AArea,AArea,AArea,AArea,AArea,,,,,,,,,,,,,,,,,,,,,,,,,,,,,,,,,,,,,,,,,,,,,,,,,,,,,,,
ECON 611,FFree,FFree,FFree,FFree,FFree,FFree,FFree,FFree,FFree,FFree,FFree,FFree,FFree,FFree,FFree,FFree,FFree,FFree,FFree,FFree,FFree,AArea,AArea,AArea,AArea,,,,,,,,,,,,,,,,,,,,,,,,,,,,,,,,,,,,,,,,,,,,,,,,,,,,,,,,,
ECON 612,FFree,FFree,FFree,FFree,FFree,FFree,FFree,FFree,FFree,FFree,FFree,FFree,FFree,FFree,FFree,FFree,FFree,FFree,FFree,FFree,FFree,AArea,AArea,AArea,AArea,AArea,AArea,,,,,,,,,,,,,,,,,,,,,,,,,,,,,,,,,,,,,,,,,,,,,,,,,,,,,,,
ECON 624,FFree,FFree,FFree,FFree,FFree,FFree,FFree,FFree,FFree,FFree,FFree,FFree,FFree,FFree,FFree,FFree,FFree,FFree,FFree,FFree,FFree,AArea,AArea,AArea,AArea,AArea,AArea,,,,,,,,,,,,,,,,,,,,,,,,,,,,,,,,,,,,,,,,,,,,,,,,,,,,,,,
ECON 630,FFree,FFree,FFree,FFree,FFree,FFree,FFree,FFree,FFree,FFree,FFree,FFree,FFree,FFree,FFree,FFree,FFree,FFree,FFree,FFree,FFree,AArea,AArea,AArea,AArea,AArea,AArea,,,,,,,,,,,,,,,,,,,,,,,,,,,,,,,,,,,,,,,,,,,,,,,,,,,,,,,
ECON 635,FFree,FFree,FFree,FFree,FFree,FFree,FFree,FFree,FFree,FFree,FFree,FFree,FFree,FFree,FFree,FFree,FFree,FFree,FFree,FFree,FFree,AArea,AArea,AArea,AArea,AArea,AArea,,,,,,,,,,,,,,,,,,,,,,,,,,,,,,,,,,,,,,,,,,,,,,,,,,,,,,,
ECON 688,FFree,FFree,FFree,FFree,FFree,FFree,FFree,FFree,FFree,FFree,FFree,FFree,FFree,FFree,FFree,FFree,FFree,FFree,FFree,FFree,FFree,AArea,AArea,AArea,AArea,AArea,AArea,,,,,,,,,,,,,,,,,,,,,,,,,,,,,,,,,,,,,,,,,,,,,,,,,,,,,,,
ECON 691,FFree,FFree,FFree,FFree,FFree,FFree,FFree,FFree,FFree,FFree,FFree,FFree,FFree,FFree,FFree,FFree,FFree,FFree,FFree,FFree,FFree,AArea,AArea,AArea,AArea,AArea,AArea,,,,,,,,,,,,,,,,,,,,,,,,,,,,,,,,,,,,,,,,,,,,,,,,,,,,,,,
ECON 692,FFree,FFree,FFree,FFree,FFree,FFree,FFree,FFree,FFree,FFree,FFree,FFree,FFree,FFree,FFree,FFree,FFree,FFree,FFree,FFree,FFree,AArea,AArea,AArea,AArea,AArea,AArea,,,,,,,,,,,,,,,,,,,,,,,,,,,,,,,,,,,,,,,,,,,,,,,,,,,,,,,
ECON 701,FFree,FFree,FFree,FFree,FFree,FFree,FFree,FFree,FFree,FFree,FFree,FFree,FFree,FFree,FFree,FFree,FFree,FFree,FFree,FFree,FFree,AArea,AArea,AArea,AArea,AArea,AArea,,,,,,,,,,,,,,,,,,,,,,,,,,,,,,,,,,,,,,,,,,,,,,,,,,,,,,,
ECON 703,FFree,FFree,FFree,FFree,FFree,FFree,FFree,FFree,FFree,FFree,FFree,FFree,FFree,FFree,FFree,FFree,FFree,FFree,FFree,FFree,FFree,AArea,AArea,AArea,AArea,AArea,AArea,,,,,,,,,,,,,,,,,,,,,,,,,,,,,,,,,,,,,,,,,,,,,,,,,,,,,,,
ECON 704,FFree,FFree,FFree,FFree,FFree,FFree,FFree,FFree,FFree,FFree,FFree,FFree,FFree,FFree,FFree,FFree,FFree,FFree,FFree,FFree,FFree,AArea,AArea,AArea,AArea,AArea,AArea,,,,,,,,,,,,,,,,,,,,,,,,,,,,,,,,,,,,,,,,,,,,,,,,,,,,,,,
ECON 705,FFree,FFree,FFree,FFree,FFree,FFree,FFree,FFree,FFree,FFree,FFree,FFree,FFree,FFree,FFree,FFree,FFree,FFree,FFree,FFree,FFree,AArea,AArea,AArea,AArea,AArea,AArea,,,,,,,,,,,,,,,,,,,,,,,,,,,,,,,,,,,,,,,,,,,,,,,,,,,,,,,
ECON 706,FFree,FFree,FFree,FFree,FFree,FFree,FFree,FFree,FFree,FFree,FFree,FFree,FFree,FFree,FFree,FFree,FFree,FFree,FFree,FFree,FFree,AArea,AArea,AArea,AArea,AArea,AArea,,,,,,,,,,,,,,,,,,,,,,,,,,,,,,,,,,,,,,,,,,,,,,,,,,,,,,,
ECON 711,FFree,FFree,FFree,FFree,FFree,FFree,FFree,FFree,FFree,FFree,FFree,FFree,FFree,FFree,FFree,FFree,FFree,FFree,FFree,FFree,FFree,AArea,AArea,AArea,AArea,AArea,AArea,,,,,,,,,,,,,,,,,,,,,,,,,,,,,,,,,,,,,,,,,,,,,,,,,,,,,,,
ECON 712,FFree,FFree,FFree,FFree,FFree,FFree,FFree,FFree,FFree,FFree,FFree,FFree,FFree,FFree,FFree,FFree,FFree,FFree,FFree,,,,,,,,,,,,,,,,,,,,,,,,,,,,,,,,,,,,,,,,,,,,,,,,,,,,,,,,,,,,,,,
ECON 731,FFree,FFree,FFree,FFree,FFree,FFree,FFree,FFree,FFree,FFree,FFree,FFree,FFree,FFree,FFree,FFree,FFree,FFree,FFree,FFree,FFree,AArea,AArea,AArea,AArea,AArea,AArea,,,,,,,,,,,,,,,,,,,,,,,,,,,,,,,,,,,,,,,,,,,,,,,,,,,,,,,
ECON 756,FFree,FFree,FFree,FFree,FFree,FFree,FFree,FFree,FFree,FFree,FFree,FFree,FFree,FFree,FFree,FFree,FFree,FFree,FFree,FFree,FFree,AArea,AArea,AArea,AArea,,,,,,,,,,,,,,,,,,,,,,,,,,,,,,,,,,,,,,,,,,,,,,,,,,,,,,,,,
EE 516,FFree,FFree,FFree,FFree,FFree,FFree,FFree,FFree,FFree,FFree,FFree,FFree,FFree,FFree,FFree,FFree,FFree,FFree,FFree,FFree,FFree,AArea,AArea,AArea,AArea,AArea,AArea,,,,,,,,,,,,,,,,,,,,,,,,,,,,,,,,,,,,,,,,,,,,,,,,,,,,,,,
EE 518,FFree,FFree,FFree,FFree,FFree,FFree,FFree,FFree,FFree,FFree,FFree,FFree,FFree,FFree,FFree,FFree,FFree,FFree,FFree,FFree,FFree,AArea,AArea,AArea,AArea,AArea,AArea,,,,,,,,,,,,,,,,,,,,,,,,,,,,,,,,,,,,,,,,,,,,,,,,,,,,,,,
EE 520,FFree,FFree,FFree,FFree,FFree,FFree,FFree,FFree,FFree,FFree,FFree,FFree,FFree,FFree,FFree,FFree,FFree,FFree,FFree,FFree,FFree,AArea,AArea,AArea,AArea,AArea,AArea,,,,,,,,,,,,,,,,,,,,,,,,,,,,,,,,,,,,,,,,,,,,,,,,,,,,,,,
EE 521,FFree,FFree,FFree,FFree,FFree,FFree,FFree,FFree,FFree,FFree,FFree,FFree,FFree,FFree,FFree,FFree,FFree,FFree,FFree,FFree,FFree,AArea,AArea,AArea,AArea,AArea,AArea,,,,,,,,,,,,,,,,,,,,,,,,,,,,,,,,,,,,,,,,,,,,,,,,,,,,,,,
EE 522,FFree,FFree,FFree,FFree,FFree,FFree,FFree,FFree,FFree,FFree,FFree,FFree,FFree,FFree,FFree,FFree,FFree,FFree,FFree,FFree,FFree,AArea,AArea,AArea,AArea,AArea,AArea,,,,,,,,,,,,,,,,,,,,,,,,,,,,,,,,,,,,,,,,,,,,,,,,,,,,,,,
EE 523,FFree,FFree,FFree,FFree,FFree,FFree,FFree,FFree,FFree,FFree,FFree,FFree,FFree,FFree,FFree,FFree,FFree,FFree,FFree,FFree,FFree,AArea,AArea,AArea,AArea,AArea,AArea,,,,,,,,,,,,,,,,,,,,,,,,,,,,,,,,,,,,,,,,,,,,,,,,,,,,,,,
EE 524,FFree,FFree,FFree,FFree,FFree,FFree,FFree,FFree,FFree,FFree,FFree,FFree,FFree,FFree,FFree,FFree,FFree,FFree,FFree,FFree,FFree,AArea,AArea,AArea,AArea,AArea,AArea,,,,,,,,,,,,,,,,,,,,,,,,,,,,,,,,,,,,,,,,,,,,,,,,,,,,,,,
EE 525,FFree,FFree,FFree,FFree,FFree,FFree,FFree,FFree,FFree,FFree,FFree,FFree,FFree,FFree,FFree,FFree,FFree,FFree,FFree,FFree,FFree,AArea,AArea,AArea,AArea,AArea,AArea,,,,,,,,,,,,,,,,,,,,,,,,,,,,,,,,,,,,,,,,,,,,,,,,,,,,,,,
EE 526,FFree,FFree,FFree,FFree,FFree,FFree,FFree,FFree,FFree,FFree,FFree,FFree,FFree,FFree,FFree,FFree,,,,,,,,,,,,,,,,,,,,,,,,,,,,,,,,,,,,,,,,,,,,,,,,,,,,,,,,,,,,,,,,,,
EE 527,FFree,FFree,FFree,FFree,FFree,FFree,FFree,FFree,FFree,FFree,FFree,FFree,FFree,FFree,FFree,FFree,FFree,FFree,FFree,FFree,FFree,AArea,AArea,AArea,AArea,AArea,AArea,,,,,,,,,,,,,,,,,,,,,,,,,,,,,,,,,,,,,,,,,,,,,,,,,,,,,,,
EE 528,FFree,FFree,FFree,FFree,FFree,FFree,FFree,FFree,FFree,FFree,FFree,FFree,FFree,FFree,FFree,FFree,FFree,FFree,FFree,FFree,FFree,AArea,AArea,AArea,AArea,AArea,AArea,,,,,,,,,,,,,,,,,,,,,,,,,,,,,,,,,,,,,,,,,,,,,,,,,,,,,,,
EE 529,FFree,FFree,FFree,FFree,FFree,FFree,FFree,FFree,FFree,FFree,FFree,FFree,FFree,FFree,FFree,FFree,FFree,FFree,FFree,FFree,FFree,AArea,AArea,AArea,AArea,AArea,AArea,,,,,,,,,,,,,,,,,,,,,,,,,,,,,,,,,,,,,,,,,,,,,,,,,,,,,,,
EE 530,FFree,FFree,FFree,FFree,FFree,FFree,FFree,FFree,FFree,FFree,FFree,FFree,FFree,FFree,FFree,FFree,FFree,FFree,FFree,FFree,FFree,AArea,AArea,AArea,AArea,AArea,AArea,,,,,,,,,,,,,,,,,,,,,,,,,,,,,,,,,,,,,,,,,,,,,,,,,,,,,,,
EE 531,FFree,FFree,FFree,FFree,FFree,FFree,FFree,FFree,FFree,FFree,FFree,FFree,FFree,FFree,FFree,FFree,FFree,FFree,FFree,FFree,FFree,AArea,AArea,AArea,AArea,AArea,AArea,,,,,,,,,,,,,,,,,,,,,,,,,,,,,,,,,,,,,,,,,,,,,,,,,,,,,,,
EE 532,FFree,FFree,FFree,FFree,FFree,FFree,FFree,FFree,FFree,FFree,FFree,FFree,FFree,FFree,FFree,FFree,FFree,FFree,FFree,FFree,FFree,AArea,AArea,AArea,AArea,AArea,AArea,,,,,,,,,,,,,,,,,,,,,,,,,,,,,,,,,,,,,,,,,,,,,,,,,,,,,,,
EE 533,FFree,FFree,FFree,FFree,FFree,FFree,FFree,FFree,FFree,FFree,FFree,FFree,FFree,FFree,FFree,FFree,FFree,FFree,FFree,FFree,FFree,AArea,AArea,AArea,AArea,AArea,AArea,,,,,,,,,,,,,,,,,,,,,,,,,,,,,,,,,,,,,,,,,,,,,,,,,,,,,,,
EE 534,FFree,FFree,FFree,FFree,FFree,FFree,FFree,FFree,FFree,FFree,FFree,FFree,FFree,FFree,FFree,FFree,FFree,FFree,FFree,FFree,FFree,AArea,AArea,AArea,AArea,AArea,AArea,,,,,,,,,,,,,,,,,,,,,,,,,,,,,,,,,,,,,,,,,,,,,,,,,,,,,,,
EE 535,FFree,FFree,FFree,FFree,FFree,FFree,FFree,FFree,FFree,FFree,FFree,FFree,FFree,FFree,FFree,FFree,FFree,FFree,FFree,FFree,FFree,AArea,AArea,AArea,AArea,AArea,AArea,,,,,,,,,,,,,,,,,,,,,,,,,,,,,,,,,,,,,,,,,,,,,,,,,,,,,,,
EE 536,FFree,FFree,FFree,FFree,FFree,FFree,FFree,FFree,FFree,FFree,FFree,FFree,FFree,FFree,FFree,FFree,FFree,FFree,FFree,FFree,FFree,AArea,AArea,AArea,AArea,AArea,AArea,,,,,,,,,,,,,,,,,,,,,,,,,,,,,,,,,,,,,,,,,,,,,,,,,,,,,,,
EE 537,FFree,FFree,FFree,FFree,FFree,FFree,FFree,FFree,FFree,FFree,FFree,FFree,FFree,FFree,FFree,FFree,FFree,FFree,FFree,FFree,FFree,AArea,AArea,AArea,AArea,AArea,AArea,,,,,,,,,,,,,,,,,,,,,,,,,,,,,,,,,,,,,,,,,,,,,,,,,,,,,,,
EE 539,FFree,FFree,FFree,FFree,FFree,FFree,FFree,FFree,FFree,FFree,FFree,FFree,FFree,FFree,FFree,FFree,FFree,FFree,FFree,FFree,FFree,AArea,AArea,AArea,AArea,AArea,AArea,,,,,,,,,,,,,,,,,,,,,,,,,,,,,,,,,,,,,,,,,,,,,,,,,,,,,,,
EE 540,FFree,FFree,FFree,FFree,FFree,FFree,FFree,FFree,FFree,FFree,FFree,FFree,FFree,FFree,FFree,FFree,FFree,FFree,FFree,FFree,FFree,AArea,AArea,AArea,AArea,AArea,AArea,,,,,,,,,,,,,,,,,,,,,,,,,,,,,,,,,,,,,,,,,,,,,,,,,,,,,,,
EE 541,FFree,FFree,FFree,FFree,FFree,FFree,FFree,FFree,FFree,FFree,FFree,FFree,FFree,FFree,FFree,FFree,FFree,FFree,FFree,FFree,FFree,AArea,AArea,AArea,AArea,AArea,AArea,,,,,,,,,,,,,,,,,,,,,,,,,,,,,,,,,,,,,,,,,,,,,,,,,,,,,,,
EE 542,FFree,FFree,FFree,FFree,FFree,FFree,FFree,FFree,FFree,FFree,FFree,FFree,FFree,FFree,FFree,FFree,FFree,FFree,FFree,FFree,FFree,AArea,AArea,AArea,AArea,AArea,AArea,,,,,,,,,,,,,,,,,,,,,,,,,,,,,,,,,,,,,,,,,,,,,,,,,,,,,,,
EE 544,FFree,FFree,FFree,FFree,FFree,FFree,FFree,FFree,FFree,FFree,FFree,FFree,FFree,FFree,FFree,FFree,FFree,FFree,FFree,FFree,FFree,AArea,AArea,AArea,AArea,AArea,AArea,,,,,,,,,,,,,,,,,,,,,,,,,,,,,,,,,,,,,,,,,,,,,,,,,,,,,,,
EE 550,FFree,FFree,FFree,FFree,FFree,FFree,FFree,FFree,FFree,FFree,FFree,FFree,FFree,FFree,FFree,FFree,FFree,FFree,FFree,FFree,FFree,AArea,AArea,AArea,AArea,AArea,AArea,,,,,,,,,,,,,,,,,,,,,,,,,,,,,,,,,,,,,,,,,,,,,,,,,,,,,,,
EE 553,FFree,FFree,FFree,FFree,FFree,FFree,FFree,FFree,FFree,FFree,FFree,FFree,FFree,FFree,FFree,FFree,FFree,FFree,FFree,FFree,FFree,AArea,AArea,AArea,AArea,AArea,AArea,,,,,,,,,,,,,,,,,,,,,,,,,,,,,,,,,,,,,,,,,,,,,,,,,,,,,,,
EE 554,FFree,FFree,FFree,FFree,FFree,FFree,FFree,FFree,FFree,FFree,FFree,FFree,FFree,FFree,FFree,FFree,FFree,FFree,FFree,FFree,FFree,AArea,AArea,AArea,AArea,AArea,AArea,,,,,,,,,,,,,,,,,,,,,,,,,,,,,,,,,,,,,,,,,,,,,,,,,,,,,,,
EE 555,FFree,FFree,FFree,FFree,FFree,FFree,FFree,FFree,FFree,FFree,FFree,FFree,FFree,FFree,FFree,FFree,FFree,FFree,FFree,FFree,FFree,AArea,AArea,AArea,AArea,AArea,AArea,,,,,,,,,,,,,,,,,,,,,,,,,,,,,,,,,,,,,,,,,,,,,,,,,,,,,,,
EE 556,FFree,FFree,FFree,FFree,FFree,FFree,FFree,FFree,FFree,FFree,FFree,FFree,FFree,FFree,FFree,FFree,FFree,FFree,FFree,FFree,FFree,AArea,AArea,AArea,AArea,AArea,AArea,,,,,,,,,,,,,,,,,,,,,,,,,,,,,,,,,,,,,,,,,,,,,,,,,,,,,,,
EE 557,FFree,FFree,FFree,FFree,FFree,FFree,FFree,FFree,FFree,FFree,FFree,FFree,FFree,FFree,FFree,FFree,FFree,FFree,FFree,FFree,FFree,AArea,AArea,AArea,AArea,AArea,AArea,,,,,,,,,,,,,,,,,,,,,,,,,,,,,,,,,,,,,,,,,,,,,,,,,,,,,,,
EE 560,FFree,FFree,FFree,FFree,FFree,FFree,FFree,FFree,FFree,FFree,FFree,FFree,FFree,FFree,FFree,FFree,FFree,FFree,FFree,FFree,FFree,AArea,AArea,AArea,AArea,AArea,AArea,,,,,,,,,,,,,,,,,,,,,,,,,,,,,,,,,,,,,,,,,,,,,,,,,,,,,,,
EE 561,FFree,FFree,FFree,FFree,FFree,FFree,FFree,FFree,FFree,FFree,FFree,FFree,FFree,FFree,FFree,FFree,FFree,FFree,FFree,FFree,FFree,AArea,AArea,AArea,AArea,AArea,AArea,,,,,,,,,,,,,,,,,,,,,,,,,,,,,,,,,,,,,,,,,,,,,,,,,,,,,,,
EE 562,FFree,FFree,FFree,FFree,FFree,FFree,FFree,FFree,FFree,FFree,FFree,FFree,FFree,FFree,FFree,FFree,FFree,FFree,FFree,FFree,FFree,AArea,AArea,AArea,AArea,AArea,AArea,,,,,,,,,,,,,,,,,,,,,,,,,,,,,,,,,,,,,,,,,,,,,,,,,,,,,,,
EE 563,FFree,FFree,FFree,FFree,FFree,FFree,FFree,FFree,FFree,FFree,FFree,FFree,FFree,FFree,FFree,FFree,FFree,FFree,FFree,FFree,FFree,AArea,AArea,AArea,AArea,AArea,AArea,,,,,,,,,,,,,,,,,,,,,,,,,,,,,,,,,,,,,,,,,,,,,,,,,,,,,,,
EE 565,FFree,FFree,FFree,FFree,FFree,FFree,FFree,FFree,FFree,FFree,FFree,FFree,FFree,FFree,FFree,FFree,FFree,FFree,FFree,FFree,FFree,AArea,AArea,AArea,AArea,AArea,AArea,,,,,,,,,,,,,,,,,,,,,,,,,,,,,,,,,,,,,,,,,,,,,,,,,,,,,,,
EE 566,FFree,FFree,FFree,FFree,FFree,FFree,FFree,FFree,FFree,FFree,FFree,FFree,FFree,FFree,FFree,FFree,FFree,FFree,FFree,FFree,FFree,AArea,AArea,AArea,AArea,AArea,AArea,,,,,,,,,,,,,,,,,,,,,,,,,,,,,,,,,,,,,,,,,,,,,,,,,,,,,,,
EE 567,FFree,FFree,FFree,FFree,FFree,FFree,FFree,FFree,FFree,FFree,FFree,FFree,FFree,FFree,FFree,FFree,FFree,FFree,FFree,FFree,FFree,AArea,AArea,AArea,AArea,AArea,AArea,,,,,,,,,,,,,,,,,,,,,,,,,,,,,,,,,,,,,,,,,,,,,,,,,,,,,,,
EE 568,FFree,FFree,FFree,FFree,FFree,FFree,FFree,FFree,FFree,FFree,FFree,FFree,FFree,FFree,FFree,FFree,FFree,FFree,FFree,FFree,FFree,AArea,AArea,AArea,AArea,AArea,AArea,,,,,,,,,,,,,,,,,,,,,,,,,,,,,,,,,,,,,,,,,,,,,,,,,,,,,,,
EE 569,FFree,FFree,FFree,FFree,FFree,FFree,FFree,FFree,FFree,FFree,FFree,FFree,FFree,FFree,FFree,FFree,FFree,FFree,FFree,FFree,FFree,AArea,AArea,AArea,AArea,AArea,AArea,,,,,,,,,,,,,,,,,,,,,,,,,,,,,,,,,,,,,,,,,,,,,,,,,,,,,,,
EE 571,FFree,FFree,FFree,FFree,FFree,FFree,FFree,FFree,FFree,FFree,FFree,FFree,FFree,FFree,FFree,FFree,FFree,FFree,FFree,FFree,FFree,AArea,AArea,AArea,AArea,AArea,AArea,,,,,,,,,,,,,,,,,,,,,,,,,,,,,,,,,,,,,,,,,,,,,,,,,,,,,,,
EE 572,FFree,FFree,FFree,FFree,FFree,FFree,FFree,FFree,FFree,FFree,FFree,FFree,FFree,FFree,FFree,FFree,FFree,FFree,FFree,FFree,FFree,AArea,AArea,AArea,AArea,AArea,AArea,,,,,,,,,,,,,,,,,,,,,,,,,,,,,,,,,,,,,,,,,,,,,,,,,,,,,,,
EE 573,FFree,FFree,FFree,FFree,FFree,FFree,FFree,FFree,FFree,FFree,FFree,FFree,FFree,FFree,FFree,FFree,FFree,FFree,FFree,FFree,FFree,AArea,AArea,AArea,AArea,AArea,AArea,,,,,,,,,,,,,,,,,,,,,,,,,,,,,,,,,,,,,,,,,,,,,,,,,,,,,,,
EE 575,FFree,FFree,FFree,FFree,FFree,FFree,FFree,FFree,FFree,FFree,FFree,FFree,FFree,FFree,FFree,FFree,FFree,FFree,FFree,FFree,FFree,AArea,AArea,AArea,AArea,AArea,AArea,,,,,,,,,,,,,,,,,,,,,,,,,,,,,,,,,,,,,,,,,,,,,,,,,,,,,,,
EE 580,FFree,FFree,FFree,FFree,FFree,FFree,FFree,FFree,FFree,FFree,FFree,FFree,FFree,FFree,FFree,FFree,FFree,FFree,FFree,FFree,FFree,AArea,AArea,AArea,AArea,AArea,AArea,,,,,,,,,,,,,,,,,,,,,,,,,,,,,,,,,,,,,,,,,,,,,,,,,,,,,,,
EE 58000,FFree,FFree,FFree,FFree,FFree,FFree,FFree,FFree,FFree,FFree,FFree,FFree,FFree,FFree,FFree,FFree,FFree,FFree,FFree,FFree,FFree,AArea,AArea,AArea,AArea,AArea,AArea,,,,,,,,,,,,,,,,,,,,,,,,,,,,,,,,,,,,,,,,,,,,,,,,,,,,,,,
EE 58001,FFree,FFree,FFree,FFree,FFree,FFree,FFree,FFree,FFree,FFree,FFree,FFree,FFree,FFree,FFree,FFree,FFree,FFree,FFree,FFree,FFree,AArea,AArea,AArea,AArea,AArea,AArea,,,,,,,,,,,,,,,,,,,,,,,,,,,,,,,,,,,,,,,,,,,,,,,,,,,,,,,
EE 58002,FFree,FFree,FFree,FFree,FFree,FFree,FFree,FFree,FFree,FFree,FFree,FFree,FFree,FFree,FFree,FFree,FFree,FFree,FFree,FFree,FFree,AArea,AArea,AArea,AArea,AArea,AArea,,,,,,,,,,,,,,,,,,,,,,,,,,,,,,,,,,,,,,,,,,,,,,,,,,,,,,,
EE 58003,FFree,FFree,FFree,FFree,FFree,FFree,FFree,FFree,FFree,FFree,FFree,FFree,FFree,FFree,FFree,FFree,FFree,FFree,FFree,FFree,FFree,AArea,AArea,AArea,AArea,AArea,AArea,,,,,,,,,,,,,,,,,,,,,,,,,,,,,,,,,,,,,,,,,,,,,,,,,,,,,,,
EE 58004,FFree,FFree,FFree,FFree,FFree,FFree,FFree,FFree,FFree,FFree,FFree,FFree,FFree,FFree,FFree,FFree,FFree,FFree,FFree,FFree,FFree,AArea,AArea,AArea,AArea,AArea,AArea,,,,,,,,,,,,,,,,,,,,,,,,,,,,,,,,,,,,,,,,,,,,,,,,,,,,,,,
EE 58005,FFree,FFree,FFree,FFree,FFree,FFree,FFree,FFree,FFree,FFree,FFree,FFree,FFree,FFree,FFree,FFree,FFree,FFree,FFree,FFree,FFree,AArea,AArea,AArea,AArea,AArea,AArea,,,,,,,,,,,,,,,,,,,,,,,,,,,,,,,,,,,,,,,,,,,,,,,,,,,,,,,
EE 58006,FFree,FFree,FFree,FFree,FFree,FFree,FFree,FFree,FFree,FFree,FFree,FFree,FFree,FFree,FFree,FFree,FFree,FFree,FFree,FFree,FFree,AArea,AArea,AArea,AArea,AArea,AArea,,,,,,,,,,,,,,,,,,,,,,,,,,,,,,,,,,,,,,,,,,,,,,,,,,,,,,,
EE 58008,FFree,FFree,FFree,FFree,FFree,FFree,FFree,FFree,FFree,FFree,FFree,FFree,FFree,FFree,FFree,FFree,FFree,FFree,FFree,FFree,FFree,AArea,AArea,AArea,AArea,AArea,AArea,,,,,,,,,,,,,,,,,,,,,,,,,,,,,,,,,,,,,,,,,,,,,,,,,,,,,,,
EE 58009,FFree,FFree,FFree,FFree,FFree,FFree,FFree,FFree,FFree,FFree,FFree,FFree,FFree,FFree,FFree,FFree,FFree,FFree,FFree,FFree,FFree,AArea,AArea,AArea,AArea,AArea,AArea,,,,,,,,,,,,,,,,,,,,,,,,,,,,,,,,,,,,,,,,,,,,,,,,,,,,,,,
EE 58010,FFree,FFree,FFree,FFree,FFree,FFree,FFree,FFree,FFree,FFree,FFree,FFree,FFree,FFree,FFree,FFree,FFree,FFree,FFree,FFree,FFree,AArea,AArea,AArea,AArea,AArea,AArea,,,,,,,,,,,,,,,,,,,,,,,,,,,,,,,,,,,,,,,,,,,,,,,,,,,,,,,
EE 58011,FFree,FFree,FFree,FFree,FFree,FFree,FFree,FFree,FFree,FFree,FFree,FFree,FFree,FFree,FFree,FFree,FFree,FFree,FFree,FFree,FFree,AArea,AArea,AArea,AArea,AArea,AArea,,,,,,,,,,,,,,,,,,,,,,,,,,,,,,,,,,,,,,,,,,,,,,,,,,,,,,,
EE 5807,FFree,FFree,FFree,FFree,FFree,FFree,FFree,FFree,FFree,FFree,FFree,FFree,FFree,FFree,FFree,FFree,FFree,FFree,FFree,FFree,FFree,AArea,AArea,AArea,AArea,AArea,AArea,,,,,,,,,,,,,,,,,,,,,,,,,,,,,,,,,,,,,,,,,,,,,,,,,,,,,,,
EE 581,FFree,FFree,FFree,FFree,FFree,FFree,FFree,FFree,FFree,FFree,FFree,FFree,FFree,FFree,FFree,FFree,FFree,FFree,FFree,FFree,FFree,AArea,AArea,AArea,AArea,AArea,AArea,,,,,,,,,,,,,,,,,,,,,,,,,,,,,,,,,,,,,,,,,,,,,,,,,,,,,,,
EE 582,FFree,FFree,FFree,FFree,FFree,FFree,FFree,FFree,FFree,FFree,FFree,FFree,FFree,FFree,FFree,FFree,FFree,FFree,FFree,FFree,FFree,AArea,AArea,AArea,AArea,AArea,AArea,,,,,,,,,,,,,,,,,,,,,,,,,,,,,,,,,,,,,,,,,,,,,,,,,,,,,,,
EE 583,FFree,FFree,FFree,FFree,FFree,FFree,FFree,FFree,FFree,FFree,FFree,FFree,FFree,FFree,FFree,FFree,FFree,FFree,FFree,FFree,FFree,AArea,AArea,AArea,AArea,AArea,AArea,,,,,,,,,,,,,,,,,,,,,,,,,,,,,,,,,,,,,,,,,,,,,,,,,,,,,,,
EE 584,FFree,FFree,FFree,FFree,FFree,FFree,FFree,FFree,FFree,FFree,FFree,FFree,FFree,FFree,FFree,FFree,FFree,FFree,FFree,FFree,FFree,AArea,AArea,AArea,AArea,AArea,AArea,,,,,,,,,,,,,,,,,,,,,,,,,,,,,,,,,,,,,,,,,,,,,,,,,,,,,,,
EE 585,FFree,FFree,FFree,FFree,FFree,FFree,FFree,FFree,FFree,FFree,FFree,FFree,FFree,FFree,FFree,FFree,FFree,FFree,FFree,FFree,FFree,AArea,AArea,AArea,AArea,AArea,AArea,,,,,,,,,,,,,,,,,,,,,,,,,,,,,,,,,,,,,,,,,,,,,,,,,,,,,,,
EE 606,FFree,FFree,FFree,FFree,FFree,FFree,FFree,FFree,FFree,FFree,FFree,FFree,FFree,FFree,FFree,FFree,FFree,FFree,FFree,FFree,FFree,AArea,AArea,AArea,AArea,AArea,AArea,,,,,,,,,,,,,,,,,,,,,,,,,,,,,,,,,,,,,,,,,,,,,,,,,,,,,,,
EE 620,FFree,FFree,FFree,FFree,FFree,FFree,FFree,FFree,FFree,FFree,FFree,FFree,FFree,FFree,FFree,FFree,FFree,FFree,FFree,FFree,FFree,AArea,AArea,AArea,AArea,AArea,AArea,,,,,,,,,,,,,,,,,,,,,,,,,,,,,,,,,,,,,,,,,,,,,,,,,,,,,,,
EE 621,FFree,FFree,FFree,FFree,FFree,FFree,FFree,FFree,FFree,FFree,FFree,FFree,FFree,FFree,FFree,FFree,FFree,FFree,FFree,FFree,FFree,AArea,AArea,AArea,AArea,AArea,AArea,,,,,,,,,,,,,,,,,,,,,,,,,,,,,,,,,,,,,,,,,,,,,,,,,,,,,,,
EE 622,FFree,FFree,FFree,FFree,FFree,FFree,FFree,FFree,FFree,FFree,FFree,FFree,FFree,FFree,FFree,FFree,FFree,FFree,FFree,FFree,FFree,AArea,AArea,AArea,AArea,AArea,AArea,,,,,,,,,,,,,,,,,,,,,,,,,,,,,,,,,,,,,,,,,,,,,,,,,,,,,,,
EE 623,FFree,FFree,FFree,FFree,FFree,FFree,FFree,FFree,FFree,FFree,FFree,FFree,FFree,FFree,FFree,FFree,FFree,FFree,FFree,FFree,FFree,AArea,AArea,AArea,AArea,AArea,AArea,,,,,,,,,,,,,,,,,,,,,,,,,,,,,,,,,,,,,,,,,,,,,,,,,,,,,,,
EE 624,FFree,FFree,FFree,FFree,FFree,FFree,FFree,FFree,FFree,FFree,FFree,FFree,FFree,FFree,FFree,FFree,FFree,FFree,FFree,FFree,FFree,AArea,AArea,AArea,AArea,AArea,AArea,,,,,,,,,,,,,,,,,,,,,,,,,,,,,,,,,,,,,,,,,,,,,,,,,,,,,,,
EE 625,FFree,FFree,FFree,FFree,FFree,FFree,FFree,FFree,FFree,FFree,FFree,FFree,FFree,FFree,FFree,FFree,FFree,FFree,FFree,FFree,FFree,AArea,AArea,AArea,AArea,AArea,AArea,,,,,,,,,,,,,,,,,,,,,,,,,,,,,,,,,,,,,,,,,,,,,,,,,,,,,,,
EE 626,FFree,FFree,FFree,FFree,FFree,FFree,FFree,FFree,FFree,FFree,FFree,FFree,FFree,FFree,FFree,FFree,FFree,FFree,FFree,FFree,FFree,AArea,AArea,AArea,AArea,AArea,AArea,,,,,,,,,,,,,,,,,,,,,,,,,,,,,,,,,,,,,,,,,,,,,,,,,,,,,,,
EE 627,FFree,FFree,FFree,FFree,FFree,FFree,FFree,FFree,FFree,FFree,FFree,FFree,FFree,FFree,FFree,FFree,FFree,FFree,FFree,FFree,FFree,AArea,AArea,AArea,AArea,AArea,AArea,,,,,,,,,,,,,,,,,,,,,,,,,,,,,,,,,,,,,,,,,,,,,,,,,,,,,,,
EE 628,FFree,FFree,FFree,FFree,FFree,FFree,FFree,FFree,FFree,FFree,FFree,FFree,FFree,FFree,FFree,FFree,FFree,FFree,FFree,FFree,FFree,AArea,AArea,AArea,AArea,AArea,AArea,,,,,,,,,,,,,,,,,,,,,,,,,,,,,,,,,,,,,,,,,,,,,,,,,,,,,,,
EE 629,FFree,FFree,FFree,FFree,FFree,FFree,FFree,FFree,FFree,FFree,FFree,FFree,FFree,FFree,FFree,FFree,FFree,FFree,FFree,FFree,FFree,AArea,AArea,AArea,AArea,AArea,AArea,,,,,,,,,,,,,,,,,,,,,,,,,,,,,,,,,,,,,,,,,,,,,,,,,,,,,,,
EE 630,FFree,FFree,FFree,FFree,FFree,FFree,FFree,FFree,FFree,FFree,FFree,FFree,FFree,FFree,FFree,FFree,FFree,FFree,FFree,FFree,FFree,AArea,AArea,AArea,AArea,AArea,AArea,,,,,,,,,,,,,,,,,,,,,,,,,,,,,,,,,,,,,,,,,,,,,,,,,,,,,,,
EE 631,FFree,FFree,FFree,FFree,FFree,FFree,FFree,FFree,FFree,FFree,FFree,FFree,FFree,FFree,FFree,FFree,FFree,FFree,FFree,FFree,FFree,AArea,AArea,AArea,AArea,AArea,AArea,,,,,,,,,,,,,,,,,,,,,,,,,,,,,,,,,,,,,,,,,,,,,,,,,,,,,,,
EE 632,FFree,FFree,FFree,FFree,FFree,FFree,FFree,FFree,FFree,FFree,FFree,FFree,FFree,FFree,FFree,FFree,FFree,FFree,FFree,FFree,FFree,AArea,AArea,AArea,AArea,AArea,AArea,,,,,,,,,,,,,,,,,,,,,,,,,,,,,,,,,,,,,,,,,,,,,,,,,,,,,,,
EE 633,FFree,FFree,FFree,FFree,FFree,FFree,FFree,FFree,FFree,FFree,FFree,FFree,FFree,FFree,FFree,FFree,FFree,FFree,FFree,FFree,FFree,AArea,AArea,AArea,AArea,AArea,AArea,,,,,,,,,,,,,,,,,,,,,,,,,,,,,,,,,,,,,,,,,,,,,,,,,,,,,,,
EE 634,FFree,FFree,FFree,FFree,FFree,FFree,FFree,FFree,FFree,FFree,FFree,FFree,FFree,FFree,FFree,FFree,FFree,FFree,FFree,FFree,FFree,AArea,AArea,AArea,AArea,AArea,AArea,,,,,,,,,,,,,,,,,,,,,,,,,,,,,,,,,,,,,,,,,,,,,,,,,,,,,,,
EE 635,FFree,FFree,FFree,FFree,FFree,FFree,FFree,FFree,FFree,FFree,FFree,FFree,FFree,FFree,FFree,FFree,FFree,FFree,FFree,FFree,FFree,AArea,AArea,AArea,AArea,AArea,AArea,,,,,,,,,,,,,,,,,,,,,,,,,,,,,,,,,,,,,,,,,,,,,,,,,,,,,,,
EE 636,FFree,FFree,FFree,FFree,FFree,FFree,FFree,FFree,FFree,FFree,FFree,FFree,FFree,FFree,FFree,FFree,FFree,FFree,FFree,FFree,FFree,AArea,AArea,AArea,AArea,AArea,AArea,,,,,,,,,,,,,,,,,,,,,,,,,,,,,,,,,,,,,,,,,,,,,,,,,,,,,,,
EE 637,FFree,FFree,FFree,FFree,FFree,FFree,FFree,FFree,FFree,FFree,FFree,FFree,FFree,FFree,FFree,FFree,FFree,FFree,FFree,FFree,FFree,AArea,AArea,AArea,AArea,AArea,AArea,,,,,,,,,,,,,,,,,,,,,,,,,,,,,,,,,,,,,,,,,,,,,,,,,,,,,,,
EE 638,FFree,FFree,FFree,FFree,FFree,FFree,FFree,FFree,FFree,FFree,FFree,FFree,FFree,FFree,FFree,FFree,FFree,FFree,FFree,FFree,FFree,AArea,AArea,AArea,AArea,AArea,AArea,,,,,,,,,,,,,,,,,,,,,,,,,,,,,,,,,,,,,,,,,,,,,,,,,,,,,,,
EE 639,FFree,FFree,FFree,FFree,FFree,FFree,FFree,FFree,FFree,FFree,FFree,FFree,FFree,FFree,FFree,FFree,FFree,FFree,FFree,FFree,FFree,AArea,AArea,AArea,AArea,AArea,AArea,,,,,,,,,,,,,,,,,,,,,,,,,,,,,,,,,,,,,,,,,,,,,,,,,,,,,,,
EE 651,FFree,FFree,FFree,FFree,FFree,FFree,FFree,FFree,FFree,FFree,FFree,FFree,FFree,FFree,FFree,FFree,FFree,FFree,FFree,FFree,FFree,AArea,AArea,AArea,AArea,AArea,AArea,,,,,,,,,,,,,,,,,,,,,,,,,,,,,,,,,,,,,,,,,,,,,,,,,,,,,,,
EE 652,FFree,FFree,FFree,FFree,FFree,FFree,FFree,FFree,FFree,FFree,FFree,FFree,FFree,FFree,FFree,FFree,FFree,FFree,FFree,FFree,FFree,AArea,AArea,AArea,AArea,AArea,AArea,,,,,,,,,,,,,,,,,,,,,,,,,,,,,,,,,,,,,,,,,,,,,,,,,,,,,,,
EE 653,FFree,FFree,FFree,FFree,FFree,FFree,FFree,FFree,FFree,FFree,FFree,FFree,FFree,FFree,FFree,FFree,FFree,FFree,FFree,FFree,FFree,AArea,AArea,AArea,AArea,AArea,AArea,,,,,,,,,,,,,,,,,,,,,,,,,,,,,,,,,,,,,,,,,,,,,,,,,,,,,,,
EE 654,FFree,FFree,FFree,FFree,FFree,FFree,FFree,FFree,FFree,FFree,FFree,FFree,FFree,FFree,FFree,FFree,FFree,FFree,FFree,FFree,FFree,AArea,AArea,AArea,AArea,AArea,AArea,,,,,,,,,,,,,,,,,,,,,,,,,,,,,,,,,,,,,,,,,,,,,,,,,,,,,,,
EE 661,FFree,FFree,FFree,FFree,FFree,FFree,FFree,FFree,FFree,FFree,FFree,FFree,FFree,FFree,FFree,FFree,FFree,FFree,FFree,FFree,FFree,AArea,AArea,AArea,AArea,AArea,AArea,,,,,,,,,,,,,,,,,,,,,,,,,,,,,,,,,,,,,,,,,,,,,,,,,,,,,,,
EE 662,FFree,FFree,FFree,FFree,FFree,FFree,FFree,FFree,FFree,FFree,FFree,FFree,FFree,FFree,FFree,FFree,FFree,FFree,FFree,FFree,FFree,AArea,AArea,AArea,AArea,AArea,AArea,,,,,,,,,,,,,,,,,,,,,,,,,,,,,,,,,,,,,,,,,,,,,,,,,,,,,,,
EE 665,FFree,FFree,FFree,FFree,FFree,FFree,FFree,FFree,FFree,FFree,FFree,FFree,FFree,FFree,FFree,FFree,FFree,FFree,FFree,FFree,FFree,AArea,AArea,AArea,AArea,AArea,AArea,,,,,,,,,,,,,,,,,,,,,,,,,,,,,,,,,,,,,,,,,,,,,,,,,,,,,,,
EE 672,FFree,FFree,FFree,FFree,FFree,FFree,FFree,FFree,FFree,FFree,FFree,FFree,FFree,FFree,FFree,FFree,FFree,FFree,FFree,FFree,FFree,AArea,AArea,AArea,AArea,AArea,AArea,,,,,,,,,,,,,,,,,,,,,,,,,,,,,,,,,,,,,,,,,,,,,,,,,,,,,,,
EE 680,FFree,FFree,FFree,FFree,FFree,FFree,FFree,FFree,FFree,FFree,FFree,FFree,FFree,FFree,FFree,FFree,FFree,FFree,FFree,FFree,FFree,AArea,AArea,AArea,AArea,AArea,AArea,,,,,,,,,,,,,,,,,,,,,,,,,,,,,,,,,,,,,,,,,,,,,,,,,,,,,,,
EE 68000,FFree,FFree,FFree,FFree,FFree,FFree,FFree,FFree,FFree,FFree,FFree,FFree,FFree,FFree,FFree,FFree,FFree,FFree,FFree,FFree,FFree,AArea,AArea,AArea,AArea,AArea,AArea,,,,,,,,,,,,,,,,,,,,,,,,,,,,,,,,,,,,,,,,,,,,,,,,,,,,,,,
EE 681,FFree,FFree,FFree,FFree,FFree,FFree,FFree,FFree,FFree,FFree,FFree,FFree,FFree,FFree,FFree,FFree,FFree,FFree,FFree,FFree,FFree,AArea,AArea,AArea,AArea,AArea,AArea,,,,,,,,,,,,,,,,,,,,,,,,,,,,,,,,,,,,,,,,,,,,,,,,,,,,,,,
EE 682,FFree,FFree,FFree,FFree,FFree,FFree,FFree,FFree,FFree,FFree,FFree,FFree,FFree,FFree,FFree,FFree,FFree,FFree,FFree,FFree,FFree,AArea,AArea,AArea,AArea,AArea,AArea,,,,,,,,,,,,,,,,,,,,,,,,,,,,,,,,,,,,,,,,,,,,,,,,,,,,,,,
EE 683,FFree,FFree,FFree,FFree,FFree,FFree,FFree,FFree,FFree,FFree,FFree,FFree,FFree,FFree,FFree,FFree,FFree,FFree,FFree,FFree,FFree,AArea,AArea,AArea,AArea,AArea,AArea,,,,,,,,,,,,,,,,,,,,,,,,,,,,,,,,,,,,,,,,,,,,,,,,,,,,,,,
EE 684,FFree,FFree,FFree,FFree,FFree,FFree,FFree,FFree,FFree,FFree,FFree,FFree,FFree,FFree,FFree,FFree,FFree,FFree,FFree,FFree,FFree,AArea,AArea,AArea,AArea,AArea,AArea,,,,,,,,,,,,,,,,,,,,,,,,,,,,,,,,,,,,,,,,,,,,,,,,,,,,,,,
EE 685,FFree,FFree,FFree,FFree,FFree,FFree,FFree,FFree,FFree,FFree,FFree,FFree,FFree,FFree,FFree,FFree,FFree,FFree,FFree,FFree,FFree,AArea,AArea,AArea,AArea,AArea,AArea,,,,,,,,,,,,,,,,,,,,,,,,,,,,,,,,,,,,,,,,,,,,,,,,,,,,,,,
ENG 502,FFree,FFree,FFree,FFree,FFree,FFree,FFree,,,,,,,,,,,,,,,,,,,,,,,,,,,,,,,,,,,,,,,,,,,,,,,,,,,,,,,,,,,,,,,,,,,,,,,,,,,
ENRG 520,FFree,FFree,FFree,FFree,FFree,FFree,FFree,FFree,FFree,FFree,FFree,FFree,FFree,FFree,FFree,FFree,FFree,FFree,FFree,FFree,FFree,AArea,AArea,AArea,AArea,AArea,AArea,,,,,,,,,,,,,,,,,,,,,,,,,,,,,,,,,,,,,,,,,,,,,,,,,,,,,,,
ENRG 521,FFree,FFree,FFree,FFree,FFree,FFree,FFree,FFree,FFree,FFree,FFree,FFree,FFree,FFree,FFree,FFree,FFree,FFree,FFree,FFree,FFree,AArea,AArea,AArea,AArea,AArea,AArea,,,,,,,,,,,,,,,,,,,,,,,,,,,,,,,,,,,,,,,,,,,,,,,,,,,,,,,
ENRG 522,FFree,FFree,FFree,FFree,FFree,FFree,FFree,FFree,FFree,FFree,FFree,FFree,FFree,FFree,FFree,FFree,FFree,FFree,FFree,FFree,FFree,AArea,AArea,AArea,AArea,AArea,AArea,,,,,,,,,,,,,,,,,,,,,,,,,,,,,,,,,,,,,,,,,,,,,,,,,,,,,,,
ENRG 523,FFree,FFree,FFree,FFree,FFree,FFree,FFree,FFree,FFree,FFree,FFree,FFree,FFree,FFree,FFree,FFree,FFree,FFree,FFree,FFree,FFree,AArea,AArea,AArea,AArea,AArea,AArea,,,,,,,,,,,,,,,,,,,,,,,,,,,,,,,,,,,,,,,,,,,,,,,,,,,,,,,
ENRG 524,FFree,FFree,FFree,FFree,FFree,FFree,FFree,FFree,FFree,FFree,FFree,FFree,FFree,FFree,FFree,FFree,FFree,FFree,FFree,FFree,FFree,AArea,AArea,AArea,AArea,AArea,AArea,,,,,,,,,,,,,,,,,,,,,,,,,,,,,,,,,,,,,,,,,,,,,,,,,,,,,,,
ENRG 526,FFree,FFree,FFree,FFree,FFree,FFree,FFree,FFree,FFree,FFree,FFree,FFree,FFree,FFree,FFree,FFree,FFree,FFree,FFree,FFree,FFree,AArea,AArea,AArea,AArea,AArea,AArea,,,,,,,,,,,,,,,,,,,,,,,,,,,,,,,,,,,,,,,,,,,,,,,,,,,,,,,
ENS 502,FFree,FFree,FFree,FFree,FFree,FFree,FFree,FFree,FFree,FFree,FFree,FFree,FFree,FFree,FFree,FFree,FFree,FFree,FFree,FFree,FFree,AArea,AArea,AArea,AArea,AArea,AArea,,,,,,,,,,,,,,,,,,,,,,,,,,,,,,,,,,,,,,,,,,,,,,,,,,,,,,,
ENS 505,FFree,FFree,FFree,FFree,FFree,FFree,FFree,FFree,FFree,FFree,FFree,FFree,FFree,FFree,FFree,FFree,FFree,FFree,FFree,FFree,FFree,AArea,AArea,AArea,AArea,AArea,AArea,,,,,,,,,,,,,,,,,,,,,,,,,,,,,,,,,,,,,,,,,,,,,,,,,,,,,,,
ENS 509,FFree,FFree,FFree,FFree,FFree,FFree,FFree,FFree,FFree,FFree,FFree,FFree,FFree,FFree,FFree,FFree,FFree,FFree,FFree,FFree,FFree,AArea,AArea,AArea,AArea,AArea,AArea,,,,,,,,,,,,,,,,,,,,,,,,,,,,,,,,,,,,,,,,,,,,,,,,,,,,,,,
ENS 511,FFree,FFree,FFree,FFree,FFree,FFree,FFree,FFree,FFree,FFree,FFree,FFree,FFree,FFree,FFree,FFree,FFree,FFree,FFree,FFree,FFree,AArea,AArea,AArea,AArea,AArea,AArea,,,,,,,,,,,,,,,,,,,,,,,,,,,,,,,,,,,,,,,,,,,,,,,,,,,,,,,
ENS 512,FFree,FFree,FFree,FFree,FFree,FFree,FFree,FFree,FFree,FFree,FFree,FFree,FFree,FFree,FFree,FFree,FFree,FFree,FFree,FFree,FFree,AArea,AArea,AArea,AArea,AArea,AArea,,,,,,,,,,,,,,,,,,,,,,,,,,,,,,,,,,,,,,,,,,,,,,,,,,,,,,,
ENS 513,FFree,FFree,FFree,FFree,FFree,FFree,FFree,FFree,FFree,FFree,FFree,FFree,FFree,FFree,FFree,FFree,FFree,FFree,FFree,FFree,FFree,AArea,AArea,AArea,AArea,AArea,AArea,,,,,,,,,,,,,,,,,,,,,,,,,,,,,,,,,,,,,,,,,,,,,,,,,,,,,,,
ENS 514,FFree,FFree,FFree,FFree,FFree,FFree,FFree,FFree,FFree,FFree,FFree,FFree,FFree,FFree,FFree,FFree,FFree,FFree,FFree,FFree,FFree,AArea,AArea,AArea,AArea,AArea,AArea,,,,,,,,,,,,,,,,,,,,,,,,,,,,,,,,,,,,,,,,,,,,,,,,,,,,,,,
ENS 516,FFree,FFree,FFree,FFree,FFree,FFree,FFree,FFree,FFree,FFree,FFree,FFree,FFree,FFree,FFree,FFree,FFree,FFree,FFree,FFree,FFree,AArea,AArea,AArea,AArea,AArea,AArea,,,,,,,,,,,,,,,,,,,,,,,,,,,,,,,,,,,,,,,,,,,,,,,,,,,,,,,
ENS 521,FFree,FFree,FFree,FFree,FFree,FFree,FFree,FFree,FFree,FFree,FFree,FFree,FFree,FFree,FFree,FFree,FFree,FFree,FFree,FFree,FFree,AArea,AArea,AArea,AArea,AArea,AArea,,,,,,,,,,,,,,,,,,,,,,,,,,,,,,,,,,,,,,,,,,,,,,,,,,,,,,,
ENS 525,FFree,FFree,FFree,FFree,FFree,FFree,FFree,FFree,FFree,FFree,FFree,FFree,FFree,FFree,FFree,FFree,FFree,FFree,FFree,FFree,FFree,AArea,AArea,AArea,AArea,AArea,AArea,,,,,,,,,,,,,,,,,,,,,,,,,,,,,,,,,,,,,,,,,,,,,,,,,,,,,,,
ENS 526,FFree,FFree,FFree,FFree,FFree,FFree,FFree,FFree,FFree,FFree,FFree,FFree,FFree,FFree,FFree,FFree,FFree,FFree,FFree,FFree,FFree,AArea,AArea,AArea,AArea,AArea,AArea,,,,,,,,,,,,,,,,,,,,,,,,,,,,,,,,,,,,,,,,,,,,,,,,,,,,,,,
ENS 555,FFree,FFree,FFree,FFree,FFree,FFree,FFree,FFree,FFree,FFree,FFree,FFree,FFree,FFree,FFree,FFree,FFree,FFree,FFree,FFree,FFree,AArea,AArea,AArea,AArea,AArea,AArea,,,,,,,,,,,,,,,,,,,,,,,,,,,,,,,,,,,,,,,,,,,,,,,,,,,,,,,
ENS 580,FFree,FFree,FFree,FFree,FFree,FFree,FFree,FFree,FFree,FFree,FFree,FFree,FFree,FFree,FFree,FFree,FFree,FFree,FFree,FFree,FFree,AArea,AArea,AArea,AArea,AArea,AArea,,,,,,,,,,,,,,,,,,,,,,,,,,,,,,,,,,,,,,,,,,,,,,,,,,,,,,,
ENS 5803,FFree,FFree,FFree,FFree,FFree,FFree,FFree,FFree,FFree,FFree,FFree,FFree,FFree,FFree,FFree,FFree,FFree,FFree,FFree,FFree,FFree,AArea,AArea,AArea,AArea,AArea,AArea,,,,,,,,,,,,,,,,,,,,,,,,,,,,,,,,,,,,,,,,,,,,,,,,,,,,,,,
ENS 581,FFree,FFree,FFree,FFree,FFree,FFree,FFree,FFree,FFree,FFree,FFree,FFree,FFree,FFree,FFree,FFree,FFree,FFree,FFree,FFree,FFree,AArea,AArea,AArea,AArea,AArea,AArea,,,,,,,,,,,,,,,,,,,,,,,,,,,,,,,,,,,,,,,,,,,,,,,,,,,,,,,
ENS 596,FFree,FFree,FFree,FFree,FFree,FFree,FFree,FFree,FFree,FFree,FFree,FFree,FFree,FFree,FFree,FFree,FFree,FFree,FFree,FFree,FFree,AArea,AArea,AArea,AArea,AArea,AArea,,,,,,,,,,,,,,,,,,,,,,,,,,,,,,,,,,,,,,,,,,,,,,,,,,,,,,,
ES 501,FFree,FFree,FFree,FFree,FFree,FFree,FFree,FFree,FFree,FFree,FFree,FFree,FFree,FFree,FFree,FFree,FFree,FFree,FFree,FFree,FFree,AArea,AArea,AArea,AArea,AArea,AArea,,,,,,,,,,,,,,,,,,,,,,,,,,,,,,,,,,,,,,,,,,,,,,,,,,,,,,,
ES 502,FFree,FFree,FFree,FFree,FFree,FFree,FFree,FFree,FFree,FFree,FFree,FFree,FFree,FFree,FFree,FFree,FFree,FFree,FFree,FFree,FFree,AArea,AArea,AArea,AArea,AArea,AArea,,,,,,,,,,,,,,,,,,,,,,,,,,,,,,,,,,,,,,,,,,,,,,,,,,,,,,,
ES 504,FFree,FFree,FFree,FFree,FFree,FFree,FFree,FFree,FFree,FFree,FFree,FFree,FFree,FFree,FFree,FFree,FFree,FFree,FFree,FFree,FFree,AArea,AArea,AArea,AArea,AArea,AArea,,,,,,,,,,,,,,,,,,,,,,,,,,,,,,,,,,,,,,,,,,,,,,,,,,,,,,,
ES 505,FFree,FFree,FFree,FFree,FFree,FFree,FFree,FFree,FFree,FFree,FFree,FFree,FFree,FFree,FFree,FFree,FFree,FFree,FFree,FFree,FFree,AArea,AArea,AArea,AArea,AArea,AArea,,,,,,,,,,,,,,,,,,,,,,,,,,,,,,,,,,,,,,,,,,,,,,,,,,,,,,,
ES 506,FFree,FFree,FFree,FFree,FFree,FFree,FFree,FFree,FFree,FFree,FFree,FFree,FFree,FFree,FFree,FFree,,,,,,,,,,,,,,,,,,,,,,,,,,,,,,,,,,,,,,,,,,,,,,,,,,,,,,,,,,,,,,,,,,
ES 507,FFree,FFree,FFree,FFree,FFree,FFree,FFree,FFree,FFree,FFree,FFree,FFree,FFree,FFree,FFree,FFree,FFree,FFree,FFree,FFree,FFree,AArea,AArea,AArea,AArea,AArea,AArea,,,,,,,,,,,,,,,,,,,,,,,,,,,,,,,,,,,,,,,,,,,,,,,,,,,,,,,
ES 508,FFree,FFree,FFree,FFree,FFree,FFree,FFree,FFree,FFree,FFree,FFree,FFree,FFree,FFree,FFree,FFree,,,,,,,,,,,,,,,,,,,,,,,,,,,,,,,,,,,,,,,,,,,,,,,,,,,,,,,,,,,,,,,,,,
ES 510,FFree,FFree,FFree,FFree,FFree,FFree,FFree,FFree,FFree,FFree,FFree,FFree,FFree,FFree,FFree,FFree,,,,,,,,,,,,,,,,,,,,,,,,,,,,,,,,,,,,,,,,,,,,,,,,,,,,,,,,,,,,,,,,,,
ES 512,FFree,FFree,FFree,FFree,FFree,FFree,FFree,FFree,FFree,FFree,FFree,FFree,FFree,FFree,FFree,FFree,,,,,,,,,,,,,,,,,,,,,,,,,,,,,,,,,,,,,,,,,,,,,,,,,,,,,,,,,,,,,,,,,,
ES 514,FFree,FFree,FFree,FFree,FFree,FFree,FFree,FFree,FFree,FFree,FFree,FFree,FFree,FFree,FFree,FFree,,,,,,,,,,,,,,,,,,,,,,,,,,,,,,,,,,,,,,,,,,,,,,,,,,,,,,,,,,,,,,,,,,
ES 516,FFree,FFree,FFree,FFree,FFree,FFree,FFree,FFree,FFree,FFree,FFree,FFree,FFree,FFree,FFree,FFree,,,,,,,,,,,,,,,,,,,,,,,,,,,,,,,,,,,,,,,,,,,,,,,,,,,,,,,,,,,,,,,,,,
ES 518,FFree,FFree,FFree,FFree,FFree,FFree,FFree,FFree,FFree,FFree,FFree,FFree,FFree,FFree,FFree,FFree,,,,,,,,,,,,,,,,,,,,,,,,,,,,,,,,,,,,,,,,,,,,,,,,,,,,,,,,,,,,,,,,,,
ES 519,FFree,FFree,FFree,FFree,FFree,FFree,FFree,FFree,FFree,FFree,FFree,FFree,FFree,FFree,FFree,FFree,,,,,,,,,,,,,,,,,,,,,,,,,,,,,,,,,,,,,,,,,,,,,,,,,,,,,,,,,,,,,,,,,,
ES 522,FFree,FFree,FFree,FFree,FFree,FFree,FFree,FFree,FFree,FFree,FFree,FFree,FFree,FFree,FFree,FFree,FFree,FFree,,,,,,,,,,,,,,,,,,,,,,,,,,,,,,,,,,,,,,,,,,,,,,,,,,,,,,,,,,,,,,,,
ES 523,FFree,FFree,FFree,FFree,FFree,FFree,FFree,FFree,FFree,FFree,FFree,FFree,FFree,FFree,FFree,FFree,FFree,FFree,FFree,FFree,FFree,AArea,AArea,AArea,AArea,AArea,AArea,,,,,,,,,,,,,,,,,,,,,,,,,,,,,,,,,,,,,,,,,,,,,,,,,,,,,,,
ES 524,FFree,FFree,FFree,FFree,FFree,FFree,FFree,FFree,FFree,FFree,FFree,FFree,FFree,FFree,FFree,FFree,FFree,FFree,FFree,FFree,FFree,AArea,AArea,AArea,AArea,AArea,AArea,,,,,,,,,,,,,,,,,,,,,,,,,,,,,,,,,,,,,,,,,,,,,,,,,,,,,,,
ES 554,FFree,FFree,FFree,FFree,FFree,FFree,FFree,FFree,FFree,FFree,FFree,FFree,FFree,FFree,FFree,FFree,FFree,FFree,FFree,FFree,FFree,AArea,AArea,AArea,AArea,AArea,AArea,,,,,,,,,,,,,,,,,,,,,,,,,,,,,,,,,,,,,,,,,,,,,,,,,,,,,,,
ES 592,FFree,FFree,FFree,FFree,FFree,FFree,FFree,FFree,FFree,FFree,FFree,FFree,FFree,FFree,FFree,FFree,FFree,FFree,FFree,FFree,FFree,AArea,AArea,AArea,AArea,AArea,AArea,,,,,,,,,,,,,,,,,,,,,,,,,,,,,,,,,,,,,,,,,,,,,,,,,,,,,,,
ETM 551,FFree,FFree,FFree,FFree,FFree,FFree,FFree,FFree,FFree,FFree,FFree,FFree,FFree,FFree,FFree,FFree,FFree,FFree,FFree,FFree,FFree,AArea,AArea,AArea,AArea,AArea,AArea,,,,,,,,,,,,,,,,,,,,,,,,,,,,,,,,,,,,,,,,,,,,,,,,,,,,,,,
ETM 580,FFree,FFree,FFree,FFree,FFree,FFree,FFree,FFree,FFree,FFree,FFree,FFree,FFree,FFree,FFree,FFree,FFree,FFree,FFree,FFree,FFree,AArea,AArea,AArea,AArea,AArea,AArea,,,,,,,,,,,,,,,,,,,,,,,,,,,,,,,,,,,,,,,,,,,,,,,,,,,,,,,
ETM 590,FFree,FFree,FFree,FFree,FFree,FFree,FFree,FFree,FFree,FFree,FFree,FFree,FFree,FFree,FFree,FFree,FFree,FFree,FFree,FFree,FFree,AArea,AArea,AArea,AArea,AArea,AArea,,,,,,,,,,,,,,,,,,,,,,,,,,,,,,,,,,,,,,,,,,,,,,,,,,,,,,,
FILM 524,FFree,FFree,FFree,FFree,FFree,FFree,FFree,FFree,FFree,FFree,FFree,FFree,FFree,FFree,FFree,FFree,FFree,FFree,FFree,FFree,FFree,AArea,AArea,AArea,AArea,AArea,AArea,,,,,,,,,,,,,,,,,,,,,,,,,,,,,,,,,,,,,,,,,,,,,,,,,,,,,,,
FILM 535,FFree,FFree,FFree,FFree,FFree,FFree,FFree,FFree,FFree,FFree,FFree,FFree,FFree,FFree,FFree,FFree,FFree,FFree,FFree,FFree,FFree,AArea,AArea,AArea,AArea,AArea,AArea,,,,,,,,,,,,,,,,,,,,,,,,,,,,,,,,,,,,,,,,,,,,,,,,,,,,,,,
FILM 536,FFree,FFree,FFree,FFree,FFree,FFree,FFree,FFree,FFree,FFree,FFree,FFree,FFree,FFree,FFree,FFree,FFree,FFree,FFree,FFree,FFree,AArea,AArea,AArea,AArea,AArea,AArea,,,,,,,,,,,,,,,,,,,,,,,,,,,,,,,,,,,,,,,,,,,,,,,,,,,,,,,
FIN 552,FFree,FFree,FFree,FFree,FFree,FFree,FFree,FFree,FFree,FFree,FFree,FFree,FFree,FFree,FFree,FFree,FFree,FFree,FFree,FFree,FFree,AArea,AArea,AArea,AArea,AArea,AArea,,,,,,,,,,,,,,,,,,,,,,,,,,,,,,,,,,,,,,,,,,,,,,,,,,,,,,,
FIN 556,FFree,FFree,FFree,FFree,FFree,FFree,FFree,FFree,FFree,FFree,FFree,FFree,FFree,FFree,FFree,FFree,FFree,FFree,FFree,FFree,FFree,AArea,AArea,AArea,AArea,AArea,AArea,,,,,,,,,,,,,,,,,,,,,,,,,,,,,,,,,,,,,,,,,,,,,,,,,,,,,,,
FIN 601,FFree,FFree,FFree,FFree,FFree,FFree,FFree,FFree,FFree,FFree,FFree,FFree,FFree,FFree,FFree,FFree,FFree,FFree,FFree,FFree,FFree,AArea,AArea,AArea,AArea,AArea,AArea,,,,,,,,,,,,,,,,,,,,,,,,,,,,,,,,,,,,,,,,,,,,,,,,,,,,,,,
FIN 690,FFree,FFree,FFree,FFree,FFree,FFree,FFree,FFree,FFree,FFree,FFree,FFree,FFree,FFree,FFree,FFree,FFree,FFree,FFree,FFree,FFree,AArea,AArea,AArea,AArea,AArea,AArea,,,,,,,,,,,,,,,,,,,,,,,,,,,,,,,,,,,,,,,,,,,,,,,,,,,,,,,
FIN 958,FFree,FFree,FFree,FFree,FFree,FFree,FFree,FFree,FFree,FFree,FFree,FFree,FFree,FFree,FFree,FFree,FFree,FFree,FFree,FFree,FFree,AArea,AArea,AArea,AArea,AArea,AArea,,,,,,,,,,,,,,,,,,,,,,,,,,,,,,,,,,,,,,,,,,,,,,,,,,,,,,,
GEN 540,FFree,FFree,FFree,FFree,FFree,FFree,FFree,FFree,FFree,FFree,FFree,FFree,FFree,FFree,FFree,FFree,FFree,FFree,FFree,FFree,FFree,AArea,AArea,AArea,AArea,AArea,AArea,,,,,,,,,,,,,,,,,,,,,,,,,,,,,,,,,,,,,,,,,,,,,,,,,,,,,,,
GEN 541,FFree,FFree,FFree,FFree,FFree,FFree,FFree,FFree,FFree,FFree,FFree,FFree,FFree,FFree,FFree,FFree,FFree,FFree,FFree,FFree,FFree,AArea,AArea,AArea,AArea,AArea,AArea,,,,,,,,,,,,,,,,,,,,,,,,,,,,,,,,,,,,,,,,,,,,,,,,,,,,,,,
GEN 542,FFree,FFree,FFree,FFree,FFree,FFree,FFree,FFree,FFree,FFree,FFree,FFree,FFree,FFree,FFree,FFree,FFree,FFree,FFree,FFree,FFree,AArea,AArea,AArea,AArea,AArea,AArea,,,,,,,,,,,,,,,,,,,,,,,,,,,,,,,,,,,,,,,,,,,,,,,,,,,,,,,
GEN 544,FFree,FFree,FFree,FFree,FFree,FFree,FFree,FFree,FFree,FFree,FFree,FFree,FFree,FFree,FFree,FFree,FFree,FFree,FFree,FFree,FFree,AArea,AArea,AArea,AArea,AArea,AArea,,,,,,,,,,,,,,,,,,,,,,,,,,,,,,,,,,,,,,,,,,,,,,,,,,,,,,,
GEN 585,FFree,FFree,FFree,FFree,FFree,FFree,FFree,FFree,FFree,FFree,FFree,FFree,FFree,FFree,FFree,FFree,FFree,FFree,FFree,FFree,FFree,AArea,AArea,AArea,AArea,AArea,AArea,,,,,,,,,,,,,,,,,,,,,,,,,,,,,,,,,,,,,,,,,,,,,,,,,,,,,,,
GEN 600,FFree,FFree,FFree,FFree,FFree,FFree,FFree,FFree,FFree,FFree,FFree,FFree,FFree,FFree,FFree,FFree,FFree,FFree,FFree,FFree,FFree,AArea,AArea,AArea,AArea,AArea,AArea,,,,,,,,,,,,,,,,,,,,,,,,,,,,,,,,,,,,,,,,,,,,,,,,,,,,,,,
GEN 601,FFree,FFree,FFree,FFree,FFree,FFree,FFree,FFree,FFree,FFree,FFree,FFree,FFree,FFree,FFree,FFree,FFree,FFree,FFree,FFree,FFree,AArea,AArea,AArea,AArea,AArea,AArea,,,,,,,,,,,,,,,,,,,,,,,,,,,,,,,,,,,,,,,,,,,,,,,,,,,,,,,
GEN 605,FFree,FFree,FFree,FFree,FFree,FFree,FFree,FFree,FFree,FFree,FFree,FFree,FFree,FFree,FFree,FFree,FFree,FFree,FFree,FFree,FFree,AArea,AArea,AArea,AArea,AArea,AArea,,,,,,,,,,,,,,,,,,,,,,,,,,,,,,,,,,,,,,,,,,,,,,,,,,,,,,,
GEN 610,FFree,FFree,FFree,FFree,FFree,FFree,FFree,FFree,FFree,FFree,FFree,FFree,FFree,FFree,FFree,FFree,FFree,FFree,FFree,FFree,FFree,AArea,AArea,AArea,AArea,AArea,AArea,,,,,,,,,,,,,,,,,,,,,,,,,,,,,,,,,,,,,,,,,,,,,,,,,,,,,,,
GEN 680,FFree,FFree,FFree,FFree,FFree,FFree,FFree,FFree,FFree,FFree,FFree,FFree,FFree,FFree,FFree,FFree,FFree,FFree,FFree,FFree,FFree,AArea,AArea,AArea,AArea,AArea,AArea,,,,,,,,,,,,,,,,,,,,,,,,,,,,,,,,,,,,,,,,,,,,,,,,,,,,,,,
GEN 690,FFree,FFree,FFree,FFree,FFree,FFree,FFree,FFree,FFree,FFree,FFree,FFree,FFree,FFree,FFree,FFree,FFree,FFree,FFree,FFree,FFree,AArea,AArea,AArea,AArea,AArea,AArea,,,,,,,,,,,,,,,,,,,,,,,,,,,,,,,,,,,,,,,,,,,,,,,,,,,,,,,
GEN 699,FFree,FFree,FFree,FFree,FFree,FFree,FFree,FFree,FFree,FFree,FFree,FFree,FFree,FFree,FFree,FFree,FFree,FFree,FFree,FFree,FFree,AArea,AArea,AArea,AArea,AArea,AArea,,,,,,,,,,,,,,,,,,,,,,,,,,,,,,,,,,,,,,,,,,,,,,,,,,,,,,,
GEN 700,FFree,FFree,FFree,FFree,FFree,FFree,FFree,FFree,FFree,FFree,FFree,FFree,FFree,FFree,FFree,FFree,FFree,FFree,FFree,FFree,FFree,AArea,AArea,AArea,AArea,AArea,AArea,,,,,,,,,,,,,,,,,,,,,,,,,,,,,,,,,,,,,,,,,,,,,,,,,,,,,,,
GREK 510,FFree,FFree,FFree,FFree,FFree,FFree,FFree,FFree,FFree,FFree,FFree,FFree,FFree,FFree,FFree,FFree,FFree,FFree,FFree,FFree,FFree,AArea,AArea,AArea,AArea,AArea,AArea,,,,,,,,,,,,,,,,,,,,,,,,,,,,,,,,,,,,,,,,,,,,,,,,,,,,,,,
GR 500S,FFree,FFree,FFree,FFree,FFree,FFree,FFree,FFree,FFree,FFree,FFree,FFree,FFree,FFree,FFree,FFree,FFree,FFree,FFree,FFree,FFree,AArea,AArea,AArea,AArea,AArea,AArea,,,,,,,,,,,,,,,,,,,,,,,,,,,,,,,,,,,,,,,,,,,,,,,,,,,,,,,
GR 501S,FFree,FFree,FFree,FFree,FFree,FFree,FFree,FFree,FFree,FFree,FFree,FFree,FFree,FFree,FFree,FFree,FFree,FFree,FFree,FFree,FFree,AArea,AArea,AArea,AArea,AArea,AArea,,,,,,,,,,,,,,,,,,,RRequired,RRequired,RRequired,RRequired,RRequired,RRequired,RRequired,RRequired,RRequired,RRequired,RRequired,RRequired,RRequired,RRequired,RRequired,RRequired,RRequired,RRequired,RRequired,RRequired,RRequired,RRequired,RRequired,RRequired,RRequired,RRequired,RRequired,,,,,,,,,,
GR 502S,FFree,FFree,FFree,FFree,FFree,FFree,FFree,FFree,FFree,FFree,FFree,FFree,FFree,FFree,FFree,FFree,FFree,FFree,FFree,FFree,FFree,AArea,AArea,AArea,AArea,AArea,AArea,,,,,,,,,,,,,,,,,,,RRequired,RRequired,RRequired,RRequired,RRequired,RRequired,RRequired,RRequired,RRequired,RRequired,RRequired,RRequired,RRequired,RRequired,RRequired,RRequired,RRequired,RRequired,RRequired,RRequired,RRequired,RRequired,RRequired,RRequired,RRequired,RRequired,RRequired,,,,,,,,,,
GR 503S,FFree,FFree,FFree,FFree,FFree,FFree,FFree,FFree,FFree,FFree,FFree,FFree,FFree,FFree,FFree,FFree,FFree,FFree,FFree,FFree,FFree,AArea,AArea,AArea,AArea,AArea,AArea,,,,,,,,,,,,,,,,,,,RRequired,RRequired,RRequired,RRequired,RRequired,RRequired,RRequired,RRequired,RRequired,RRequired,RRequired,RRequired,RRequired,RRequired,RRequired,RRequired,RRequired,RRequired,RRequired,RRequired,RRequired,RRequired,RRequired,RRequired,RRequired,RRequired,RRequired,,,,,,,,,,
GR 555S,FFree,FFree,FFree,FFree,FFree,FFree,FFree,FFree,FFree,FFree,FFree,FFree,FFree,FFree,FFree,FFree,FFree,FFree,FFree,FFree,FFree,AArea,AArea,AArea,AArea,AArea,AArea,,,,,,,,,,,,,,,,,,,RRequired,RRequired,RRequired,RRequired,RRequired,RRequired,RRequired,RRequired,RRequired,RRequired,RRequired,RRequired,RRequired,RRequired,RRequired,RRequired,RRequired,RRequired,RRequired,RRequired,RRequired,RRequired,RRequired,RRequired,RRequired,RRequired,RRequired,RRequired,RRequired,RRequired,RRequired,RRequired,RRequired,RRequired,RRequired,RRequired,RRequired
GSM 505,FFree,FFree,FFree,FFree,FFree,FFree,FFree,FFree,FFree,FFree,FFree,FFree,FFree,FFree,FFree,,,,,,,,,,,,,,,,,,,,,,,,,,,,,,,,,,,,,,,,,,,,,,,,,,,,,,,,,,,,,,,,,,,
GSM 5106,FFree,FFree,FFree,FFree,FFree,FFree,FFree,FFree,,,,,,,,,,,,,,,,,,,,,,,,,,,,,,,,,,,,,,,,,,,,,,,,,,,,,,,,,,,,,,,,,,,,,,,,,,
GSM 5108,FFree,FFree,FFree,FFree,FFree,FFree,FFree,FFree,FFree,FFree,FFree,FFree,FFree,FFree,FFree,FFree,FFree,FFree,FFree,,,,,,,,,,,,,,,,,,,,,,,,,,,,,,,,,,,,,,,,,,,,,,,,,,,,,,,,,,,,,,,
GSM 5110,FFree,FFree,FFree,FFree,FFree,FFree,FFree,FFree,FFree,FFree,FFree,FFree,FFree,FFree,FFree,FFree,FFree,FFree,FFree,,,,,,,,,,,,,,,,,,,,,,,,,,,,,,,,,,,,,,,,,,,,,,,,,,,,,,,,,,,,,,,
GSM 5112,FFree,FFree,FFree,FFree,FFree,FFree,FFree,FFree,FFree,FFree,FFree,FFree,FFree,FFree,FFree,FFree,FFree,FFree,FFree,,,,,,,,,,,,,,,,,,,,,,,,,,,,,,,,,,,,,,,,,,,,,,,,,,,,,,,,,,,,,,,
GSM 5113,FFree,FFree,FFree,FFree,FFree,FFree,FFree,FFree,FFree,FFree,FFree,FFree,FFree,FFree,FFree,FFree,FFree,FFree,FFree,,,,,,,,,,,,,,,,,,,,,,,,,,,,,,,,,,,,,,,,,,,,,,,,,,,,,,,,,,,,,,,
GSM 5114,FFree,FFree,FFree,FFree,FFree,FFree,FFree,FFree,FFree,FFree,FFree,FFree,FFree,FFree,FFree,FFree,FFree,FFree,FFree,,,,,,,,,,,,,,,,,,,,,,,,,,,,,,,,,,,,,,,,,,,,,,,,,,,,,,,,,,,,,,,
GSM 513,FFree,FFree,FFree,FFree,FFree,FFree,FFree,FFree,FFree,FFree,FFree,FFree,FFree,FFree,FFree,FFree,FFree,FFree,FFree,,,,,,,,,,,,,,,,,,,,,,,,,,,,,,,,,,,,,,,,,,,,,,,,,,,,,,,,,,,,,,,
GSM 514,FFree,FFree,FFree,FFree,FFree,FFree,FFree,FFree,FFree,FFree,FFree,FFree,FFree,FFree,FFree,,,,,,,,,,,,,,,,,,,,,,,,,,,,,,,,,,,,,,,,,,,,,,,,,,,,,,,,,,,,,,,,,,,
GSM 5203,FFree,FFree,FFree,FFree,FFree,FFree,FFree,FFree,FFree,FFree,FFree,FFree,FFree,FFree,FFree,FFree,FFree,FFree,FFree,,,,,,,,,,,,,,,,,,,,,,,,,,,,,,,,,,,,,,,,,,,,,,,,,,,,,,,,,,,,,,,
GSM 5205,FFree,FFree,FFree,FFree,FFree,FFree,FFree,FFree,,,,,,,,,,,,,,,,,,,,,,,,,,,,,,,,,,,,,,,,,,,,,,,,,,,,,,,,,,,,,,,,,,,,,,,,,,
GSM 5207,FFree,FFree,FFree,FFree,FFree,FFree,FFree,FFree,FFree,FFree,FFree,FFree,FFree,FFree,FFree,FFree,FFree,FFree,FFree,,,,,,,,,,,,,,,,,,,,,,,,,,,,,,,,,,,,,,,,,,,,,,,,,,,,,,,,,,,,,,,
GSM 5209,FFree,FFree,FFree,FFree,FFree,FFree,FFree,FFree,FFree,FFree,FFree,FFree,FFree,FFree,FFree,FFree,FFree,FFree,FFree,,,,,,,,,,,,,,,,,,,,,,,,,,,,,,,,,,,,,,,,,,,,,,,,,,,,,,,,,,,,,,,
GSM 5211,FFree,FFree,FFree,FFree,FFree,FFree,FFree,FFree,FFree,FFree,FFree,FFree,FFree,FFree,FFree,FFree,FFree,FFree,FFree,,,,,,,,,,,,,,,,,,,,,,,,,,,,,,,,,,,,,,,,,,,,,,,,,,,,,,,,,,,,,,,
GSM 5212,FFree,FFree,FFree,FFree,FFree,FFree,FFree,FFree,FFree,FFree,FFree,FFree,FFree,FFree,FFree,FFree,FFree,FFree,FFree,,,,,,,,,,,,,,,,,,,,,,,,,,,,,,,,,,,,,,,,,,,,,,,,,,,,,,,,,,,,,,,
GSM 5213,FFree,FFree,FFree,FFree,FFree,FFree,FFree,FFree,FFree,FFree,FFree,FFree,FFree,FFree,FFree,,,,,,,,,,,,,,,,,,,,,,,,,,,,,,,,,,,,,,,,,,,,,,,,,,,,,,,,,,,,,,,,,,,
GSM 5215,FFree,FFree,FFree,FFree,FFree,FFree,FFree,FFree,FFree,FFree,FFree,FFree,FFree,FFree,FFree,FFree,FFree,FFree,FFree,,,,,,,,,,,,,,,,,,,,,,,,,,,,,,,,,,,,,,,,,,,,,,,,,,,,,,,,,,,,,,,
GSM 5216,FFree,FFree,FFree,FFree,FFree,FFree,FFree,FFree,FFree,FFree,FFree,FFree,FFree,FFree,FFree,FFree,FFree,FFree,FFree,,,,,,,,,,,,,,,,,,,,,,,,,,,,,,,,,,,,,,,,,,,,,,,,,,,,,,,,,,,,,,,
GSM 525,FFree,FFree,FFree,FFree,FFree,FFree,FFree,FFree,FFree,FFree,FFree,FFree,FFree,FFree,FFree,,,,,,,,,,,,,,,,,,,,,,,,,,,,,,,,,,,,,,,,,,,,,,,,,,,,,,,,,,,,,,,,,,,
GSM 527,FFree,FFree,FFree,FFree,FFree,FFree,FFree,FFree,FFree,FFree,FFree,FFree,FFree,FFree,FFree,FFree,FFree,FFree,FFree,,,,,,,,,,,,,,,,,,,,,,,,,,,,,,,,,,,,,,,,,,,,,,,,,,,,,,,,,,,,,,,
GSM 528,FFree,FFree,FFree,FFree,FFree,FFree,FFree,FFree,FFree,FFree,FFree,FFree,FFree,FFree,FFree,,,,,,,,,,,,,,,,,,,,,,,,,,,,,,,,,,,,,,,,,,,,,,,,,,,,,,,,,,,,,,,,,,,
GSM 529,FFree,FFree,FFree,FFree,FFree,FFree,FFree,FFree,FFree,FFree,FFree,FFree,FFree,FFree,FFree,,,,,,,,,,,,,,,,,,,,,,,,,,,,,,,,,,,,,,,,,,,,,,,,,,,,,,,,,,,,,,,,,,,
GSM 5305,FFree,FFree,FFree,FFree,FFree,FFree,FFree,FFree,,,,,,,,,,,,,,,,,,,,,,,,,,,,,,,,,,,,,,,,,,,,,,,,,,,,,,,,,,,,,,,,,,,,,,,,,,
GSM 5307,FFree,FFree,FFree,FFree,FFree,FFree,FFree,FFree,FFree,FFree,FFree,FFree,FFree,FFree,FFree,FFree,FFree,FFree,FFree,,,,,,,,,,,,,,,,,,,,,,,,,,,,,,,,,,,,,,,,,,,,,,,,,,,,,,,,,,,,,,,
GSM 5309,FFree,FFree,FFree,FFree,FFree,FFree,FFree,FFree,FFree,FFree,FFree,FFree,FFree,FFree,FFree,FFree,FFree,FFree,FFree,,,,,,,,,,,,,,,,,,,,,,,,,,,,,,,,,,,,,,,,,,,,,,,,,,,,,,,,,,,,,,,
GSM 531,FFree,FFree,FFree,FFree,FFree,FFree,FFree,FFree,FFree,FFree,FFree,FFree,FFree,FFree,FFree,,,,,,,,,,,,,,,,,,,,,,,,,,,,,,,,,,,,,,,,,,,,,,,,,,,,,,,,,,,,,,,,,,,
GSM 5311,FFree,FFree,FFree,FFree,FFree,FFree,FFree,FFree,FFree,FFree,FFree,FFree,FFree,FFree,FFree,FFree,FFree,FFree,FFree,,,,,,,,,,,,,,,,,,,,,,,,,,,,,,,,,,,,,,,,,,,,,,,,,,,,,,,,,,,,,,,
GSM 5313,FFree,FFree,FFree,FFree,FFree,FFree,FFree,FFree,FFree,FFree,FFree,FFree,FFree,FFree,FFree,FFree,FFree,FFree,FFree,,,,,,,,,,,,,,,,,,,,,,,,,,,,,,,,,,,,,,,,,,,,,,,,,,,,,,,,,,,,,,,
GSM 5315,FFree,FFree,FFree,FFree,FFree,FFree,FFree,FFree,FFree,FFree,FFree,FFree,FFree,FFree,FFree,FFree,FFree,FFree,FFree,,,,,,,,,,,,,,,,,,,,,,,,,,,,,,,,,,,,,,,,,,,,,,,,,,,,,,,,,,,,,,,
GSM 5316,FFree,FFree,FFree,FFree,FFree,FFree,FFree,FFree,FFree,FFree,FFree,FFree,FFree,FFree,FFree,FFree,FFree,FFree,FFree,,,,,,,,,,,,,,,,,,,,,,,,,,,,,,,,,,,,,,,,,,,,,,,,,,,,,,,,,,,,,,,
GSM 532,FFree,FFree,FFree,FFree,FFree,FFree,FFree,FFree,FFree,FFree,FFree,FFree,FFree,FFree,FFree,FFree,FFree,FFree,FFree,,,,,,,,,,,,,,,,,,,,,,,,,,,,,,,,,,,,,,,,,,,,,,,,,,,,,,,,,,,,,,,
GSM 5403,FFree,FFree,FFree,FFree,FFree,FFree,FFree,FFree,FFree,FFree,FFree,FFree,FFree,FFree,FFree,FFree,FFree,FFree,FFree,,,,,,,,,,,,,,,,,,,,,,,,,,,,,,,,,,,,,,,,,,,,,,,,,,,,,,,,,,,,,,,
GSM 5405,FFree,FFree,FFree,FFree,FFree,FFree,FFree,FFree,,,,,,,,,,,,,,,,,,,,,,,,,,,,,,,,,,,,,,,,,,,,,,,,,,,,,,,,,,,,,,,,,,,,,,,,,,
GSM 5406,FFree,FFree,FFree,FFree,FFree,FFree,FFree,FFree,,,,,,,,,,,,,,,,,,,,,,,,,,,,,,,,,,,,,,,,,,,,,,,,,,,,,,,,,,,,,,,,,,,,,,,,,,
GSM 5407,FFree,FFree,FFree,FFree,FFree,FFree,FFree,FFree,,,,,,,,,,,,,,,,,,,,,,,,,,,,,,,,,,,,,,,,,,,,,,,,,,,,,,,,,,,,,,,,,,,,,,,,,,
GSM 5409,FFree,FFree,FFree,FFree,FFree,FFree,FFree,FFree,FFree,FFree,FFree,FFree,FFree,FFree,FFree,FFree,FFree,FFree,FFree,,,,,,,,,,,,,,,,,,,,,,,,,,,,,,,,,,,,,,,,,,,,,,,,,,,,,,,,,,,,,,,
GSM 541,FFree,FFree,FFree,FFree,FFree,FFree,FFree,FFree,FFree,FFree,FFree,FFree,FFree,FFree,FFree,,,,,,,,,,,,,,,,,,,,,,,,,,,,,,,,,,,,,,,,,,,,,,,,,,,,,,,,,,,,,,,,,,,
GSM 5411,FFree,FFree,FFree,FFree,FFree,FFree,FFree,FFree,FFree,FFree,FFree,FFree,FFree,FFree,FFree,FFree,FFree,FFree,FFree,,,,,,,,,,,,,,,,,,,,,,,,,,,,,,,,,,,,,,,,,,,,,,,,,,,,,,,,,,,,,,,
GSM 547,FFree,FFree,FFree,FFree,FFree,FFree,FFree,FFree,FFree,FFree,FFree,FFree,FFree,FFree,FFree,,,,,,,,,,,,,,,,,,,,,,,,,,,,,,,,,,,,,,,,,,,,,,,,,,,,,,,,,,,,,,,,,,,
GSM 549,FFree,FFree,FFree,FFree,FFree,FFree,FFree,FFree,FFree,FFree,FFree,FFree,FFree,FFree,FFree,,,,,,,,,,,,,,,,,,,,,,,,,,,,,,,,,,,,,,,,,,,,,,,,,,,,,,,,,,,,,,,,,,,
GSM 5501,FFree,FFree,FFree,FFree,FFree,FFree,FFree,FFree,FFree,FFree,FFree,FFree,FFree,FFree,FFree,,,,,,,,,,,,,,,,,,,,,,,,,,,,,,,,,,,,,,,,,,,,,,,,,,,,,,,,,,,,,,,,,,,
GSM 5502,FFree,FFree,FFree,FFree,FFree,FFree,FFree,FFree,FFree,FFree,FFree,FFree,FFree,FFree,FFree,,,,,,,,,,,,,,,,,,,,,,,,,,,,,,,,,,,,,,,,,,,,,,,,,,,,,,,,,,,,,,,,,,,
GSM 5503,FFree,FFree,FFree,FFree,FFree,FFree,FFree,FFree,FFree,FFree,FFree,FFree,FFree,FFree,FFree,,,,,,,,,,,,,,,,,,,,,,,,,,,,,,,,,,,,,,,,,,,,,,,,,,,,,,,,,,,,,,,,,,,
GSM 5504,FFree,FFree,FFree,FFree,FFree,FFree,FFree,FFree,,,,,,,,,,,,,,,,,,,,,,,,,,,,,,,,,,,,,,,,,,,,,,,,,,,,,,,,,,,,,,,,,,,,,,,,,,
GSM 5505,FFree,FFree,FFree,FFree,FFree,FFree,FFree,FFree,FFree,FFree,FFree,FFree,FFree,FFree,FFree,FFree,FFree,FFree,FFree,,,,,,,,,,,,,,,,,,,,,,,,,,,,,,,,,,,,,,,,,,,,,,,,,,,,,,,,,,,,,,,
GSM 5506,FFree,FFree,FFree,FFree,FFree,FFree,FFree,FFree,FFree,FFree,FFree,FFree,FFree,FFree,FFree,FFree,FFree,FFree,FFree,,,,,,,,,,,,,,,,,,,,,,,,,,,,,,,,,,,,,,,,,,,,,,,,,,,,,,,,,,,,,,,
GSM 5508,FFree,FFree,FFree,FFree,FFree,FFree,FFree,FFree,FFree,FFree,FFree,FFree,FFree,FFree,FFree,FFree,FFree,FFree,FFree,,,,,,,,,,,,,,,,,,,,,,,,,,,,,,,,,,,,,,,,,,,,,,,,,,,,,,,,,,,,,,,
GSM 551,FFree,FFree,FFree,FFree,FFree,FFree,FFree,FFree,FFree,FFree,FFree,FFree,FFree,FFree,FFree,,,,,,,,,,,,,,,,,,,,,,,,,,,,,,,,,,,,,,,,,,,,,,,,,,,,,,,,,,,,,,,,,,,
GSM 580,FFree,FFree,FFree,FFree,FFree,FFree,FFree,FFree,FFree,FFree,FFree,FFree,FFree,FFree,FFree,,,,,,,,,,,,,,,,,,,,,,,,,,,,,,,,,,,,,,,,,,,,,,,,,,,,,,,,,,,,,,,,,,,
GSM 581,FFree,FFree,FFree,FFree,FFree,FFree,FFree,FFree,FFree,FFree,FFree,FFree,FFree,FFree,FFree,,,,,,,,,,,,,,,,,,,,,,,,,,,,,,,,,,,,,,,,,,,,,,,,,,,,,,,,,,,,,,,,,,,
GSM 582,FFree,FFree,FFree,FFree,FFree,FFree,FFree,FFree,FFree,FFree,FFree,FFree,FFree,FFree,FFree,,,,,,,,,,,,,,,,,,,,,,,,,,,,,,,,,,,,,,,,,,,,,,,,,,,,,,,,,,,,,,,,,,,
GSM 583,FFree,FFree,FFree,FFree,FFree,FFree,FFree,FFree,FFree,FFree,FFree,FFree,FFree,FFree,FFree,,,,,,,,,,,,,,,,,,,,,,,,,,,,,,,,,,,,,,,,,,,,,,,,,,,,,,,,,,,,,,,,,,,
GSM 585,FFree,FFree,FFree,FFree,FFree,FFree,FFree,FFree,FFree,FFree,FFree,FFree,FFree,FFree,FFree,,,,,,,,,,,,,,,,,,,,,,,,,,,,,,,,,,,,,,,,,,,,,,,,,,,,,,,,,,,,,,,,,,,
GSM 587,FFree,FFree,FFree,FFree,FFree,FFree,FFree,FFree,FFree,FFree,FFree,FFree,FFree,FFree,FFree,,,,,,,,,,,,,,,,,,,,,,,,,,,,,,,,,,,,,,,,,,,,,,,,,,,,,,,,,,,,,,,,,,,
GSM 589,FFree,FFree,FFree,FFree,FFree,FFree,FFree,FFree,FFree,FFree,FFree,FFree,FFree,FFree,FFree,,,,,,,,,,,,,,,,,,,,,,,,,,,,,,,,,,,,,,,,,,,,,,,,,,,,,,,,,,,,,,,,,,,
GSM 590,FFree,FFree,FFree,FFree,FFree,FFree,FFree,FFree,FFree,FFree,FFree,FFree,FFree,FFree,FFree,,,,,,,,,,,,,,,,,,,,,,,,,,,,,,,,,,,,,,,,,,,,,,,,,,,,,,,,,,,,,,,,,,,
GSM 593,FFree,FFree,FFree,FFree,FFree,FFree,FFree,FFree,FFree,FFree,FFree,FFree,FFree,FFree,FFree,,,,,,,,,,,,,,,,,,,,,,,,,,,,,,,,,,,,,,,,,,,,,,,,,,,,,,,,,,,,,,,,,,,
GSM 594,FFree,FFree,FFree,FFree,FFree,FFree,FFree,FFree,FFree,FFree,FFree,FFree,FFree,FFree,FFree,,,,,,,,,,,,,,,,,,,,,,,,,,,,,,,,,,,,,,,,,,,,,,,,,,,,,,,,,,,,,,,,,,,
GSM 595,FFree,FFree,FFree,FFree,FFree,FFree,FFree,FFree,FFree,FFree,FFree,FFree,FFree,FFree,FFree,,,,,,,,,,,,,,,,,,,,,,,,,,,,,,,,,,,,,,,,,,,,,,,,,,,,,,,,,,,,,,,,,,,
GSM 596,FFree,FFree,FFree,FFree,FFree,FFree,FFree,FFree,FFree,FFree,FFree,FFree,FFree,FFree,FFree,,,,,,,,,,,,,,,,,,,,,,,,,,,,,,,,,,,,,,,,,,,,,,,,,,,,,,,,,,,,,,,,,,,
GSM 598,FFree,FFree,FFree,FFree,FFree,FFree,FFree,FFree,FFree,FFree,FFree,FFree,FFree,FFree,FFree,,,,,,,,,,,,,,,,,,,,,,,,,,,,,,,,,,,,,,,,,,,,,,,,,,,,,,,,,,,,,,,,,,,
GSM 599,FFree,FFree,FFree,FFree,FFree,FFree,FFree,FFree,FFree,FFree,FFree,FFree,FFree,FFree,FFree,FFree,FFree,FFree,FFree,,,,,,,,,,,,,,,,,,,,,,,,,,,,,,,,,,,,,,,,,,,,,,,,,,,,,,,,,,,,,,,
GSM 608,FFree,FFree,FFree,FFree,FFree,FFree,FFree,FFree,FFree,FFree,FFree,FFree,FFree,FFree,FFree,,,,,,,,,,,,,,,,,,,,,,,,,,,,,,,,,,,,,,,,,,,,,,,,,,,,,,,,,,,,,,,,,,,
GSM 617,FFree,FFree,FFree,FFree,FFree,FFree,FFree,FFree,FFree,FFree,FFree,FFree,FFree,FFree,FFree,,,,,,,,,,,,,,,,,,,,,,,,,,,,,,,,,,,,,,,,,,,,,,,,,,,,,,,,,,,,,,,,,,,
HART 511,FFree,FFree,FFree,FFree,FFree,FFree,FFree,FFree,FFree,FFree,FFree,FFree,FFree,FFree,FFree,FFree,FFree,FFree,FFree,FFree,FFree,AArea,AArea,AArea,AArea,AArea,AArea,AArea,AArea,AArea,AArea,AArea,AArea,AArea,AArea,AArea,AArea,AArea,AArea,AArea,AArea,AArea,AArea,AArea,AArea,AArea,AArea,AArea,AArea,AArea,AArea,AArea,AArea,AArea,AArea,AArea,AArea,AArea,AArea,AArea,AArea,AArea,AArea,AArea,AArea,AArea,AArea,AArea,AArea,AArea,,,,,,,,,,,,
HART 513,FFree,FFree,FFree,FFree,FFree,FFree,FFree,FFree,FFree,FFree,FFree,FFree,FFree,FFree,FFree,FFree,FFree,FFree,FFree,FFree,FFree,AArea,AArea,AArea,AArea,AArea,AArea,,,,,,,,,,,,,,,,,,,,,,,,,,,,,,,,,,,,,,,,,,,,,,,,,,,,,,,
HART 514,FFree,FFree,FFree,FFree,FFree,FFree,FFree,FFree,FFree,FFree,FFree,FFree,FFree,FFree,FFree,FFree,FFree,FFree,FFree,FFree,FFree,AArea,AArea,AArea,AArea,AArea,AArea,,,,,,,,,,,,,,,,,,,,,,,,,,,,,,,,,,,,,,,,,,,,,,,,,,,,,,,
HART 520,FFree,FFree,FFree,FFree,FFree,FFree,FFree,FFree,FFree,FFree,FFree,FFree,FFree,FFree,FFree,FFree,FFree,FFree,FFree,FFree,FFree,AArea,AArea,AArea,AArea,AArea,AArea,,,,,,,,,,,,,,,,,,,,,,,,,,,,,,,,,,,,,,,,,,,,,,,,,,,,,,,
HART 521,FFree,FFree,FFree,FFree,FFree,FFree,FFree,FFree,FFree,FFree,FFree,FFree,FFree,FFree,FFree,FFree,FFree,FFree,FFree,FFree,FFree,AArea,AArea,AArea,AArea,AArea,AArea,,,,,,,,,,,,,,,,,,,,,,,,,,,,,,,,,,,,,,,,,,,,,,,,,,,,,,,
HART 523,FFree,FFree,FFree,FFree,FFree,FFree,FFree,FFree,FFree,FFree,FFree,FFree,FFree,FFree,FFree,FFree,FFree,FFree,FFree,FFree,FFree,AArea,AArea,,,,,,,,,,,,,,,,,,,,,,,,,,,,,,,,,,,,,,,,,,,,,,,,,,,,,,,,,,,
HART 524,FFree,FFree,FFree,FFree,FFree,FFree,FFree,FFree,FFree,FFree,FFree,FFree,FFree,FFree,FFree,FFree,FFree,FFree,FFree,FFree,FFree,AArea,AArea,AArea,,,,,,,,,,,,,,,,,,,,,,,,,,,,,,,,,,,,,,,,,,,,,,,,,,,,,,,,,,
HART 525,FFree,FFree,FFree,FFree,FFree,FFree,FFree,FFree,FFree,FFree,FFree,FFree,FFree,FFree,FFree,FFree,FFree,FFree,FFree,FFree,FFree,AArea,AArea,AArea,AArea,AArea,AArea,,,,,,,,,,,,,,,,,,,,,,,,,,,,,,,,,,,,,,,,,,,,,,,,,,,,,,,
HART 531,FFree,FFree,FFree,FFree,FFree,FFree,FFree,FFree,FFree,FFree,FFree,FFree,FFree,FFree,FFree,FFree,FFree,FFree,FFree,FFree,FFree,AArea,AArea,AArea,AArea,AArea,AArea,AArea,AArea,AArea,AArea,AArea,AArea,AArea,AArea,AArea,AArea,,,,,,,,,,,,,,,,,,,,,,,,,,,,,,,,,,,,,,,,,,,,,
HART 532,FFree,FFree,FFree,FFree,FFree,FFree,FFree,FFree,FFree,FFree,FFree,FFree,FFree,FFree,FFree,FFree,FFree,FFree,FFree,FFree,FFree,AArea,AArea,AArea,AArea,AArea,AArea,,,,,,,,,,,,,,,,,,,,,,,,,,,,,,,,,,,,,,,,,,,,,,,,,,,,,,,
HART 533,FFree,FFree,FFree,FFree,FFree,FFree,FFree,FFree,FFree,FFree,FFree,FFree,FFree,FFree,FFree,FFree,FFree,FFree,,,,,,,,,,,,,,,,,,,,,,,,,,,,,,,,,,,,,,,,,,,,,,,,,,,,,,,,,,,,,,,,
HART 550,FFree,FFree,FFree,FFree,FFree,FFree,FFree,FFree,FFree,FFree,FFree,FFree,FFree,FFree,FFree,FFree,FFree,FFree,FFree,FFree,FFree,AArea,AArea,AArea,AArea,AArea,AArea,AArea,AArea,AArea,AArea,AArea,AArea,AArea,AArea,AArea,AArea,AArea,AArea,AArea,AArea,AArea,AArea,AArea,AArea,AArea,AArea,AArea,AArea,AArea,AArea,AArea,AArea,AArea,AArea,AArea,AArea,AArea,AArea,AArea,AArea,AArea,AArea,AArea,AArea,AArea,AArea,,,,,,,,,,,,,,,
HART 580,FFree,FFree,FFree,FFree,FFree,FFree,FFree,FFree,FFree,FFree,FFree,FFree,FFree,FFree,FFree,FFree,FFree,FFree,FFree,FFree,FFree,AArea,AArea,AArea,AArea,AArea,AArea,,,,,,,,,,,,,,,,,,,,,,AArea,AArea,AArea,AArea,AArea,AArea,AArea,AArea,AArea,AArea,AArea,AArea,AArea,AArea,AArea,AArea,AArea,AArea,AArea,AArea,AArea,AArea,,,,,,,,,,,,
HART 633,FFree,FFree,FFree,FFree,FFree,FFree,FFree,FFree,FFree,FFree,FFree,FFree,FFree,FFree,FFree,FFree,FFree,FFree,FFree,FFree,FFree,AArea,AArea,AArea,AArea,AArea,AArea,AArea,AArea,AArea,AArea,AArea,AArea,AArea,AArea,AArea,AArea,,,,,,,,,,,,,,,,,,,,,,,,,,,,,,,,,,,,,,,,,,,,,
HART 635,FFree,FFree,FFree,FFree,FFree,FFree,FFree,FFree,FFree,FFree,FFree,FFree,FFree,FFree,FFree,FFree,FFree,FFree,FFree,FFree,FFree,AArea,AArea,AArea,AArea,AArea,AArea,AArea,AArea,AArea,AArea,AArea,AArea,AArea,AArea,AArea,AArea,AArea,AArea,,,,,,,,,,,,,,,,,,,,,,,,,,,,,,,,,,,,,,,,,,,
HART 644,FFree,FFree,FFree,FFree,FFree,FFree,FFree,FFree,FFree,FFree,FFree,FFree,FFree,FFree,FFree,FFree,FFree,FFree,FFree,FFree,FFree,AArea,AArea,AArea,AArea,AArea,AArea,AArea,AArea,AArea,AArea,AArea,AArea,AArea,,,,,,,,,,,,,,,,,,,,,,,,,,,,,,,,,,,,,,,,,,,,,,,,
HIST 503,FFree,FFree,FFree,FFree,FFree,FFree,FFree,FFree,FFree,FFree,FFree,FFree,FFree,FFree,FFree,FFree,FFree,FFree,FFree,FFree,FFree,AArea,AArea,AArea,AArea,AArea,AArea,AArea,AArea,AArea,AArea,AArea,AArea,AArea,AArea,AArea,AArea,AArea,AArea,AArea,AArea,AArea,AArea,AArea,AArea,AArea,AArea,AArea,AArea,AArea,AArea,AArea,AArea,AArea,AArea,AArea,AArea,AArea,AArea,AArea,AArea,AArea,AArea,AArea,AArea,AArea,AArea,AArea,AArea,AArea,,,,,,,,,,,,
HIST 504,FFree,FFree,FFree,FFree,FFree,FFree,FFree,FFree,FFree,FFree,FFree,FFree,FFree,FFree,FFree,FFree,FFree,FFree,FFree,FFree,FFree,AArea,AArea,AArea,AArea,AArea,AArea,,,,,,,,,,,,,,,,,,,,,,,,,,,,,,,,,,,,,,,,,,,,,,,,,AArea,AArea,AArea,AArea,AArea,AArea,AArea
HIST 506,FFree,FFree,FFree,FFree,FFree,FFree,FFree,FFree,FFree,FFree,FFree,FFree,FFree,FFree,FFree,FFree,FFree,FFree,FFree,FFree,FFree,AArea,AArea,AArea,AArea,AArea,AArea,,,,,,,,,,,,,AArea,AArea,AArea,AArea,AArea,AArea,AArea,AArea,AArea,AArea,AArea,AArea,AArea,AArea,AArea,AArea,AArea,AArea,AArea,AArea,AArea,AArea,AArea,AArea,AArea,AArea,AArea,AArea,AArea,AArea,AArea,,,,,,,,,,,,
HIST 511,FFree,FFree,FFree,FFree,FFree,FFree,FFree,FFree,FFree,FFree,FFree,FFree,FFree,FFree,FFree,FFree,FFree,FFree,FFree,FFree,FFree,AArea,AArea,AArea,AArea,AArea,AArea,AArea,AArea,AArea,AArea,AArea,AArea,AArea,AArea,AArea,AArea,AArea,AArea,AArea,AArea,AArea,AArea,AArea,AArea,AArea,AArea,AArea,AArea,AArea,AArea,AArea,AArea,AArea,AArea,AArea,AArea,AArea,AArea,AArea,AArea,AArea,AArea,AArea,AArea,AArea,AArea,AArea,AArea,AArea,AArea,AArea,AArea,AArea,AArea,AArea,AArea,AArea,AArea,AArea,AArea,AArea
HIST 512,FFree,FFree,FFree,FFree,FFree,FFree,FFree,FFree,FFree,FFree,FFree,FFree,FFree,FFree,FFree,FFree,FFree,FFree,FFree,FFree,FFree,AArea,AArea,AArea,AArea,AArea,AArea,AArea,AArea,AArea,AArea,AArea,AArea,AArea,AArea,AArea,AArea,AArea,AArea,AArea,AArea,AArea,AArea,AArea,AArea,AArea,AArea,AArea,AArea,AArea,AArea,AArea,AArea,AArea,AArea,AArea,AArea,AArea,AArea,AArea,AArea,AArea,AArea,AArea,AArea,AArea,AArea,AArea,AArea,AArea,AArea,AArea,AArea,AArea,AArea,AArea,AArea,AArea,AArea,AArea,AArea,AArea
HIST 513,FFree,FFree,FFree,FFree,FFree,FFree,FFree,FFree,FFree,FFree,FFree,FFree,FFree,FFree,FFree,FFree,FFree,FFree,FFree,FFree,FFree,AArea,AArea,AArea,AArea,AArea,AArea,AArea,AArea,AArea,AArea,AArea,AArea,AArea,AArea,AArea,AArea,AArea,AArea,AArea,AArea,AArea,AArea,AArea,AArea,AArea,AArea,AArea,AArea,AArea,AArea,AArea,AArea,AArea,AArea,AArea,AArea,AArea,AArea,AArea,AArea,AArea,AArea,AArea,AArea,AArea,AArea,AArea,AArea,AArea,,,,,,,,,,,,
HIST 514,FFree,FFree,FFree,FFree,FFree,FFree,FFree,FFree,FFree,FFree,FFree,FFree,FFree,FFree,FFree,FFree,FFree,FFree,FFree,FFree,FFree,AArea,AArea,AArea,AArea,AArea,AArea,AArea,AArea,AArea,AArea,AArea,AArea,AArea,AArea,AArea,AArea,AArea,AArea,AArea,AArea,AArea,AArea,AArea,AArea,AArea,AArea,AArea,AArea,AArea,AArea,AArea,AArea,AArea,AArea,AArea,AArea,AArea,AArea,AArea,AArea,AArea,AArea,AArea,AArea,AArea,AArea,AArea,AArea,AArea,,,,,,,,,,,,
HIST 515,FFree,FFree,FFree,FFree,FFree,FFree,FFree,FFree,FFree,FFree,FFree,FFree,FFree,FFree,FFree,FFree,FFree,FFree,FFree,FFree,FFree,AArea,AArea,AArea,AArea,AArea,AArea,,,,,,,,,,,,,,,,,,,,,,,,,,,,,,,,,,AArea,AArea,AArea,AArea,AArea,AArea,AArea,AArea,AArea,,,,,,,,,,,,,
HIST 516,FFree,FFree,FFree,FFree,FFree,FFree,FFree,FFree,FFree,FFree,FFree,FFree,FFree,FFree,FFree,FFree,FFree,FFree,FFree,FFree,FFree,AArea,AArea,AArea,AArea,AArea,AArea,AArea,AArea,AArea,AArea,AArea,AArea,AArea,AArea,AArea,AArea,AArea,AArea,AArea,AArea,AArea,AArea,AArea,AArea,AArea,AArea,AArea,AArea,AArea,AArea,AArea,AArea,AArea,AArea,AArea,AArea,AArea,AArea,AArea,AArea,AArea,AArea,AArea,AArea,AArea,AArea,AArea,AArea,AArea,,,,,,,,,,,,
HIST 517,FFree,FFree,FFree,FFree,FFree,FFree,FFree,FFree,FFree,FFree,FFree,FFree,FFree,FFree,FFree,FFree,FFree,FFree,FFree,FFree,FFree,AArea,AArea,AArea,AArea,AArea,AArea,,,,,,,,,,,,,,,,,CCore 2,CCore 2,CCore 2,CCore 2,CCore 2,CCore 2,CCore 2,CCore 2,CCore 2,CCore 2,CCore 2,CCore 2,CCore 2,CCore 2,CCore 2,CCore 2,CCore 2,CCore 2,CCore 2,CCore 2,CCore 2,CCore 2,CCore 2,CCore 2,CCore 2,CCore 2,,,,,,,,,,,,,
HIST 519,FFree,FFree,FFree,FFree,FFree,FFree,FFree,FFree,FFree,FFree,FFree,FFree,FFree,FFree,FFree,FFree,FFree,FFree,FFree,FFree,FFree,AArea,AArea,AArea,AArea,AArea,AArea,AArea,AArea,AArea,AArea,AArea,AArea,AArea,AArea,AArea,AArea,AArea,AArea,AArea,AArea,AArea,AArea,AArea,AArea,AArea,AArea,AArea,AArea,AArea,AArea,AArea,AArea,AArea,AArea,AArea,AArea,AArea,AArea,AArea,AArea,AArea,AArea,AArea,AArea,AArea,AArea,AArea,AArea,AArea,,,,,,,,,,,,
HIST 521,FFree,FFree,FFree,FFree,FFree,FFree,FFree,FFree,FFree,FFree,FFree,FFree,FFree,FFree,FFree,FFree,FFree,FFree,FFree,FFree,FFree,AArea,AArea,AArea,AArea,AArea,AArea,AArea,AArea,AArea,AArea,AArea,AArea,AArea,AArea,AArea,AArea,AArea,AArea,AArea,AArea,AArea,AArea,AArea,AArea,AArea,AArea,AArea,AArea,AArea,AArea,AArea,AArea,AArea,AArea,AArea,AArea,AArea,AArea,AArea,AArea,AArea,AArea,AArea,AArea,AArea,AArea,AArea,AArea,AArea,AArea,AArea,AArea,AArea,AArea,AArea,AArea,AArea,AArea,AArea,AArea,AArea
HIST 524,FFree,FFree,FFree,FFree,FFree,FFree,FFree,FFree,FFree,FFree,FFree,FFree,FFree,FFree,FFree,FFree,FFree,FFree,FFree,FFree,FFree,AArea,AArea,AArea,AArea,AArea,AArea,AArea,AArea,AArea,AArea,AArea,AArea,AArea,AArea,AArea,AArea,AArea,AArea,AArea,AArea,AArea,AArea,AArea,AArea,AArea,AArea,AArea,AArea,AArea,AArea,AArea,AArea,AArea,AArea,AArea,AArea,AArea,AArea,AArea,AArea,AArea,AArea,AArea,AArea,AArea,AArea,AArea,AArea,AArea,AArea,AArea,AArea,AArea,AArea,AArea,AArea,AArea,AArea,AArea,AArea,AArea
HIST 525,FFree,FFree,FFree,FFree,FFree,FFree,FFree,FFree,FFree,FFree,FFree,FFree,FFree,FFree,FFree,FFree,FFree,FFree,FFree,FFree,FFree,AArea,AArea,AArea,AArea,AArea,AArea,AArea,AArea,AArea,AArea,AArea,AArea,AArea,AArea,AArea,AArea,AArea,AArea,AArea,AArea,AArea,AArea,AArea,AArea,AArea,AArea,AArea,AArea,AArea,AArea,AArea,AArea,AArea,AArea,AArea,AArea,AArea,AArea,AArea,AArea,AArea,AArea,AArea,AArea,AArea,AArea,AArea,AArea,AArea,AArea,AArea,AArea,AArea,AArea,AArea,AArea,AArea,AArea,AArea,AArea,AArea
HIST 526,FFree,FFree,FFree,FFree,FFree,FFree,FFree,,,,,,,,,,,,,,,,,,,,,,,,,,,,,,,,,,,,,,,,,,,,,,,,,,,,,,,,,,,,,,,,,,,,,,,,,,,
HIST 527,FFree,FFree,FFree,FFree,FFree,FFree,FFree,FFree,FFree,FFree,FFree,FFree,FFree,FFree,FFree,FFree,FFree,FFree,FFree,FFree,FFree,AArea,AArea,AArea,AArea,AArea,AArea,AArea,AArea,AArea,AArea,AArea,AArea,AArea,AArea,AArea,AArea,AArea,AArea,AArea,AArea,AArea,AArea,AArea,AArea,AArea,AArea,AArea,AArea,AArea,AArea,AArea,AArea,AArea,AArea,AArea,AArea,AArea,AArea,AArea,AArea,AArea,AArea,AArea,AArea,AArea,AArea,AArea,AArea,AArea,,,,,,,,,,,,
HIST 531,FFree,FFree,FFree,FFree,FFree,FFree,FFree,FFree,FFree,FFree,FFree,FFree,FFree,FFree,FFree,FFree,FFree,FFree,FFree,FFree,FFree,AArea,AArea,AArea,AArea,AArea,AArea,AArea,AArea,AArea,AArea,AArea,AArea,AArea,AArea,AArea,AArea,AArea,AArea,AArea,AArea,AArea,AArea,AArea,AArea,AArea,AArea,AArea,AArea,AArea,AArea,AArea,AArea,AArea,AArea,AArea,AArea,AArea,AArea,AArea,AArea,AArea,AArea,AArea,AArea,AArea,AArea,AArea,AArea,,,,,,,,,,,,,
HIST 532,FFree,FFree,FFree,FFree,FFree,FFree,FFree,FFree,FFree,FFree,FFree,FFree,FFree,FFree,FFree,FFree,FFree,FFree,FFree,FFree,FFree,AArea,AArea,AArea,AArea,AArea,AArea,,,,,,,AArea,AArea,AArea,AArea,AArea,AArea,AArea,AArea,AArea,AArea,AArea,AArea,AArea,AArea,AArea,AArea,AArea,AArea,AArea,AArea,AArea,AArea,AArea,AArea,AArea,AArea,AArea,AArea,AArea,AArea,,,,,,,,,,,,,,,,,,,
HIST 533,FFree,FFree,FFree,FFree,FFree,FFree,FFree,FFree,FFree,FFree,FFree,FFree,FFree,FFree,FFree,FFree,FFree,FFree,FFree,FFree,FFree,AArea,AArea,AArea,AArea,AArea,AArea,,,,,,,,,,,,,,,,,,,,,,AArea,AArea,AArea,AArea,AArea,AArea,AArea,AArea,AArea,AArea,AArea,AArea,AArea,AArea,AArea,AArea,AArea,AArea,AArea,AArea,AArea,AArea,,,,,,,,,,,,
HIST 534,FFree,FFree,FFree,FFree,FFree,FFree,FFree,FFree,FFree,FFree,FFree,FFree,FFree,FFree,FFree,FFree,FFree,FFree,FFree,FFree,FFree,AArea,AArea,AArea,AArea,AArea,AArea,,,,,,,,,,,,,AArea,AArea,AArea,AArea,AArea,AArea,AArea,AArea,AArea,AArea,,,,,,,,,,,,,,,,,,,,,,,,,,,,,,,,,
HIST 535,FFree,FFree,FFree,FFree,FFree,FFree,FFree,FFree,FFree,FFree,FFree,FFree,FFree,FFree,FFree,FFree,FFree,FFree,FFree,FFree,FFree,AArea,AArea,AArea,AArea,AArea,AArea,,,,,,,,,,,,,,,,,,,,,,AArea,AArea,AArea,AArea,AArea,AArea,AArea,AArea,AArea,AArea,AArea,AArea,AArea,AArea,AArea,AArea,AArea,AArea,AArea,AArea,AArea,AArea,AArea,AArea,AArea,AArea,AArea,AArea,AArea,AArea,AArea,AArea,AArea,AArea
HIST 536,FFree,FFree,FFree,FFree,FFree,FFree,FFree,FFree,FFree,FFree,FFree,FFree,FFree,FFree,FFree,FFree,FFree,FFree,FFree,FFree,FFree,AArea,AArea,AArea,AArea,AArea,AArea,,,,,,,,,,,,,,,,,,,,,,AArea,AArea,AArea,AArea,AArea,AArea,AArea,AArea,AArea,AArea,AArea,AArea,AArea,AArea,AArea,AArea,AArea,AArea,,,,,,,,,,,,,,,,
HIST 538,FFree,FFree,FFree,FFree,FFree,FFree,FFree,FFree,FFree,FFree,FFree,FFree,FFree,FFree,FFree,FFree,FFree,FFree,FFree,FFree,FFree,AArea,AArea,AArea,AArea,AArea,AArea,AArea,AArea,AArea,AArea,AArea,AArea,AArea,AArea,AArea,AArea,AArea,AArea,AArea,AArea,AArea,AArea,AArea,AArea,AArea,AArea,AArea,AArea,AArea,AArea,AArea,AArea,AArea,AArea,AArea,AArea,AArea,AArea,AArea,AArea,AArea,AArea,AArea,AArea,AArea,AArea,AArea,AArea,AArea,,,,,,,,,,,,
HIST 539,FFree,FFree,FFree,FFree,FFree,FFree,FFree,FFree,FFree,FFree,FFree,FFree,FFree,FFree,FFree,FFree,FFree,FFree,FFree,FFree,FFree,AArea,AArea,AArea,AArea,AArea,AArea,,,,,,,AArea,AArea,AArea,AArea,AArea,AArea,,,,,,,,,,,,,,,,,,,,,,,,,,,,,,,,,,,,,,,,,,,
HIST 541,FFree,FFree,FFree,FFree,FFree,FFree,FFree,FFree,FFree,FFree,FFree,FFree,FFree,FFree,FFree,FFree,FFree,FFree,FFree,FFree,FFree,AArea,AArea,AArea,AArea,AArea,AArea,,,,,,,,,,,,,,,,,,,,,,,,,,,,,,,,,,,,,,,,,,,,,,,,,,,,,,,
HIST 547,FFree,FFree,FFree,FFree,FFree,FFree,FFree,FFree,FFree,FFree,FFree,FFree,FFree,FFree,FFree,FFree,FFree,FFree,FFree,FFree,FFree,AArea,AArea,AArea,AArea,AArea,AArea,AArea,AArea,AArea,AArea,AArea,AArea,AArea,AArea,AArea,AArea,AArea,AArea,AArea,AArea,AArea,AArea,AArea,AArea,AArea,AArea,AArea,AArea,AArea,AArea,AArea,AArea,AArea,AArea,AArea,AArea,AArea,AArea,AArea,AArea,AArea,AArea,AArea,AArea,AArea,AArea,AArea,AArea,AArea,,,,,,,,,,,,
HIST 550,FFree,FFree,FFree,FFree,FFree,FFree,FFree,FFree,FFree,FFree,FFree,FFree,FFree,FFree,FFree,FFree,FFree,FFree,FFree,FFree,FFree,AArea,AArea,AArea,AArea,AArea,AArea,AArea,AArea,AArea,AArea,AArea,AArea,AArea,AArea,AArea,AArea,AArea,AArea,AArea,AArea,AArea,AArea,AArea,AArea,AArea,AArea,AArea,AArea,AArea,AArea,AArea,AArea,AArea,AArea,AArea,AArea,AArea,AArea,AArea,AArea,AArea,AArea,AArea,AArea,AArea,AArea,AArea,AArea,AArea,,,,,,,,,,,,
HIST 553,FFree,FFree,FFree,FFree,FFree,FFree,FFree,FFree,FFree,FFree,FFree,FFree,FFree,FFree,FFree,FFree,FFree,FFree,FFree,FFree,FFree,AArea,AArea,AArea,AArea,AArea,AArea,AArea,AArea,AArea,AArea,AArea,AArea,AArea,AArea,AArea,AArea,AArea,AArea,AArea,AArea,AArea,AArea,AArea,AArea,AArea,AArea,AArea,AArea,AArea,AArea,AArea,AArea,AArea,AArea,AArea,AArea,AArea,AArea,AArea,AArea,AArea,AArea,AArea,AArea,AArea,AArea,AArea,AArea,AArea,,,,,,,,,,,,
HIST 555,FFree,FFree,FFree,FFree,FFree,FFree,FFree,FFree,FFree,FFree,FFree,FFree,FFree,FFree,FFree,FFree,FFree,FFree,FFree,FFree,FFree,AArea,AArea,AArea,AArea,AArea,AArea,AArea,AArea,AArea,AArea,AArea,AArea,AArea,AArea,AArea,AArea,AArea,AArea,AArea,AArea,AArea,AArea,AArea,AArea,AArea,AArea,AArea,AArea,AArea,AArea,AArea,AArea,AArea,AArea,AArea,AArea,AArea,AArea,AArea,AArea,AArea,AArea,AArea,AArea,AArea,AArea,AArea,AArea,AArea,,,,,,,,,,,,
HIST 556,FFree,FFree,FFree,FFree,FFree,FFree,FFree,FFree,FFree,FFree,FFree,FFree,FFree,FFree,FFree,FFree,FFree,FFree,FFree,FFree,FFree,AArea,AArea,AArea,AArea,AArea,AArea,AArea,AArea,AArea,AArea,AArea,AArea,AArea,AArea,AArea,AArea,AArea,AArea,AArea,AArea,AArea,AArea,AArea,AArea,AArea,AArea,AArea,AArea,AArea,AArea,AArea,AArea,AArea,AArea,AArea,AArea,AArea,AArea,AArea,AArea,AArea,AArea,AArea,AArea,AArea,AArea,AArea,AArea,AArea,,,,,,,,,,,,
HIST 562,FFree,FFree,FFree,FFree,FFree,FFree,FFree,FFree,FFree,FFree,FFree,FFree,FFree,FFree,FFree,FFree,FFree,FFree,FFree,FFree,FFree,AArea,AArea,AArea,AArea,,,,,,,,,,,,,,,,,,,,,,,,,,,,,,,,,,,,,,,,,,,,,,,,,,,,,,,,,
HIST 563,FFree,FFree,FFree,FFree,FFree,FFree,FFree,FFree,FFree,FFree,FFree,FFree,FFree,FFree,FFree,FFree,FFree,FFree,FFree,FFree,FFree,AArea,AArea,AArea,AArea,AArea,AArea,AArea,AArea,AArea,AArea,AArea,AArea,AArea,AArea,AArea,AArea,AArea,AArea,AArea,AArea,AArea,AArea,AArea,AArea,AArea,AArea,AArea,AArea,AArea,AArea,AArea,AArea,AArea,AArea,AArea,AArea,AArea,AArea,AArea,AArea,AArea,AArea,AArea,AArea,AArea,AArea,AArea,AArea,AArea,,,,,,,,,,,,
HIST 564,FFree,FFree,FFree,FFree,FFree,FFree,FFree,FFree,FFree,FFree,FFree,FFree,FFree,FFree,FFree,FFree,FFree,FFree,FFree,FFree,FFree,AArea,AArea,AArea,AArea,AArea,AArea,AArea,AArea,AArea,AArea,AArea,AArea,AArea,AArea,AArea,AArea,AArea,AArea,AArea,AArea,AArea,AArea,AArea,AArea,AArea,AArea,AArea,AArea,AArea,AArea,AArea,AArea,AArea,AArea,AArea,AArea,AArea,AArea,AArea,AArea,AArea,AArea,AArea,AArea,AArea,AArea,AArea,AArea,AArea,,,,,,,,,,,,
HIST 565,FFree,FFree,FFree,FFree,FFree,FFree,FFree,FFree,FFree,FFree,FFree,FFree,FFree,FFree,FFree,FFree,FFree,FFree,FFree,FFree,FFree,AArea,AArea,AArea,AArea,AArea,AArea,,,,,,,,,,,,,,,,,,,,,,AArea,AArea,AArea,AArea,AArea,AArea,AArea,AArea,AArea,AArea,AArea,AArea,AArea,AArea,AArea,AArea,AArea,AArea,AArea,AArea,AArea,AArea,,,,,,,,,,,,
HIST 570,FFree,FFree,FFree,FFree,FFree,FFree,FFree,FFree,FFree,FFree,FFree,FFree,FFree,FFree,FFree,FFree,FFree,FFree,FFree,FFree,FFree,AArea,AArea,AArea,AArea,AArea,AArea,AArea,AArea,AArea,AArea,AArea,AArea,AArea,AArea,AArea,AArea,AArea,AArea,AArea,AArea,AArea,AArea,AArea,AArea,AArea,AArea,AArea,AArea,AArea,AArea,AArea,AArea,AArea,AArea,AArea,AArea,AArea,AArea,AArea,AArea,AArea,AArea,AArea,AArea,AArea,AArea,AArea,AArea,AArea,,,,,,,,,,,,
HIST 571,FFree,FFree,FFree,FFree,FFree,FFree,FFree,FFree,FFree,FFree,FFree,FFree,FFree,FFree,FFree,FFree,FFree,FFree,FFree,FFree,FFree,AArea,AArea,AArea,AArea,AArea,AArea,AArea,AArea,AArea,AArea,AArea,AArea,AArea,AArea,AArea,AArea,AArea,AArea,AArea,AArea,AArea,AArea,AArea,AArea,AArea,AArea,AArea,AArea,AArea,AArea,AArea,AArea,AArea,AArea,AArea,AArea,AArea,AArea,AArea,AArea,AArea,AArea,AArea,AArea,AArea,AArea,AArea,AArea,AArea,AArea,AArea,AArea,AArea,AArea,AArea,AArea,AArea,AArea,AArea,AArea,AArea
HIST 573,FFree,FFree,FFree,FFree,FFree,FFree,FFree,FFree,FFree,FFree,FFree,FFree,FFree,FFree,FFree,FFree,FFree,FFree,FFree,FFree,FFree,AArea,AArea,AArea,AArea,AArea,AArea,,,,,,,,,,,,,,,,,,,,,,,,,,,,,,,,,,,,,,,,,,,,,,,,,AArea,AArea,AArea,AArea,AArea,AArea,AArea
HIST 575,FFree,FFree,FFree,FFree,FFree,FFree,FFree,FFree,FFree,FFree,FFree,FFree,FFree,FFree,FFree,FFree,FFree,FFree,FFree,FFree,FFree,AArea,AArea,AArea,AArea,AArea,AArea,AArea,AArea,AArea,AArea,AArea,AArea,AArea,AArea,AArea,AArea,AArea,AArea,AArea,AArea,AArea,AArea,AArea,AArea,AArea,AArea,AArea,AArea,AArea,AArea,AArea,AArea,AArea,AArea,AArea,AArea,AArea,AArea,AArea,AArea,AArea,AArea,AArea,AArea,AArea,AArea,AArea,AArea,AArea,,,,,,,,,,,,
HIST 576,FFree,FFree,FFree,FFree,FFree,FFree,FFree,FFree,FFree,FFree,FFree,FFree,FFree,FFree,FFree,FFree,FFree,FFree,FFree,FFree,FFree,AArea,AArea,AArea,AArea,AArea,AArea,,,,,,,,,,,,,,,,,,,,,,AArea,AArea,AArea,AArea,AArea,AArea,AArea,AArea,AArea,AArea,AArea,AArea,AArea,AArea,AArea,AArea,AArea,AArea,AArea,AArea,AArea,AArea,,,,,,,,,,,,
HIST 583,FFree,FFree,FFree,FFree,FFree,FFree,FFree,,,,,,,,,,,,,,,,,,,,,,,,,,,,,,,,,,,,,,,,,,,,,,,,,,,,,,,,,,,,,,,,,,,,,,,,,,,
HIST 585,FFree,FFree,FFree,FFree,FFree,FFree,FFree,FFree,FFree,FFree,FFree,FFree,FFree,FFree,FFree,FFree,FFree,FFree,FFree,FFree,FFree,AArea,AArea,AArea,AArea,AArea,AArea,AArea,AArea,AArea,AArea,AArea,AArea,AArea,AArea,AArea,AArea,AArea,AArea,AArea,AArea,AArea,AArea,AArea,AArea,AArea,AArea,AArea,AArea,AArea,AArea,AArea,AArea,AArea,AArea,AArea,AArea,AArea,AArea,AArea,,,,,,,,,,,,,,,,,,,,,,
HIST 586,FFree,FFree,FFree,FFree,FFree,FFree,FFree,FFree,FFree,FFree,FFree,FFree,FFree,FFree,FFree,FFree,FFree,FFree,FFree,FFree,FFree,AArea,AArea,AArea,AArea,AArea,AArea,AArea,AArea,AArea,AArea,AArea,AArea,AArea,AArea,AArea,AArea,AArea,AArea,AArea,AArea,AArea,AArea,AArea,AArea,AArea,AArea,AArea,AArea,AArea,AArea,AArea,AArea,AArea,AArea,AArea,AArea,AArea,AArea,AArea,AArea,AArea,AArea,AArea,AArea,AArea,AArea,AArea,AArea,AArea,,,,,,,,,,,,
HIST 587,FFree,FFree,FFree,FFree,FFree,FFree,FFree,FFree,FFree,FFree,FFree,FFree,FFree,FFree,FFree,FFree,FFree,FFree,FFree,FFree,FFree,AArea,AArea,AArea,AArea,AArea,AArea,AArea,AArea,AArea,AArea,AArea,AArea,AArea,AArea,AArea,AArea,AArea,AArea,AArea,AArea,AArea,AArea,AArea,AArea,AArea,AArea,AArea,AArea,AArea,AArea,AArea,AArea,AArea,AArea,AArea,AArea,AArea,AArea,AArea,AArea,AArea,AArea,AArea,AArea,AArea,AArea,AArea,AArea,AArea,,,,,,,,,,,,
HIST 588,FFree,FFree,FFree,FFree,FFree,FFree,FFree,FFree,FFree,FFree,FFree,FFree,FFree,FFree,FFree,FFree,FFree,FFree,FFree,FFree,FFree,AArea,AArea,AArea,AArea,AArea,AArea,AArea,AArea,AArea,AArea,AArea,AArea,AArea,AArea,AArea,AArea,AArea,AArea,AArea,AArea,AArea,AArea,AArea,AArea,AArea,AArea,AArea,AArea,AArea,AArea,AArea,AArea,AArea,AArea,AArea,AArea,AArea,AArea,AArea,AArea,AArea,AArea,AArea,AArea,AArea,AArea,AArea,AArea,AArea,,,,,,,,,,,,
HIST 589,FFree,FFree,FFree,FFree,FFree,FFree,FFree,FFree,FFree,FFree,FFree,FFree,FFree,FFree,FFree,FFree,FFree,FFree,FFree,FFree,FFree,AArea,AArea,AArea,AArea,AArea,AArea,AArea,AArea,AArea,AArea,AArea,AArea,AArea,AArea,AArea,AArea,AArea,AArea,AArea,AArea,AArea,AArea,AArea,AArea,AArea,AArea,AArea,AArea,AArea,AArea,AArea,AArea,AArea,AArea,AArea,AArea,AArea,AArea,AArea,AArea,AArea,AArea,AArea,AArea,AArea,AArea,AArea,AArea,AArea,AArea,AArea,AArea,AArea,AArea,AArea,AArea,AArea,AArea,AArea,AArea,AArea
HIST 593,FFree,FFree,FFree,FFree,FFree,FFree,FFree,FFree,FFree,FFree,FFree,FFree,FFree,FFree,FFree,FFree,FFree,FFree,FFree,FFree,FFree,AArea,AArea,AArea,AArea,AArea,AArea,AArea,AArea,AArea,AArea,AArea,AArea,AArea,AArea,AArea,AArea,AArea,AArea,AArea,AArea,AArea,AArea,AArea,AArea,AArea,AArea,AArea,AArea,AArea,AArea,AArea,AArea,AArea,AArea,AArea,AArea,AArea,AArea,AArea,AArea,AArea,AArea,AArea,AArea,AArea,AArea,AArea,AArea,AArea,,,,,,,,,,,,
HIST 594,FFree,FFree,FFree,FFree,FFree,FFree,FFree,,,,,,,,,,,,,,,,,,,,,,,,,,,,,,,,,,,,,,,,,,,,,,,,,,,,,,,,,,,,,,,,,,,,,,,,,,,
HIST 596,FFree,FFree,FFree,FFree,FFree,FFree,FFree,FFree,FFree,FFree,FFree,FFree,FFree,FFree,FFree,FFree,FFree,FFree,FFree,FFree,FFree,AArea,AArea,AArea,AArea,AArea,AArea,AArea,AArea,AArea,AArea,AArea,AArea,AArea,AArea,AArea,AArea,AArea,AArea,AArea,AArea,AArea,AArea,AArea,AArea,AArea,AArea,AArea,AArea,AArea,AArea,AArea,AArea,AArea,AArea,AArea,AArea,AArea,AArea,AArea,AArea,AArea,AArea,AArea,AArea,AArea,AArea,AArea,AArea,AArea,,,,,,,,,,,,
HIST 597,FFree,FFree,FFree,FFree,FFree,FFree,FFree,FFree,FFree,FFree,FFree,FFree,FFree,FFree,FFree,FFree,FFree,FFree,FFree,FFree,FFree,AArea,AArea,AArea,AArea,AArea,AArea,AArea,AArea,AArea,AArea,AArea,AArea,AArea,AArea,AArea,AArea,AArea,AArea,AArea,AArea,AArea,AArea,AArea,AArea,AArea,AArea,AArea,AArea,AArea,AArea,AArea,AArea,AArea,AArea,AArea,AArea,AArea,AArea,AArea,AArea,AArea,AArea,AArea,AArea,AArea,AArea,AArea,AArea,AArea,,,,,,,,,,,,
HIST 598,FFree,FFree,FFree,FFree,FFree,FFree,FFree,FFree,FFree,FFree,FFree,FFree,FFree,FFree,FFree,FFree,FFree,FFree,FFree,FFree,FFree,AArea,AArea,AArea,AArea,AArea,AArea,,,,,,,,,,,,,,,,,,,,,,,,,,,,,,,,,,,,,,,,,,,,,,,,,,,,,,,
HIST 601,FFree,FFree,FFree,FFree,FFree,FFree,FFree,FFree,FFree,FFree,FFree,FFree,FFree,FFree,FFree,FFree,FFree,FFree,FFree,FFree,FFree,AArea,AArea,AArea,AArea,AArea,AArea,AArea,AArea,AArea,AArea,AArea,AArea,AArea,AArea,AArea,AArea,AArea,AArea,AArea,AArea,AArea,AArea,AArea,AArea,AArea,AArea,AArea,AArea,AArea,AArea,AArea,AArea,AArea,AArea,AArea,AArea,AArea,AArea,AArea,AArea,AArea,AArea,AArea,AArea,AArea,AArea,AArea,AArea,AArea,AArea,AArea,AArea,AArea,AArea,AArea,AArea,AArea,AArea,AArea,AArea,AArea
HIST 602,FFree,FFree,FFree,FFree,FFree,FFree,FFree,FFree,FFree,FFree,FFree,FFree,FFree,FFree,FFree,FFree,FFree,FFree,FFree,FFree,FFree,AArea,AArea,AArea,AArea,AArea,AArea,AArea,AArea,AArea,AArea,AArea,AArea,AArea,AArea,AArea,AArea,AArea,AArea,AArea,AArea,AArea,AArea,AArea,AArea,AArea,AArea,AArea,AArea,AArea,AArea,AArea,AArea,AArea,AArea,AArea,AArea,AArea,AArea,AArea,AArea,AArea,AArea,AArea,AArea,AArea,AArea,AArea,AArea,AArea,AArea,AArea,AArea,AArea,AArea,AArea,AArea,AArea,AArea,AArea,AArea,AArea
HIST 610,FFree,FFree,FFree,FFree,FFree,FFree,FFree,FFree,FFree,FFree,FFree,FFree,FFree,FFree,FFree,FFree,FFree,FFree,FFree,FFree,FFree,AArea,AArea,AArea,AArea,AArea,AArea,,,,,,,,,,,,,,,,,,,,,,,,,,,,,,,,,,,,,CCore 3,CCore 3,CCore 3,CCore 3,CCore 3,CCore 3,CCore 3,CCore 3,CCore 3,CCore 3,CCore 3,CCore 3,CCore 3,CCore 3,CCore 3,CCore 3,CCore 3,CCore 3,CCore 3
HIST 631,FFree,FFree,FFree,FFree,FFree,FFree,FFree,FFree,FFree,FFree,FFree,FFree,FFree,FFree,FFree,FFree,FFree,FFree,FFree,FFree,FFree,AArea,AArea,AArea,AArea,AArea,AArea,AArea,AArea,AArea,AArea,AArea,AArea,AArea,AArea,AArea,AArea,AArea,AArea,AArea,AArea,AArea,AArea,AArea,AArea,AArea,AArea,AArea,AArea,AArea,AArea,AArea,AArea,AArea,AArea,AArea,AArea,AArea,AArea,AArea,AArea,AArea,AArea,AArea,AArea,AArea,AArea,AArea,AArea,AArea,,,,,,,,,,,,
HIST 632,FFree,FFree,FFree,FFree,FFree,FFree,FFree,FFree,FFree,FFree,FFree,FFree,FFree,FFree,FFree,FFree,FFree,FFree,FFree,FFree,FFree,AArea,AArea,AArea,AArea,AArea,AArea,AArea,AArea,AArea,AArea,AArea,AArea,AArea,AArea,AArea,AArea,AArea,AArea,AArea,AArea,AArea,AArea,AArea,AArea,AArea,AArea,AArea,AArea,AArea,AArea,AArea,AArea,AArea,AArea,AArea,AArea,AArea,AArea,AArea,AArea,AArea,AArea,AArea,AArea,AArea,AArea,AArea,AArea,AArea,,,,,,,,,,,,
HIST 633,FFree,FFree,FFree,FFree,FFree,FFree,FFree,FFree,FFree,FFree,FFree,FFree,FFree,FFree,FFree,FFree,FFree,FFree,FFree,FFree,FFree,AArea,AArea,AArea,AArea,AArea,AArea,AArea,AArea,AArea,AArea,AArea,AArea,AArea,AArea,AArea,AArea,AArea,AArea,AArea,AArea,AArea,AArea,AArea,AArea,AArea,AArea,AArea,AArea,AArea,AArea,AArea,AArea,AArea,AArea,AArea,AArea,AArea,AArea,AArea,AArea,AArea,AArea,AArea,AArea,AArea,AArea,AArea,AArea,AArea,,,,,,,,,,,,
HIST 634,FFree,FFree,FFree,FFree,FFree,FFree,FFree,FFree,FFree,FFree,FFree,FFree,FFree,FFree,FFree,FFree,FFree,FFree,FFree,FFree,FFree,AArea,AArea,AArea,AArea,AArea,AArea,AArea,AArea,AArea,AArea,AArea,AArea,AArea,AArea,AArea,AArea,AArea,AArea,AArea,AArea,AArea,AArea,AArea,AArea,AArea,AArea,AArea,AArea,AArea,AArea,AArea,AArea,AArea,AArea,AArea,AArea,AArea,AArea,AArea,AArea,AArea,AArea,AArea,AArea,AArea,AArea,AArea,AArea,AArea,,,,,,,,,,,,
HIST 635,FFree,FFree,FFree,FFree,FFree,FFree,FFree,FFree,FFree,FFree,FFree,FFree,FFree,FFree,FFree,FFree,FFree,FFree,FFree,FFree,FFree,AArea,AArea,AArea,AArea,AArea,AArea,AArea,AArea,AArea,AArea,AArea,AArea,AArea,AArea,AArea,AArea,AArea,AArea,AArea,AArea,AArea,AArea,AArea,AArea,AArea,AArea,AArea,AArea,AArea,AArea,AArea,AArea,AArea,AArea,AArea,AArea,AArea,AArea,AArea,AArea,AArea,AArea,AArea,AArea,AArea,AArea,AArea,AArea,AArea,,,,,,,,,,,,
HIST 636,FFree,FFree,FFree,FFree,FFree,FFree,FFree,FFree,FFree,FFree,FFree,FFree,FFree,FFree,FFree,FFree,FFree,FFree,FFree,FFree,FFree,AArea,AArea,AArea,AArea,AArea,AArea,AArea,AArea,AArea,AArea,AArea,AArea,AArea,AArea,AArea,AArea,AArea,AArea,AArea,AArea,AArea,AArea,AArea,AArea,AArea,AArea,AArea,AArea,AArea,AArea,AArea,AArea,AArea,AArea,AArea,AArea,AArea,AArea,AArea,AArea,AArea,AArea,AArea,AArea,AArea,AArea,AArea,AArea,AArea,,,,,,,,,,,,
HIST 637,FFree,FFree,FFree,FFree,FFree,FFree,FFree,FFree,FFree,FFree,FFree,FFree,CCore 14,CCore 14,CCore 14,CCore 14,CCore 14,CCore 14,CCore 14,CCore 3,CCore 3,CCore 3,CCore 3,CCore 3,CCore 3,CCore 3,CCore 3,CCore 3,CCore 3,CCore 3,CCore 3,CCore 3,CCore 3,CCore 3,CCore 3,CCore 3,CCore 3,CCore 3,CCore 3,CCore 3,CCore 3,CCore 3,CCore 3,CCore 3,CCore 3,CCore 3,CCore 3,CCore 3,CCore 3,CCore 3,CCore 3,CCore 3,CCore 3,CCore 3,CCore 3,CCore 3,CCore 3,CCore 3,CCore 3,CCore 3,CCore 3,CCore 3,CCore 3,CCore 3,CCore 3,CCore 3,CCore 3,CCore 3,CCore 3,CCore 3,,,,,,,,,,,,
HIST 638,FFree,FFree,FFree,FFree,FFree,FFree,FFree,FFree,FFree,FFree,FFree,FFree,CCore 14,CCore 14,CCore 14,CCore 14,CCore 14,CCore 14,CCore 14,CCore 3,CCore 3,CCore 3,CCore 3,CCore 3,CCore 3,CCore 3,CCore 3,CCore 3,CCore 3,CCore 3,CCore 3,CCore 3,CCore 3,CCore 3,CCore 3,CCore 3,CCore 3,CCore 3,CCore 3,CCore 3,CCore 3,CCore 3,CCore 3,CCore 3,CCore 3,CCore 3,CCore 3,CCore 3,CCore 3,CCore 3,CCore 3,CCore 3,CCore 3,CCore 3,CCore 3,CCore 3,CCore 3,CCore 3,CCore 3,CCore 3,CCore 3,CCore 3,CCore 3,CCore 3,CCore 3,CCore 3,CCore 3,CCore 3,CCore 3,CCore 3,,,,,,,,,,,,
HIST 664,FFree,FFree,FFree,FFree,FFree,FFree,FFree,FFree,FFree,FFree,FFree,FFree,FFree,FFree,FFree,FFree,FFree,FFree,FFree,FFree,FFree,AArea,AArea,AArea,AArea,AArea,AArea,AArea,AArea,AArea,AArea,AArea,AArea,AArea,AArea,AArea,AArea,AArea,AArea,AArea,AArea,AArea,AArea,AArea,AArea,AArea,AArea,AArea,AArea,AArea,AArea,AArea,AArea,AArea,AArea,AArea,AArea,AArea,AArea,AArea,AArea,AArea,AArea,AArea,AArea,AArea,AArea,AArea,AArea,AArea,,,,,,,,,,,,
HIST 672,FFree,FFree,FFree,FFree,FFree,FFree,FFree,FFree,FFree,FFree,FFree,FFree,FFree,FFree,FFree,FFree,FFree,FFree,FFree,FFree,FFree,AArea,AArea,AArea,AArea,AArea,AArea,CCore 3,CCore 3,CCore 3,CCore 3,CCore 3,CCore 3,CCore 3,CCore 3,CCore 3,CCore 3,CCore 3,CCore 3,CCore 3,CCore 3,CCore 3,CCore 3,CCore 3,CCore 3,CCore 3,CCore 3,CCore 3,CCore 3,CCore 3,CCore 3,CCore 3,CCore 3,CCore 3,CCore 3,CCore 3,CCore 3,CCore 3,CCore 3,CCore 3,CCore 3,CCore 3,CCore 3,CCore 3,CCore 3,CCore 3,CCore 3,CCore 3,CCore 3,CCore 3,CCore 3,CCore 3,CCore 3,CCore 3,CCore 3,CCore 3,CCore 3,CCore 3,CCore 3,CCore 3,CCore 3,CCore 3
HIST 681,FFree,FFree,FFree,FFree,FFree,FFree,FFree,FFree,FFree,FFree,FFree,FFree,FFree,FFree,FFree,FFree,FFree,FFree,FFree,FFree,FFree,AArea,AArea,AArea,AArea,AArea,AArea,CCore 3,CCore 3,CCore 3,CCore 3,CCore 3,CCore 3,CCore 3,CCore 3,CCore 3,CCore 3,CCore 3,CCore 3,CCore 3,CCore 3,CCore 3,CCore 3,CCore 3,CCore 3,CCore 3,CCore 3,CCore 3,CCore 3,CCore 3,CCore 3,CCore 3,CCore 3,CCore 3,CCore 3,CCore 3,CCore 3,CCore 3,CCore 3,CCore 3,CCore 3,CCore 3,CCore 3,CCore 3,CCore 3,CCore 3,CCore 3,CCore 3,CCore 3,CCore 3,CCore 3,CCore 3,CCore 3,CCore 3,CCore 3,CCore 3,CCore 3,CCore 3,CCore 3,CCore 3,CCore 3,CCore 3
HIST 690,FFree,FFree,FFree,FFree,FFree,FFree,FFree,FFree,FFree,CCore 14,CCore 14,CCore 14,CCore 14,CCore 14,CCore 14,CCore 14,CCore 14,CCore 14,CCore 14,CCore 3,CCore 3,CCore 3,CCore 3,CCore 3,CCore 3,CCore 3,CCore 3,CCore 3,CCore 3,CCore 3,CCore 3,CCore 3,CCore 3,CCore 3,CCore 3,CCore 3,CCore 3,CCore 3,CCore 3,CCore 3,CCore 3,CCore 3,CCore 3,CCore 3,CCore 3,CCore 3,CCore 3,CCore 3,CCore 3,CCore 3,CCore 3,CCore 3,CCore 3,CCore 3,CCore 3,CCore 3,CCore 3,CCore 3,CCore 3,CCore 3,CCore 3,CCore 3,CCore 3,CCore 3,CCore 3,CCore 3,CCore 3,CCore 3,CCore 3,CCore 3,,,,,,,,,,,,
HIST 698,FFree,FFree,FFree,FFree,,,,,,,,,,,,,,,,,,,,,,,,,,,,,,,,,,,,,,,,,,,,,,,,,,,,,,,,,,,,,,,,,,,,,,,,,,,,,,
HIST 702,FFree,FFree,FFree,FFree,FFree,FFree,FFree,FFree,FFree,FFree,FFree,FFree,FFree,FFree,FFree,FFree,FFree,FFree,FFree,FFree,FFree,AArea,AArea,AArea,AArea,AArea,AArea,AArea,AArea,AArea,AArea,AArea,AArea,AArea,AArea,AArea,AArea,AArea,AArea,AArea,AArea,AArea,AArea,AArea,AArea,AArea,AArea,AArea,AArea,AArea,AArea,AArea,AArea,AArea,AArea,AArea,AArea,AArea,AArea,AArea,AArea,AArea,AArea,AArea,AArea,AArea,AArea,AArea,AArea,AArea,AArea,AArea,AArea,AArea,AArea,AArea,AArea,AArea,AArea,AArea,AArea,AArea
HIST 712,FFree,FFree,FFree,FFree,FFree,FFree,FFree,FFree,FFree,FFree,FFree,FFree,FFree,FFree,FFree,FFree,FFree,FFree,FFree,FFree,FFree,AArea,AArea,AArea,AArea,AArea,AArea,AArea,AArea,AArea,AArea,AArea,AArea,AArea,AArea,AArea,AArea,AArea,AArea,AArea,AArea,AArea,AArea,AArea,AArea,AArea,AArea,AArea,AArea,AArea,AArea,AArea,AArea,AArea,AArea,AArea,AArea,AArea,AArea,AArea,AArea,AArea,AArea,AArea,AArea,AArea,AArea,AArea,AArea,AArea,AArea,AArea,AArea,AArea,AArea,AArea,AArea,AArea,AArea,AArea,AArea,AArea
HIST 714,FFree,FFree,FFree,FFree,FFree,FFree,FFree,FFree,FFree,FFree,FFree,FFree,FFree,FFree,FFree,FFree,FFree,FFree,FFree,FFree,FFree,AArea,AArea,AArea,AArea,AArea,AArea,AArea,AArea,AArea,AArea,AArea,AArea,AArea,AArea,AArea,AArea,AArea,AArea,AArea,AArea,AArea,AArea,AArea,AArea,AArea,AArea,AArea,AArea,AArea,AArea,AArea,AArea,AArea,AArea,AArea,AArea,AArea,AArea,AArea,AArea,AArea,AArea,AArea,AArea,AArea,AArea,AArea,AArea,AArea,AArea,AArea,AArea,AArea,AArea,AArea,AArea,AArea,AArea,AArea,AArea,AArea
HIST 715,FFree,FFree,FFree,FFree,FFree,FFree,FFree,FFree,FFree,FFree,FFree,FFree,FFree,FFree,FFree,FFree,FFree,FFree,FFree,FFree,FFree,AArea,AArea,AArea,AArea,AArea,AArea,AArea,AArea,AArea,AArea,AArea,AArea,AArea,AArea,AArea,AArea,AArea,AArea,AArea,AArea,AArea,AArea,AArea,AArea,AArea,AArea,AArea,AArea,AArea,AArea,AArea,AArea,AArea,AArea,AArea,AArea,AArea,AArea,AArea,AArea,AArea,AArea,AArea,AArea,AArea,AArea,AArea,AArea,AArea,AArea,AArea,AArea,AArea,AArea,AArea,AArea,AArea,AArea,AArea,AArea,AArea
HIST 742,FFree,FFree,FFree,FFree,FFree,FFree,FFree,FFree,FFree,FFree,FFree,FFree,FFree,FFree,FFree,FFree,FFree,FFree,FFree,FFree,FFree,AArea,AArea,AArea,AArea,AArea,AArea,AArea,AArea,AArea,AArea,AArea,AArea,AArea,AArea,AArea,AArea,AArea,AArea,AArea,AArea,AArea,AArea,AArea,AArea,AArea,AArea,AArea,AArea,AArea,AArea,AArea,AArea,AArea,AArea,AArea,AArea,AArea,AArea,AArea,AArea,AArea,AArea,AArea,AArea,AArea,AArea,AArea,AArea,AArea,AArea,AArea,AArea,AArea,AArea,AArea,AArea,AArea,AArea,AArea,AArea,AArea
HIST 751,FFree,FFree,FFree,FFree,FFree,FFree,FFree,FFree,FFree,FFree,FFree,FFree,FFree,FFree,FFree,FFree,FFree,FFree,FFree,FFree,FFree,AArea,AArea,AArea,AArea,AArea,AArea,AArea,AArea,AArea,AArea,AArea,AArea,AArea,AArea,AArea,AArea,AArea,AArea,AArea,AArea,AArea,AArea,AArea,AArea,AArea,AArea,AArea,AArea,AArea,AArea,AArea,AArea,AArea,AArea,AArea,AArea,AArea,AArea,AArea,AArea,AArea,AArea,AArea,AArea,AArea,AArea,AArea,AArea,AArea,AArea,AArea,AArea,AArea,AArea,AArea,AArea,AArea,AArea,AArea,AArea,AArea
HIST 762,FFree,FFree,FFree,FFree,FFree,FFree,FFree,FFree,FFree,FFree,FFree,FFree,FFree,FFree,FFree,FFree,FFree,FFree,FFree,FFree,FFree,AArea,AArea,AArea,AArea,AArea,AArea,AArea,AArea,AArea,AArea,AArea,AArea,AArea,AArea,AArea,AArea,AArea,AArea,AArea,AArea,AArea,AArea,AArea,AArea,AArea,AArea,AArea,AArea,AArea,AArea,AArea,AArea,AArea,AArea,AArea,AArea,AArea,AArea,AArea,AArea,AArea,AArea,AArea,AArea,AArea,AArea,AArea,AArea,AArea,AArea,AArea,AArea,AArea,AArea,AArea,AArea,AArea,AArea,AArea,AArea,AArea
HIST 771,FFree,FFree,FFree,FFree,FFree,FFree,FFree,FFree,FFree,FFree,FFree,FFree,FFree,FFree,FFree,FFree,FFree,FFree,FFree,FFree,FFree,AArea,AArea,AArea,AArea,AArea,AArea,AArea,AArea,AArea,AArea,AArea,AArea,AArea,AArea,AArea,AArea,AArea,AArea,AArea,AArea,AArea,AArea,AArea,AArea,AArea,AArea,AArea,AArea,AArea,AArea,AArea,AArea,AArea,AArea,AArea,AArea,AArea,AArea,AArea,AArea,AArea,AArea,AArea,AArea,AArea,AArea,AArea,AArea,AArea,AArea,AArea,AArea,AArea,AArea,AArea,AArea,AArea,AArea,AArea,AArea,AArea
HIST 781,FFree,FFree,FFree,FFree,FFree,FFree,FFree,FFree,FFree,FFree,FFree,FFree,FFree,FFree,FFree,FFree,FFree,FFree,FFree,FFree,FFree,AArea,AArea,AArea,AArea,AArea,AArea,AArea,AArea,AArea,AArea,AArea,AArea,AArea,AArea,AArea,AArea,AArea,AArea,AArea,AArea,AArea,AArea,AArea,AArea,AArea,AArea,AArea,AArea,AArea,AArea,AArea,AArea,AArea,AArea,AArea,AArea,AArea,AArea,AArea,AArea,AArea,AArea,AArea,AArea,AArea,AArea,AArea,AArea,AArea,AArea,AArea,AArea,AArea,AArea,AArea,AArea,AArea,AArea,AArea,AArea,AArea
HIST 791,FFree,FFree,FFree,FFree,FFree,FFree,FFree,FFree,FFree,FFree,FFree,FFree,FFree,FFree,FFree,FFree,FFree,FFree,FFree,FFree,FFree,AArea,AArea,AArea,AArea,AArea,AArea,AArea,AArea,AArea,AArea,AArea,AArea,AArea,AArea,AArea,AArea,AArea,AArea,AArea,AArea,AArea,AArea,AArea,AArea,AArea,AArea,AArea,AArea,AArea,AArea,AArea,AArea,AArea,AArea,AArea,AArea,AArea,AArea,AArea,AArea,AArea,AArea,AArea,AArea,AArea,AArea,AArea,AArea,AArea,AArea,AArea,AArea,AArea,AArea,AArea,AArea,AArea,AArea,AArea,AArea,AArea
HIST 799,FFree,FFree,FFree,FFree,FFree,FFree,FFree,FFree,FFree,FFree,FFree,FFree,FFree,FFree,FFree,FFree,FFree,FFree,FFree,FFree,FFree,AArea,AArea,AArea,AArea,AArea,AArea,AArea,AArea,AArea,AArea,AArea,AArea,AArea,AArea,AArea,AArea,AArea,AArea,AArea,AArea,AArea,AArea,AArea,AArea,AArea,AArea,AArea,AArea,AArea,AArea,AArea,AArea,AArea,AArea,AArea,AArea,AArea,AArea,AArea,AArea,AArea,AArea,AArea,AArea,AArea,AArea,AArea,AArea,AArea,AArea,AArea,AArea,AArea,AArea,AArea,AArea,AArea,AArea,AArea,AArea,AArea
IE 501,FFree,FFree,FFree,FFree,FFree,FFree,FFree,FFree,FFree,FFree,FFree,FFree,FFree,FFree,FFree,FFree,FFree,FFree,FFree,FFree,FFree,AArea,AArea,AArea,AArea,AArea,AArea,,,,,,,,,,,,,,,,,,,,,,,,,,,,,,,,,,,,,,,,,,,,,,,,,,,,,,,
IE 503,FFree,FFree,FFree,FFree,FFree,FFree,FFree,FFree,FFree,FFree,FFree,FFree,FFree,FFree,FFree,FFree,FFree,FFree,FFree,FFree,FFree,AArea,AArea,AArea,AArea,AArea,AArea,,,,,,,,,,,,,,,,,,,,,,,,,,,,,,,,,,,,,,,,,,,,,,,,,,,,,,,
IE 509,FFree,FFree,FFree,FFree,FFree,FFree,FFree,FFree,FFree,FFree,FFree,FFree,FFree,FFree,FFree,FFree,FFree,FFree,FFree,FFree,FFree,AArea,AArea,AArea,AArea,AArea,AArea,,,,,,,,,,,,,,,,,,,,,,,,,,,,,,,,,,,,,,,,,,,,,,,,,,,,,,,
IE 512,FFree,FFree,FFree,FFree,FFree,FFree,FFree,FFree,FFree,FFree,FFree,FFree,FFree,FFree,FFree,FFree,FFree,FFree,FFree,FFree,FFree,AArea,AArea,AArea,AArea,AArea,AArea,,,,,,,,,,,,,,,,,,,,,,,,,,,,,,,,,,,,,,,,,,,,,,,,,,,,,,,
IE 514,FFree,FFree,FFree,FFree,FFree,FFree,FFree,FFree,FFree,FFree,FFree,FFree,FFree,FFree,FFree,FFree,FFree,FFree,FFree,FFree,FFree,AArea,AArea,AArea,AArea,AArea,AArea,,,,,,,,,,,,,,,,,,,,,,,,,,,,,,,,,,,,,,,,,,,,,,,,,,,,,,,
IE 515,FFree,FFree,FFree,FFree,FFree,FFree,FFree,FFree,FFree,FFree,FFree,FFree,FFree,FFree,FFree,FFree,FFree,FFree,FFree,FFree,FFree,AArea,AArea,AArea,AArea,AArea,AArea,,,,,,,,,,,,,,,,,,,,,,,,,,,,,,,,,,,,,,,,,,,,,,,,,,,,,,,
IE 516,FFree,FFree,FFree,FFree,FFree,FFree,FFree,FFree,FFree,FFree,FFree,FFree,FFree,FFree,FFree,FFree,FFree,FFree,FFree,FFree,FFree,AArea,AArea,AArea,AArea,AArea,AArea,,,,,,,,,,,,,,,,,,,,,,,,,,,,,,,,,,,,,,,,,,,,,,,,,,,,,,,
IE 518,FFree,FFree,FFree,FFree,FFree,FFree,FFree,FFree,FFree,FFree,FFree,FFree,FFree,FFree,FFree,FFree,FFree,FFree,FFree,FFree,FFree,AArea,AArea,AArea,AArea,AArea,AArea,,,,,,,,,,,,,,,,,,,,,,,,,,,,,,,,,,,,,,,,,,,,,,,,,,,,,,,
IE 519,FFree,FFree,FFree,FFree,FFree,FFree,FFree,FFree,FFree,FFree,FFree,FFree,FFree,FFree,FFree,FFree,FFree,FFree,FFree,FFree,FFree,AArea,AArea,AArea,AArea,AArea,AArea,,,,,,,,,,,,,,,,,,,,,,,,,,,,,,,,,,,,,,,,,,,,,,,,,,,,,,,
IE 522,FFree,FFree,FFree,FFree,FFree,FFree,FFree,FFree,FFree,FFree,FFree,FFree,FFree,FFree,FFree,FFree,FFree,FFree,FFree,FFree,FFree,AArea,AArea,AArea,AArea,AArea,AArea,,,,,,,,,,,,,,,,,,,,,,,,,,,,,,,,,,,,,,,,,,,,,,,,,,,,,,,
IE 524,FFree,FFree,FFree,FFree,FFree,FFree,FFree,FFree,FFree,FFree,FFree,FFree,FFree,FFree,FFree,FFree,FFree,FFree,FFree,FFree,FFree,AArea,AArea,AArea,AArea,AArea,AArea,,,,,,,,,,,,,,,,,,,,,,,,,,,,,,,,,,,,,,,,,,,,,,,,,,,,,,,
IE 525,FFree,FFree,FFree,FFree,FFree,FFree,FFree,FFree,FFree,FFree,FFree,FFree,FFree,FFree,FFree,FFree,FFree,FFree,FFree,FFree,FFree,AArea,AArea,AArea,AArea,AArea,AArea,,,,,,,,,,,,,,,,,,,,,,,,,,,,,,,,,,,,,,,,,,,,,,,,,,,,,,,
IE 527,FFree,FFree,FFree,FFree,FFree,FFree,FFree,FFree,FFree,FFree,FFree,FFree,FFree,FFree,FFree,FFree,FFree,FFree,FFree,FFree,FFree,AArea,AArea,AArea,AArea,AArea,AArea,,,,,,,,,,,,,,,,,,,,,,,,,,,,,,,,,,,,,,,,,,,,,,,,,,,,,,,
IE 530,FFree,FFree,FFree,FFree,FFree,FFree,FFree,FFree,FFree,FFree,FFree,FFree,FFree,FFree,FFree,FFree,FFree,FFree,FFree,FFree,FFree,AArea,AArea,AArea,AArea,AArea,AArea,,,,,,,,,,,,,,,,,,,,,,,,,,,,,,,,,,,,,,,,,,,,,,,,,,,,,,,
IE 532,FFree,FFree,FFree,FFree,FFree,FFree,FFree,FFree,FFree,FFree,FFree,FFree,FFree,FFree,FFree,FFree,FFree,FFree,FFree,FFree,FFree,AArea,AArea,AArea,AArea,AArea,AArea,,,,,,,,,,,,,,,,,,,,,,,,,,,,,,,,,,,,,,,,,,,,,,,,,,,,,,,
IE 536,FFree,FFree,FFree,FFree,FFree,FFree,FFree,FFree,FFree,FFree,FFree,FFree,FFree,FFree,FFree,FFree,FFree,FFree,FFree,FFree,FFree,AArea,AArea,AArea,AArea,AArea,AArea,,,,,,,,,,,,,,,,,,,,,,,,,,,,,,,,,,,,,,,,,,,,,,,,,,,,,,,
IE 545,FFree,FFree,FFree,FFree,FFree,FFree,FFree,FFree,FFree,FFree,FFree,FFree,FFree,FFree,FFree,FFree,FFree,FFree,FFree,FFree,FFree,AArea,AArea,AArea,AArea,AArea,AArea,,,,,,,,,,,,,,,,,,,,,,,,,,,,,,,,,,,,,,,,,,,,,,,,,,,,,,,
IE 550,FFree,FFree,FFree,FFree,FFree,FFree,FFree,FFree,FFree,FFree,FFree,FFree,FFree,FFree,FFree,FFree,FFree,FFree,FFree,FFree,FFree,AArea,AArea,AArea,AArea,AArea,AArea,,,,,,,,,,,,,,,,,,,,,,,,,,,,,,,,,,,,,,,,,,,,,,,,,,,,,,,
IE 553,FFree,FFree,FFree,FFree,FFree,FFree,FFree,FFree,FFree,FFree,FFree,FFree,FFree,FFree,FFree,FFree,FFree,FFree,FFree,FFree,FFree,AArea,AArea,AArea,AArea,AArea,AArea,,,,,,,,,,,,,,,,,,,,,,,,,,,,,,,,,,,,,,,,,,,,,,,,,,,,,,,
IE 554,FFree,FFree,FFree,FFree,FFree,FFree,FFree,FFree,FFree,FFree,FFree,FFree,FFree,FFree,FFree,FFree,FFree,FFree,FFree,FFree,FFree,AArea,AArea,AArea,AArea,AArea,AArea,,,,,,,,,,,,,,,,,,,,,,,,,,,,,,,,,,,,,,,,,,,,,,,,,,,,,,,
IE 555,FFree,FFree,FFree,FFree,FFree,FFree,FFree,FFree,FFree,FFree,FFree,FFree,FFree,FFree,FFree,FFree,FFree,FFree,FFree,FFree,FFree,AArea,AArea,AArea,AArea,AArea,AArea,,,,,,,,,,,,,,,,,,,,,,,,,,,,,,,,,,,,,,,,,,,,,,,,,,,,,,,
IE 556,FFree,FFree,FFree,FFree,FFree,FFree,FFree,FFree,FFree,FFree,FFree,FFree,FFree,FFree,FFree,FFree,FFree,FFree,FFree,FFree,FFree,AArea,AArea,AArea,AArea,AArea,AArea,,,,,,,,,,,,,,,,,,,,,,,,,,,,,,,,,,,,,,,,,,,,,,,,,,,,,,,
IE 563,FFree,FFree,FFree,FFree,FFree,FFree,FFree,FFree,FFree,FFree,FFree,FFree,FFree,FFree,FFree,FFree,FFree,FFree,FFree,FFree,FFree,AArea,AArea,AArea,AArea,AArea,AArea,,,,,,,,,,,,,,,,,,,,,,,,,,,,,,,,,,,,,,,,,,,,,,,,,,,,,,,
IE 564,FFree,FFree,FFree,FFree,FFree,FFree,FFree,FFree,FFree,FFree,FFree,FFree,FFree,FFree,FFree,FFree,FFree,FFree,FFree,FFree,FFree,AArea,AArea,AArea,AArea,AArea,AArea,,,,,,,,,,,,,,,,,,,,,,,,,,,,,,,,,,,,,,,,,,,,,,,,,,,,,,,
IE 565,FFree,FFree,FFree,FFree,FFree,FFree,FFree,FFree,FFree,FFree,FFree,FFree,FFree,FFree,FFree,FFree,FFree,FFree,FFree,FFree,FFree,AArea,AArea,AArea,AArea,AArea,AArea,,,,,,,,,,,,,,,,,,,,,,,,,,,,,,,,,,,,,,,,,,,,,,,,,,,,,,,
IE 566,FFree,FFree,FFree,FFree,FFree,FFree,FFree,FFree,FFree,FFree,FFree,FFree,FFree,FFree,FFree,FFree,FFree,FFree,FFree,FFree,FFree,AArea,AArea,AArea,AArea,AArea,AArea,,,,,,,,,,,,,,,,,,,,,,,,,,,,,,,,,,,,,,,,,,,,,,,,,,,,,,,
IE 567,FFree,FFree,FFree,FFree,FFree,FFree,FFree,FFree,FFree,FFree,FFree,FFree,FFree,FFree,FFree,FFree,FFree,FFree,FFree,FFree,FFree,AArea,AArea,AArea,AArea,AArea,AArea,,,,,,,,,,,,,,,,,,,,,,,,,,,,,,,,,,,,,,,,,,,,,,,,,,,,,,,
IE 573,FFree,FFree,FFree,FFree,FFree,FFree,FFree,FFree,FFree,FFree,FFree,FFree,FFree,FFree,FFree,FFree,FFree,FFree,FFree,FFree,FFree,AArea,AArea,AArea,AArea,AArea,AArea,,,,,,,,,,,,,,,,,,,,,,,,,,,,,,,,,,,,,,,,,,,,,,,,,,,,,,,
IE 580,FFree,FFree,FFree,FFree,FFree,FFree,FFree,FFree,FFree,FFree,FFree,FFree,FFree,FFree,FFree,FFree,FFree,FFree,FFree,FFree,FFree,AArea,AArea,AArea,AArea,AArea,AArea,,,,,,,,,,,,,,,,,,,,,,,,,,,,,,,,,,,,,,,,,,,,,,,,,,,,,,,
IE 58000,FFree,FFree,FFree,FFree,FFree,FFree,FFree,FFree,FFree,FFree,FFree,FFree,FFree,FFree,FFree,FFree,FFree,FFree,FFree,FFree,FFree,AArea,AArea,AArea,AArea,AArea,AArea,,,,,,,,,,,,,,,,,,,,,,,,,,,,,,,,,,,,,,,,,,,,,,,,,,,,,,,
IE 58001,FFree,FFree,FFree,FFree,FFree,FFree,FFree,FFree,FFree,FFree,FFree,FFree,FFree,FFree,FFree,FFree,FFree,FFree,FFree,FFree,FFree,AArea,AArea,AArea,AArea,AArea,AArea,,,,,,,,,,,,,,,,,,,,,,,,,,,,,,,,,,,,,,,,,,,,,,,,,,,,,,,
IE 58002,FFree,FFree,FFree,FFree,FFree,FFree,FFree,FFree,FFree,FFree,FFree,FFree,FFree,FFree,FFree,FFree,FFree,FFree,FFree,FFree,FFree,AArea,AArea,AArea,AArea,AArea,AArea,,,,,,,,,,,,,,,,,,,,,,,,,,,,,,,,,,,,,,,,,,,,,,,,,,,,,,,
IE 58003,FFree,FFree,FFree,FFree,FFree,FFree,FFree,FFree,FFree,FFree,FFree,FFree,FFree,FFree,FFree,FFree,FFree,FFree,FFree,FFree,FFree,AArea,AArea,AArea,AArea,AArea,AArea,,,,,,,,,,,,,,,,,,,,,,,,,,,,,,,,,,,,,,,,,,,,,,,,,,,,,,,
IE 58004,FFree,FFree,FFree,FFree,FFree,FFree,FFree,FFree,FFree,FFree,FFree,FFree,FFree,FFree,FFree,FFree,FFree,FFree,FFree,FFree,FFree,AArea,AArea,AArea,AArea,AArea,AArea,,,,,,,,,,,,,,,,,,,,,,,,,,,,,,,,,,,,,,,,,,,,,,,,,,,,,,,
IE 58005,FFree,FFree,FFree,FFree,FFree,FFree,FFree,FFree,FFree,FFree,FFree,FFree,FFree,FFree,FFree,FFree,FFree,FFree,FFree,FFree,FFree,AArea,AArea,AArea,AArea,AArea,AArea,,,,,,,,,,,,,,,,,,,,,,,,,,,,,,,,,,,,,,,,,,,,,,,,,,,,,,,
IE 58006,FFree,FFree,FFree,FFree,FFree,FFree,FFree,FFree,FFree,FFree,FFree,FFree,FFree,FFree,FFree,FFree,FFree,FFree,FFree,FFree,FFree,AArea,AArea,AArea,AArea,AArea,AArea,,,,,,,,,,,,,,,,,,,,,,,,,,,,,,,,,,,,,,,,,,,,,,,,,,,,,,,
IE 581,FFree,FFree,FFree,FFree,FFree,FFree,FFree,FFree,FFree,FFree,FFree,FFree,FFree,FFree,FFree,FFree,FFree,FFree,FFree,FFree,FFree,AArea,AArea,AArea,AArea,AArea,AArea,,,,,,,,,,,,,,,,,,,,,,,,,,,,,,,,,,,,,,,,,,,,,,,,,,,,,,,
IE 582,FFree,FFree,FFree,FFree,FFree,FFree,FFree,FFree,FFree,FFree,FFree,FFree,FFree,FFree,FFree,FFree,FFree,FFree,FFree,FFree,FFree,AArea,AArea,AArea,AArea,AArea,AArea,,,,,,,,,,,,,,,,,,,,,,,,,,,,,,,,,,,,,,,,,,,,,,,,,,,,,,,
IE 601,FFree,FFree,FFree,FFree,FFree,FFree,FFree,FFree,FFree,FFree,FFree,FFree,FFree,FFree,FFree,FFree,FFree,FFree,FFree,FFree,FFree,AArea,AArea,AArea,AArea,AArea,AArea,,,,,,,,,,,,,,,,,,,,,,,,,,,,,,,,,,,,,,,,,,,,,,,,,,,,,,,
IE 602,FFree,FFree,FFree,FFree,FFree,FFree,FFree,FFree,FFree,FFree,FFree,FFree,FFree,FFree,FFree,FFree,FFree,FFree,FFree,FFree,FFree,AArea,AArea,AArea,AArea,AArea,AArea,,,,,,,,,,,,,,,,,,,,,,,,,,,,,,,,,,,,,,,,,,,,,,,,,,,,,,,
IE 604,FFree,FFree,FFree,FFree,FFree,FFree,FFree,FFree,FFree,FFree,FFree,FFree,FFree,FFree,FFree,FFree,FFree,FFree,FFree,FFree,FFree,AArea,AArea,AArea,AArea,AArea,AArea,,,,,,,,,,,,,,,,,,,,,,,,,,,,,,,,,,,,,,,,,,,,,,,,,,,,,,,
IE 605,FFree,FFree,FFree,FFree,FFree,FFree,FFree,FFree,FFree,FFree,FFree,FFree,FFree,FFree,FFree,FFree,FFree,FFree,FFree,FFree,FFree,AArea,AArea,AArea,AArea,AArea,AArea,,,,,,,,,,,,,,,,,,,,,,,,,,,,,,,,,,,,,,,,,,,,,,,,,,,,,,,
IE 606,FFree,FFree,FFree,FFree,FFree,FFree,FFree,FFree,FFree,FFree,FFree,FFree,FFree,FFree,FFree,FFree,FFree,FFree,FFree,FFree,FFree,AArea,AArea,AArea,AArea,AArea,AArea,,,,,,,,,,,,,,,,,,,,,,,,,,,,,,,,,,,,,,,,,,,,,,,,,,,,,,,
IE 609,FFree,FFree,FFree,FFree,FFree,FFree,FFree,FFree,FFree,FFree,FFree,FFree,FFree,FFree,FFree,FFree,FFree,FFree,FFree,FFree,FFree,AArea,AArea,AArea,AArea,AArea,AArea,,,,,,,,,,,,,,,,,,,,,,,,,,,,,,,,,,,,,,,,,,,,,,,,,,,,,,,
IE 632,FFree,FFree,FFree,FFree,FFree,FFree,FFree,FFree,FFree,FFree,FFree,FFree,FFree,FFree,FFree,FFree,FFree,FFree,FFree,FFree,FFree,AArea,AArea,AArea,AArea,AArea,AArea,,,,,,,,,,,,,,,,,,,,,,,,,,,,,,,,,,,,,,,,,,,,,,,,,,,,,,,
IE 638,FFree,FFree,FFree,FFree,FFree,FFree,FFree,FFree,FFree,FFree,FFree,FFree,FFree,FFree,FFree,FFree,FFree,FFree,FFree,FFree,FFree,AArea,AArea,AArea,AArea,AArea,AArea,,,,,,,,,,,,,,,,,,,,,,,,,,,,,,,,,,,,,,,,,,,,,,,,,,,,,,,
IE 640,FFree,FFree,FFree,FFree,FFree,FFree,FFree,FFree,FFree,FFree,FFree,FFree,FFree,FFree,FFree,FFree,FFree,FFree,FFree,FFree,FFree,AArea,AArea,AArea,AArea,AArea,AArea,,,,,,,,,,,,,,,,,,,,,,,,,,,,,,,,,,,,,,,,,,,,,,,,,,,,,,,
IE 680,FFree,FFree,FFree,FFree,FFree,FFree,FFree,FFree,FFree,FFree,FFree,FFree,FFree,FFree,FFree,FFree,FFree,FFree,FFree,FFree,FFree,AArea,AArea,AArea,AArea,AArea,AArea,,,,,,,,,,,,,,,,,,,,,,,,,,,,,,,,,,,,,,,,,,,,,,,,,,,,,,,
IE 681,FFree,FFree,FFree,FFree,FFree,FFree,FFree,FFree,FFree,FFree,FFree,FFree,FFree,FFree,FFree,FFree,FFree,FFree,FFree,FFree,FFree,AArea,AArea,AArea,AArea,AArea,AArea,,,,,,,,,,,,,,,,,,,,,,,,,,,,,,,,,,,,,,,,,,,,,,,,,,,,,,,
IE 682,FFree,FFree,FFree,FFree,FFree,FFree,FFree,FFree,FFree,FFree,FFree,FFree,FFree,FFree,FFree,FFree,FFree,FFree,FFree,FFree,FFree,AArea,AArea,AArea,AArea,AArea,AArea,,,,,,,,,,,,,,,,,,,,,,,,,,,,,,,,,,,,,,,,,,,,,,,,,,,,,,,
IF 501,FFree,FFree,FFree,FFree,FFree,FFree,FFree,FFree,FFree,FFree,FFree,FFree,FFree,FFree,FFree,FFree,FFree,FFree,FFree,FFree,FFree,AArea,AArea,AArea,AArea,AArea,AArea,,,,,,,,,,,,,,,,,,,,,,,,,,,,,,,,,,,,,,,,,,,,,,,,,,,,,,,
IR 501,FFree,FFree,FFree,FFree,FFree,FFree,FFree,FFree,FFree,FFree,FFree,FFree,FFree,FFree,FFree,FFree,FFree,FFree,FFree,FFree,FFree,AArea,AArea,AArea,AArea,AArea,AArea,,,,,,,,,,,,,,,,,,,,,,,,,,,,,,,,,,,,,,,,,,,,,,,,,,,,,,,
IR 510,FFree,FFree,FFree,FFree,FFree,FFree,FFree,FFree,FFree,FFree,FFree,FFree,FFree,FFree,FFree,FFree,FFree,FFree,FFree,FFree,FFree,AArea,AArea,AArea,AArea,AArea,AArea,,,,,,,,,,,,,,,,,,,,,,,,,,,,,,,,,,,,,,,,,,,,,,,,,,,,,,,
IR 532,FFree,FFree,FFree,FFree,FFree,FFree,FFree,,,,,,,,,,,,,,,,,,,,,,,,,,,,,,,,,,,,,,,,,,,,,,,,,,,,,,,,,,,,,,,,,,,,,,,,,,,
IR 537,FFree,FFree,FFree,FFree,FFree,FFree,FFree,FFree,FFree,FFree,FFree,FFree,FFree,FFree,FFree,FFree,FFree,FFree,FFree,FFree,FFree,AArea,AArea,AArea,AArea,AArea,AArea,,,,,,,,,,,,,,,,,,,,,,,,,,,,,,,,,,,,,,,,,,,,,,,,,,,,,,,
IR 592,FFree,FFree,FFree,FFree,FFree,FFree,FFree,FFree,FFree,FFree,FFree,FFree,FFree,FFree,FFree,FFree,FFree,FFree,FFree,FFree,FFree,AArea,AArea,AArea,AArea,AArea,AArea,,,,,,,,,,,,,,,,,,,,,,,,,,,,,,,,,,,,,,,,,,,,,,,,,,,,,,,
IR 597,FFree,FFree,FFree,FFree,FFree,FFree,FFree,FFree,FFree,FFree,FFree,FFree,FFree,FFree,FFree,FFree,FFree,FFree,FFree,FFree,FFree,AArea,AArea,AArea,AArea,AArea,AArea,,,,,,,,,,,,,,,,,,,,,,,,,,,,,,,,,,,,,,,,,,,,,,,,,,,,,,,
KUR 501,FFree,FFree,FFree,FFree,FFree,FFree,FFree,FFree,FFree,FFree,FFree,FFree,FFree,FFree,FFree,FFree,FFree,FFree,FFree,FFree,FFree,AArea,AArea,AArea,AArea,AArea,AArea,,,,,,,,,,,,,,,,,,,,,,,,,,,,,,,,,,,,,,,,,,,,,,,,,,,,,,,
KUR 502,FFree,FFree,FFree,FFree,FFree,FFree,FFree,FFree,FFree,FFree,FFree,FFree,FFree,FFree,FFree,FFree,FFree,FFree,FFree,FFree,FFree,AArea,AArea,AArea,AArea,AArea,AArea,,,,,,,,,,,,,,,,,,,,,,,,,,,,,,,,,,,,,,,,,,,,,,,,,,,,,,,
KUR 503,FFree,FFree,FFree,FFree,FFree,FFree,FFree,FFree,FFree,FFree,FFree,FFree,FFree,FFree,FFree,FFree,FFree,FFree,FFree,FFree,FFree,AArea,AArea,AArea,AArea,AArea,AArea,,,,,,,,,,,,,,,,,,,,,,,,,,,,,,,,,,,,,,,,,,,,,,,,,,,,,,,
KUR 504,FFree,FFree,FFree,FFree,FFree,FFree,FFree,FFree,FFree,FFree,FFree,FFree,FFree,FFree,FFree,FFree,FFree,FFree,FFree,FFree,FFree,AArea,AArea,AArea,AArea,AArea,AArea,,,,,,,,,,,,,,,,,,,,,,,,,,,,,,,,,,,,,,,,,,,,,,,,,,,,,,,
KUR 505,FFree,FFree,FFree,FFree,FFree,FFree,FFree,FFree,FFree,FFree,FFree,FFree,FFree,FFree,FFree,FFree,FFree,FFree,FFree,FFree,FFree,AArea,AArea,AArea,AArea,AArea,AArea,,,,,,,,,,,,,,,,,,,,,,,,,,,,,,,,,,,,,,,,,,,,,,,,,,,,,,,
KUR 506,FFree,FFree,FFree,FFree,FFree,FFree,FFree,FFree,FFree,FFree,FFree,FFree,FFree,FFree,FFree,FFree,FFree,FFree,FFree,FFree,FFree,AArea,AArea,AArea,AArea,AArea,AArea,,,,,,,,,,,,,,,,,,,,,,,,,,,,,,,,,,,,,,,,,,,,,,,,,,,,,,,
KUR 510,FFree,FFree,FFree,FFree,FFree,FFree,FFree,FFree,FFree,FFree,FFree,FFree,FFree,FFree,FFree,FFree,FFree,FFree,FFree,FFree,FFree,AArea,AArea,AArea,AArea,AArea,AArea,,,,,,,,,,,,,,,,,,,,,,,,,,,,,,,,,,,,,,,,,,,,,,,,,,,,,,,
KUR 520,FFree,FFree,FFree,FFree,FFree,FFree,FFree,FFree,FFree,FFree,FFree,FFree,FFree,FFree,FFree,FFree,FFree,FFree,FFree,FFree,FFree,AArea,AArea,AArea,AArea,AArea,AArea,,,,,,,,,,,,,,,,,,,,,,,,,,,,,,,,,,,,,,,,,,,,,,,,,,,,,,,
KUR 530,FFree,FFree,FFree,FFree,FFree,FFree,FFree,FFree,FFree,FFree,FFree,FFree,FFree,FFree,FFree,FFree,FFree,FFree,FFree,FFree,FFree,AArea,AArea,AArea,AArea,AArea,AArea,,,,,,,,,,,,,,,,,,,,,,,,,,,,,,,,,,,,,,,,,,,,,,,,,,,,,,,
LAT 510,FFree,FFree,FFree,FFree,FFree,FFree,FFree,FFree,FFree,FFree,FFree,FFree,FFree,FFree,FFree,FFree,FFree,FFree,FFree,FFree,FFree,AArea,AArea,AArea,AArea,AArea,AArea,,,,,,,,,,,,,,,,,,,,,,,,,,,,,,,,,,,,,,,,,,,,,,,,,,,,,,,
LAT 520,FFree,FFree,FFree,FFree,FFree,FFree,FFree,FFree,FFree,FFree,FFree,FFree,FFree,FFree,FFree,FFree,FFree,FFree,FFree,FFree,FFree,AArea,AArea,AArea,AArea,AArea,AArea,,,,,,,,,,,,,,,,,,,,,,,,,,,,,,,,,,,,,,,,,,,,,,,,,,,,,,,
LAT 530,FFree,FFree,FFree,FFree,FFree,FFree,FFree,FFree,FFree,FFree,FFree,FFree,FFree,FFree,FFree,FFree,FFree,FFree,FFree,FFree,FFree,AArea,AArea,AArea,AArea,AArea,AArea,,,,,,,,,,,,,,,,,,,,,,,,,,,,,,,,,,,,,,,,,,,,,,,,,,,,,,,
LAT 540,FFree,FFree,FFree,FFree,FFree,FFree,FFree,FFree,FFree,FFree,FFree,FFree,FFree,FFree,FFree,FFree,FFree,FFree,FFree,FFree,FFree,AArea,AArea,AArea,AArea,AArea,AArea,,,,,,,,,,,,,,,,,,,,,,,,,,,,,,,,,,,,,,,,,,,,,,,,,,,,,,,
LAT 550,FFree,FFree,FFree,FFree,FFree,FFree,FFree,FFree,FFree,FFree,FFree,FFree,FFree,FFree,FFree,FFree,FFree,FFree,FFree,FFree,FFree,AArea,AArea,AArea,AArea,AArea,AArea,,,,,,,,,,,,,,,,,,,,,,,,,,,,,,,,,,,,,,,,,,,,,,,,,,,,,,,
LAW 501,FFree,FFree,FFree,FFree,FFree,FFree,FFree,FFree,FFree,FFree,FFree,FFree,FFree,FFree,FFree,FFree,FFree,FFree,FFree,FFree,FFree,AArea,AArea,AArea,AArea,AArea,AArea,,,,,,,,,,,,,,,,,,,,,,,,,,,,,,,,,,,,,,,,,,,,,,,,,,,,,,,
LAW 504,FFree,FFree,FFree,FFree,FFree,FFree,FFree,FFree,FFree,FFree,FFree,FFree,FFree,FFree,FFree,FFree,FFree,FFree,FFree,FFree,FFree,AArea,AArea,AArea,AArea,AArea,AArea,,,,,,,,,,,,,,,,,,,,,,,,,,,,,,,,,,,,,,,,,,,,,,,,,,,,,,,
LAW 511,FFree,FFree,FFree,FFree,FFree,FFree,FFree,FFree,FFree,FFree,FFree,FFree,FFree,FFree,FFree,FFree,FFree,FFree,FFree,FFree,FFree,AArea,AArea,AArea,AArea,AArea,AArea,,,,,,,,,,,,,,,,,,,,,,,,,,,,,,,,,,,,,,,,,,,,,,,,,,,,,,,
LAW 512,FFree,FFree,FFree,FFree,FFree,FFree,FFree,FFree,FFree,FFree,FFree,FFree,FFree,FFree,FFree,FFree,FFree,FFree,FFree,FFree,FFree,AArea,AArea,AArea,AArea,AArea,AArea,,,,,,,,,,,,,,,,,,,,,,,,,,,,,,,,,,,,,,,,,,,,,,,,,,,,,,,
LIT 524,FFree,FFree,FFree,FFree,FFree,FFree,FFree,FFree,FFree,FFree,FFree,FFree,FFree,FFree,FFree,FFree,FFree,FFree,FFree,CCore 3,CCore 3,CCore 3,CCore 3,CCore 3,CCore 3,CCore 3,CCore 3,CCore 3,CCore 3,CCore 3,,,,,,,,,,,,,,,,,,,,,,,,,,,,,,,,,,,,,,,,,,,,,,,,,,,,
LIT 530,FFree,FFree,FFree,FFree,FFree,FFree,FFree,FFree,FFree,FFree,FFree,FFree,FFree,FFree,FFree,FFree,FFree,FFree,FFree,FFree,FFree,AArea,AArea,AArea,AArea,AArea,AArea,AArea,AArea,AArea,AArea,AArea,AArea,AArea,AArea,AArea,AArea,AArea,AArea,AArea,AArea,AArea,AArea,AArea,AArea,,,,,,,,,,,,,,,,,,,,,,,,,,,,,,,,,,,,,
LIT 534,FFree,FFree,FFree,FFree,FFree,FFree,FFree,FFree,FFree,FFree,FFree,FFree,FFree,FFree,FFree,FFree,FFree,FFree,FFree,FFree,FFree,AArea,AArea,AArea,AArea,AArea,AArea,,,,,,,,,,,,,,,,,,,,,,,,,,,,,,,,,,,,,,,,,,,,,,,,,,,,,,,
LIT 540,FFree,FFree,FFree,FFree,FFree,FFree,FFree,FFree,FFree,FFree,FFree,FFree,FFree,FFree,FFree,FFree,FFree,FFree,FFree,FFree,FFree,AArea,AArea,AArea,AArea,AArea,AArea,,,,,,,,,,,,,,,,,,,,,,,,,,,,,,,,,,,,,,,,,,,,,,,,,,,,,,,
LIT 545,FFree,FFree,FFree,FFree,FFree,FFree,FFree,FFree,FFree,FFree,FFree,FFree,FFree,FFree,FFree,FFree,FFree,FFree,FFree,FFree,FFree,AArea,AArea,AArea,AArea,AArea,AArea,,,,,,,,,,,,,,,,,,,,,,,,,,,,,,,,,,,,,,,,,,,,,,,,,,,,,,,
LIT 552,FFree,FFree,FFree,FFree,FFree,FFree,FFree,FFree,FFree,FFree,FFree,FFree,FFree,FFree,FFree,FFree,FFree,FFree,FFree,FFree,FFree,AArea,AArea,AArea,AArea,AArea,AArea,,,,,,,,,,,,,,,,,,,,,,,,,,,,,,,,,,,,,,,,,,,,,,,,,,,,,,,
LIT 554,FFree,FFree,FFree,FFree,FFree,FFree,FFree,FFree,FFree,FFree,FFree,FFree,FFree,FFree,FFree,FFree,FFree,FFree,FFree,FFree,FFree,AArea,AArea,AArea,AArea,,,,,,,,,,,,,,,,,,,,,,,,,,,,,,,,,,,,,,,,,,,,,,,,,,,,,,,,,
LIT 559,FFree,FFree,FFree,FFree,FFree,FFree,FFree,FFree,FFree,FFree,FFree,FFree,FFree,FFree,FFree,FFree,FFree,FFree,FFree,FFree,FFree,AArea,AArea,AArea,AArea,AArea,AArea,,,,,,,,,,,,,,,,,,,,,,,,,,,,,,,,,,,,,,,,,,,,,,,,,,,,,,,
LIT 570,FFree,FFree,FFree,FFree,FFree,FFree,FFree,FFree,FFree,FFree,FFree,FFree,FFree,FFree,FFree,FFree,FFree,FFree,FFree,FFree,FFree,AArea,AArea,AArea,AArea,AArea,AArea,,,,,,,,,,,,,,,,,,,,,,,,,,,,,,,,,,,,,,,,,,,,,,,,,,,,,,,
LIT 594,FFree,FFree,FFree,FFree,FFree,FFree,FFree,FFree,FFree,FFree,FFree,FFree,FFree,FFree,FFree,FFree,FFree,FFree,FFree,FFree,FFree,AArea,AArea,AArea,AArea,AArea,AArea,,,,,,,,,,,,,,,,,,,,,,,,,,,,,,,,,,,,,,,,,,,,,,,,,,,,,,,
MATH 501,FFree,FFree,FFree,FFree,FFree,FFree,FFree,FFree,FFree,FFree,FFree,FFree,FFree,FFree,FFree,FFree,FFree,FFree,FFree,FFree,FFree,AArea,AArea,AArea,AArea,AArea,AArea,,,,,,,,,,,,,,,,,,,,,,,,,,,,,,,,,,,,,,,,,,,,,,,,,,,,,,,
MATH 502,FFree,FFree,FFree,FFree,FFree,FFree,FFree,FFree,FFree,FFree,FFree,FFree,FFree,FFree,FFree,FFree,FFree,FFree,FFree,FFree,FFree,AArea,AArea,AArea,AArea,AArea,AArea,,,,,,,,,,,,,,,,,,,,,,,,,,,,,,,,,,,,,,,,,,,,,,,,,,,,,,,
MATH 503,FFree,FFree,FFree,FFree,FFree,FFree,FFree,FFree,FFree,FFree,FFree,FFree,FFree,FFree,FFree,FFree,FFree,FFree,FFree,FFree,FFree,AArea,AArea,AArea,AArea,AArea,AArea,,,,,,,,,,,,,,,,,,,,,,,,,,,,,,,,,,,,,,,,,,,,,,,,,,,,,,,
MATH 504,FFree,FFree,FFree,FFree,FFree,FFree,FFree,FFree,FFree,FFree,FFree,FFree,FFree,FFree,FFree,FFree,FFree,FFree,FFree,FFree,FFree,AArea,AArea,AArea,AArea,AArea,AArea,,,,,,,,,,,,,,,,,,,,,,,,,,,,,,,,,,,,,,,,,,,,,,,,,,,,,,,
MATH 505,FFree,FFree,FFree,FFree,FFree,FFree,FFree,FFree,FFree,FFree,FFree,FFree,FFree,FFree,FFree,FFree,FFree,FFree,FFree,FFree,FFree,AArea,AArea,AArea,AArea,AArea,AArea,,,,,,,,,,,,,,,,,,,,,,,,,,,,,,,,,,,,,,,,,,,,,,,,,,,,,,,
MATH 506,FFree,FFree,FFree,FFree,FFree,FFree,FFree,FFree,FFree,FFree,FFree,FFree,FFree,FFree,FFree,FFree,FFree,FFree,FFree,FFree,FFree,AArea,AArea,AArea,AArea,AArea,AArea,,,,,,,,,,,,,,,,,,,,,,,,,,,,,,,,,,,,,,,,,,,,,,,,,,,,,,,
MATH 507,FFree,FFree,FFree,FFree,FFree,FFree,FFree,FFree,FFree,FFree,FFree,FFree,FFree,FFree,FFree,FFree,FFree,FFree,FFree,FFree,FFree,AArea,AArea,AArea,AArea,,,,,,,,,,,,,,,,,,,,,,,,,,,,,,,,,,,,,,,,,,,,,,,,,,,,,,,,,
MATH 508,FFree,FFree,FFree,FFree,FFree,FFree,FFree,FFree,FFree,FFree,FFree,FFree,FFree,FFree,FFree,FFree,FFree,FFree,FFree,FFree,FFree,AArea,AArea,AArea,AArea,AArea,AArea,,,,,,,,,,,,,,,,,,,,,,,,,,,,,,,,,,,,,,,,,,,,,,,,,,,,,,,
MATH 509,FFree,FFree,FFree,FFree,FFree,FFree,FFree,FFree,FFree,FFree,FFree,FFree,FFree,FFree,FFree,FFree,FFree,FFree,FFree,FFree,FFree,AArea,AArea,AArea,AArea,AArea,AArea,,,,,,,,,,,,,,,,,,,,,,,,,,,,,,,,,,,,,,,,,,,,,,,,,,,,,,,
MATH 510,FFree,FFree,FFree,FFree,FFree,FFree,FFree,FFree,FFree,FFree,FFree,FFree,FFree,FFree,FFree,FFree,FFree,FFree,FFree,FFree,FFree,AArea,AArea,AArea,AArea,AArea,AArea,,,,,,,,,,,,,,,,,,,,,,,,,,,,,,,,,,,,,,,,,,,,,,,,,,,,,,,
MATH 511,FFree,FFree,FFree,FFree,FFree,FFree,FFree,FFree,FFree,FFree,FFree,FFree,FFree,FFree,FFree,FFree,FFree,FFree,FFree,FFree,FFree,AArea,AArea,AArea,AArea,AArea,AArea,,,,,,,,,,,,,,,,,,,,,,,,,,,,,,,,,,,,,,,,,,,,,,,,,,,,,,,
MATH 512,FFree,FFree,FFree,FFree,FFree,FFree,FFree,FFree,FFree,FFree,FFree,FFree,FFree,FFree,FFree,FFree,FFree,FFree,FFree,FFree,FFree,AArea,AArea,AArea,AArea,AArea,AArea,,,,,,,,,,,,,,,,,,,,,,,,,,,,,,,,,,,,,,,,,,,,,,,,,,,,,,,
MATH 513,FFree,FFree,FFree,FFree,FFree,FFree,FFree,FFree,FFree,FFree,FFree,FFree,FFree,FFree,FFree,FFree,FFree,FFree,FFree,FFree,FFree,AArea,AArea,AArea,AArea,AArea,AArea,,,,,,,,,,,,,,,,,,,,,,,,,,,,,,,,,,,,,,,,,,,,,,,,,,,,,,,
MATH 514,FFree,FFree,FFree,FFree,FFree,FFree,FFree,FFree,FFree,FFree,FFree,FFree,FFree,FFree,FFree,FFree,FFree,FFree,FFree,FFree,FFree,AArea,AArea,AArea,AArea,AArea,AArea,,,,,,,,,,,,,,,,,,,,,,,,,,,,,,,,,,,,,,,,,,,,,,,,,,,,,,,
MATH 515,FFree,FFree,FFree,FFree,FFree,FFree,FFree,,,,,,,,,,,,,,,,,,,,,,,,,,,,,,,,,,,,,,,,,,,,,,,,,,,,,,,,,,,,,,,,,,,,,,,,,,,
MATH 516,FFree,FFree,FFree,FFree,FFree,FFree,FFree,FFree,FFree,FFree,FFree,FFree,FFree,FFree,FFree,FFree,FFree,FFree,FFree,FFree,FFree,AArea,AArea,AArea,AArea,AArea,AArea,,,,,,,,,,,,,,,,,,,,,,,,,,,,,,,,,,,,,,,,,,,,,,,,,,,,,,,
MATH 517,FFree,FFree,FFree,FFree,FFree,FFree,FFree,FFree,FFree,FFree,FFree,FFree,FFree,FFree,FFree,FFree,FFree,FFree,FFree,FFree,FFree,AArea,AArea,AArea,AArea,AArea,AArea,,,,,,,,,,,,,,,,,,,,,,,,,,,,,,,,,,,,,,,,,,,,,,,,,,,,,,,
MATH 518,FFree,FFree,FFree,FFree,FFree,FFree,FFree,FFree,FFree,FFree,FFree,FFree,FFree,FFree,FFree,FFree,FFree,FFree,FFree,FFree,FFree,AArea,AArea,AArea,AArea,AArea,AArea,,,,,,,,,,,,,,,,,,,,,,,,,,,,,,,,,,,,,,,,,,,,,,,,,,,,,,,
MATH 519,FFree,FFree,FFree,FFree,FFree,FFree,FFree,FFree,FFree,FFree,FFree,FFree,FFree,FFree,FFree,FFree,FFree,FFree,FFree,FFree,FFree,AArea,AArea,AArea,AArea,AArea,AArea,,,,,,,,,,,,,,,,,,,,,,,,,,,,,,,,,,,,,,,,,,,,,,,,,,,,,,,
MATH 520,FFree,FFree,FFree,FFree,FFree,FFree,FFree,FFree,FFree,FFree,FFree,FFree,FFree,FFree,FFree,FFree,FFree,FFree,FFree,FFree,FFree,AArea,AArea,AArea,AArea,AArea,AArea,,,,,,,,,,,,,,,,,,,,,,,,,,,,,,,,,,,,,,,,,,,,,,,,,,,,,,,
MATH 521,FFree,FFree,FFree,FFree,FFree,FFree,FFree,FFree,FFree,FFree,FFree,FFree,FFree,FFree,FFree,FFree,FFree,FFree,FFree,FFree,FFree,AArea,AArea,AArea,AArea,AArea,AArea,,,,,,,,,,,,,,,,,,,,,,,,,,,,,,,,,,,,,,,,,,,,,,,,,,,,,,,
MATH 522,FFree,FFree,FFree,FFree,FFree,FFree,FFree,FFree,FFree,FFree,FFree,FFree,FFree,FFree,FFree,FFree,FFree,FFree,FFree,FFree,FFree,AArea,AArea,AArea,AArea,AArea,AArea,,,,,,,,,,,,,,,,,,,,,,,,,,,,,,,,,,,,,,,,,,,,,,,,,,,,,,,
MATH 523,FFree,FFree,FFree,FFree,FFree,FFree,FFree,FFree,FFree,FFree,FFree,FFree,FFree,FFree,FFree,FFree,FFree,FFree,FFree,FFree,FFree,AArea,AArea,AArea,AArea,AArea,AArea,,,,,,,,,,,,,,,,,,,,,,,,,,,,,,,,,,,,,,,,,,,,,,,,,,,,,,,
MATH 524,FFree,FFree,FFree,FFree,FFree,FFree,FFree,FFree,FFree,FFree,FFree,FFree,FFree,FFree,FFree,FFree,FFree,FFree,FFree,FFree,FFree,AArea,AArea,AArea,AArea,AArea,AArea,,,,,,,,,,,,,,,,,,,,,,,,,,,,,,,,,,,,,,,,,,,,,,,,,,,,,,,
MATH 525,FFree,FFree,FFree,FFree,FFree,FFree,FFree,FFree,FFree,FFree,FFree,FFree,FFree,FFree,FFree,FFree,FFree,FFree,FFree,FFree,FFree,AArea,AArea,AArea,AArea,AArea,AArea,,,,,,,,,,,,,,,,,,,,,,,,,,,,,,,,,,,,,,,,,,,,,,,,,,,,,,,
MATH 526,FFree,FFree,FFree,FFree,FFree,FFree,FFree,FFree,FFree,FFree,FFree,FFree,FFree,FFree,FFree,FFree,FFree,FFree,FFree,FFree,FFree,AArea,AArea,AArea,AArea,AArea,AArea,,,,,,,,,,,,,,,,,,,,,,,,,,,,,,,,,,,,,,,,,,,,,,,,,,,,,,,
MATH 527,FFree,FFree,FFree,FFree,FFree,FFree,FFree,FFree,FFree,FFree,FFree,FFree,FFree,FFree,FFree,FFree,FFree,FFree,FFree,FFree,FFree,AArea,AArea,AArea,AArea,AArea,AArea,,,,,,,,,,,,,,,,,,,,,,,,,,,,,,,,,,,,,,,,,,,,,,,,,,,,,,,
MATH 528,FFree,FFree,FFree,FFree,FFree,FFree,FFree,FFree,FFree,FFree,FFree,FFree,FFree,FFree,FFree,FFree,FFree,FFree,FFree,FFree,FFree,AArea,AArea,AArea,AArea,AArea,AArea,,,,,,,,,,,,,,,,,,,,,,,,,,,,,,,,,,,,,,,,,,,,,,,,,,,,,,,
MATH 531,FFree,FFree,FFree,FFree,FFree,FFree,FFree,FFree,FFree,FFree,FFree,FFree,FFree,FFree,FFree,FFree,FFree,FFree,FFree,FFree,FFree,AArea,AArea,AArea,AArea,AArea,AArea,,,,,,,,,,,,,,,,,,,,,,,,,,,,,,,,,,,,,,,,,,,,,,,,,,,,,,,
MATH 532,FFree,FFree,FFree,FFree,FFree,FFree,FFree,FFree,FFree,FFree,FFree,FFree,FFree,FFree,FFree,FFree,FFree,FFree,FFree,FFree,FFree,AArea,AArea,AArea,AArea,AArea,AArea,,,,,,,,,,,,,,,,,,,,,,,,,,,,,,,,,,,,,,,,,,,,,,,,,,,,,,,
MATH 533,FFree,FFree,FFree,FFree,FFree,FFree,FFree,FFree,FFree,FFree,FFree,FFree,FFree,FFree,FFree,FFree,FFree,FFree,FFree,FFree,FFree,AArea,AArea,AArea,AArea,AArea,AArea,,,,,,,,,,,,,,,,,,,,,,,,,,,,,,,,,,,,,,,,,,,,,,,,,,,,,,,
MATH 541,FFree,FFree,FFree,FFree,FFree,FFree,FFree,FFree,FFree,FFree,FFree,FFree,FFree,FFree,FFree,FFree,FFree,FFree,FFree,FFree,FFree,AArea,AArea,AArea,AArea,AArea,AArea,,,,,,,,,,,,,,,,,,,,,,,,,,,,,,,,,,,,,,,,,,,,,,,,,,,,,,,
MATH 542,FFree,FFree,FFree,FFree,FFree,FFree,FFree,FFree,FFree,FFree,FFree,FFree,FFree,FFree,FFree,FFree,FFree,FFree,FFree,FFree,FFree,AArea,AArea,AArea,AArea,AArea,AArea,,,,,,,,,,,,,,,,,,,,,,,,,,,,,,,,,,,,,,,,,,,,,,,,,,,,,,,
MATH 543,FFree,FFree,FFree,FFree,FFree,FFree,FFree,FFree,FFree,FFree,FFree,FFree,FFree,FFree,FFree,FFree,FFree,FFree,FFree,FFree,FFree,AArea,AArea,AArea,AArea,AArea,AArea,,,,,,,,,,,,,,,,,,,,,,,,,,,,,,,,,,,,,,,,,,,,,,,,,,,,,,,
MATH 544,FFree,FFree,FFree,FFree,FFree,FFree,FFree,FFree,FFree,,,,,,,,,,,,,,,,,,,,,,,,,,,,,,,,,,,,,,,,,,,,,,,,,,,,,,,,,,,,,,,,,,,,,,,,,
MATH 545,FFree,FFree,FFree,FFree,FFree,FFree,FFree,FFree,FFree,FFree,FFree,FFree,FFree,FFree,FFree,FFree,FFree,FFree,FFree,FFree,FFree,AArea,AArea,AArea,AArea,AArea,AArea,,,,,,,,,,,,,,,,,,,,,,,,,,,,,,,,,,,,,,,,,,,,,,,,,,,,,,,
MATH 546,FFree,FFree,FFree,FFree,FFree,FFree,FFree,FFree,FFree,FFree,FFree,FFree,FFree,FFree,FFree,FFree,FFree,FFree,FFree,FFree,FFree,AArea,AArea,AArea,AArea,AArea,AArea,,,,,,,,,,,,,,,,,,,,,,,,,,,,,,,,,,,,,,,,,,,,,,,,,,,,,,,
MATH 547,FFree,FFree,FFree,FFree,FFree,FFree,FFree,FFree,FFree,FFree,FFree,FFree,FFree,FFree,FFree,FFree,FFree,FFree,FFree,FFree,FFree,AArea,AArea,AArea,AArea,AArea,AArea,,,,,,,,,,,,,,,,,,,,,,,,,,,,,,,,,,,,,,,,,,,,,,,,,,,,,,,
MATH 555,FFree,FFree,FFree,FFree,FFree,FFree,FFree,FFree,FFree,FFree,FFree,FFree,FFree,FFree,FFree,FFree,FFree,FFree,FFree,FFree,FFree,AArea,AArea,AArea,AArea,AArea,AArea,,,,,,,,,,,,,,,,,,,,,,,,,,,,,,,,,,,,,,,,,,,,,,,,,,,,,,,
MATH 561,FFree,FFree,FFree,FFree,FFree,FFree,FFree,FFree,FFree,FFree,FFree,FFree,FFree,FFree,FFree,FFree,FFree,FFree,FFree,FFree,FFree,AArea,AArea,AArea,AArea,AArea,AArea,,,,,,,,,,,,,,,,,,,,,,,,,,,,,,,,,,,,,,,,,,,,,,,,,,,,,,,
MATH 571,FFree,FFree,FFree,FFree,FFree,FFree,FFree,FFree,FFree,FFree,FFree,FFree,FFree,FFree,FFree,FFree,FFree,FFree,FFree,FFree,FFree,AArea,AArea,AArea,AArea,AArea,AArea,,,,,,,,,,,,,,,,,,,,,,,,,,,,,,,,,,,,,,,,,,,,,,,,,,,,,,,
MATH 572,FFree,FFree,FFree,FFree,FFree,FFree,FFree,FFree,FFree,FFree,FFree,FFree,FFree,FFree,FFree,FFree,FFree,FFree,FFree,FFree,FFree,AArea,AArea,AArea,AArea,AArea,AArea,,,,,,,,,,,,,,,,,,,,,,,,,,,,,,,,,,,,,,,,,,,,,,,,,,,,,,,
MATH 573,FFree,FFree,FFree,FFree,FFree,FFree,FFree,FFree,FFree,FFree,FFree,FFree,FFree,FFree,FFree,FFree,FFree,FFree,FFree,FFree,FFree,AArea,AArea,AArea,AArea,AArea,AArea,,,,,,,,,,,,,,,,,,,,,,,,,,,,,,,,,,,,,,,,,,,,,,,,,,,,,,,
MATH 574,FFree,FFree,FFree,FFree,FFree,FFree,FFree,FFree,FFree,FFree,FFree,FFree,FFree,FFree,FFree,FFree,FFree,FFree,FFree,FFree,FFree,AArea,AArea,AArea,AArea,AArea,AArea,,,,,,,,,,,,,,,,,,,,,,,,,,,,,,,,,,,,,,,,,,,,,,,,,,,,,,,
MATH 575,FFree,FFree,FFree,FFree,FFree,FFree,FFree,FFree,FFree,FFree,FFree,FFree,FFree,FFree,FFree,FFree,FFree,FFree,FFree,FFree,FFree,AArea,AArea,AArea,AArea,AArea,AArea,,,,,,,,,,,,,,,,,,,,,,,,,,,,,,,,,,,,,,,,,,,,,,,,,,,,,,,
MATH 576,FFree,FFree,FFree,FFree,FFree,FFree,FFree,FFree,FFree,FFree,FFree,FFree,FFree,FFree,FFree,FFree,FFree,FFree,FFree,FFree,FFree,AArea,AArea,AArea,AArea,AArea,AArea,,,,,,,,,,,,,,,,,,,,,,,,,,,,,,,,,,,,,,,,,,,,,,,,,,,,,,,
MATH 577,FFree,FFree,FFree,FFree,FFree,FFree,FFree,FFree,FFree,FFree,FFree,FFree,FFree,FFree,FFree,FFree,FFree,FFree,FFree,FFree,FFree,AArea,AArea,AArea,AArea,AArea,AArea,,,,,,,,,,,,,,,,,,,,,,,,,,,,,,,,,,,,,,,,,,,,,,,,,,,,,,,
MATH 578,FFree,FFree,FFree,FFree,FFree,FFree,FFree,FFree,FFree,FFree,FFree,FFree,FFree,FFree,FFree,FFree,FFree,FFree,FFree,FFree,FFree,AArea,AArea,AArea,AArea,AArea,AArea,,,,,,,,,,,,,,,,,,,,,,,,,,,,,,,,,,,,,,,,,,,,,,,,,,,,,,,
MATH 579,FFree,FFree,FFree,FFree,FFree,FFree,FFree,FFree,FFree,FFree,FFree,FFree,FFree,FFree,FFree,FFree,FFree,FFree,FFree,FFree,FFree,AArea,AArea,AArea,AArea,AArea,AArea,,,,,,,,,,,,,,,,,,,,,,,,,,,,,,,,,,,,,,,,,,,,,,,,,,,,,,,
MATH 58000,FFree,FFree,FFree,FFree,FFree,FFree,FFree,FFree,FFree,FFree,FFree,FFree,FFree,FFree,FFree,FFree,FFree,FFree,FFree,FFree,FFree,AArea,AArea,AArea,AArea,AArea,AArea,,,,,,,,,,,,,,,,,,,,,,,,,,,,,,,,,,,,,,,,,,,,,,,,,,,,,,,
MATH 58001,FFree,FFree,FFree,FFree,FFree,FFree,FFree,FFree,FFree,FFree,FFree,FFree,FFree,FFree,FFree,FFree,FFree,FFree,FFree,FFree,FFree,AArea,AArea,AArea,AArea,AArea,AArea,,,,,,,,,,,,,,,,,,,,,,,,,,,,,,,,,,,,,,,,,,,,,,,,,,,,,,,
MATH 58002,FFree,FFree,FFree,FFree,FFree,FFree,FFree,FFree,FFree,FFree,FFree,FFree,FFree,FFree,FFree,FFree,FFree,FFree,FFree,FFree,FFree,AArea,AArea,AArea,AArea,AArea,AArea,,,,,,,,,,,,,,,,,,,,,,,,,,,,,,,,,,,,,,,,,,,,,,,,,,,,,,,
MATH 58003,FFree,FFree,FFree,FFree,FFree,FFree,FFree,FFree,FFree,FFree,FFree,FFree,FFree,FFree,FFree,FFree,FFree,FFree,FFree,FFree,FFree,AArea,AArea,AArea,AArea,AArea,AArea,,,,,,,,,,,,,,,,,,,,,,,,,,,,,,,,,,,,,,,,,,,,,,,,,,,,,,,
MATH 58004,FFree,FFree,FFree,FFree,FFree,FFree,FFree,FFree,FFree,FFree,FFree,FFree,FFree,FFree,FFree,FFree,FFree,FFree,FFree,FFree,FFree,AArea,AArea,AArea,AArea,AArea,AArea,,,,,,,,,,,,,,,,,,,,,,,,,,,,,,,,,,,,,,,,,,,,,,,,,,,,,,,
MATH 58005,FFree,FFree,FFree,FFree,FFree,FFree,FFree,FFree,FFree,FFree,FFree,FFree,FFree,FFree,FFree,FFree,FFree,FFree,FFree,FFree,FFree,AArea,AArea,AArea,AArea,AArea,AArea,,,,,,,,,,,,,,,,,,,,,,,,,,,,,,,,,,,,,,,,,,,,,,,,,,,,,,,
MATH 58006,FFree,FFree,FFree,FFree,FFree,FFree,FFree,FFree,FFree,FFree,FFree,FFree,FFree,FFree,FFree,FFree,FFree,FFree,FFree,FFree,FFree,AArea,AArea,AArea,AArea,AArea,AArea,,,,,,,,,,,,,,,,,,,,,,,,,,,,,,,,,,,,,,,,,,,,,,,,,,,,,,,
MATH 581,FFree,FFree,FFree,FFree,FFree,FFree,FFree,FFree,FFree,FFree,FFree,FFree,FFree,FFree,FFree,FFree,FFree,FFree,FFree,FFree,FFree,AArea,AArea,AArea,AArea,AArea,AArea,,,,,,,,,,,,,,,,,,,,,,,,,,,,,,,,,,,,,,,,,,,,,,,,,,,,,,,
MATH 584,FFree,FFree,FFree,FFree,FFree,FFree,FFree,FFree,FFree,FFree,FFree,FFree,FFree,FFree,FFree,FFree,FFree,FFree,FFree,FFree,FFree,AArea,AArea,AArea,AArea,AArea,AArea,,,,,,,,,,,,,,,,,,,,,,,,,,,,,,,,,,,,,,,,,,,,,,,,,,,,,,,
MATH 601,FFree,FFree,FFree,FFree,FFree,FFree,FFree,FFree,FFree,FFree,FFree,FFree,FFree,FFree,FFree,FFree,FFree,FFree,FFree,FFree,FFree,AArea,AArea,AArea,AArea,AArea,AArea,,,,,,,,,,,,,,,,,,,,,,,,,,,,,,,,,,,,,,,,,,,,,,,,,,,,,,,
MATH 602,FFree,FFree,FFree,FFree,FFree,FFree,FFree,FFree,FFree,FFree,FFree,FFree,FFree,FFree,FFree,FFree,FFree,FFree,FFree,FFree,FFree,AArea,AArea,AArea,AArea,AArea,AArea,,,,,,,,,,,,,,,,,,,,,,,,,,,,,,,,,,,,,,,,,,,,,,,,,,,,,,,
MATH 603,FFree,FFree,FFree,FFree,FFree,FFree,FFree,FFree,FFree,FFree,FFree,FFree,FFree,FFree,FFree,FFree,FFree,FFree,FFree,FFree,FFree,AArea,AArea,AArea,AArea,AArea,AArea,,,,,,,,,,,,,,,,,,,,,,,,,,,,,,,,,,,,,,,,,,,,,,,,,,,,,,,
MATH 604,FFree,FFree,FFree,FFree,FFree,FFree,FFree,FFree,FFree,FFree,FFree,FFree,FFree,FFree,FFree,FFree,FFree,FFree,FFree,FFree,FFree,AArea,AArea,AArea,AArea,AArea,AArea,,,,,,,,,,,,,,,,,,,,,,,,,,,,,,,,,,,,,,,,,,,,,,,,,,,,,,,
MATH 610,FFree,FFree,FFree,FFree,FFree,FFree,FFree,FFree,FFree,FFree,FFree,FFree,FFree,FFree,FFree,FFree,FFree,FFree,FFree,FFree,FFree,AArea,AArea,AArea,AArea,AArea,AArea,,,,,,,,,,,,,,,,,,,,,,,,,,,,,,,,,,,,,,,,,,,,,,,,,,,,,,,
MATH 612,FFree,FFree,FFree,FFree,FFree,FFree,FFree,FFree,FFree,FFree,FFree,FFree,FFree,FFree,FFree,FFree,FFree,FFree,FFree,FFree,FFree,AArea,AArea,AArea,AArea,AArea,AArea,,,,,,,,,,,,,,,,,,,,,,,,,,,,,,,,,,,,,,,,,,,,,,,,,,,,,,,
MATH 613,FFree,FFree,FFree,FFree,FFree,FFree,FFree,FFree,FFree,FFree,FFree,FFree,FFree,FFree,FFree,FFree,FFree,FFree,FFree,FFree,FFree,AArea,AArea,AArea,AArea,AArea,AArea,,,,,,,,,,,,,,,,,,,,,,,,,,,,,,,,,,,,,,,,,,,,,,,,,,,,,,,
MATH 615,FFree,FFree,FFree,FFree,FFree,FFree,FFree,FFree,FFree,FFree,FFree,FFree,FFree,FFree,FFree,FFree,FFree,FFree,FFree,FFree,FFree,AArea,AArea,AArea,AArea,AArea,AArea,,,,,,,,,,,,,,,,,,,,,,,,,,,,,,,,,,,,,,,,,,,,,,,,,,,,,,,
MATH 616,FFree,FFree,FFree,FFree,FFree,FFree,FFree,FFree,FFree,FFree,FFree,FFree,FFree,FFree,FFree,FFree,FFree,FFree,FFree,FFree,FFree,AArea,AArea,AArea,AArea,AArea,AArea,,,,,,,,,,,,,,,,,,,,,,,,,,,,,,,,,,,,,,,,,,,,,,,,,,,,,,,
MATH 617,FFree,FFree,FFree,FFree,FFree,FFree,FFree,FFree,FFree,FFree,FFree,FFree,FFree,FFree,FFree,FFree,FFree,FFree,FFree,FFree,FFree,AArea,AArea,AArea,AArea,AArea,AArea,,,,,,,,,,,,,,,,,,,,,,,,,,,,,,,,,,,,,,,,,,,,,,,,,,,,,,,
MATH 618,FFree,FFree,FFree,FFree,FFree,FFree,FFree,FFree,FFree,FFree,FFree,FFree,FFree,FFree,FFree,FFree,FFree,FFree,FFree,FFree,FFree,AArea,AArea,AArea,AArea,AArea,AArea,,,,,,,,,,,,,,,,,,,,,,,,,,,,,,,,,,,,,,,,,,,,,,,,,,,,,,,
MATH 621,FFree,FFree,FFree,FFree,FFree,FFree,FFree,FFree,FFree,FFree,FFree,FFree,FFree,FFree,FFree,FFree,FFree,FFree,FFree,FFree,FFree,AArea,AArea,AArea,AArea,AArea,AArea,,,,,,,,,,,,,,,,,,,,,,,,,,,,,,,,,,,,,,,,,,,,,,,,,,,,,,,
MATH 622,FFree,FFree,FFree,FFree,FFree,FFree,FFree,FFree,FFree,FFree,FFree,FFree,FFree,FFree,FFree,FFree,FFree,FFree,FFree,FFree,FFree,AArea,AArea,AArea,AArea,AArea,AArea,,,,,,,,,,,,,,,,,,,,,,,,,,,,,,,,,,,,,,,,,,,,,,,,,,,,,,,
MATH 631,FFree,FFree,FFree,FFree,FFree,FFree,FFree,FFree,FFree,FFree,FFree,FFree,FFree,FFree,FFree,FFree,FFree,FFree,FFree,FFree,FFree,AArea,AArea,AArea,AArea,AArea,AArea,,,,,,,,,,,,,,,,,,,,,,,,,,,,,,,,,,,,,,,,,,,,,,,,,,,,,,,
MATH 632,FFree,FFree,FFree,FFree,FFree,FFree,FFree,FFree,FFree,FFree,FFree,FFree,FFree,FFree,FFree,FFree,FFree,FFree,FFree,FFree,FFree,AArea,AArea,AArea,AArea,AArea,AArea,,,,,,,,,,,,,,,,,,,,,,,,,,,,,,,,,,,,,,,,,,,,,,,,,,,,,,,
MATH 636,FFree,FFree,FFree,FFree,FFree,FFree,FFree,FFree,FFree,FFree,FFree,FFree,FFree,FFree,FFree,FFree,FFree,FFree,FFree,FFree,FFree,AArea,AArea,AArea,AArea,AArea,AArea,,,,,,,,,,,,,,,,,,,,,,,,,,,,,,,,,,,,,,,,,,,,,,,,,,,,,,,
MATH 637,FFree,FFree,FFree,FFree,FFree,FFree,FFree,FFree,FFree,FFree,FFree,FFree,FFree,FFree,FFree,FFree,FFree,FFree,FFree,FFree,FFree,AArea,AArea,AArea,AArea,AArea,AArea,,,,,,,,,,,,,,,,,,,,,,,,,,,,,,,,,,,,,,,,,,,,,,,,,,,,,,,
MATH 638,FFree,FFree,FFree,FFree,FFree,FFree,FFree,FFree,FFree,FFree,FFree,FFree,FFree,FFree,FFree,FFree,FFree,FFree,FFree,FFree,FFree,AArea,AArea,AArea,AArea,AArea,AArea,,,,,,,,,,,,,,,,,,,,,,,,,,,,,,,,,,,,,,,,,,,,,,,,,,,,,,,
MATH 639,FFree,FFree,FFree,FFree,FFree,FFree,FFree,FFree,FFree,FFree,FFree,FFree,FFree,FFree,FFree,FFree,FFree,FFree,FFree,FFree,FFree,AArea,AArea,AArea,AArea,AArea,AArea,,,,,,,,,,,,,,,,,,,,,,,,,,,,,,,,,,,,,,,,,,,,,,,,,,,,,,,
MATH 664,FFree,FFree,FFree,FFree,FFree,FFree,FFree,FFree,FFree,FFree,FFree,FFree,FFree,FFree,FFree,FFree,FFree,FFree,FFree,FFree,FFree,AArea,AArea,AArea,AArea,AArea,AArea,,,,,,,,,,,,,,,,,,,,,,,,,,,,,,,,,,,,,,,,,,,,,,,,,,,,,,,
MATH 68001,FFree,FFree,FFree,FFree,FFree,FFree,FFree,FFree,FFree,FFree,FFree,FFree,FFree,FFree,FFree,FFree,FFree,FFree,FFree,FFree,FFree,AArea,AArea,AArea,AArea,AArea,AArea,,,,,,,,,,,,,,,,,,,,,,,,,,,,,,,,,,,,,,,,,,,,,,,,,,,,,,,
MATH 68002,FFree,FFree,FFree,FFree,FFree,FFree,FFree,FFree,FFree,FFree,FFree,FFree,FFree,FFree,FFree,FFree,FFree,FFree,FFree,FFree,FFree,AArea,AArea,AArea,AArea,AArea,AArea,,,,,,,,,,,,,,,,,,,,,,,,,,,,,,,,,,,,,,,,,,,,,,,,,,,,,,,
MATH 68003,FFree,FFree,FFree,FFree,FFree,FFree,FFree,FFree,FFree,FFree,FFree,FFree,FFree,FFree,FFree,FFree,FFree,FFree,FFree,FFree,FFree,AArea,AArea,AArea,AArea,AArea,AArea,,,,,,,,,,,,,,,,,,,,,,,,,,,,,,,,,,,,,,,,,,,,,,,,,,,,,,,
MATH 68004,FFree,FFree,FFree,FFree,FFree,FFree,FFree,FFree,FFree,FFree,FFree,FFree,FFree,FFree,FFree,FFree,FFree,FFree,FFree,FFree,FFree,AArea,AArea,AArea,AArea,AArea,AArea,,,,,,,,,,,,,,,,,,,,,,,,,,,,,,,,,,,,,,,,,,,,,,,,,,,,,,,
MATH 68005,FFree,FFree,FFree,FFree,FFree,FFree,FFree,FFree,FFree,FFree,FFree,FFree,FFree,FFree,FFree,FFree,FFree,FFree,FFree,FFree,FFree,AArea,AArea,AArea,AArea,AArea,AArea,,,,,,,,,,,,,,,,,,,,,,,,,,,,,,,,,,,,,,,,,,,,,,,,,,,,,,,
MATH 68006,FFree,FFree,FFree,FFree,FFree,FFree,FFree,FFree,FFree,FFree,FFree,FFree,FFree,FFree,FFree,FFree,FFree,FFree,FFree,FFree,FFree,AArea,AArea,AArea,AArea,AArea,AArea,,,,,,,,,,,,,,,,,,,,,,,,,,,,,,,,,,,,,,,,,,,,,,,,,,,,,,,
MATH 68007,FFree,FFree,FFree,FFree,FFree,FFree,FFree,FFree,FFree,FFree,FFree,FFree,FFree,FFree,FFree,FFree,FFree,FFree,FFree,FFree,FFree,AArea,AArea,AArea,AArea,AArea,AArea,,,,,,,,,,,,,,,,,,,,,,,,,,,,,,,,,,,,,,,,,,,,,,,,,,,,,,,
MATH 68008,FFree,FFree,FFree,FFree,FFree,FFree,FFree,FFree,FFree,FFree,FFree,FFree,FFree,FFree,FFree,FFree,FFree,FFree,FFree,FFree,FFree,AArea,AArea,AArea,AArea,AArea,AArea,,,,,,,,,,,,,,,,,,,,,,,,,,,,,,,,,,,,,,,,,,,,,,,,,,,,,,,
MAT 501,FFree,FFree,FFree,FFree,FFree,FFree,FFree,FFree,FFree,FFree,FFree,FFree,FFree,FFree,FFree,FFree,FFree,FFree,FFree,FFree,FFree,AArea,AArea,AArea,AArea,AArea,AArea,,,,,,,,,,,,,,,,,,,,,,,,,,,,,,,,,,,,,,,,,,,,,,,,,,,,,,,
MAT 502,FFree,FFree,FFree,FFree,FFree,FFree,FFree,FFree,FFree,FFree,FFree,FFree,FFree,FFree,FFree,FFree,FFree,FFree,FFree,FFree,FFree,AArea,AArea,AArea,AArea,AArea,AArea,,,,,,,,,,,,,,,,,,,,,,,,,,,,,,,,,,,,,,,,,,,,,,,,,,,,,,,
MAT 503,FFree,FFree,FFree,FFree,FFree,FFree,FFree,FFree,FFree,FFree,FFree,FFree,FFree,FFree,FFree,FFree,FFree,FFree,FFree,FFree,FFree,AArea,AArea,AArea,AArea,AArea,AArea,,,,,,,,,,,,,,,,,,,,,,,,,,,,,,,,,,,,,,,,,,,,,,,,,,,,,,,
MAT 504,FFree,FFree,FFree,FFree,FFree,FFree,FFree,FFree,FFree,FFree,FFree,FFree,FFree,FFree,FFree,FFree,FFree,FFree,FFree,FFree,FFree,AArea,AArea,AArea,AArea,AArea,AArea,,,,,,,,,,,,,,,,,,,,,,,,,,,,,,,,,,,,,,,,,,,,,,,,,,,,,,,
MAT 505,FFree,FFree,FFree,FFree,FFree,FFree,FFree,FFree,FFree,FFree,FFree,FFree,FFree,FFree,FFree,FFree,FFree,FFree,FFree,FFree,FFree,AArea,AArea,AArea,AArea,AArea,AArea,,,,,,,,,,,,,,,,,,,,,,,,,,,,,,,,,,,,,,,,,,,,,,,,,,,,,,,
MAT 506,FFree,FFree,FFree,FFree,FFree,FFree,FFree,FFree,FFree,FFree,FFree,FFree,FFree,FFree,FFree,FFree,FFree,FFree,FFree,FFree,FFree,AArea,AArea,AArea,AArea,AArea,AArea,,,,,,,,,,,,,,,,,,,,,,,,,,,,,,,,,,,,,,,,,,,,,,,,,,,,,,,
MAT 507,FFree,FFree,FFree,FFree,FFree,FFree,FFree,FFree,FFree,FFree,FFree,FFree,FFree,FFree,FFree,FFree,FFree,FFree,FFree,FFree,FFree,AArea,AArea,AArea,AArea,AArea,AArea,,,,,,,,,,,,,,,,,,,,,,,,,,,,,,,,,,,,,,,,,,,,,,,,,,,,,,,
MAT 508,FFree,FFree,FFree,FFree,FFree,FFree,FFree,FFree,FFree,FFree,FFree,FFree,FFree,FFree,FFree,FFree,FFree,FFree,FFree,FFree,FFree,AArea,AArea,AArea,AArea,AArea,AArea,,,,,,,,,,,,,,,,,,,,,,,,,,,,,,,,,,,,,,,,,,,,,,,,,,,,,,,
MAT 509,FFree,FFree,FFree,FFree,FFree,FFree,FFree,FFree,FFree,FFree,FFree,FFree,FFree,FFree,FFree,FFree,FFree,FFree,FFree,FFree,FFree,AArea,AArea,AArea,AArea,AArea,AArea,,,,,,,,,,,,,,,,,,,,,,,,,,,,,,,,,,,,,,,,,,,,,,,,,,,,,,,
MAT 510,FFree,FFree,FFree,FFree,FFree,FFree,FFree,FFree,FFree,FFree,FFree,FFree,FFree,FFree,FFree,FFree,FFree,FFree,FFree,FFree,FFree,AArea,AArea,AArea,AArea,AArea,AArea,,,,,,,,,,,,,,,,,,,,,,,,,,,,,,,,,,,,,,,,,,,,,,,,,,,,,,,
MAT 511,FFree,FFree,FFree,FFree,FFree,FFree,FFree,FFree,FFree,FFree,FFree,FFree,FFree,FFree,FFree,FFree,FFree,FFree,FFree,FFree,FFree,AArea,AArea,AArea,AArea,AArea,AArea,,,,,,,,,,,,,,,,,,,,,,,,,,,,,,,,,,,,,,,,,,,,,,,,,,,,,,,
MAT 512,FFree,FFree,FFree,FFree,FFree,FFree,FFree,FFree,FFree,FFree,FFree,FFree,FFree,FFree,FFree,FFree,FFree,FFree,FFree,FFree,FFree,AArea,AArea,AArea,AArea,AArea,AArea,,,,,,,,,,,,,,,,,,,,,,,,,,,,,,,,,,,,,,,,,,,,,,,,,,,,,,,
MAT 514,FFree,FFree,FFree,FFree,FFree,FFree,FFree,FFree,FFree,FFree,FFree,FFree,FFree,FFree,FFree,FFree,FFree,FFree,FFree,FFree,FFree,AArea,AArea,AArea,AArea,AArea,AArea,,,,,,,,,,,,,,,,,,,,,,,,,,,,,,,,,,,,,,,,,,,,,,,,,,,,,,,
MAT 516,FFree,FFree,FFree,FFree,FFree,FFree,FFree,FFree,FFree,FFree,FFree,FFree,FFree,FFree,FFree,FFree,FFree,FFree,FFree,FFree,FFree,AArea,AArea,AArea,AArea,AArea,AArea,,,,,,,,,,,,,,,,,,,,,,,,,,,,,,,,,,,,,,,,,,,,,,,,,,,,,,,
MAT 518,FFree,FFree,FFree,FFree,FFree,FFree,FFree,FFree,FFree,FFree,FFree,FFree,FFree,FFree,FFree,FFree,FFree,FFree,FFree,FFree,FFree,AArea,AArea,AArea,AArea,AArea,AArea,,,,,,,,,,,,,,,,,,,,,,,,,,,,,,,,,,,,,,,,,,,,,,,,,,,,,,,
MAT 520,FFree,FFree,FFree,FFree,FFree,FFree,FFree,FFree,FFree,FFree,FFree,FFree,FFree,FFree,FFree,FFree,FFree,FFree,FFree,FFree,FFree,AArea,AArea,AArea,AArea,AArea,AArea,,,,,,,,,,,,,,,,,,,,,,,,,,,,,,,,,,,,,,,,,,,,,,,,,,,,,,,
MAT 521,FFree,FFree,FFree,FFree,FFree,FFree,FFree,FFree,FFree,FFree,FFree,FFree,FFree,FFree,FFree,FFree,FFree,FFree,FFree,FFree,FFree,AArea,AArea,AArea,AArea,AArea,AArea,,,,,,,,,,,,,,,,,,,,,,,,,,,,,,,,,,,,,,,,,,,,,,,,,,,,,,,
MAT 522,FFree,FFree,FFree,FFree,FFree,FFree,FFree,FFree,FFree,FFree,FFree,FFree,FFree,FFree,FFree,FFree,FFree,FFree,FFree,FFree,FFree,AArea,AArea,AArea,AArea,AArea,AArea,,,,,,,,,,,,,,,,,,,,,,,,,,,,,,,,,,,,,,,,,,,,,,,,,,,,,,,
MAT 523,FFree,FFree,FFree,FFree,FFree,FFree,FFree,FFree,FFree,FFree,FFree,FFree,FFree,FFree,FFree,FFree,FFree,FFree,FFree,FFree,FFree,AArea,AArea,AArea,AArea,AArea,AArea,,,,,,,,,,,,,,,,,,,,,,,,,,,,,,,,,,,,,,,,,,,,,,,,,,,,,,,
MAT 524,FFree,FFree,FFree,FFree,FFree,FFree,FFree,FFree,FFree,FFree,FFree,FFree,FFree,FFree,FFree,FFree,FFree,FFree,FFree,FFree,FFree,AArea,AArea,AArea,AArea,AArea,AArea,,,,,,,,,,,,,,,,,,,,,,,,,,,,,,,,,,,,,,,,,,,,,,,,,,,,,,,
MAT 525,FFree,FFree,FFree,FFree,FFree,FFree,FFree,FFree,FFree,FFree,FFree,FFree,FFree,FFree,FFree,FFree,FFree,FFree,FFree,FFree,FFree,AArea,AArea,AArea,AArea,AArea,AArea,,,,,,,,,,,,,,,,,,,,,,,,,,,,,,,,,,,,,,,,,,,,,,,,,,,,,,,
MAT 526,FFree,FFree,FFree,FFree,FFree,FFree,FFree,FFree,FFree,FFree,FFree,FFree,FFree,FFree,FFree,FFree,FFree,FFree,FFree,FFree,FFree,AArea,AArea,AArea,AArea,AArea,AArea,,,,,,,,,,,,,,,,,,,,,,,,,,,,,,,,,,,,,,,,,,,,,,,,,,,,,,,
MAT 528,FFree,FFree,FFree,FFree,FFree,FFree,FFree,FFree,FFree,FFree,FFree,FFree,FFree,FFree,FFree,FFree,FFree,FFree,FFree,FFree,FFree,AArea,AArea,AArea,AArea,AArea,AArea,,,,,,,,,,,,,,,,,,,,,,,,,,,,,,,,,,,,,,,,,,,,,,,,,,,,,,,
MAT 532,FFree,FFree,FFree,FFree,,,,,,,,,,,,,,,,,,,,,,,,,,,,,,,,,,,,,,,,,,,,,,,,,,,,,,,,,,,,,,,,,,,,,,,,,,,,,,
MAT 540,FFree,FFree,FFree,FFree,,,,,,,,,,,,,,,,,,,,,,,,,,,,,,,,,,,,,,,,,,,,,,,,,,,,,,,,,,,,,,,,,,,,,,,,,,,,,,
MAT 542,FFree,FFree,FFree,FFree,FFree,FFree,FFree,FFree,FFree,FFree,FFree,FFree,FFree,FFree,FFree,FFree,FFree,FFree,FFree,FFree,FFree,AArea,AArea,AArea,AArea,AArea,AArea,,,,,,,,,,,,,,,,,,,,,,,,,,,,,,,,,,,,,,,,,,,,,,,,,,,,,,,
MAT 555,FFree,FFree,FFree,FFree,FFree,FFree,FFree,FFree,FFree,FFree,FFree,FFree,FFree,FFree,FFree,FFree,FFree,FFree,FFree,FFree,FFree,AArea,AArea,AArea,AArea,AArea,AArea,,,,,,,,,,,,,,,,,,,,,,,,,,,,,,,,,,,,,,,,,,,,,,,,,,,,,,,
MAT 560,FFree,FFree,FFree,FFree,FFree,FFree,FFree,FFree,FFree,FFree,FFree,FFree,FFree,FFree,FFree,FFree,FFree,FFree,FFree,FFree,FFree,AArea,AArea,AArea,AArea,AArea,AArea,,,,,,,,,,,,,,,,,,,,,,,,,,,,,,,,,,,,,,,,,,,,,,,,,,,,,,,
MAT 563,FFree,FFree,FFree,FFree,FFree,FFree,FFree,FFree,FFree,FFree,FFree,FFree,FFree,FFree,FFree,FFree,FFree,FFree,FFree,FFree,FFree,AArea,AArea,AArea,AArea,AArea,AArea,,,,,,,,,,,,,,,,,,,,,,,,,,,,,,,,,,,,,,,,,,,,,,,,,,,,,,,
MAT 570,FFree,FFree,FFree,FFree,FFree,FFree,FFree,FFree,FFree,FFree,FFree,FFree,FFree,FFree,FFree,FFree,FFree,FFree,FFree,FFree,FFree,AArea,AArea,AArea,AArea,AArea,AArea,,,,,,,,,,,,,,,,,,,,,,,,,,,,,,,,,,,,,,,,,,,,,,,,,,,,,,,
MAT 571,FFree,FFree,FFree,FFree,FFree,FFree,FFree,FFree,FFree,FFree,FFree,FFree,FFree,FFree,FFree,FFree,FFree,FFree,FFree,FFree,FFree,AArea,AArea,AArea,AArea,AArea,AArea,,,,,,,,,,,,,,,,,,,,,,,,,,,,,,,,,,,,,,,,,,,,,,,,,,,,,,,
MAT 580,FFree,FFree,FFree,FFree,FFree,FFree,FFree,FFree,FFree,FFree,FFree,FFree,FFree,FFree,FFree,FFree,FFree,FFree,FFree,FFree,FFree,AArea,AArea,AArea,AArea,AArea,AArea,,,,,,,,,,,,,,,,,,,,,,,,,,,,,,,,,,,,,,,,,,,,,,,,,,,,,,,
MAT 58000,FFree,FFree,FFree,FFree,FFree,FFree,FFree,FFree,FFree,FFree,FFree,FFree,FFree,FFree,FFree,FFree,FFree,FFree,FFree,FFree,FFree,AArea,AArea,AArea,AArea,AArea,AArea,,,,,,,,,,,,,,,,,,,,,,,,,,,,,,,,,,,,,,,,,,,,,,,,,,,,,,,
MAT 58001,FFree,FFree,FFree,FFree,FFree,FFree,FFree,FFree,FFree,FFree,FFree,FFree,FFree,FFree,FFree,FFree,FFree,FFree,FFree,FFree,FFree,AArea,AArea,AArea,AArea,AArea,AArea,,,,,,,,,,,,,,,,,,,,,,,,,,,,,,,,,,,,,,,,,,,,,,,,,,,,,,,
MAT 58005,FFree,FFree,FFree,FFree,FFree,FFree,FFree,FFree,FFree,FFree,FFree,FFree,FFree,FFree,FFree,FFree,FFree,FFree,FFree,FFree,FFree,AArea,AArea,AArea,AArea,AArea,AArea,,,,,,,,,,,,,,,,,,,,,,,,,,,,,,,,,,,,,,,,,,,,,,,,,,,,,,,
MAT 581,FFree,FFree,FFree,FFree,FFree,FFree,FFree,FFree,FFree,FFree,FFree,FFree,FFree,FFree,FFree,FFree,FFree,FFree,FFree,FFree,FFree,AArea,AArea,AArea,AArea,AArea,AArea,,,,,,,,,,,,,,,,,,,,,,,,,,,,,,,,,,,,,,,,,,,,,,,,,,,,,,,
MAT 601,FFree,FFree,FFree,FFree,FFree,FFree,FFree,FFree,FFree,FFree,FFree,FFree,FFree,FFree,FFree,FFree,FFree,FFree,FFree,FFree,FFree,AArea,AArea,AArea,AArea,AArea,AArea,,,,,,,,,,,,,,,,,,,,,,,,,,,,,,,,,,,,,,,,,,,,,,,,,,,,,,,
MAT 602,FFree,FFree,FFree,FFree,FFree,FFree,FFree,FFree,FFree,FFree,FFree,FFree,FFree,FFree,FFree,FFree,FFree,FFree,FFree,FFree,FFree,AArea,AArea,AArea,AArea,AArea,AArea,,,,,,,,,,,,,,,,,,,,,,,,,,,,,,,,,,,,,,,,,,,,,,,,,,,,,,,
MAT 611,FFree,FFree,FFree,FFree,FFree,FFree,FFree,FFree,FFree,FFree,FFree,FFree,FFree,FFree,FFree,FFree,FFree,FFree,FFree,FFree,FFree,AArea,AArea,AArea,AArea,AArea,AArea,,,,,,,,,,,,,,,,,,,,,,,,,,,,,,,,,,,,,,,,,,,,,,,,,,,,,,,
MAT 620,FFree,FFree,FFree,FFree,FFree,FFree,FFree,FFree,FFree,FFree,FFree,FFree,FFree,FFree,FFree,FFree,FFree,FFree,FFree,FFree,FFree,AArea,AArea,AArea,AArea,AArea,AArea,,,,,,,,,,,,,,,,,,,,,,,,,,,,,,,,,,,,,,,,,,,,,,,,,,,,,,,
MAT 621,FFree,FFree,FFree,FFree,FFree,FFree,FFree,FFree,FFree,FFree,FFree,FFree,FFree,FFree,FFree,FFree,FFree,FFree,FFree,FFree,FFree,AArea,AArea,AArea,AArea,AArea,AArea,,,,,,,,,,,,,,,,,,,,,,,,,,,,,,,,,,,,,,,,,,,,,,,,,,,,,,,
MAT 622,FFree,FFree,FFree,FFree,FFree,FFree,FFree,FFree,FFree,FFree,FFree,FFree,FFree,FFree,FFree,FFree,FFree,FFree,FFree,FFree,FFree,AArea,AArea,AArea,AArea,AArea,AArea,,,,,,,,,,,,,,,,,,,,,,,,,,,,,,,,,,,,,,,,,,,,,,,,,,,,,,,
MAT 630,FFree,FFree,FFree,FFree,FFree,FFree,FFree,FFree,FFree,FFree,FFree,FFree,FFree,FFree,FFree,FFree,FFree,FFree,FFree,FFree,FFree,AArea,AArea,AArea,AArea,AArea,AArea,,,,,,,,,,,,,,,,,,,,,,,,,,,,,,,,,,,,,,,,,,,,,,,,,,,,,,,
MAT 632,FFree,FFree,FFree,FFree,FFree,FFree,FFree,FFree,FFree,FFree,FFree,FFree,FFree,FFree,FFree,FFree,FFree,FFree,FFree,FFree,FFree,AArea,AArea,AArea,AArea,AArea,AArea,,,,,,,,,,,,,,,,,,,,,,,,,,,,,,,,,,,,,,,,,,,,,,,,,,,,,,,
MAT 671,FFree,FFree,FFree,FFree,FFree,FFree,FFree,FFree,FFree,FFree,FFree,FFree,FFree,FFree,FFree,FFree,FFree,FFree,FFree,FFree,FFree,AArea,AArea,AArea,AArea,AArea,AArea,,,,,,,,,,,,,,,,,,,,,,,,,,,,,,,,,,,,,,,,,,,,,,,,,,,,,,,
MAT 672,FFree,FFree,FFree,FFree,FFree,FFree,FFree,FFree,FFree,FFree,FFree,FFree,FFree,FFree,FFree,FFree,FFree,FFree,FFree,FFree,FFree,AArea,AArea,AArea,AArea,AArea,AArea,,,,,,,,,,,,,,,,,,,,,,,,,,,,,,,,,,,,,,,,,,,,,,,,,,,,,,,
MAT 680,FFree,FFree,FFree,FFree,FFree,FFree,FFree,FFree,FFree,FFree,FFree,FFree,FFree,FFree,FFree,FFree,FFree,FFree,FFree,FFree,FFree,AArea,AArea,AArea,AArea,AArea,AArea,,,,,,,,,,,,,,,,,,,,,,,,,,,,,,,,,,,,,,,,,,,,,,,,,,,,,,,
MAT 68000,FFree,FFree,FFree,FFree,FFree,FFree,FFree,FFree,FFree,FFree,FFree,FFree,FFree,FFree,FFree,FFree,FFree,FFree,FFree,FFree,FFree,AArea,AArea,AArea,AArea,AArea,AArea,,,,,,,,,,,,,,,,,,,,,,,,,,,,,,,,,,,,,,,,,,,,,,,,,,,,,,,
MAT 68001,FFree,FFree,FFree,FFree,FFree,FFree,FFree,FFree,FFree,FFree,FFree,FFree,FFree,FFree,FFree,FFree,FFree,FFree,FFree,FFree,FFree,AArea,AArea,AArea,AArea,AArea,AArea,,,,,,,,,,,,,,,,,,,,,,,,,,,,,,,,,,,,,,,,,,,,,,,,,,,,,,,
MAT 68002,FFree,FFree,FFree,FFree,FFree,FFree,FFree,FFree,FFree,FFree,FFree,FFree,FFree,FFree,FFree,FFree,FFree,FFree,FFree,FFree,FFree,AArea,AArea,AArea,AArea,AArea,AArea,,,,,,,,,,,,,,,,,,,,,,,,,,,,,,,,,,,,,,,,,,,,,,,,,,,,,,,
MAT 68003,FFree,FFree,FFree,FFree,FFree,FFree,FFree,FFree,FFree,FFree,FFree,FFree,FFree,FFree,FFree,FFree,FFree,FFree,FFree,FFree,FFree,AArea,AArea,AArea,AArea,AArea,AArea,,,,,,,,,,,,,,,,,,,,,,,,,,,,,,,,,,,,,,,,,,,,,,,,,,,,,,,
MAT 68004,FFree,FFree,FFree,FFree,FFree,FFree,FFree,FFree,FFree,FFree,FFree,FFree,FFree,FFree,FFree,FFree,FFree,FFree,FFree,FFree,FFree,AArea,AArea,AArea,AArea,AArea,AArea,,,,,,,,,,,,,,,,,,,,,,,,,,,,,,,,,,,,,,,,,,,,,,,,,,,,,,,
MAT 68005,FFree,FFree,FFree,FFree,FFree,FFree,FFree,FFree,FFree,FFree,FFree,FFree,FFree,FFree,FFree,FFree,FFree,FFree,FFree,FFree,FFree,AArea,AArea,AArea,AArea,AArea,AArea,,,,,,,,,,,,,,,,,,,,,,,,,,,,,,,,,,,,,,,,,,,,,,,,,,,,,,,
MAT 681,FFree,FFree,FFree,FFree,FFree,FFree,FFree,FFree,FFree,FFree,FFree,FFree,FFree,FFree,FFree,FFree,FFree,FFree,FFree,FFree,FFree,AArea,AArea,AArea,AArea,AArea,AArea,,,,,,,,,,,,,,,,,,,,,,,,,,,,,,,,,,,,,,,,,,,,,,,,,,,,,,,
ME 501,FFree,FFree,FFree,FFree,FFree,FFree,FFree,FFree,FFree,FFree,FFree,FFree,FFree,FFree,FFree,FFree,FFree,FFree,FFree,FFree,FFree,AArea,AArea,AArea,AArea,AArea,AArea,,,,,,,,,,,,,,,,,,,,,,,,,,,,,,,,,,,,,,,,,,,,,,,,,,,,,,,
ME 502,FFree,FFree,FFree,FFree,FFree,FFree,FFree,FFree,FFree,FFree,FFree,FFree,FFree,FFree,FFree,FFree,FFree,FFree,FFree,FFree,FFree,AArea,AArea,AArea,AArea,AArea,AArea,,,,,,,,,,,,,,,,,,,,,,,,,,,,,,,,,,,,,,,,,,,,,,,,,,,,,,,
ME 503,FFree,FFree,FFree,FFree,FFree,FFree,FFree,FFree,FFree,FFree,FFree,FFree,FFree,FFree,FFree,FFree,FFree,FFree,FFree,FFree,FFree,AArea,AArea,AArea,AArea,AArea,AArea,,,,,,,,,,,,,,,,,,,,,,,,,,,,,,,,,,,,,,,,,,,,,,,,,,,,,,,
ME 505,FFree,FFree,FFree,FFree,FFree,FFree,FFree,FFree,FFree,FFree,FFree,FFree,FFree,FFree,FFree,FFree,FFree,FFree,FFree,FFree,FFree,AArea,AArea,AArea,AArea,AArea,AArea,,,,,,,,,,,,,,,,,,,,,,,,,,,,,,,,,,,,,,,,,,,,,,,,,,,,,,,
ME 507,FFree,FFree,FFree,FFree,FFree,FFree,FFree,FFree,FFree,FFree,FFree,FFree,FFree,FFree,FFree,FFree,FFree,FFree,FFree,FFree,FFree,AArea,AArea,AArea,AArea,AArea,AArea,,,,,,,,,,,,,,,,,,,,,,,,,,,,,,,,,,,,,,,,,,,,,,,,,,,,,,,
ME 508,FFree,FFree,FFree,FFree,FFree,FFree,FFree,FFree,FFree,FFree,FFree,FFree,FFree,FFree,FFree,FFree,FFree,FFree,FFree,FFree,FFree,AArea,AArea,AArea,AArea,AArea,AArea,,,,,,,,,,,,,,,,,,,,,,,,,,,,,,,,,,,,,,,,,,,,,,,,,,,,,,,
ME 509,FFree,FFree,FFree,FFree,FFree,FFree,FFree,FFree,FFree,FFree,FFree,FFree,FFree,FFree,FFree,FFree,FFree,FFree,FFree,FFree,FFree,AArea,AArea,AArea,AArea,AArea,AArea,,,,,,,,,,,,,,,,,,,,,,,,,,,,,,,,,,,,,,,,,,,,,,,,,,,,,,,
ME 512,FFree,FFree,FFree,FFree,FFree,FFree,FFree,FFree,FFree,FFree,FFree,FFree,FFree,FFree,FFree,FFree,FFree,FFree,FFree,FFree,FFree,AArea,AArea,AArea,AArea,AArea,AArea,,,,,,,,,,,,,,,,,,,,,,,,,,,,,,,,,,,,,,,,,,,,,,,,,,,,,,,
ME 514,FFree,FFree,FFree,FFree,FFree,FFree,FFree,FFree,FFree,FFree,FFree,FFree,FFree,FFree,FFree,FFree,FFree,FFree,FFree,FFree,FFree,AArea,AArea,AArea,AArea,AArea,AArea,,,,,,,,,,,,,,,,,,,,,,,,,,,,,,,,,,,,,,,,,,,,,,,,,,,,,,,
ME 515,FFree,FFree,FFree,FFree,FFree,FFree,FFree,FFree,FFree,FFree,FFree,FFree,FFree,FFree,FFree,FFree,FFree,FFree,FFree,FFree,FFree,AArea,AArea,AArea,AArea,AArea,AArea,,,,,,,,,,,,,,,,,,,,,,,,,,,,,,,,,,,,,,,,,,,,,,,,,,,,,,,
ME 518,FFree,FFree,FFree,FFree,FFree,FFree,FFree,FFree,FFree,FFree,FFree,FFree,FFree,FFree,FFree,FFree,FFree,FFree,FFree,FFree,FFree,AArea,AArea,AArea,AArea,AArea,AArea,,,,,,,,,,,,,,,,,,,,,,,,,,,,,,,,,,,,,,,,,,,,,,,,,,,,,,,
ME 520,FFree,FFree,FFree,FFree,FFree,FFree,FFree,FFree,FFree,FFree,FFree,FFree,FFree,FFree,FFree,FFree,FFree,FFree,FFree,FFree,FFree,AArea,AArea,AArea,AArea,AArea,AArea,,,,,,,,,,,,,,,,,,,,,,,,,,,,,,,,,,,,,,,,,,,,,,,,,,,,,,,
ME 525,FFree,FFree,FFree,FFree,FFree,FFree,FFree,FFree,FFree,FFree,FFree,FFree,FFree,FFree,FFree,FFree,FFree,FFree,FFree,FFree,FFree,AArea,AArea,AArea,AArea,AArea,AArea,,,,,,,,,,,,,,,,,,,,,,,,,,,,,,,,,,,,,,,,,,,,,,,,,,,,,,,
ME 530,FFree,FFree,FFree,FFree,FFree,FFree,FFree,FFree,FFree,FFree,FFree,FFree,FFree,FFree,FFree,FFree,FFree,FFree,FFree,FFree,FFree,AArea,AArea,AArea,AArea,AArea,AArea,,,,,,,,,,,,,,,,,,,,,,,,,,,,,,,,,,,,,,,,,,,,,,,,,,,,,,,
ME 535,FFree,FFree,FFree,FFree,FFree,FFree,FFree,FFree,FFree,FFree,FFree,FFree,FFree,FFree,FFree,FFree,FFree,FFree,FFree,FFree,FFree,AArea,AArea,AArea,AArea,AArea,AArea,,,,,,,,,,,,,,,,,,,,,,,,,,,,,,,,,,,,,,,,,,,,,,,,,,,,,,,
ME 537,FFree,FFree,FFree,FFree,FFree,FFree,FFree,FFree,FFree,FFree,FFree,FFree,FFree,FFree,FFree,FFree,FFree,FFree,FFree,FFree,FFree,AArea,AArea,AArea,AArea,AArea,AArea,,,,,,,,,,,,,,,,,,,,,,,,,,,,,,,,,,,,,,,,,,,,,,,,,,,,,,,
ME 540,FFree,FFree,FFree,FFree,FFree,FFree,FFree,FFree,FFree,FFree,FFree,FFree,FFree,FFree,FFree,FFree,FFree,FFree,FFree,FFree,FFree,AArea,AArea,AArea,AArea,AArea,AArea,,,,,,,,,,,,,,,,,,,,,,,,,,,,,,,,,,,,,,,,,,,,,,,,,,,,,,,
ME 541,FFree,FFree,FFree,FFree,FFree,FFree,FFree,FFree,FFree,FFree,FFree,FFree,FFree,FFree,FFree,FFree,FFree,FFree,FFree,FFree,FFree,AArea,AArea,AArea,AArea,AArea,AArea,,,,,,,,,,,,,,,,,,,,,,,,,,,,,,,,,,,,,,,,,,,,,,,,,,,,,,,
ME 560,FFree,FFree,FFree,FFree,FFree,FFree,FFree,FFree,FFree,FFree,FFree,FFree,FFree,FFree,FFree,FFree,FFree,FFree,FFree,FFree,FFree,AArea,AArea,AArea,AArea,AArea,AArea,,,,,,,,,,,,,,,,,,,,,,,,,,,,,,,,,,,,,,,,,,,,,,,,,,,,,,,
ME 561,FFree,FFree,FFree,FFree,FFree,FFree,FFree,FFree,FFree,FFree,FFree,FFree,FFree,FFree,FFree,FFree,FFree,FFree,FFree,FFree,FFree,AArea,AArea,AArea,AArea,AArea,AArea,,,,,,,,,,,,,,,,,,,,,,,,,,,,,,,,,,,,,,,,,,,,,,,,,,,,,,,
ME 562,FFree,FFree,FFree,FFree,FFree,FFree,FFree,FFree,FFree,FFree,FFree,FFree,FFree,FFree,FFree,FFree,FFree,FFree,FFree,FFree,FFree,AArea,AArea,AArea,AArea,AArea,AArea,,,,,,,,,,,,,,,,,,,,,,,,,,,,,,,,,,,,,,,,,,,,,,,,,,,,,,,
ME 58000,FFree,FFree,FFree,FFree,FFree,FFree,FFree,FFree,FFree,FFree,FFree,FFree,FFree,FFree,FFree,FFree,FFree,FFree,FFree,FFree,FFree,AArea,AArea,AArea,AArea,AArea,AArea,,,,,,,,,,,,,,,,,,,,,,,,,,,,,,,,,,,,,,,,,,,,,,,,,,,,,,,
ME 58001,FFree,FFree,FFree,FFree,FFree,FFree,FFree,FFree,FFree,FFree,FFree,FFree,FFree,FFree,FFree,FFree,FFree,FFree,FFree,FFree,FFree,AArea,AArea,AArea,AArea,AArea,AArea,,,,,,,,,,,,,,,,,,,,,,,,,,,,,,,,,,,,,,,,,,,,,,,,,,,,,,,
ME 58002,FFree,FFree,FFree,FFree,FFree,FFree,FFree,FFree,FFree,FFree,FFree,FFree,FFree,FFree,FFree,FFree,FFree,FFree,FFree,FFree,FFree,AArea,AArea,AArea,AArea,AArea,AArea,,,,,,,,,,,,,,,,,,,,,,,,,,,,,,,,,,,,,,,,,,,,,,,,,,,,,,,
ME 58003,FFree,FFree,FFree,FFree,FFree,FFree,FFree,FFree,FFree,FFree,FFree,FFree,FFree,FFree,FFree,FFree,FFree,FFree,FFree,FFree,FFree,AArea,AArea,AArea,AArea,AArea,AArea,,,,,,,,,,,,,,,,,,,,,,,,,,,,,,,,,,,,,,,,,,,,,,,,,,,,,,,
ME 58004,FFree,FFree,FFree,FFree,FFree,FFree,FFree,FFree,FFree,FFree,FFree,FFree,FFree,FFree,FFree,FFree,FFree,FFree,FFree,FFree,FFree,AArea,AArea,AArea,AArea,AArea,AArea,,,,,,,,,,,,,,,,,,,,,,,,,,,,,,,,,,,,,,,,,,,,,,,,,,,,,,,
ME 58005,FFree,FFree,FFree,FFree,FFree,FFree,FFree,FFree,FFree,FFree,FFree,FFree,FFree,FFree,FFree,FFree,FFree,FFree,FFree,FFree,FFree,AArea,AArea,AArea,AArea,AArea,AArea,,,,,,,,,,,,,,,,,,,,,,,,,,,,,,,,,,,,,,,,,,,,,,,,,,,,,,,
ME 58006,FFree,FFree,FFree,FFree,FFree,FFree,FFree,FFree,FFree,FFree,FFree,FFree,FFree,FFree,FFree,FFree,FFree,FFree,FFree,FFree,FFree,AArea,AArea,AArea,AArea,AArea,AArea,,,,,,,,,,,,,,,,,,,,,,,,,,,,,,,,,,,,,,,,,,,,,,,,,,,,,,,
ME 58007,FFree,FFree,FFree,FFree,FFree,FFree,FFree,FFree,FFree,FFree,FFree,FFree,FFree,FFree,FFree,FFree,FFree,FFree,FFree,FFree,FFree,AArea,AArea,AArea,AArea,AArea,AArea,,,,,,,,,,,,,,,,,,,,,,,,,,,,,,,,,,,,,,,,,,,,,,,,,,,,,,,
ME 58008,FFree,FFree,FFree,FFree,FFree,FFree,FFree,FFree,FFree,FFree,FFree,FFree,FFree,FFree,FFree,FFree,FFree,FFree,FFree,FFree,FFree,AArea,AArea,AArea,AArea,AArea,AArea,,,,,,,,,,,,,,,,,,,,,,,,,,,,,,,,,,,,,,,,,,,,,,,,,,,,,,,
ME 582,FFree,FFree,FFree,FFree,FFree,FFree,FFree,FFree,FFree,FFree,FFree,FFree,FFree,FFree,FFree,FFree,FFree,FFree,FFree,FFree,FFree,AArea,AArea,AArea,AArea,AArea,AArea,,,,,,,,,,,,,,,,,,,,,,,,,,,,,,,,,,,,,,,,,,,,,,,,,,,,,,,
ME 583,FFree,FFree,FFree,FFree,FFree,FFree,FFree,FFree,FFree,FFree,FFree,FFree,FFree,FFree,FFree,FFree,FFree,FFree,FFree,FFree,FFree,AArea,AArea,AArea,AArea,AArea,AArea,,,,,,,,,,,,,,,,,,,,,,,,,,,,,,,,,,,,,,,,,,,,,,,,,,,,,,,
ME 601,FFree,FFree,FFree,FFree,FFree,FFree,FFree,FFree,FFree,FFree,FFree,FFree,FFree,FFree,FFree,FFree,FFree,FFree,FFree,FFree,FFree,AArea,AArea,AArea,AArea,AArea,AArea,,,,,,,,,,,,,,,,,,,,,,,,,,,,,,,,,,,,,,,,,,,,,,,,,,,,,,,
ME 609,FFree,FFree,FFree,FFree,FFree,FFree,FFree,FFree,FFree,FFree,FFree,FFree,FFree,FFree,FFree,FFree,FFree,FFree,FFree,FFree,FFree,AArea,AArea,AArea,AArea,AArea,AArea,,,,,,,,,,,,,,,,,,,,,,,,,,,,,,,,,,,,,,,,,,,,,,,,,,,,,,,
ME 68000,FFree,FFree,FFree,FFree,FFree,FFree,FFree,FFree,FFree,FFree,FFree,FFree,FFree,FFree,FFree,FFree,FFree,FFree,FFree,FFree,FFree,AArea,AArea,AArea,AArea,AArea,AArea,,,,,,,,,,,,,,,,,,,,,,,,,,,,,,,,,,,,,,,,,,,,,,,,,,,,,,,
ME 68001,FFree,FFree,FFree,FFree,FFree,FFree,FFree,FFree,FFree,FFree,FFree,FFree,FFree,FFree,FFree,FFree,FFree,FFree,FFree,FFree,FFree,AArea,AArea,AArea,AArea,AArea,AArea,,,,,,,,,,,,,,,,,,,,,,,,,,,,,,,,,,,,,,,,,,,,,,,,,,,,,,,
ME 682,FFree,FFree,FFree,FFree,FFree,FFree,FFree,FFree,FFree,FFree,FFree,FFree,FFree,FFree,FFree,FFree,FFree,FFree,FFree,FFree,FFree,AArea,AArea,AArea,AArea,AArea,AArea,,,,,,,,,,,,,,,,,,,,,,,,,,,,,,,,,,,,,,,,,,,,,,,,,,,,,,,
ME 683,FFree,FFree,FFree,FFree,FFree,FFree,FFree,FFree,FFree,FFree,FFree,FFree,FFree,FFree,FFree,FFree,FFree,FFree,FFree,FFree,FFree,AArea,AArea,AArea,AArea,AArea,AArea,,,,,,,,,,,,,,,,,,,,,,,,,,,,,,,,,,,,,,,,,,,,,,,,,,,,,,,
ME 684,FFree,FFree,FFree,FFree,FFree,FFree,FFree,FFree,FFree,FFree,FFree,FFree,FFree,FFree,FFree,FFree,FFree,FFree,FFree,FFree,FFree,AArea,AArea,AArea,AArea,AArea,AArea,,,,,,,,,,,,,,,,,,,,,,,,,,,,,,,,,,,,,,,,,,,,,,,,,,,,,,,
MFG 511,FFree,FFree,FFree,FFree,FFree,FFree,FFree,FFree,FFree,FFree,FFree,FFree,FFree,FFree,FFree,FFree,FFree,FFree,FFree,FFree,FFree,AArea,AArea,AArea,AArea,AArea,AArea,,,,,,,,,,,,,,,,,,,,,,,,,,,,,,,,,,,,,,,,,,,,,,,,,,,,,,,
MFG 512,FFree,FFree,FFree,FFree,FFree,FFree,FFree,FFree,FFree,FFree,FFree,FFree,FFree,FFree,FFree,FFree,FFree,FFree,FFree,FFree,FFree,AArea,AArea,AArea,AArea,AArea,AArea,,,,,,,,,,,,,,,,,,,,,,,,,,,,,,,,,,,,,,,,,,,,,,,,,,,,,,,
MFG 513,FFree,FFree,FFree,FFree,FFree,FFree,FFree,FFree,FFree,FFree,FFree,FFree,FFree,FFree,FFree,FFree,FFree,FFree,FFree,FFree,FFree,AArea,AArea,AArea,AArea,AArea,AArea,,,,,,,,,,,,,,,,,,,,,,,,,,,,,,,,,,,,,,,,,,,,,,,,,,,,,,,
MFG 516,FFree,FFree,FFree,FFree,FFree,FFree,FFree,FFree,FFree,FFree,FFree,FFree,FFree,FFree,FFree,FFree,FFree,FFree,FFree,FFree,FFree,AArea,AArea,AArea,AArea,AArea,AArea,,,,,,,,,,,,,,,,,,,,,,,,,,,,,,,,,,,,,,,,,,,,,,,,,,,,,,,
MFG 563,FFree,FFree,FFree,FFree,FFree,FFree,FFree,FFree,FFree,FFree,FFree,FFree,FFree,FFree,FFree,FFree,FFree,FFree,FFree,FFree,FFree,AArea,AArea,AArea,AArea,AArea,AArea,,,,,,,,,,,,,,,,,,,,,,,,,,,,,,,,,,,,,,,,,,,,,,,,,,,,,,,
MFG 565,FFree,FFree,FFree,FFree,FFree,FFree,FFree,FFree,FFree,FFree,FFree,FFree,FFree,FFree,FFree,FFree,FFree,FFree,FFree,FFree,FFree,AArea,AArea,AArea,AArea,AArea,AArea,,,,,,,,,,,,,,,,,,,,,,,,,,,,,,,,,,,,,,,,,,,,,,,,,,,,,,,
MFG 566,FFree,FFree,FFree,FFree,FFree,FFree,FFree,FFree,FFree,FFree,FFree,FFree,FFree,FFree,FFree,FFree,FFree,FFree,FFree,FFree,FFree,AArea,AArea,AArea,AArea,AArea,AArea,,,,,,,,,,,,,,,,,,,,,,,,,,,,,,,,,,,,,,,,,,,,,,,,,,,,,,,
MFG 568,FFree,FFree,FFree,FFree,FFree,FFree,FFree,FFree,FFree,FFree,FFree,FFree,FFree,FFree,FFree,FFree,FFree,FFree,FFree,FFree,FFree,AArea,AArea,AArea,AArea,AArea,AArea,,,,,,,,,,,,,,,,,,,,,,,,,,,,,,,,,,,,,,,,,,,,,,,,,,,,,,,
MFG 58000,FFree,FFree,FFree,FFree,FFree,FFree,FFree,FFree,FFree,FFree,FFree,FFree,FFree,FFree,FFree,FFree,FFree,FFree,FFree,FFree,FFree,AArea,AArea,AArea,AArea,AArea,AArea,,,,,,,,,,,,,,,,,,,,,,,,,,,,,,,,,,,,,,,,,,,,,,,,,,,,,,,
MFG 58002,FFree,FFree,FFree,FFree,FFree,FFree,FFree,FFree,FFree,FFree,FFree,FFree,FFree,FFree,FFree,FFree,FFree,FFree,FFree,FFree,FFree,AArea,AArea,AArea,AArea,AArea,AArea,,,,,,,,,,,,,,,,,,,,,,,,,,,,,,,,,,,,,,,,,,,,,,,,,,,,,,,
MFG 5801,FFree,FFree,FFree,FFree,FFree,FFree,FFree,FFree,FFree,FFree,FFree,FFree,FFree,FFree,FFree,FFree,FFree,FFree,FFree,FFree,FFree,AArea,AArea,AArea,AArea,AArea,AArea,,,,,,,,,,,,,,,,,,,,,,,,,,,,,,,,,,,,,,,,,,,,,,,,,,,,,,,
MFIN 532,FFree,FFree,FFree,FFree,FFree,FFree,FFree,FFree,FFree,FFree,FFree,FFree,FFree,FFree,FFree,FFree,FFree,FFree,FFree,FFree,FFree,AArea,AArea,AArea,AArea,AArea,AArea,,,,,,,,,,,,,,,,,,,,,,,,,,,,,,,,,,,,,,,,,,,,,,,,,,,,,,,
MGMT 504,FFree,FFree,FFree,FFree,FFree,FFree,FFree,FFree,FFree,FFree,FFree,FFree,FFree,FFree,FFree,FFree,FFree,FFree,FFree,FFree,FFree,AArea,AArea,AArea,AArea,AArea,AArea,,,,,,,,,,,,,,,,,,,,,,,,,,,,,,,,,,,,,,,,,,,,,,,,,,,,,,,
MGMT 505,FFree,FFree,FFree,FFree,FFree,FFree,FFree,FFree,FFree,FFree,FFree,FFree,FFree,FFree,FFree,FFree,FFree,FFree,FFree,FFree,FFree,AArea,AArea,AArea,AArea,AArea,AArea,,,,,,,,,,,,,,,,,,,,,,,,,,,,,,,,,,,,,,,,,,,,,,,,,,,,,,,
MGMT 514,FFree,FFree,FFree,FFree,FFree,FFree,FFree,FFree,FFree,FFree,FFree,FFree,FFree,FFree,FFree,FFree,FFree,FFree,FFree,FFree,FFree,AArea,AArea,AArea,AArea,AArea,AArea,,,,,,,,,,,,,,,,,,,,,,,,,,,,,,,,,,,,,,,,,,,,,,,,,,,,,,,
MGMT 515,FFree,FFree,FFree,FFree,FFree,FFree,FFree,FFree,FFree,FFree,FFree,FFree,FFree,FFree,FFree,FFree,FFree,FFree,FFree,FFree,FFree,AArea,AArea,AArea,AArea,AArea,AArea,,,,,,,,,,,,,,,,,,,,,,,,,,,,,,,,,,,,,,,,,,,,,,,,,,,,,,,
MGMT 517,FFree,FFree,FFree,FFree,FFree,FFree,FFree,FFree,FFree,FFree,FFree,FFree,FFree,FFree,FFree,FFree,FFree,FFree,FFree,FFree,FFree,AArea,AArea,AArea,AArea,AArea,AArea,,,,,,,,,,,,,,,,,,,,,,,,,,,,,,,,,,,,,,,,,,,,,,,,,,,,,,,
MGMT 523,FFree,FFree,FFree,FFree,FFree,FFree,FFree,FFree,FFree,FFree,FFree,FFree,FFree,FFree,FFree,FFree,FFree,FFree,FFree,FFree,FFree,AArea,AArea,AArea,AArea,AArea,AArea,,,,,,,,,,,,,,,,,,,,,,,,,,,,,,,,,,,,,,,,,,,,,,,,,,,,,,,
MGMT 541,FFree,FFree,FFree,FFree,FFree,FFree,FFree,FFree,FFree,FFree,FFree,FFree,FFree,FFree,FFree,FFree,FFree,FFree,FFree,FFree,FFree,AArea,AArea,AArea,AArea,AArea,AArea,,,,,,,,,,,,,,,,,,,,,,,,,,,,,,,,,,,,,,,,,,,,,,,,,,,,,,,
MGMT 550,FFree,FFree,FFree,FFree,FFree,FFree,FFree,FFree,FFree,FFree,FFree,FFree,FFree,FFree,FFree,FFree,FFree,FFree,FFree,FFree,FFree,AArea,AArea,AArea,AArea,AArea,AArea,,,,,,,,,,,,,,,,,,,,,,,,,,,,,,,,,,,,,,,,,,,,,,,,,,,,,,,
MGMT 551,FFree,FFree,FFree,FFree,FFree,FFree,FFree,FFree,FFree,FFree,FFree,FFree,FFree,FFree,FFree,FFree,FFree,FFree,FFree,FFree,FFree,AArea,AArea,AArea,AArea,AArea,AArea,,,,,,,,,,,,,,,,,,,,,,,,,,,,,,,,,,,,,,,,,,,,,,,,,,,,,,,
MGMT 580,FFree,FFree,FFree,FFree,FFree,FFree,FFree,FFree,FFree,FFree,FFree,FFree,FFree,FFree,FFree,FFree,FFree,FFree,FFree,FFree,FFree,AArea,AArea,AArea,AArea,AArea,AArea,,,,,,,,,,,,,,,,,,,,,,,,,,,,,,,,,,,,,,,,,,,,,,,,,,,,,,,
MGMT 581,FFree,FFree,FFree,FFree,FFree,FFree,FFree,FFree,FFree,FFree,FFree,FFree,FFree,FFree,FFree,FFree,FFree,FFree,FFree,FFree,FFree,AArea,AArea,AArea,AArea,AArea,AArea,,,,,,,,,,,,,,,,,,,,,,,,,,,,,,,,,,,,,,,,,,,,,,,,,,,,,,,
MGMT 590,FFree,FFree,FFree,FFree,FFree,FFree,FFree,FFree,FFree,FFree,FFree,FFree,FFree,FFree,FFree,FFree,FFree,FFree,FFree,FFree,FFree,AArea,AArea,AArea,AArea,AArea,AArea,,,,,,,,,,,,,,,,,,,,,,,,,,,,,,,,,,,,,,,,,,,,,,,,,,,,,,,
MGMT 595,FFree,FFree,FFree,FFree,FFree,FFree,FFree,FFree,FFree,FFree,FFree,FFree,FFree,FFree,FFree,FFree,FFree,FFree,FFree,FFree,FFree,AArea,AArea,AArea,AArea,AArea,AArea,,,,,,,,,,,,,,,,,,,,,,,,,,,,,,,,,,,,,,,,,,,,,,,,,,,,,,,
MGMT 597,FFree,FFree,FFree,FFree,FFree,FFree,FFree,FFree,FFree,FFree,FFree,FFree,FFree,FFree,FFree,FFree,FFree,FFree,FFree,FFree,FFree,AArea,AArea,AArea,AArea,AArea,AArea,,,,,,,,,,,,,,,,,,,,,,,,,,,,,,,,,,,,,,,,,,,,,,,,,,,,,,,
MGMT 601,FFree,FFree,FFree,FFree,FFree,FFree,FFree,FFree,FFree,FFree,FFree,FFree,FFree,FFree,FFree,FFree,FFree,FFree,FFree,FFree,FFree,AArea,AArea,AArea,AArea,AArea,AArea,,,,,,,,,,,,,,,,,,,,,,,,,,,,,,,,,,,,,,,,,,,,,,,,,,,,,,,
MGMT 817,FFree,FFree,FFree,FFree,FFree,FFree,FFree,FFree,FFree,FFree,FFree,FFree,FFree,FFree,FFree,FFree,FFree,FFree,FFree,FFree,FFree,AArea,AArea,AArea,AArea,AArea,AArea,,,,,,,,,,,,,,,,,,,,,,,,,,,,,,,,,,,,,,,,,,,,,,,,,,,,,,,
MIM 830,FFree,FFree,FFree,FFree,FFree,FFree,FFree,FFree,FFree,FFree,FFree,FFree,FFree,FFree,FFree,FFree,FFree,FFree,FFree,FFree,FFree,AArea,AArea,AArea,AArea,AArea,AArea,,,,,,,,,,,,,,,,,,,,,,,,,,,,,,,,,,,,,,,,,,,,,,,,,,,,,,,
MKTG 507,FFree,FFree,FFree,FFree,FFree,FFree,FFree,FFree,FFree,FFree,FFree,FFree,FFree,FFree,FFree,FFree,FFree,FFree,FFree,FFree,FFree,AArea,AArea,AArea,AArea,AArea,AArea,,,,,,,,,,,,,,,,,,,,,,,,,,,,,,,,,,,,,,,,,,,,,,,,,,,,,,,
MKTG 529,FFree,FFree,FFree,FFree,FFree,FFree,FFree,FFree,FFree,FFree,FFree,FFree,FFree,FFree,FFree,FFree,FFree,FFree,FFree,FFree,FFree,AArea,AArea,AArea,AArea,AArea,AArea,,,,,,,,,,,,,,,,,,,,,,,,,,,,,,,,,,,,,,,,,,,,,,,,,,,,,,,
MKTG 530,FFree,FFree,FFree,FFree,FFree,FFree,FFree,FFree,FFree,FFree,FFree,FFree,FFree,FFree,FFree,FFree,FFree,FFree,FFree,FFree,FFree,AArea,AArea,AArea,AArea,AArea,AArea,,,,,,,,,,,,,,,,,,,,,,,,,,,,,,,,,,,,,,,,,,,,,,,,,,,,,,,
MKTG 551,FFree,FFree,FFree,FFree,FFree,FFree,FFree,FFree,FFree,FFree,FFree,FFree,FFree,FFree,FFree,FFree,FFree,FFree,FFree,FFree,FFree,AArea,AArea,AArea,AArea,AArea,AArea,,,,,,,,,,,,,,,,,,,,,,,,,,,,,,,,,,,,,,,,,,,,,,,,,,,,,,,
MKTG 601,FFree,FFree,FFree,FFree,FFree,FFree,FFree,FFree,FFree,FFree,FFree,FFree,FFree,FFree,FFree,FFree,FFree,FFree,FFree,FFree,FFree,AArea,AArea,AArea,AArea,AArea,AArea,,,,,,,,,,,,,,,,,,,,,,,,,,,,,,,,,,,,,,,,,,,,,,,,,,,,,,,
MKTG 602,FFree,FFree,FFree,FFree,FFree,FFree,FFree,FFree,FFree,FFree,FFree,FFree,FFree,FFree,FFree,FFree,FFree,FFree,FFree,FFree,FFree,AArea,AArea,AArea,AArea,AArea,AArea,,,,,,,,,,,,,,,,,,,,,,,,,,,,,,,,,,,,,,,,,,,,,,,,,,,,,,,
MKTG 603,FFree,FFree,FFree,FFree,FFree,FFree,FFree,FFree,FFree,FFree,FFree,FFree,FFree,FFree,FFree,FFree,FFree,FFree,FFree,FFree,FFree,AArea,AArea,AArea,AArea,AArea,AArea,,,,,,,,,,,,,,,,,,,,,,,,,,,,,,,,,,,,,,,,,,,,,,,,,,,,,,,
MKTG 631,FFree,FFree,FFree,FFree,FFree,FFree,FFree,FFree,FFree,FFree,FFree,FFree,FFree,FFree,FFree,FFree,FFree,FFree,FFree,FFree,FFree,AArea,AArea,AArea,AArea,AArea,AArea,,,,,,,,,,,,,,,,,,,,,,,,,,,,,,,,,,,,,,,,,,,,,,,,,,,,,,,
MKTG 690,FFree,FFree,FFree,FFree,FFree,FFree,FFree,FFree,FFree,FFree,FFree,FFree,FFree,FFree,FFree,FFree,FFree,FFree,FFree,FFree,FFree,AArea,AArea,AArea,AArea,AArea,AArea,,,,,,,,,,,,,,,,,,,,,,,,,,,,,,,,,,,,,,,,,,,,,,,,,,,,,,,
MKTG 811,FFree,FFree,FFree,FFree,FFree,FFree,FFree,FFree,FFree,FFree,FFree,FFree,FFree,FFree,FFree,FFree,FFree,FFree,FFree,FFree,FFree,AArea,AArea,AArea,AArea,AArea,AArea,,,,,,,,,,,,,,,,,,,,,,,,,,,,,,,,,,,,,,,,,,,,,,,,,,,,,,,
MKTG 826,FFree,FFree,FFree,FFree,FFree,FFree,FFree,FFree,FFree,FFree,FFree,FFree,FFree,FFree,FFree,FFree,FFree,FFree,FFree,FFree,FFree,AArea,AArea,AArea,AArea,AArea,AArea,,,,,,,,,,,,,,,,,,,,,,,,,,,,,,,,,,,,,,,,,,,,,,,,,,,,,,,
MRES 599,FFree,FFree,FFree,FFree,FFree,FFree,FFree,FFree,FFree,FFree,FFree,FFree,FFree,FFree,FFree,FFree,FFree,FFree,FFree,FFree,FFree,AArea,AArea,AArea,AArea,AArea,AArea,,,,,,,,,,,,,,,,,,,,,,,,,,,,,,,,,,,,,,,,,,,,,,,,,,,,,,,
MRES 601,FFree,FFree,FFree,FFree,FFree,FFree,FFree,FFree,FFree,FFree,FFree,FFree,FFree,FFree,FFree,FFree,FFree,FFree,FFree,FFree,FFree,AArea,AArea,AArea,AArea,AArea,AArea,,,,,,,,,,,,,,,,,,,,,,,,,,,,,,,,,,,,,,,,,,,,,,,,,,,,,,,
MRES 602,FFree,FFree,FFree,FFree,FFree,FFree,FFree,FFree,FFree,FFree,FFree,FFree,FFree,FFree,FFree,FFree,FFree,FFree,FFree,FFree,FFree,AArea,AArea,AArea,AArea,AArea,AArea,,,,,,,,,,,,,,,,,,,,,,,,,,,,,,,,,,,,,,,,,,,,,,,,,,,,,,,
MRES 603,FFree,FFree,FFree,FFree,FFree,FFree,FFree,FFree,FFree,FFree,FFree,FFree,FFree,FFree,FFree,FFree,FFree,FFree,FFree,FFree,FFree,AArea,AArea,AArea,AArea,AArea,AArea,,,,,,,,,,,,,,,,,,,,,,,,,,,,,,,,,,,,,,,,,,,,,,,,,,,,,,,
MRES 604,FFree,FFree,FFree,FFree,FFree,FFree,FFree,FFree,FFree,FFree,FFree,FFree,FFree,FFree,FFree,FFree,FFree,FFree,FFree,FFree,FFree,AArea,AArea,AArea,AArea,AArea,AArea,,,,,,,,,,,,,,,,,,,,,,,,,,,,,,,,,,,,,,,,,,,,,,,,,,,,,,,
MRES 611,FFree,FFree,FFree,FFree,FFree,FFree,FFree,FFree,FFree,FFree,FFree,FFree,FFree,FFree,FFree,FFree,FFree,FFree,FFree,FFree,FFree,AArea,AArea,AArea,AArea,AArea,AArea,,,,,,,,,,,,,,,,,,,,,,,,,,,,,,,,,,,,,,,,,,,,,,,,,,,,,,,
NS 501,FFree,FFree,FFree,FFree,FFree,FFree,FFree,FFree,FFree,FFree,FFree,FFree,FFree,FFree,FFree,FFree,FFree,FFree,FFree,FFree,FFree,AArea,AArea,AArea,AArea,AArea,AArea,,,,,,,,,,,,,,,,,,,,,,,,,,,,,,,,,,,,,,,,,,,,,,,,,,,,,,,
NS 502,FFree,FFree,FFree,FFree,FFree,FFree,FFree,FFree,FFree,FFree,FFree,FFree,FFree,FFree,FFree,FFree,FFree,FFree,FFree,FFree,FFree,AArea,AArea,AArea,AArea,AArea,AArea,,,,,,,,,,,,,,,,,,,,,,,,,,,,,,,,,,,,,,,,,,,,,,,,,,,,,,,
NS 566,FFree,FFree,FFree,FFree,FFree,FFree,FFree,FFree,FFree,FFree,FFree,FFree,FFree,FFree,FFree,FFree,FFree,FFree,FFree,FFree,FFree,AArea,AArea,AArea,AArea,AArea,AArea,,,,,,,,,,,,,,,,,,,,,,,,,,,,,,,,,,,,,,,,,,,,,,,,,,,,,,,
NT 546,FFree,FFree,FFree,FFree,FFree,FFree,FFree,FFree,FFree,FFree,FFree,FFree,FFree,FFree,FFree,FFree,FFree,FFree,FFree,FFree,FFree,AArea,AArea,AArea,AArea,AArea,AArea,,,,,,,,,,,,,,,,,,,,,,,,,,,,,,,,,,,,,,,,,,,,,,,,,,,,,,,
OPIM 506,FFree,FFree,FFree,FFree,FFree,FFree,FFree,FFree,FFree,FFree,FFree,FFree,FFree,FFree,FFree,FFree,FFree,FFree,FFree,FFree,FFree,AArea,AArea,AArea,AArea,AArea,AArea,,,,,,,,,,,,,,,,,,,,,,,,,,,,,,,,,,,,,,,,,,,,,,,,,,,,,,,
OPIM 508,FFree,FFree,FFree,FFree,FFree,FFree,FFree,FFree,FFree,FFree,FFree,FFree,FFree,FFree,FFree,FFree,FFree,FFree,FFree,FFree,FFree,AArea,AArea,AArea,AArea,AArea,AArea,,,,,,,,,,,,,,,,,,,,,,,,,,,,,,,,,,,,,,,,,,,,,,,,,,,,,,,
OPIM 522,FFree,FFree,FFree,FFree,FFree,FFree,FFree,FFree,FFree,FFree,FFree,FFree,FFree,FFree,FFree,FFree,FFree,FFree,FFree,FFree,FFree,AArea,AArea,AArea,AArea,AArea,AArea,,,,,,,,,,,,,,,,,,,,,,,,,,,,,,,,,,,,,,,,,,,,,,,,,,,,,,,
OPIM 523,FFree,FFree,FFree,FFree,FFree,FFree,FFree,FFree,FFree,FFree,FFree,FFree,FFree,FFree,FFree,FFree,FFree,FFree,FFree,FFree,FFree,AArea,AArea,AArea,AArea,AArea,AArea,,,,,,,,,,,,,,,,,,,,,,,,,,,,,,,,,,,,,,,,,,,,,,,,,,,,,,,
OPIM 603,FFree,FFree,FFree,FFree,FFree,FFree,FFree,FFree,FFree,FFree,FFree,FFree,FFree,FFree,FFree,FFree,FFree,FFree,FFree,FFree,FFree,AArea,AArea,AArea,AArea,AArea,AArea,,,,,,,,,,,,,,,,,,,,,,,,,,,,,,,,,,,,,,,,,,,,,,,,,,,,,,,
OPIM 611,FFree,FFree,FFree,FFree,FFree,FFree,FFree,FFree,FFree,FFree,FFree,FFree,FFree,FFree,FFree,FFree,FFree,FFree,FFree,FFree,FFree,AArea,AArea,AArea,AArea,AArea,AArea,,,,,,,,,,,,,,,,,,,,,,,,,,,,,,,,,,,,,,,,,,,,,,,,,,,,,,,
OPIM 612,FFree,FFree,FFree,FFree,FFree,FFree,FFree,FFree,FFree,FFree,FFree,FFree,FFree,FFree,FFree,FFree,FFree,FFree,FFree,FFree,FFree,AArea,AArea,AArea,AArea,AArea,AArea,,,,,,,,,,,,,,,,,,,,,,,,,,,,,,,,,,,,,,,,,,,,,,,,,,,,,,,
OPIM 613,FFree,FFree,FFree,FFree,FFree,FFree,FFree,FFree,FFree,FFree,FFree,FFree,FFree,FFree,FFree,FFree,FFree,FFree,FFree,FFree,FFree,AArea,AArea,AArea,AArea,AArea,AArea,,,,,,,,,,,,,,,,,,,,,,,,,,,,,,,,,,,,,,,,,,,,,,,,,,,,,,,
OPIM 614,FFree,FFree,FFree,FFree,FFree,FFree,FFree,FFree,FFree,FFree,FFree,FFree,FFree,FFree,FFree,FFree,FFree,FFree,FFree,FFree,FFree,AArea,AArea,AArea,AArea,AArea,AArea,,,,,,,,,,,,,,,,,,,,,,,,,,,,,,,,,,,,,,,,,,,,,,,,,,,,,,,
OPIM 615,FFree,FFree,FFree,FFree,FFree,FFree,FFree,FFree,FFree,FFree,FFree,FFree,FFree,FFree,FFree,FFree,FFree,FFree,FFree,FFree,FFree,AArea,AArea,AArea,AArea,AArea,AArea,,,,,,,,,,,,,,,,,,,,,,,,,,,,,,,,,,,,,,,,,,,,,,,,,,,,,,,
OPIM 616,FFree,FFree,FFree,FFree,FFree,FFree,FFree,FFree,FFree,FFree,FFree,FFree,FFree,FFree,FFree,FFree,FFree,FFree,FFree,FFree,FFree,AArea,AArea,AArea,AArea,AArea,AArea,,,,,,,,,,,,,,,,,,,,,,,,,,,,,,,,,,,,,,,,,,,,,,,,,,,,,,,
OPIM 617,FFree,FFree,FFree,FFree,FFree,FFree,FFree,FFree,FFree,FFree,FFree,FFree,FFree,FFree,FFree,FFree,FFree,FFree,FFree,FFree,FFree,AArea,AArea,AArea,AArea,AArea,AArea,,,,,,,,,,,,,,,,,,,,,,,,,,,,,,,,,,,,,,,,,,,,,,,,,,,,,,,
OPIM 621,FFree,FFree,FFree,FFree,FFree,FFree,FFree,FFree,FFree,FFree,FFree,FFree,FFree,FFree,FFree,FFree,FFree,FFree,FFree,FFree,FFree,AArea,AArea,AArea,AArea,AArea,AArea,,,,,,,,,,,,,,,,,,,,,,,,,,,,,,,,,,,,,,,,,,,,,,,,,,,,,,,
OPIM 622,FFree,FFree,FFree,FFree,FFree,FFree,FFree,FFree,FFree,FFree,FFree,FFree,FFree,FFree,FFree,FFree,FFree,FFree,FFree,FFree,FFree,AArea,AArea,AArea,AArea,AArea,AArea,,,,,,,,,,,,,,,,,,,,,,,,,,,,,,,,,,,,,,,,,,,,,,,,,,,,,,,
OPIM 623,FFree,FFree,FFree,FFree,FFree,FFree,FFree,FFree,FFree,FFree,FFree,FFree,FFree,FFree,FFree,FFree,FFree,FFree,FFree,FFree,FFree,AArea,AArea,AArea,AArea,AArea,AArea,,,,,,,,,,,,,,,,,,,,,,,,,,,,,,,,,,,,,,,,,,,,,,,,,,,,,,,
OPIM 624,FFree,FFree,FFree,FFree,FFree,FFree,FFree,FFree,FFree,FFree,FFree,FFree,FFree,FFree,FFree,FFree,FFree,FFree,FFree,FFree,FFree,AArea,AArea,AArea,AArea,AArea,AArea,,,,,,,,,,,,,,,,,,,,,,,,,,,,,,,,,,,,,,,,,,,,,,,,,,,,,,,
OPIM 627,FFree,FFree,FFree,FFree,FFree,FFree,FFree,FFree,FFree,FFree,FFree,FFree,FFree,FFree,FFree,FFree,FFree,FFree,FFree,FFree,FFree,AArea,AArea,AArea,AArea,AArea,AArea,,,,,,,,,,,,,,,,,,,,,,,,,,,,,,,,,,,,,,,,,,,,,,,,,,,,,,,
OPIM 628,FFree,FFree,FFree,FFree,FFree,FFree,FFree,FFree,FFree,FFree,FFree,FFree,FFree,FFree,FFree,FFree,FFree,FFree,FFree,FFree,FFree,AArea,AArea,AArea,AArea,AArea,AArea,,,,,,,,,,,,,,,,,,,,,,,,,,,,,,,,,,,,,,,,,,,,,,,,,,,,,,,
OPIM 629,FFree,FFree,FFree,FFree,FFree,FFree,FFree,FFree,FFree,FFree,FFree,FFree,FFree,FFree,FFree,FFree,FFree,FFree,FFree,FFree,FFree,AArea,AArea,AArea,AArea,AArea,AArea,,,,,,,,,,,,,,,,,,,,,,,,,,,,,,,,,,,,,,,,,,,,,,,,,,,,,,,
OPIM 630,FFree,FFree,FFree,FFree,FFree,FFree,FFree,FFree,FFree,FFree,FFree,FFree,FFree,FFree,FFree,FFree,FFree,FFree,FFree,FFree,FFree,AArea,AArea,AArea,AArea,AArea,AArea,,,,,,,,,,,,,,,,,,,,,,,,,,,,,,,,,,,,,,,,,,,,,,,,,,,,,,,
OPIM 631,FFree,FFree,FFree,FFree,FFree,FFree,FFree,FFree,FFree,FFree,FFree,FFree,FFree,FFree,FFree,FFree,FFree,FFree,FFree,FFree,FFree,AArea,AArea,AArea,AArea,AArea,AArea,,,,,,,,,,,,,,,,,,,,,,,,,,,,,,,,,,,,,,,,,,,,,,,,,,,,,,,
OPIM 632,FFree,FFree,FFree,FFree,FFree,FFree,FFree,FFree,FFree,FFree,FFree,FFree,FFree,FFree,FFree,FFree,FFree,FFree,FFree,FFree,FFree,AArea,AArea,AArea,AArea,AArea,AArea,,,,,,,,,,,,,,,,,,,,,,,,,,,,,,,,,,,,,,,,,,,,,,,,,,,,,,,
OPIM 652,FFree,FFree,FFree,FFree,FFree,FFree,FFree,FFree,FFree,FFree,FFree,FFree,FFree,FFree,FFree,FFree,FFree,FFree,FFree,FFree,FFree,AArea,AArea,AArea,AArea,AArea,AArea,,,,,,,,,,,,,,,,,,,,,,,,,,,,,,,,,,,,,,,,,,,,,,,,,,,,,,,
OPIM 690,FFree,FFree,FFree,FFree,FFree,FFree,FFree,FFree,FFree,FFree,FFree,FFree,FFree,FFree,FFree,FFree,FFree,FFree,FFree,FFree,FFree,AArea,AArea,AArea,AArea,AArea,AArea,,,,,,,,,,,,,,,,,,,,,,,,,,,,,,,,,,,,,,,,,,,,,,,,,,,,,,,
ORG 551,FFree,FFree,FFree,FFree,FFree,FFree,FFree,FFree,FFree,FFree,FFree,FFree,FFree,FFree,FFree,FFree,FFree,FFree,FFree,FFree,FFree,AArea,AArea,AArea,,,,,,,,,,,,,,,,,,,,,,,,,,,,,,,,,,,,,,,,,,,,,,,,,,,,,,,,,,
ORG 612,FFree,FFree,FFree,FFree,FFree,FFree,FFree,FFree,FFree,FFree,FFree,FFree,FFree,FFree,FFree,FFree,FFree,FFree,FFree,FFree,FFree,AArea,AArea,AArea,AArea,AArea,AArea,,,,,,,,,,,,,,,,,,,,,,,,,,,,,,,,,,,,,,,,,,,,,,,,,,,,,,,
ORG 613,FFree,FFree,FFree,FFree,FFree,FFree,FFree,FFree,FFree,FFree,FFree,FFree,FFree,FFree,FFree,FFree,FFree,FFree,FFree,FFree,FFree,AArea,AArea,AArea,AArea,AArea,AArea,,,,,,,,,,,,,,,,,,,,,,,,,,,,,,,,,,,,,,,,,,,,,,,,,,,,,,,
ORG 614,FFree,FFree,FFree,FFree,FFree,FFree,FFree,FFree,FFree,FFree,FFree,FFree,FFree,FFree,FFree,FFree,FFree,FFree,FFree,FFree,FFree,AArea,AArea,AArea,AArea,AArea,AArea,,,,,,,,,,,,,,,,,,,,,,,,,,,,,,,,,,,,,,,,,,,,,,,,,,,,,,,
ORG 627,FFree,FFree,FFree,FFree,FFree,FFree,FFree,FFree,FFree,FFree,FFree,FFree,FFree,FFree,FFree,FFree,FFree,FFree,FFree,FFree,FFree,AArea,AArea,AArea,AArea,AArea,AArea,,,,,,,,,,,,,,,,,,,,,,,,,,,,,,,,,,,,,,,,,,,,,,,,,,,,,,,
ORG 628,FFree,FFree,FFree,FFree,FFree,FFree,FFree,FFree,FFree,FFree,FFree,FFree,FFree,FFree,FFree,FFree,FFree,FFree,FFree,FFree,FFree,AArea,AArea,AArea,AArea,AArea,AArea,,,,,,,,,,,,,,,,,,,,,,,,,,,,,,,,,,,,,,,,,,,,,,,,,,,,,,,
ORG 629,FFree,FFree,FFree,FFree,FFree,FFree,FFree,FFree,FFree,FFree,FFree,FFree,FFree,FFree,FFree,FFree,FFree,FFree,FFree,FFree,FFree,AArea,AArea,AArea,AArea,AArea,AArea,,,,,,,,,,,,,,,,,,,,,,,,,,,,,,,,,,,,,,,,,,,,,,,,,,,,,,,
ORG 630,FFree,FFree,FFree,FFree,FFree,FFree,FFree,FFree,FFree,FFree,FFree,FFree,FFree,FFree,FFree,FFree,FFree,FFree,FFree,FFree,FFree,AArea,AArea,AArea,AArea,AArea,AArea,,,,,,,,,,,,,,,,,,,,,,,,,,,,,,,,,,,,,,,,,,,,,,,,,,,,,,,
ORG 631,FFree,FFree,FFree,FFree,FFree,FFree,FFree,FFree,FFree,FFree,FFree,FFree,FFree,FFree,FFree,FFree,FFree,FFree,FFree,FFree,FFree,AArea,AArea,AArea,AArea,AArea,AArea,,,,,,,,,,,,,,,,,,,,,,,,,,,,,,,,,,,,,,,,,,,,,,,,,,,,,,,
ORG 632,FFree,FFree,FFree,FFree,FFree,FFree,FFree,FFree,FFree,FFree,FFree,FFree,FFree,FFree,FFree,FFree,FFree,FFree,FFree,FFree,FFree,AArea,AArea,AArea,AArea,AArea,AArea,,,,,,,,,,,,,,,,,,,,,,,,,,,,,,,,,,,,,,,,,,,,,,,,,,,,,,,
ORG 690,FFree,FFree,FFree,FFree,FFree,FFree,FFree,FFree,FFree,FFree,FFree,FFree,FFree,FFree,FFree,FFree,FFree,FFree,FFree,FFree,FFree,AArea,AArea,AArea,AArea,AArea,AArea,,,,,,,,,,,,,,,,,,,,,,,,,,,,,,,,,,,,,,,,,,,,,,,,,,,,,,,
PERS 501,FFree,FFree,FFree,FFree,FFree,FFree,FFree,FFree,FFree,FFree,FFree,FFree,FFree,FFree,FFree,FFree,FFree,FFree,FFree,FFree,FFree,AArea,AArea,AArea,AArea,AArea,AArea,CCore 1,CCore 1,CCore 1,CCore 1,CCore 1,CCore 1,CCore 1,CCore 1,CCore 1,CCore 1,CCore 1,CCore 1,CCore 1,CCore 1,CCore 1,,,,,,,,,,,,,,,,,,,,,,,,,,,,,,,,,,,,,,,,
PERS 502,FFree,FFree,FFree,FFree,FFree,FFree,FFree,FFree,FFree,FFree,FFree,FFree,FFree,FFree,FFree,FFree,FFree,FFree,FFree,FFree,FFree,AArea,AArea,AArea,AArea,AArea,AArea,CCore 1,CCore 1,CCore 1,CCore 1,CCore 1,CCore 1,CCore 1,CCore 1,CCore 1,CCore 1,CCore 1,CCore 1,CCore 1,CCore 1,CCore 1,,,,,,,,,,,,,,,,,,,,,,,,,,,,,,,,,,,,,,,,
PERS 503,FFree,FFree,FFree,FFree,FFree,FFree,FFree,FFree,FFree,FFree,FFree,FFree,FFree,FFree,FFree,FFree,FFree,FFree,FFree,FFree,FFree,AArea,AArea,AArea,AArea,AArea,AArea,CCore 1,CCore 1,CCore 1,CCore 1,CCore 1,CCore 1,CCore 1,CCore 1,CCore 1,CCore 1,CCore 1,CCore 1,CCore 1,CCore 1,CCore 1,,,,,,,,,,,,,,,,,,,,,,,,,,,,,,,,,,,,,,,,
PERS 504,FFree,FFree,FFree,FFree,FFree,FFree,FFree,FFree,FFree,FFree,FFree,FFree,FFree,FFree,FFree,FFree,FFree,FFree,FFree,FFree,FFree,AArea,AArea,AArea,AArea,AArea,AArea,CCore 1,CCore 1,CCore 1,CCore 1,CCore 1,CCore 1,CCore 1,CCore 1,CCore 1,CCore 1,CCore 1,CCore 1,CCore 1,CCore 1,CCore 1,,,,,,,,,,,,,,,,,,,,,,,,,,,,,,,,,,,,,,,,
PERS 510,FFree,FFree,FFree,FFree,FFree,FFree,FFree,FFree,FFree,FFree,FFree,FFree,FFree,FFree,FFree,FFree,FFree,FFree,FFree,FFree,FFree,AArea,AArea,AArea,AArea,AArea,AArea,,,,,,,,,,,,,,,,,,,,,,CCore 1,CCore 1,CCore 1,CCore 1,CCore 1,CCore 1,CCore 1,CCore 1,CCore 1,CCore 1,CCore 1,CCore 1,CCore 1,CCore 1,CCore 1,CCore 1,CCore 1,CCore 1,CCore 1,CCore 1,CCore 1,CCore 1,CCore 1,CCore 1,CCore 1,CCore 1,CCore 1,CCore 1,CCore 1,CCore 1,CCore 1,CCore 1,CCore 1,CCore 1
PERS 520,FFree,FFree,FFree,FFree,FFree,FFree,FFree,FFree,FFree,FFree,FFree,FFree,FFree,FFree,FFree,FFree,FFree,FFree,FFree,FFree,FFree,AArea,AArea,AArea,AArea,AArea,AArea,,,,,,,,,,,,,,,,,,,,,,CCore 1,CCore 1,CCore 1,CCore 1,CCore 1,CCore 1,CCore 1,CCore 1,CCore 1,CCore 1,CCore 1,CCore 1,CCore 1,CCore 1,CCore 1,CCore 1,CCore 1,CCore 1,CCore 1,CCore 1,CCore 1,CCore 1,CCore 1,CCore 1,CCore 1,CCore 1,CCore 1,CCore 1,CCore 1,CCore 1,CCore 1,CCore 1,CCore 1,CCore 1
PERS 530,FFree,FFree,FFree,FFree,FFree,FFree,FFree,FFree,FFree,FFree,FFree,FFree,FFree,FFree,FFree,FFree,FFree,FFree,FFree,FFree,FFree,AArea,AArea,AArea,AArea,AArea,AArea,,,,,,,,,,,,,,,,,,,,,,CCore 1,CCore 1,CCore 1,CCore 1,CCore 1,CCore 1,CCore 1,CCore 1,CCore 1,CCore 1,CCore 1,CCore 1,CCore 1,CCore 1,CCore 1,CCore 1,CCore 1,CCore 1,CCore 1,CCore 1,CCore 1,CCore 1,CCore 1,CCore 1,CCore 1,CCore 1,CCore 1,CCore 1,CCore 1,CCore 1,CCore 1,CCore 1,CCore 1,CCore 1
PERS 540,FFree,FFree,FFree,FFree,FFree,FFree,FFree,FFree,FFree,FFree,FFree,FFree,FFree,FFree,FFree,FFree,FFree,FFree,FFree,FFree,FFree,AArea,AArea,AArea,AArea,AArea,AArea,,,,,,,,,,,,,,,,,,,,,,CCore 1,CCore 1,CCore 1,CCore 1,CCore 1,CCore 1,CCore 1,CCore 1,CCore 1,CCore 1,CCore 1,CCore 1,CCore 1,CCore 1,CCore 1,CCore 1,CCore 1,CCore 1,CCore 1,CCore 1,CCore 1,CCore 1,CCore 1,CCore 1,CCore 1,CCore 1,CCore 1,CCore 1,CCore 1,CCore 1,CCore 1,CCore 1,CCore 1,CCore 1
PERS 550,FFree,FFree,FFree,FFree,FFree,FFree,FFree,FFree,FFree,FFree,FFree,FFree,FFree,FFree,FFree,FFree,FFree,FFree,FFree,FFree,FFree,AArea,AArea,AArea,AArea,AArea,AArea,CCore 1,CCore 1,CCore 1,CCore 1,CCore 1,CCore 1,CCore 1,CCore 1,CCore 1,CCore 1,CCore 1,CCore 1,CCore 1,CCore 1,CCore 1,CCore 1,CCore 1,CCore 1,CCore 1,CCore 1,CCore 1,CCore 1,CCore 1,,,,,,,,,,,,,,,,,,,,,,,,,,,,,,,,
PERS 560,FFree,FFree,FFree,FFree,FFree,FFree,FFree,FFree,FFree,FFree,FFree,FFree,FFree,FFree,FFree,FFree,FFree,FFree,FFree,FFree,FFree,AArea,AArea,AArea,AArea,AArea,AArea,CCore 1,CCore 1,CCore 1,CCore 1,CCore 1,CCore 1,CCore 1,CCore 1,CCore 1,CCore 1,CCore 1,CCore 1,CCore 1,CCore 1,CCore 1,CCore 1,CCore 1,CCore 1,CCore 1,CCore 1,CCore 1,CCore 1,,,,,,,,,,,,,,,,,,,,,,,,,,,,,,,,,
PHIL 501,FFree,FFree,FFree,FFree,FFree,FFree,FFree,FFree,FFree,FFree,FFree,FFree,FFree,FFree,FFree,FFree,FFree,FFree,FFree,FFree,FFree,AArea,AArea,AArea,AArea,AArea,AArea,,,,,,,,,,,,,,,,,,,,,,,,,,,,,,,,,,,,,,,,,,,,,,,,,,,,,,,
PHIL 521,FFree,FFree,FFree,FFree,FFree,FFree,FFree,FFree,FFree,FFree,FFree,FFree,FFree,FFree,FFree,FFree,FFree,FFree,FFree,FFree,FFree,AArea,AArea,AArea,AArea,AArea,AArea,,,,,,,,,,,,,,,,,,,,,,,,,,,,,,,,,,,,,,,,,,,,,,,,,,,,,,,
PHIL 522,FFree,FFree,FFree,FFree,FFree,FFree,FFree,FFree,FFree,FFree,FFree,FFree,FFree,FFree,FFree,FFree,FFree,FFree,FFree,FFree,FFree,AArea,AArea,AArea,AArea,AArea,AArea,,,,,,,,,,,,,,,,,,,,,,,,,,,,,,,,,,,,,,,,,,,,,,,,,,,,,,,
PHIL 525,FFree,FFree,FFree,FFree,FFree,FFree,FFree,FFree,FFree,FFree,FFree,FFree,FFree,FFree,FFree,FFree,FFree,FFree,FFree,FFree,FFree,AArea,AArea,AArea,AArea,AArea,AArea,,,,,,,,,,,,,,,,,,,,,,,,,,,,,,,,,,,,,,,,,,,,,,,,,,,,,,,
PHIL 550,FFree,FFree,FFree,FFree,FFree,FFree,FFree,FFree,FFree,FFree,FFree,FFree,FFree,FFree,FFree,FFree,FFree,FFree,FFree,FFree,FFree,AArea,AArea,AArea,AArea,AArea,AArea,,,,,,,,,,,,,,,,,,,,,,,,,,,,,,,,,,,,,,,,,,,,,,,,,,,,,,,
PHIL 560,FFree,FFree,FFree,FFree,FFree,FFree,FFree,FFree,FFree,FFree,FFree,FFree,FFree,FFree,FFree,FFree,FFree,FFree,FFree,FFree,FFree,AArea,AArea,AArea,AArea,AArea,AArea,,,,,,,,,,,,,,,,,,,,,,,,,,,,,,,,,,,,,,,,,,,,,,,,,,,,,,,
PHIL 570,FFree,FFree,FFree,FFree,FFree,FFree,FFree,FFree,FFree,FFree,FFree,FFree,FFree,FFree,FFree,FFree,FFree,FFree,FFree,FFree,FFree,AArea,AArea,AArea,AArea,AArea,AArea,,,,,,,,,,,,,,,,,,,,,,,,,,,,,,,,,,,,,,,,,,,,,,,,,,,,,,,
PHYS 501,FFree,FFree,FFree,FFree,FFree,FFree,FFree,FFree,FFree,FFree,FFree,FFree,FFree,FFree,FFree,FFree,FFree,FFree,FFree,FFree,FFree,AArea,AArea,AArea,AArea,AArea,AArea,,,,,,,,,,,,,,,,,,,,,,,,,,,,,,,,,,,,,,,,,,,,,,,,,,,,,,,
PHYS 511,FFree,FFree,FFree,FFree,FFree,FFree,FFree,FFree,FFree,FFree,FFree,FFree,FFree,FFree,FFree,FFree,FFree,FFree,FFree,FFree,FFree,AArea,AArea,AArea,AArea,AArea,AArea,,,,,,,,,,,,,,,,,,,,,,,,,,,,,,,,,,,,,,,,,,,,,,,,,,,,,,,
PHYS 512,FFree,FFree,FFree,FFree,FFree,FFree,FFree,FFree,FFree,FFree,FFree,FFree,FFree,FFree,FFree,FFree,FFree,FFree,FFree,FFree,FFree,AArea,AArea,AArea,AArea,AArea,AArea,,,,,,,,,,,,,,,,,,,,,,,,,,,,,,,,,,,,,,,,,,,,,,,,,,,,,,,
PHYS 531,FFree,FFree,FFree,FFree,FFree,FFree,FFree,FFree,FFree,FFree,FFree,FFree,FFree,FFree,FFree,FFree,FFree,FFree,FFree,FFree,FFree,AArea,AArea,AArea,AArea,AArea,AArea,,,,,,,,,,,,,,,,,,,,,,,,,,,,,,,,,,,,,,,,,,,,,,,,,,,,,,,
PHYS 532,FFree,FFree,FFree,FFree,FFree,FFree,FFree,FFree,FFree,FFree,FFree,FFree,FFree,FFree,FFree,FFree,FFree,FFree,FFree,FFree,FFree,AArea,AArea,AArea,AArea,AArea,AArea,,,,,,,,,,,,,,,,,,,,,,,,,,,,,,,,,,,,,,,,,,,,,,,,,,,,,,,
PHYS 533,FFree,FFree,FFree,FFree,FFree,FFree,FFree,FFree,FFree,FFree,FFree,FFree,FFree,FFree,FFree,FFree,FFree,FFree,FFree,FFree,FFree,AArea,AArea,AArea,AArea,AArea,AArea,,,,,,,,,,,,,,,,,,,,,,,,,,,,,,,,,,,,,,,,,,,,,,,,,,,,,,,
PHYS 538,FFree,FFree,FFree,FFree,FFree,FFree,FFree,FFree,FFree,FFree,FFree,FFree,FFree,FFree,FFree,FFree,FFree,FFree,FFree,FFree,FFree,AArea,AArea,AArea,AArea,AArea,AArea,,,,,,,,,,,,,,,,,,,,,,,,,,,,,,,,,,,,,,,,,,,,,,,,,,,,,,,
PHYS 541,FFree,FFree,FFree,FFree,FFree,FFree,FFree,FFree,FFree,FFree,FFree,FFree,FFree,FFree,FFree,FFree,FFree,FFree,FFree,FFree,FFree,AArea,AArea,AArea,AArea,AArea,AArea,,,,,,,,,,,,,,,,,,,,,,,,,,,,,,,,,,,,,,,,,,,,,,,,,,,,,,,
PHYS 542,FFree,FFree,FFree,FFree,FFree,FFree,FFree,FFree,FFree,FFree,FFree,FFree,FFree,FFree,FFree,FFree,FFree,FFree,FFree,FFree,FFree,AArea,AArea,AArea,AArea,AArea,AArea,,,,,,,,,,,,,,,,,,,,,,,,,,,,,,,,,,,,,,,,,,,,,,,,,,,,,,,
PHYS 545,FFree,FFree,FFree,FFree,FFree,FFree,FFree,FFree,FFree,FFree,FFree,FFree,FFree,FFree,FFree,FFree,FFree,FFree,FFree,FFree,FFree,AArea,AArea,AArea,AArea,AArea,AArea,,,,,,,,,,,,,,,,,,,,,,,,,,,,,,,,,,,,,,,,,,,,,,,,,,,,,,,
PHYS 546,FFree,FFree,FFree,FFree,FFree,FFree,FFree,FFree,FFree,FFree,FFree,FFree,FFree,FFree,FFree,FFree,FFree,FFree,FFree,FFree,FFree,AArea,AArea,AArea,AArea,AArea,AArea,,,,,,,,,,,,,,,,,,,,,,,,,,,,,,,,,,,,,,,,,,,,,,,,,,,,,,,
PHYS 548,FFree,FFree,FFree,FFree,FFree,FFree,FFree,FFree,FFree,FFree,FFree,FFree,FFree,FFree,FFree,FFree,FFree,FFree,FFree,FFree,FFree,AArea,AArea,AArea,AArea,AArea,AArea,,,,,,,,,,,,,,,,,,,,,,,,,,,,,,,,,,,,,,,,,,,,,,,,,,,,,,,
PHYS 550,FFree,FFree,FFree,FFree,FFree,FFree,FFree,FFree,FFree,FFree,FFree,FFree,FFree,FFree,FFree,FFree,FFree,FFree,FFree,FFree,FFree,AArea,AArea,AArea,AArea,AArea,AArea,,,,,,,,,,,,,,,,,,,,,,,,,,,,,,,,,,,,,,,,,,,,,,,,,,,,,,,
PHYS 553,FFree,FFree,FFree,FFree,FFree,FFree,FFree,FFree,FFree,FFree,FFree,FFree,FFree,FFree,FFree,FFree,FFree,FFree,FFree,FFree,FFree,AArea,AArea,AArea,AArea,AArea,AArea,,,,,,,,,,,,,,,,,,,,,,,,,,,,,,,,,,,,,,,,,,,,,,,,,,,,,,,
PHYS 555,FFree,FFree,FFree,FFree,FFree,FFree,FFree,FFree,FFree,FFree,FFree,FFree,FFree,FFree,FFree,FFree,FFree,FFree,FFree,FFree,FFree,AArea,AArea,AArea,AArea,AArea,AArea,,,,,,,,,,,,,,,,,,,,,,,,,,,,,,,,,,,,,,,,,,,,,,,,,,,,,,,
PHYS 556,FFree,FFree,FFree,FFree,FFree,FFree,FFree,FFree,FFree,FFree,FFree,FFree,FFree,FFree,FFree,FFree,FFree,FFree,FFree,FFree,FFree,AArea,AArea,AArea,AArea,AArea,AArea,,,,,,,,,,,,,,,,,,,,,,,,,,,,,,,,,,,,,,,,,,,,,,,,,,,,,,,
PHYS 561,FFree,FFree,FFree,FFree,FFree,FFree,FFree,FFree,FFree,FFree,FFree,FFree,FFree,FFree,FFree,FFree,FFree,FFree,FFree,FFree,FFree,AArea,AArea,AArea,AArea,AArea,AArea,,,,,,,,,,,,,,,,,,,,,,,,,,,,,,,,,,,,,,,,,,,,,,,,,,,,,,,
PHYS 562,FFree,FFree,FFree,FFree,FFree,FFree,FFree,FFree,FFree,FFree,FFree,FFree,FFree,FFree,FFree,FFree,FFree,FFree,FFree,FFree,FFree,AArea,AArea,AArea,AArea,AArea,AArea,,,,,,,,,,,,,,,,,,,,,,,,,,,,,,,,,,,,,,,,,,,,,,,,,,,,,,,
PHYS 565,FFree,FFree,FFree,FFree,FFree,FFree,FFree,FFree,FFree,FFree,FFree,FFree,FFree,FFree,FFree,FFree,FFree,FFree,FFree,FFree,FFree,AArea,AArea,AArea,AArea,AArea,AArea,,,,,,,,,,,,,,,,,,,,,,,,,,,,,,,,,,,,,,,,,,,,,,,,,,,,,,,
PHYS 566,FFree,FFree,FFree,FFree,FFree,FFree,FFree,FFree,FFree,FFree,FFree,FFree,FFree,FFree,FFree,FFree,FFree,FFree,FFree,FFree,FFree,AArea,AArea,AArea,AArea,AArea,AArea,,,,,,,,,,,,,,,,,,,,,,,,,,,,,,,,,,,,,,,,,,,,,,,,,,,,,,,
PHYS 576,FFree,FFree,FFree,FFree,FFree,FFree,FFree,FFree,FFree,FFree,FFree,FFree,FFree,FFree,FFree,FFree,FFree,FFree,FFree,FFree,FFree,AArea,AArea,AArea,AArea,AArea,AArea,,,,,,,,,,,,,,,,,,,,,,,,,,,,,,,,,,,,,,,,,,,,,,,,,,,,,,,
PHYS 580,FFree,FFree,FFree,FFree,FFree,FFree,FFree,FFree,FFree,FFree,FFree,FFree,FFree,FFree,FFree,FFree,FFree,FFree,FFree,FFree,FFree,AArea,AArea,AArea,AArea,AArea,AArea,,,,,,,,,,,,,,,,,,,,,,,,,,,,,,,,,,,,,,,,,,,,,,,,,,,,,,,
PHYS 581,FFree,FFree,FFree,FFree,FFree,FFree,FFree,FFree,FFree,FFree,FFree,FFree,FFree,FFree,FFree,FFree,FFree,FFree,FFree,FFree,FFree,AArea,AArea,AArea,AArea,AArea,AArea,,,,,,,,,,,,,,,,,,,,,,,,,,,,,,,,,,,,,,,,,,,,,,,,,,,,,,,
PHYS 584,FFree,FFree,FFree,FFree,FFree,FFree,FFree,FFree,FFree,FFree,FFree,FFree,FFree,FFree,FFree,FFree,FFree,FFree,FFree,FFree,FFree,AArea,AArea,AArea,AArea,AArea,AArea,,,,,,,,,,,,,,,,,,,,,,,,,,,,,,,,,,,,,,,,,,,,,,,,,,,,,,,
PHYS 591,FFree,FFree,FFree,FFree,FFree,FFree,FFree,FFree,FFree,FFree,FFree,FFree,FFree,FFree,FFree,FFree,FFree,FFree,FFree,FFree,FFree,AArea,AArea,AArea,AArea,AArea,AArea,,,,,,,,,,,,,,,,,,,,,,,,,,,,,,,,,,,,,,,,,,,,,,,,,,,,,,,
PHYS 592,FFree,FFree,FFree,FFree,FFree,FFree,FFree,FFree,FFree,FFree,FFree,FFree,FFree,FFree,FFree,FFree,FFree,FFree,FFree,FFree,FFree,AArea,AArea,AArea,AArea,AArea,AArea,,,,,,,,,,,,,,,,,,,,,,,,,,,,,,,,,,,,,,,,,,,,,,,,,,,,,,,
PHYS 611,FFree,FFree,FFree,FFree,FFree,FFree,FFree,FFree,FFree,FFree,FFree,FFree,FFree,FFree,FFree,FFree,FFree,FFree,FFree,FFree,FFree,AArea,AArea,AArea,AArea,AArea,AArea,,,,,,,,,,,,,,,,,,,,,,,,,,,,,,,,,,,,,,,,,,,,,,,,,,,,,,,
PHYS 612,FFree,FFree,FFree,FFree,FFree,FFree,FFree,FFree,FFree,FFree,FFree,FFree,FFree,FFree,FFree,FFree,FFree,FFree,FFree,FFree,FFree,AArea,AArea,AArea,AArea,AArea,AArea,,,,,,,,,,,,,,,,,,,,,,,,,,,,,,,,,,,,,,,,,,,,,,,,,,,,,,,
PHYS 613,FFree,FFree,FFree,FFree,FFree,FFree,FFree,FFree,FFree,FFree,FFree,FFree,FFree,FFree,FFree,FFree,FFree,FFree,FFree,FFree,FFree,AArea,AArea,AArea,AArea,AArea,AArea,,,,,,,,,,,,,,,,,,,,,,,,,,,,,,,,,,,,,,,,,,,,,,,,,,,,,,,
PHYS 614,FFree,FFree,FFree,FFree,FFree,FFree,FFree,FFree,FFree,FFree,FFree,FFree,FFree,FFree,FFree,FFree,FFree,FFree,FFree,FFree,FFree,AArea,AArea,AArea,AArea,AArea,AArea,,,,,,,,,,,,,,,,,,,,,,,,,,,,,,,,,,,,,,,,,,,,,,,,,,,,,,,
PHYS 617,FFree,FFree,FFree,FFree,FFree,FFree,FFree,FFree,FFree,FFree,FFree,FFree,FFree,FFree,FFree,FFree,FFree,FFree,FFree,FFree,FFree,AArea,AArea,AArea,AArea,AArea,AArea,,,,,,,,,,,,,,,,,,,,,,,,,,,,,,,,,,,,,,,,,,,,,,,,,,,,,,,
PHYS 618,FFree,FFree,FFree,FFree,FFree,FFree,FFree,FFree,FFree,FFree,FFree,FFree,FFree,FFree,FFree,FFree,FFree,FFree,FFree,FFree,FFree,AArea,AArea,AArea,AArea,AArea,AArea,,,,,,,,,,,,,,,,,,,,,,,,,,,,,,,,,,,,,,,,,,,,,,,,,,,,,,,
POLS 500,FFree,FFree,FFree,FFree,FFree,FFree,FFree,FFree,FFree,FFree,FFree,FFree,FFree,FFree,FFree,FFree,FFree,FFree,FFree,FFree,FFree,AArea,AArea,AArea,AArea,AArea,AArea,,,,,,,,,,,,,,,,,,,,,,,,,,,,,,,,,,,,,,,,,,,,,,,,,,,,,,,
POLS 501,FFree,FFree,FFree,FFree,FFree,FFree,FFree,FFree,FFree,FFree,,,,,,,,,,,,,,,,,,,,,,,,,,,,,,,,,,,,,,,,,,,,,,,,,,,,,,,,,,,,,,,,,,,,,,,,
POLS 502,FFree,FFree,FFree,FFree,FFree,FFree,FFree,FFree,FFree,FFree,FFree,FFree,FFree,FFree,FFree,FFree,FFree,FFree,FFree,FFree,FFree,AArea,AArea,AArea,AArea,AArea,AArea,,,,,,,,,,,,,,,,,,,,,,,,,,,,,,,,,,,,,,,,,,,,,,,,,,,,,,,
POLS 503,FFree,FFree,FFree,FFree,FFree,FFree,FFree,FFree,FFree,FFree,FFree,FFree,FFree,FFree,FFree,FFree,FFree,FFree,FFree,FFree,FFree,AArea,AArea,AArea,AArea,AArea,AArea,,,,,,,,,,,,,,,,,,,,,,,,,,,,,,,,,,,,,,,,,,,,,,,,,,,,,,,
POLS 504,FFree,FFree,FFree,FFree,FFree,FFree,FFree,FFree,FFree,FFree,FFree,FFree,FFree,FFree,FFree,FFree,FFree,FFree,FFree,FFree,FFree,AArea,AArea,AArea,AArea,AArea,AArea,,,,,,,,,,,,,,,,,,,,,,,,,,,,,,,,,,AArea,AArea,AArea,AArea,AArea,AArea,AArea,AArea,AArea,AArea,AArea,AArea,AArea,AArea,AArea,AArea,AArea,AArea,AArea,AArea,AArea,AArea
POLS 505,FFree,FFree,FFree,FFree,FFree,FFree,FFree,FFree,FFree,FFree,FFree,FFree,FFree,FFree,FFree,FFree,FFree,FFree,FFree,FFree,FFree,AArea,AArea,AArea,AArea,AArea,AArea,,,,,,,,,,,,,,,,,,,,,,,,,,,,,,,,,,,,,,,,,,,,,,,,,,,,,,,
POLS 507,FFree,FFree,FFree,FFree,FFree,FFree,FFree,FFree,FFree,FFree,FFree,FFree,FFree,FFree,FFree,FFree,FFree,FFree,FFree,FFree,FFree,AArea,AArea,AArea,AArea,AArea,AArea,,,,,,,,,,,,,,,,,,,,,,,,,,,,,,,,,,,,,,,,,,,,,,,,,,,,,,,
POLS 508,FFree,FFree,FFree,FFree,FFree,FFree,FFree,FFree,FFree,FFree,FFree,FFree,FFree,FFree,FFree,FFree,FFree,FFree,FFree,FFree,FFree,AArea,AArea,AArea,AArea,AArea,AArea,,,,,,,,,,,,,,,,,,,,,,,,,,,,,,,,,,,,,,,,,,,,,,,,,,,,,,,
POLS 509,FFree,FFree,FFree,FFree,FFree,FFree,FFree,FFree,FFree,FFree,FFree,FFree,FFree,FFree,FFree,FFree,FFree,FFree,FFree,FFree,FFree,AArea,AArea,AArea,AArea,AArea,AArea,,,,,,,,,,,,,,,,,,,,,,,,,,,,,,,,,,,,,,,,,,,,,,,,,,,,,,,
POLS 510,FFree,FFree,FFree,FFree,FFree,FFree,FFree,FFree,FFree,FFree,FFree,FFree,FFree,FFree,FFree,FFree,FFree,FFree,FFree,FFree,FFree,AArea,AArea,AArea,AArea,AArea,AArea,,,,,,,,,,,,,,,,,,,,,,,,,,,,,,,,,,,,,,,,,,,,,,,,,,,,,,,
POLS 511,FFree,FFree,FFree,FFree,FFree,FFree,FFree,FFree,FFree,FFree,FFree,FFree,FFree,FFree,FFree,FFree,FFree,FFree,FFree,FFree,FFree,AArea,AArea,AArea,AArea,AArea,AArea,,,,,,,,,,,,,,,,,,,,,,,,,,,,,,,,,,,,,,,,,,,,,,,,,,,,,,,
POLS 512,FFree,FFree,FFree,FFree,FFree,FFree,FFree,FFree,FFree,,,,,,,,,,,,,,,,,,,,,,,,,,,,,,,,,,,,,,,,,,,,,,,,,,,,,,,,,,,,,,,,,,,,,,,,,
POLS 513,FFree,FFree,FFree,FFree,FFree,FFree,FFree,FFree,FFree,FFree,FFree,FFree,FFree,FFree,FFree,FFree,FFree,FFree,FFree,FFree,FFree,AArea,AArea,AArea,AArea,AArea,AArea,,,,,,,,,,,,,,,,,,,,,,,,,,,,,,,,,,,,,,,,,,,,,,,,,,,,,,,
POLS 514,FFree,FFree,FFree,FFree,FFree,FFree,FFree,FFree,FFree,FFree,FFree,FFree,FFree,FFree,FFree,FFree,FFree,FFree,FFree,FFree,FFree,AArea,AArea,AArea,AArea,AArea,AArea,,,,,,,,,,,,,,,,,,,,,,,,,,,,,,,,,,,,,,,,,,,,,,,,,,,,,,,
POLS 519,FFree,FFree,FFree,FFree,FFree,FFree,FFree,,,,,,,,,,,,,,,,,,,,,,,,,,,,,,,,,,,,,,,,,,,,,,,,,,,,,,,,,,,,,,,,,,,,,,,,,,,
POLS 521,FFree,FFree,FFree,FFree,FFree,FFree,FFree,FFree,FFree,FFree,FFree,FFree,FFree,FFree,FFree,FFree,FFree,FFree,FFree,,,,,,,,,,,,,,,,,,,,,,,,,,,,,,,,,,,,,,,,,,,,,,,,,,,,,,,,,,,,,,,
POLS 522,FFree,FFree,FFree,FFree,FFree,FFree,FFree,FFree,FFree,FFree,FFree,FFree,FFree,FFree,FFree,FFree,FFree,FFree,FFree,FFree,FFree,AArea,AArea,AArea,AArea,AArea,AArea,,,,,,,,,,,,,,,,,,,,,,,,,,,,,,,,,,,,,,,,,,,,,,,,,,,,,,,
POLS 523,FFree,FFree,FFree,FFree,FFree,FFree,FFree,FFree,FFree,FFree,FFree,FFree,FFree,FFree,FFree,FFree,FFree,FFree,FFree,FFree,FFree,AArea,AArea,AArea,AArea,AArea,AArea,,,,,,,,,,,,,,,,,,,,,,,,,,,,,,,,,,,,,,,,,,,,,,,,,,,,,,,
POLS 525,FFree,FFree,FFree,FFree,FFree,FFree,FFree,FFree,FFree,FFree,FFree,FFree,FFree,FFree,FFree,FFree,FFree,FFree,FFree,FFree,FFree,AArea,AArea,AArea,AArea,AArea,AArea,,,,,,,,,,,,,,,,,,,,,,,,,,,,,,,,,,,,,,,,,,,,,,,,,,,,,,,
POLS 526,FFree,FFree,FFree,FFree,FFree,FFree,FFree,FFree,FFree,FFree,FFree,FFree,FFree,FFree,FFree,FFree,FFree,FFree,FFree,FFree,FFree,AArea,AArea,AArea,AArea,AArea,AArea,,,,,,,,,,,,,,,,,,,,,,,,,,,,,,,,,,,,,,,,,,,,,,,,,,,,,,,
POLS 529,FFree,FFree,FFree,FFree,FFree,FFree,FFree,FFree,FFree,FFree,FFree,FFree,FFree,FFree,FFree,FFree,FFree,FFree,FFree,FFree,FFree,AArea,AArea,AArea,AArea,AArea,AArea,,,,,,,,,,,,,,,,,,,,,,,,,,,,,,,,,,,,,,,,,,,,,,,,,,,,,,,
POLS 530,FFree,FFree,FFree,FFree,FFree,FFree,FFree,FFree,FFree,FFree,FFree,FFree,FFree,FFree,FFree,FFree,FFree,FFree,FFree,FFree,FFree,AArea,AArea,AArea,AArea,AArea,AArea,,,,,,,,,,,,,,,,,,,,,,,,,,,,,,,,,,,,,,,,,,,,,,,,,,,,,,,
POLS 531,FFree,FFree,FFree,FFree,FFree,FFree,FFree,FFree,FFree,FFree,FFree,FFree,FFree,FFree,FFree,FFree,FFree,FFree,FFree,FFree,FFree,AArea,AArea,AArea,AArea,AArea,AArea,,,,,,,,,,,,,,,,,,,,,,,,,,,,,,,,,,,,,,,,,,,,,,,,,,,,,,,
POLS 532,FFree,FFree,FFree,FFree,FFree,FFree,FFree,FFree,FFree,FFree,FFree,FFree,FFree,FFree,FFree,FFree,FFree,FFree,FFree,FFree,FFree,AArea,AArea,AArea,AArea,AArea,AArea,,,,,,,,,,,,,,,,,,,,,,,,,,,,,,,,,,,,,,,,,,,,,,,,,,,,,,,
POLS 533,FFree,FFree,FFree,FFree,FFree,FFree,FFree,FFree,FFree,FFree,FFree,FFree,FFree,FFree,FFree,FFree,FFree,FFree,FFree,FFree,FFree,AArea,AArea,AArea,AArea,AArea,AArea,,,,,,,,,,,,,,,,,,,,,,,,,,,,,,,,,,,,,,,,,,,,,,,,,,,,,,,
POLS 534,FFree,FFree,FFree,FFree,FFree,FFree,FFree,FFree,FFree,FFree,FFree,FFree,FFree,FFree,FFree,FFree,FFree,FFree,FFree,FFree,FFree,AArea,AArea,AArea,AArea,AArea,AArea,,,,,,,,,,,,,,,,,,,,,,,,,,,,,,,,,,,,,,,,,,,,,,,,,,,,,,,
POLS 535,FFree,FFree,FFree,FFree,FFree,FFree,FFree,FFree,FFree,FFree,FFree,FFree,FFree,FFree,FFree,FFree,FFree,FFree,FFree,FFree,FFree,AArea,AArea,AArea,AArea,AArea,AArea,,,,,,,,,,,,,,,,,,,,,,,,,,,,,,,,,,,,,,,,,,,,,,,,,,,,,,,
POLS 536,FFree,FFree,FFree,FFree,FFree,FFree,FFree,FFree,FFree,FFree,FFree,FFree,FFree,FFree,FFree,FFree,FFree,FFree,FFree,FFree,FFree,AArea,AArea,AArea,AArea,AArea,AArea,,,,,,,,,,,,,,,,,,,,,,,,,,,,,,,,,,,,,,,,,,,,,,,,,,,,,,,
POLS 537,FFree,FFree,FFree,FFree,FFree,FFree,FFree,FFree,FFree,FFree,FFree,FFree,FFree,FFree,FFree,FFree,FFree,FFree,FFree,FFree,FFree,AArea,AArea,AArea,AArea,AArea,AArea,,,,,,,,,,,,,,,,,,,,,,,,,,,,,,,,,,,,,,,,,,,,,,,,,,,,,,,
POLS 539,FFree,FFree,FFree,FFree,FFree,FFree,FFree,FFree,FFree,FFree,FFree,FFree,FFree,FFree,FFree,FFree,FFree,FFree,FFree,FFree,FFree,AArea,AArea,AArea,AArea,AArea,AArea,,,,,,,,,,,,,,,,,,,,,,,,,,,,,,,,,,,,,,,,,,,,,,,,,,,,,,,
POLS 540,FFree,FFree,FFree,FFree,FFree,FFree,FFree,FFree,FFree,FFree,FFree,FFree,FFree,FFree,FFree,FFree,FFree,FFree,FFree,FFree,FFree,AArea,AArea,AArea,AArea,AArea,AArea,,,,,,,,,,,,,,,,,,,,,,,,,,,,,,,,,,,,,,,,,,,,,,,,,,,,,,,
POLS 541,FFree,FFree,FFree,FFree,FFree,FFree,FFree,FFree,FFree,FFree,FFree,FFree,FFree,FFree,FFree,FFree,FFree,FFree,FFree,FFree,FFree,AArea,AArea,AArea,AArea,AArea,AArea,,,,,,,,,,,,,,,,,,,,,,,,,,,,,,,,,,,,,,,,,,,,,,,,,,,,,,,
POLS 542,FFree,FFree,FFree,FFree,FFree,FFree,FFree,FFree,FFree,FFree,FFree,FFree,FFree,FFree,FFree,FFree,FFree,FFree,FFree,FFree,FFree,AArea,AArea,AArea,AArea,AArea,AArea,,,,,,,,,,,,,,,,,,,,,,,,,,,,,,,,,,,,,,,,,,,,,,,,,,,,,,,
POLS 543,FFree,FFree,FFree,FFree,FFree,FFree,FFree,FFree,FFree,FFree,FFree,FFree,FFree,FFree,FFree,FFree,FFree,FFree,FFree,FFree,FFree,AArea,AArea,AArea,AArea,AArea,AArea,,,,,,,,,,,,,,,,,,,,,,,,,,,,,,,,,,,,,,,,,,,,,,,,,,,,,,,
POLS 546,FFree,FFree,FFree,FFree,FFree,FFree,FFree,FFree,FFree,FFree,FFree,FFree,FFree,FFree,FFree,FFree,FFree,FFree,FFree,FFree,FFree,AArea,AArea,AArea,AArea,AArea,AArea,,,,,,,,,,,,,,,,,,,,,,,,,,,,,,,,,,,,,,,,,,,,,,,,,,,,,,,
POLS 548,FFree,FFree,FFree,FFree,FFree,FFree,FFree,FFree,FFree,FFree,FFree,FFree,FFree,FFree,FFree,FFree,FFree,FFree,FFree,FFree,FFree,AArea,AArea,AArea,AArea,AArea,AArea,,,,,,,,,,,,,,,,,,,,,,,,,,,,,,,,,,,,,,,,,,,,,,,,,,,,,,,
POLS 549,FFree,FFree,FFree,FFree,FFree,FFree,FFree,FFree,FFree,FFree,FFree,FFree,FFree,FFree,FFree,FFree,FFree,FFree,FFree,FFree,FFree,AArea,AArea,AArea,AArea,AArea,AArea,,,,,,,,,,,,,,,,,,,,,,,,,,,,,,,,,,,,,,,,,,,,,,,,,,,,,,,
POLS 550,FFree,FFree,FFree,FFree,FFree,FFree,FFree,FFree,FFree,FFree,FFree,FFree,FFree,FFree,FFree,FFree,FFree,FFree,FFree,FFree,FFree,AArea,AArea,AArea,AArea,AArea,AArea,,,,,,,,,,,,,,,,,,,,,,,,,,,,,,,,,,,,,,,,,,,,,,,,,,,,,,,
POLS 553,FFree,FFree,FFree,FFree,FFree,FFree,FFree,FFree,FFree,FFree,FFree,FFree,FFree,FFree,FFree,FFree,FFree,FFree,FFree,FFree,FFree,AArea,AArea,AArea,AArea,AArea,AArea,,,,,,,,,,,,,,,,,,,,,,,,,,,,,,,,,,,,,,,,,,,,,,,,,,,,,,,
POLS 554,FFree,FFree,FFree,FFree,FFree,FFree,FFree,FFree,FFree,FFree,FFree,FFree,FFree,FFree,FFree,FFree,FFree,FFree,FFree,FFree,FFree,AArea,AArea,AArea,AArea,AArea,AArea,,,,,,,,,,,,,,,,,,,,,,,,,,,,,,,,,,,,,,,,,,,,,,,,,,,,,,,
POLS 555,FFree,FFree,FFree,FFree,FFree,FFree,FFree,FFree,FFree,FFree,FFree,FFree,FFree,FFree,FFree,FFree,FFree,FFree,FFree,FFree,FFree,AArea,AArea,AArea,AArea,AArea,AArea,,,,,,,,,,,,,,,,,,,,,,,,,,,,,,,,,,,,,,,,,,,,,,,,,,,,,,,
POLS 556,FFree,FFree,FFree,FFree,FFree,FFree,FFree,FFree,FFree,FFree,FFree,FFree,FFree,FFree,FFree,FFree,,,,,,,,,,,,,,,,,,,,,,,,,,,,,,,,,,,,,,,,,,,,,,,,,,,,,,,,,,,,,,,,,,
POLS 557,FFree,FFree,FFree,FFree,FFree,FFree,FFree,FFree,FFree,FFree,FFree,FFree,FFree,FFree,FFree,FFree,FFree,FFree,FFree,FFree,FFree,AArea,AArea,AArea,AArea,AArea,AArea,,,,,,,,,,,,,,,,,,,,,,,,,,,,,,,,,,,,,,,,,,,,,,,,,,,,,,,
POLS 560,FFree,FFree,FFree,FFree,FFree,FFree,FFree,FFree,FFree,FFree,FFree,FFree,FFree,FFree,FFree,FFree,FFree,FFree,FFree,FFree,FFree,AArea,AArea,AArea,AArea,AArea,AArea,,,,,,,,,,,,,,,,,,,,,,,,,,,,,,,,,,,,,,,,,,,,,,,,,,,,,,,
POLS 561,FFree,FFree,FFree,FFree,FFree,FFree,FFree,FFree,FFree,FFree,FFree,FFree,FFree,FFree,FFree,FFree,FFree,FFree,,,,,,,,,,,,,,,,,,,,,,,,,,,,,,,,,,,,,,,,,,,,,,,,,,,,,,,,,,,,,,,,
POLS 562,FFree,FFree,FFree,FFree,FFree,FFree,FFree,FFree,FFree,FFree,FFree,FFree,FFree,FFree,FFree,FFree,FFree,FFree,FFree,FFree,FFree,AArea,AArea,AArea,AArea,AArea,AArea,,,,,,,,,,,,,,,,,,,,,,,,,,,,,,,,,,,,,,,,,,,,,,,,,,,,,,,
POLS 563,FFree,FFree,FFree,FFree,FFree,FFree,FFree,FFree,FFree,FFree,FFree,FFree,FFree,FFree,FFree,FFree,FFree,FFree,FFree,FFree,FFree,AArea,AArea,AArea,AArea,AArea,AArea,,,,,,,,,,,,,,,,,,,,,,,,,,,,,,,,,,,,,,,,,,,,,,,,,,,,,,,
POLS 564,FFree,FFree,FFree,FFree,FFree,FFree,FFree,FFree,FFree,FFree,FFree,FFree,FFree,FFree,FFree,FFree,FFree,FFree,FFree,FFree,FFree,AArea,AArea,AArea,AArea,AArea,AArea,,,,,,,,,,,,,,,,,,,,,,,,,,,,,,,,,,,,,,,,,,,,,,,,,,,,,,,
POLS 565,FFree,FFree,FFree,FFree,FFree,FFree,FFree,FFree,FFree,FFree,FFree,FFree,FFree,FFree,FFree,FFree,FFree,FFree,FFree,FFree,FFree,AArea,AArea,AArea,AArea,AArea,AArea,,,,,,,,,,,,,,,,,,,,,,,,,,,,,,,,,,,,,,,,,,,,,,,,,,,,,,,
POLS 566,FFree,FFree,FFree,FFree,FFree,FFree,FFree,FFree,FFree,FFree,FFree,FFree,FFree,FFree,FFree,FFree,FFree,FFree,FFree,FFree,FFree,AArea,AArea,AArea,AArea,AArea,AArea,,,,,,,,,,,,,,,,,,,,,,,,,,,,,,,,,,,,,,,,,,,,,,,,,,,,,,,
POLS 570,FFree,FFree,FFree,FFree,FFree,FFree,FFree,FFree,FFree,FFree,FFree,FFree,FFree,FFree,FFree,FFree,FFree,FFree,FFree,FFree,FFree,AArea,AArea,AArea,AArea,AArea,AArea,,,,,,,,,,,,,,,,,,,,,,,,,,,,,,,,,,,,,,,,,,,,,,,,,,,,,,,
POLS 571,FFree,FFree,FFree,FFree,FFree,FFree,FFree,FFree,FFree,FFree,FFree,FFree,FFree,FFree,FFree,FFree,FFree,FFree,FFree,FFree,FFree,AArea,AArea,AArea,AArea,AArea,AArea,,,,,,,,,,,,,,,,,,,,,,,,,,,,,,,,,,,,,,,,,,,,,,,,,,,,,,,
POLS 572,FFree,FFree,FFree,FFree,FFree,FFree,FFree,FFree,FFree,FFree,FFree,FFree,FFree,FFree,FFree,FFree,FFree,FFree,FFree,FFree,FFree,AArea,AArea,AArea,AArea,AArea,AArea,,,,,,,,,,,,,,,,,,,,,,,,,,,,,,,,,,,,,,,,,,,,,,,,,,,,,,,
POLS 573,FFree,FFree,FFree,FFree,FFree,FFree,FFree,FFree,FFree,FFree,FFree,FFree,FFree,FFree,FFree,FFree,FFree,FFree,FFree,FFree,FFree,AArea,AArea,AArea,AArea,AArea,AArea,,,,,,,,,,,,,,,,,,,,,,,,,,,,,,,,,,,,,,,,,,,,,,,,,,,,,,,
POLS 580,FFree,FFree,FFree,FFree,FFree,FFree,FFree,FFree,FFree,FFree,FFree,FFree,FFree,FFree,FFree,FFree,FFree,FFree,FFree,FFree,FFree,AArea,AArea,AArea,AArea,AArea,AArea,,,,,,,,,,,,,,,,,,,,,,,,,,,,,,,,,,,,,,,,,,,,,,,,,,,,,,,
POLS 581,FFree,FFree,FFree,FFree,FFree,FFree,FFree,FFree,FFree,FFree,FFree,FFree,FFree,FFree,FFree,FFree,FFree,FFree,FFree,FFree,FFree,AArea,AArea,AArea,AArea,AArea,AArea,,,,,,,,,,,,,,,,,,,,,,,,,,,,,,,,,,,,,,,,,,,,,,,,,,,,,,,
POLS 582,FFree,FFree,FFree,FFree,FFree,FFree,FFree,FFree,FFree,FFree,FFree,FFree,FFree,FFree,FFree,FFree,FFree,FFree,FFree,FFree,FFree,AArea,AArea,AArea,AArea,AArea,AArea,,,,,,,,,,,,,,,,,,,,,,,,,,,,,,,,,,,,,,,,,,,,,,,,,,,,,,,
POLS 583,FFree,FFree,FFree,FFree,FFree,FFree,FFree,FFree,FFree,FFree,FFree,FFree,FFree,FFree,FFree,FFree,FFree,FFree,FFree,FFree,FFree,AArea,AArea,AArea,AArea,AArea,AArea,AArea,AArea,AArea,AArea,AArea,AArea,AArea,AArea,AArea,AArea,AArea,AArea,AArea,AArea,AArea,AArea,AArea,AArea,AArea,AArea,AArea,AArea,AArea,AArea,AArea,AArea,AArea,AArea,AArea,AArea,AArea,AArea,AArea,AArea,AArea,AArea,AArea,AArea,AArea,AArea,AArea,AArea,AArea,AArea,AArea,AArea,AArea,AArea,AArea,AArea,AArea,AArea,AArea,AArea,AArea
POLS 584,FFree,FFree,FFree,FFree,FFree,FFree,FFree,FFree,FFree,FFree,FFree,FFree,FFree,FFree,,,,,,,,,,,,,,,,,,,,,,,,,,,,,,,,,,,,,,,,,,,,,,,,,,,,,,,,,,,,,,,,,,,,
POLS 589,FFree,FFree,FFree,FFree,FFree,FFree,FFree,FFree,FFree,FFree,FFree,FFree,FFree,FFree,FFree,FFree,FFree,FFree,FFree,FFree,FFree,AArea,AArea,AArea,AArea,AArea,AArea,,,,,,,,,,,,,,,,,,,,,,,,,,,,,,,,,,,,,,,,,,,,,,,,,,,,,,,
POLS 591,FFree,FFree,FFree,FFree,FFree,FFree,FFree,,,,,,,,,,,,,,,,,,,,,,,,,,,,,,,,,,,,,,,,,,,,,,,,,,,,,,,,,,,,,,,,,,,,,,,,,,,
POLS 592,FFree,FFree,FFree,FFree,FFree,FFree,FFree,FFree,FFree,FFree,FFree,FFree,FFree,FFree,FFree,FFree,FFree,FFree,FFree,FFree,FFree,AArea,AArea,AArea,AArea,AArea,AArea,,,,,,,,,,,,,,,,,,,,,,,,,,,,,,,,,,,,,,,,,,,,,,,,,,,,,,,
POLS 593,FFree,FFree,FFree,FFree,FFree,FFree,FFree,FFree,FFree,FFree,FFree,FFree,,,,,,,,,,,,,,,,,,,,,,,,,,,,,,,,,,,,,,,,,,,,,,,,,,,,,,,,,,,,,,,,,,,,,,
POLS 594,FFree,FFree,FFree,FFree,FFree,FFree,FFree,FFree,FFree,FFree,FFree,FFree,FFree,FFree,FFree,FFree,FFree,FFree,FFree,FFree,FFree,AArea,AArea,AArea,AArea,AArea,AArea,AArea,AArea,AArea,AArea,AArea,AArea,AArea,AArea,AArea,AArea,AArea,AArea,AArea,AArea,AArea,AArea,AArea,AArea,AArea,AArea,AArea,AArea,AArea,AArea,AArea,AArea,AArea,AArea,AArea,AArea,AArea,AArea,AArea,AArea,AArea,AArea,AArea,AArea,AArea,AArea,AArea,AArea,AArea,AArea,AArea,AArea,AArea,AArea,AArea,AArea,AArea,AArea,AArea,AArea,AArea
POLS 595,FFree,FFree,FFree,FFree,FFree,FFree,FFree,FFree,FFree,FFree,FFree,FFree,FFree,FFree,FFree,FFree,FFree,FFree,FFree,FFree,FFree,AArea,AArea,AArea,AArea,AArea,AArea,,,,,,,,,,,,,,,,,,,,,,,,,,,,,,,,,,,,,,,,,,,,,,,,,,,,,,,
POLS 596,FFree,FFree,FFree,FFree,FFree,FFree,FFree,FFree,FFree,FFree,FFree,FFree,FFree,FFree,FFree,FFree,FFree,FFree,FFree,FFree,FFree,AArea,AArea,AArea,AArea,AArea,AArea,,,,,,,,,,,,,,,,,,,,,,,,,,,,,,,,,,,,,,,,,,,,,,,,,,,,,,,
POLS 597,FFree,FFree,FFree,FFree,FFree,FFree,FFree,FFree,FFree,FFree,FFree,FFree,FFree,FFree,FFree,,,,,,,,,,,,,,,,,,,,,,,,,,,,,,,,,,,,,,,,,,,,,,,,,,,,,,,,,,,,,,,,,,,
POLS 598,FFree,FFree,FFree,FFree,FFree,FFree,FFree,FFree,FFree,FFree,FFree,FFree,FFree,FFree,FFree,FFree,FFree,FFree,FFree,FFree,FFree,AArea,AArea,AArea,AArea,AArea,AArea,,,,,,,,,,,,,,,,,,,,,,,,,,,,,,,,,,,,,,,,,,,,,,,,,,,,,,,
POLS 600,FFree,FFree,FFree,FFree,FFree,FFree,FFree,FFree,FFree,FFree,FFree,FFree,FFree,FFree,FFree,FFree,FFree,FFree,FFree,FFree,FFree,AArea,AArea,AArea,AArea,AArea,AArea,,,,,,,,,,,,,,,,,,,,,,,,,,,,,,,,,,,,,,,,,,,,,,,,,,,,,,,
POLS 601,FFree,FFree,FFree,FFree,FFree,FFree,FFree,FFree,FFree,FFree,FFree,FFree,FFree,FFree,FFree,FFree,FFree,FFree,FFree,FFree,FFree,AArea,AArea,AArea,AArea,AArea,AArea,,,,,,,,,,,,,,,,,,,,,,,,,,,,,,,,,,,,,,,,,,,,,,,,,,,,,,,
POLS 620,FFree,FFree,FFree,FFree,FFree,FFree,FFree,FFree,FFree,FFree,FFree,FFree,FFree,FFree,FFree,FFree,FFree,FFree,FFree,FFree,FFree,AArea,AArea,AArea,AArea,AArea,AArea,,,,,,,,,,,,,,,,,,,,,,,,,,,,,,,,,,,,,,,,,,,,,,,,,,,,,,,
POLS 630,FFree,FFree,FFree,FFree,FFree,FFree,FFree,FFree,FFree,FFree,FFree,FFree,FFree,FFree,FFree,FFree,FFree,FFree,FFree,FFree,FFree,AArea,AArea,AArea,AArea,AArea,AArea,,,,,,,,,,,,,,,,,,,,,,,,,,,,,,,,,,,,,,,,,,,,,,,,,,,,,,,
POLS 640,FFree,FFree,FFree,FFree,FFree,FFree,FFree,FFree,FFree,FFree,FFree,FFree,FFree,FFree,FFree,FFree,FFree,FFree,FFree,FFree,FFree,AArea,AArea,AArea,AArea,AArea,AArea,,,,,,,,,,,,,,,,,,,,,,,,,,,,,,,,,,,,,,,,,,,,,,,,,,,,,,,
POLS 650,FFree,FFree,FFree,FFree,FFree,FFree,FFree,FFree,FFree,FFree,FFree,FFree,FFree,FFree,FFree,FFree,FFree,FFree,FFree,FFree,FFree,AArea,AArea,AArea,AArea,AArea,AArea,,,,,,,,,,,,,,,,,,,,,,,,,,,,,,,,,,,,,,,,,,,,,,,,,,,,,,,
POLS 700A,FFree,FFree,FFree,FFree,FFree,FFree,FFree,FFree,FFree,FFree,FFree,FFree,FFree,FFree,FFree,FFree,FFree,FFree,FFree,FFree,FFree,AArea,AArea,AArea,AArea,AArea,AArea,,,,,,,,,,,,,,,,,,,,,,,,,,,,,,,,,,,,,,,,,,,,,,,,,,,,,,,
POLS 700B,FFree,FFree,FFree,FFree,FFree,FFree,FFree,FFree,FFree,FFree,FFree,FFree,FFree,FFree,FFree,FFree,FFree,FFree,FFree,FFree,FFree,AArea,AArea,AArea,AArea,AArea,AArea,,,,,,,,,,,,,,,,,,,,,,,,,,,,,,,,,,,,,,,,,,,,,,,,,,,,,,,
POLS 700C,FFree,FFree,FFree,FFree,FFree,FFree,FFree,FFree,FFree,FFree,FFree,FFree,FFree,FFree,FFree,FFree,FFree,FFree,FFree,FFree,FFree,AArea,AArea,AArea,AArea,AArea,AArea,,,,,,,,,,,,,,,,,,,,,,,,,,,,,,,,,,,,,,,,,,,,,,,,,,,,,,,
POLS 700FT,FFree,FFree,FFree,FFree,FFree,FFree,FFree,FFree,FFree,FFree,FFree,FFree,FFree,FFree,FFree,FFree,FFree,FFree,FFree,FFree,FFree,AArea,AArea,AArea,AArea,AArea,AArea,,,,,,,,,,,,,,,,,,,,,,,,,,,,,,,,,,,,,,,,,,,,,,,,,,,,,,,
POLS 700I,FFree,FFree,FFree,FFree,FFree,FFree,FFree,FFree,FFree,FFree,FFree,FFree,FFree,FFree,FFree,FFree,FFree,FFree,FFree,FFree,FFree,AArea,AArea,AArea,AArea,AArea,AArea,,,,,,,,,,,,,,,,,,,,,,,,,,,,,,,,,,,,,,,,,,,,,,,,,,,,,,,
POLS 700P,FFree,FFree,FFree,FFree,FFree,FFree,FFree,FFree,FFree,FFree,FFree,FFree,FFree,FFree,FFree,FFree,FFree,FFree,FFree,FFree,FFree,AArea,AArea,AArea,AArea,AArea,AArea,,,,,,,,,,,,,,,,,,,,,,,,,,,,,,,,,,,,,,,,,,,,,,,,,,,,,,,
POLS 700R,FFree,FFree,FFree,FFree,FFree,FFree,FFree,FFree,FFree,FFree,FFree,FFree,FFree,FFree,FFree,FFree,FFree,FFree,FFree,FFree,FFree,AArea,AArea,AArea,AArea,AArea,AArea,,,,,,,,,,,,,,,,,,,,,,,,,,,,,,,,,,,,,,,,,,,,,,,,,,,,,,,
POLS 700T,FFree,FFree,FFree,FFree,FFree,FFree,FFree,FFree,FFree,FFree,FFree,FFree,FFree,FFree,FFree,FFree,FFree,FFree,FFree,FFree,FFree,AArea,AArea,AArea,AArea,AArea,AArea,,,,,,,,,,,,,,,,,,,,,,,,,,,,,,,,,,,,,,,,,,,,,,,,,,,,,,,
POLS 700TR,FFree,FFree,FFree,FFree,FFree,FFree,FFree,FFree,FFree,FFree,FFree,FFree,FFree,FFree,FFree,FFree,FFree,FFree,FFree,FFree,FFree,AArea,AArea,AArea,AArea,AArea,AArea,,,,,,,,,,,,,,,,,,,,,,,,,,,,,,,,,,,,,,,,,,,,,,,,,,,,,,,
POLS 790,FFree,FFree,FFree,FFree,FFree,FFree,FFree,FFree,FFree,FFree,FFree,FFree,FFree,FFree,FFree,FFree,FFree,FFree,FFree,FFree,FFree,AArea,AArea,AArea,AArea,AArea,AArea,,,,,,,,,,,,,,,,,,,,,,,,,,,,,,,,,,,,,,,,,,,,,,,,,,,,,,,
POLS 790A,FFree,FFree,FFree,FFree,FFree,FFree,FFree,FFree,FFree,FFree,FFree,FFree,,,,,,,,,,,,,,,,,,,,,,,,,,,,,,,,,,,,,,,,,,,,,,,,,,,,,,,,,,,,,,,,,,,,,,
POLS 790B,FFree,FFree,FFree,FFree,FFree,FFree,FFree,FFree,FFree,FFree,FFree,FFree,,,,,,,,,,,,,,,,,,,,,,,,,,,,,,,,,,,,,,,,,,,,,,,,,,,,,,,,,,,,,,,,,,,,,,
POLS 791,FFree,FFree,FFree,FFree,FFree,FFree,FFree,FFree,FFree,FFree,FFree,FFree,FFree,FFree,FFree,FFree,FFree,FFree,FFree,FFree,FFree,AArea,AArea,AArea,AArea,AArea,AArea,,,,,,,,,,,,,,,,,,,,,,,,,,,,,,,,,,,,,,,,,,,,,,,,,,,,,,,
POLS 792,FFree,FFree,FFree,FFree,FFree,FFree,FFree,FFree,FFree,FFree,FFree,FFree,FFree,FFree,FFree,FFree,FFree,FFree,FFree,FFree,FFree,AArea,AArea,AArea,AArea,AArea,AArea,,,,,,,,,,,,,,,,,,,,,,,,,,,,,,,,,,,,,,,,,,,,,,,,,,,,,,,
PROJ 501,FFree,FFree,FFree,FFree,FFree,FFree,FFree,FFree,FFree,FFree,FFree,FFree,FFree,FFree,FFree,FFree,FFree,FFree,FFree,FFree,FFree,AArea,AArea,AArea,AArea,AArea,AArea,,,,,,,,,,,,,,,,,,,,,,,,,,,,,,,,,,,,,,,,,,,,,,,,,,,,,,,
PSY 501,FFree,FFree,FFree,FFree,FFree,FFree,FFree,FFree,FFree,FFree,FFree,FFree,FFree,FFree,FFree,FFree,FFree,FFree,FFree,FFree,FFree,AArea,AArea,AArea,AArea,AArea,AArea,,,,,,,,,,,,,,,,,,,,,,,,,,,,,,,,,,,,,,,,,,,,,,,,,,,,,,,
PSY 502,FFree,FFree,FFree,FFree,FFree,FFree,FFree,FFree,FFree,FFree,FFree,FFree,FFree,FFree,FFree,FFree,FFree,FFree,FFree,FFree,FFree,AArea,AArea,AArea,AArea,AArea,AArea,,,,,,,,,,,,,,,,,,,,,,,,,,,,,,,,,,,,,,,,,,,,,,,,,,,,,,,
PSY 503,FFree,FFree,FFree,FFree,FFree,FFree,FFree,FFree,FFree,FFree,FFree,FFree,FFree,FFree,FFree,FFree,FFree,FFree,FFree,FFree,FFree,AArea,AArea,AArea,AArea,AArea,AArea,,,,,,,,,,,,,,,,,,,,,,,,,,,,,,,,,,,,,,,,,,,,,,,,,,,,,,,
PSY 505,FFree,FFree,FFree,FFree,FFree,FFree,FFree,FFree,FFree,FFree,FFree,FFree,FFree,FFree,FFree,FFree,FFree,FFree,FFree,FFree,FFree,AArea,AArea,AArea,AArea,AArea,AArea,,,,,,,,,,,,,,,,,,,,,,,,,,,,,,,,,,,,,,,,,,,,,,,,,,,,,,,
PSY 507,FFree,FFree,FFree,FFree,FFree,FFree,FFree,FFree,FFree,FFree,FFree,FFree,FFree,FFree,FFree,FFree,FFree,FFree,FFree,FFree,FFree,AArea,AArea,AArea,AArea,AArea,AArea,,,,,,,,,,,,,,,,,,,,,,,,,,,,,,,,,,,,,,,,,,,,,,,,,,,,,,,
PSY 510,FFree,FFree,FFree,FFree,FFree,FFree,FFree,FFree,FFree,FFree,FFree,FFree,FFree,FFree,FFree,FFree,FFree,FFree,FFree,FFree,FFree,AArea,AArea,AArea,AArea,AArea,AArea,,,,,,,,,,,,,,,,,,,,,,,,,,,,,,,,,,,,,,,,,,,,,,,,,,,,,,,
PSY 511,FFree,FFree,FFree,FFree,FFree,FFree,FFree,FFree,FFree,FFree,FFree,FFree,FFree,FFree,FFree,FFree,FFree,FFree,FFree,FFree,FFree,AArea,AArea,AArea,AArea,AArea,AArea,,,,,,,,,,,,,,,,,,,,,,,,,,,,,,,,,,,,,,,,,,,,,,,,,,,,,,,
PSY 512,FFree,FFree,FFree,FFree,FFree,FFree,FFree,FFree,FFree,FFree,FFree,FFree,FFree,FFree,FFree,FFree,FFree,FFree,FFree,FFree,FFree,AArea,AArea,AArea,AArea,AArea,AArea,,,,,,,,,,,,,,,,,,,,,,,,,,,,,,,,,,,,,,,,,,,,,,,,,,,,,,,
PSY 514,FFree,FFree,FFree,FFree,FFree,FFree,FFree,FFree,FFree,FFree,FFree,FFree,FFree,FFree,FFree,FFree,FFree,FFree,FFree,FFree,FFree,AArea,AArea,AArea,AArea,AArea,AArea,,,,,,,,,,,,,,,,,,,,,,,,,,,,,,,,,,,,,,,,,,,,,,,,,,,,,,,
PSY 515,FFree,FFree,FFree,FFree,FFree,FFree,FFree,FFree,FFree,FFree,FFree,FFree,FFree,FFree,FFree,FFree,FFree,FFree,FFree,FFree,FFree,AArea,AArea,AArea,AArea,AArea,AArea,,,,,,,,,,,,,,,,,,,,,,,,,,,,,,,,,,,,,,,,,,,,,,,,,,,,,,,
PSY 516,FFree,FFree,FFree,FFree,FFree,FFree,FFree,FFree,FFree,FFree,FFree,FFree,FFree,FFree,FFree,FFree,FFree,FFree,FFree,FFree,FFree,AArea,AArea,AArea,AArea,AArea,AArea,,,,,,,,,,,,,,,,,,,,,,,,,,,,,,,,,,,,,,,,,,,,,,,,,,,,,,,
PSY 518,FFree,FFree,FFree,FFree,FFree,FFree,FFree,FFree,FFree,FFree,FFree,FFree,FFree,FFree,FFree,FFree,FFree,FFree,FFree,FFree,FFree,AArea,AArea,AArea,AArea,AArea,AArea,,,,,,,,,,,,,,,,,,,,,,,,,,,,,,,,,,,,,,,,,,,,,,,,,,,,,,,
PSY 521,FFree,FFree,FFree,FFree,FFree,FFree,FFree,FFree,FFree,FFree,FFree,FFree,FFree,FFree,FFree,FFree,FFree,FFree,FFree,FFree,FFree,AArea,AArea,AArea,AArea,AArea,AArea,,,,,,,,,,,,,,,,,,,,,,,,,,,,,,,,,,,,,,,,,,,,,,,,,,,,,,,
PSY 522,FFree,FFree,FFree,FFree,FFree,FFree,FFree,FFree,FFree,FFree,FFree,FFree,FFree,FFree,FFree,FFree,FFree,FFree,FFree,FFree,FFree,AArea,AArea,AArea,AArea,AArea,AArea,,,,,,,,,,,,,,,,,,,,,,,,,,,,,,,,,,,,,,,,,,,,,,,,,,,,,,,
PSY 524,FFree,FFree,FFree,FFree,FFree,FFree,FFree,FFree,FFree,FFree,FFree,FFree,FFree,FFree,FFree,FFree,FFree,FFree,FFree,FFree,FFree,AArea,AArea,AArea,AArea,AArea,AArea,,,,,,,,,,,,,,,,,,,,,,,,,,,,,,,,,,,,,,,,,,,,,,,,,,,,,,,
PSY 540,FFree,FFree,FFree,FFree,FFree,FFree,FFree,FFree,FFree,FFree,FFree,FFree,FFree,FFree,FFree,FFree,FFree,FFree,FFree,FFree,FFree,AArea,AArea,AArea,AArea,AArea,AArea,,,,,,,,,,,,,,,,,,,,,,,,,,,,,,,,,,,,,,,,,,,,,,,,,,,,,,,
PSY 542,FFree,FFree,FFree,FFree,FFree,FFree,FFree,FFree,FFree,FFree,FFree,FFree,FFree,FFree,FFree,FFree,FFree,FFree,FFree,FFree,FFree,AArea,AArea,AArea,AArea,AArea,AArea,,,,,,,,,,,,,,,,,,,,,,,,,,,,,,,,,,,,,,,,,,,,,,,,,,,,,,,
PSY 543,FFree,FFree,FFree,FFree,FFree,FFree,FFree,FFree,FFree,FFree,FFree,FFree,FFree,FFree,FFree,FFree,FFree,FFree,FFree,FFree,FFree,AArea,AArea,AArea,AArea,AArea,AArea,,,,,,,,,,,,,,,,,,,,,,,,,,,,,,,,,,,,,,,,,,,,,,,,,,,,,,,
PSY 544,FFree,FFree,FFree,FFree,FFree,FFree,FFree,FFree,FFree,FFree,FFree,FFree,FFree,FFree,FFree,FFree,FFree,FFree,FFree,FFree,FFree,AArea,AArea,AArea,AArea,AArea,AArea,,,,,,,,,,,,,,,,,,,,,,,,,,,,,,,,,,,,,,,,,,,,,,,,,,,,,,,
PSY 545,FFree,FFree,FFree,FFree,FFree,FFree,FFree,FFree,FFree,FFree,FFree,FFree,FFree,FFree,FFree,FFree,FFree,FFree,FFree,FFree,FFree,AArea,AArea,AArea,AArea,AArea,AArea,,,,,,,,,,,,,,,,,,,,,,,,,,,,,,,,,,,,,,,,,,,,,,,,,,,,,,,
PSY 552,FFree,FFree,FFree,FFree,FFree,FFree,FFree,FFree,FFree,FFree,FFree,FFree,FFree,FFree,FFree,FFree,FFree,FFree,FFree,FFree,FFree,AArea,AArea,AArea,AArea,AArea,AArea,,,,,,,,,,,,,,,,,,,,,,,,,,,,,,,,,,,,,,,,,,,,,,,,,,,,,,,
PSY 567,FFree,FFree,FFree,FFree,FFree,FFree,FFree,FFree,FFree,FFree,FFree,FFree,FFree,FFree,FFree,FFree,FFree,FFree,FFree,FFree,FFree,AArea,AArea,AArea,AArea,AArea,AArea,,,,,,,,,,,,,,,,,,,,,,,,,,,,,,,,,,,,,,,,,,,,,,,,,,,,,,,
PSY 569,FFree,FFree,FFree,FFree,FFree,FFree,FFree,FFree,FFree,FFree,FFree,FFree,FFree,FFree,FFree,FFree,FFree,FFree,FFree,FFree,FFree,AArea,AArea,AArea,AArea,AArea,AArea,,,,,,,,,,,,,,,,,,,,,,,,,,,,,,,,,,,,,,,,,,,,,,,,,,,,,,,
PSY 580,FFree,FFree,FFree,FFree,FFree,FFree,FFree,FFree,FFree,FFree,FFree,FFree,FFree,FFree,FFree,FFree,FFree,FFree,FFree,FFree,FFree,AArea,AArea,AArea,AArea,AArea,AArea,,,,,,,,,,,,,,,,,,,,,,,,,,,,,,,,,,,,,,,,,,,,,,,,,,,,,,,
PSY 581,FFree,FFree,FFree,FFree,FFree,FFree,FFree,FFree,FFree,FFree,FFree,FFree,FFree,FFree,FFree,FFree,FFree,FFree,FFree,FFree,FFree,AArea,AArea,AArea,AArea,AArea,AArea,,,,,,,,,,,,,,,,,,,,,,,,,,,,,,,,,,,,,,,,,,,,,,,,,,,,,,,
PSY 590,FFree,FFree,FFree,FFree,FFree,FFree,FFree,FFree,FFree,FFree,FFree,FFree,FFree,FFree,FFree,FFree,FFree,FFree,FFree,FFree,FFree,AArea,AArea,AArea,AArea,AArea,AArea,,,,,,,,,,,,,,,,,,,,,,,,,,,,,,,,,,,,,,,,,,,,,,,,,,,,,,,
PSY 595,FFree,FFree,FFree,FFree,FFree,FFree,FFree,FFree,FFree,FFree,FFree,FFree,FFree,FFree,FFree,FFree,FFree,FFree,FFree,FFree,FFree,AArea,AArea,AArea,AArea,AArea,AArea,,,,,,,,,,,,,,,,,,,,,,,,,,,,,,,,,,,,,,,,,,,,,,,,,,,,,,,
PSY 599,FFree,FFree,FFree,FFree,FFree,FFree,FFree,FFree,FFree,FFree,FFree,FFree,FFree,FFree,FFree,FFree,FFree,FFree,FFree,FFree,FFree,AArea,AArea,AArea,AArea,AArea,AArea,,,,,,,,,,,,,,,,,,,,,,,,,,,,,,,,,,,,,,,,,,,,,,,,,,,,,,,
PSY 620,FFree,FFree,FFree,FFree,FFree,FFree,FFree,FFree,FFree,FFree,FFree,FFree,FFree,FFree,FFree,FFree,FFree,FFree,FFree,FFree,FFree,AArea,AArea,AArea,AArea,AArea,AArea,,,,,,,,,,,,,,,,,,,,,,,,,,,,,,,,,,,,,,,,,,,,,,,,,,,,,,,
PSY 690,FFree,FFree,FFree,FFree,FFree,FFree,FFree,FFree,FFree,FFree,FFree,FFree,FFree,FFree,FFree,FFree,FFree,FFree,FFree,FFree,FFree,AArea,AArea,AArea,AArea,AArea,AArea,,,,,,,,,,,,,,,,,,,,,,,,,,,,,,,,,,,,,,,,,,,,,,,,,,,,,,,
PUBL 500,FFree,FFree,FFree,FFree,FFree,FFree,FFree,FFree,FFree,FFree,FFree,FFree,FFree,FFree,FFree,FFree,FFree,FFree,FFree,FFree,FFree,AArea,AArea,AArea,AArea,AArea,AArea,,,,,,,,,,,,,,,,,,,,,,,,,,,,,,,,,,,,,,,,,,,,,,,,,,,,,,,
PUBL 501,FFree,FFree,FFree,FFree,FFree,FFree,FFree,FFree,FFree,FFree,FFree,FFree,FFree,FFree,FFree,FFree,FFree,FFree,FFree,FFree,FFree,AArea,AArea,AArea,AArea,AArea,AArea,,,,,,,,,,,,,,,,,,,,,,,,,,,,,,,,,,,,,,,,,,,,,,,,,,,,,,,
PUBL 503,FFree,FFree,FFree,FFree,FFree,FFree,FFree,FFree,FFree,FFree,FFree,FFree,FFree,FFree,FFree,FFree,FFree,FFree,FFree,FFree,FFree,AArea,AArea,AArea,AArea,AArea,AArea,,,,,,,,,,,,,,,,,,,,,,,,,,,,,,,,,,,,,,,,,,,,,,,,,,,,,,,
PUBL 504,FFree,FFree,FFree,FFree,FFree,FFree,FFree,FFree,FFree,FFree,FFree,FFree,FFree,FFree,FFree,FFree,FFree,FFree,FFree,FFree,FFree,AArea,AArea,AArea,AArea,AArea,AArea,,,,,,,,,,,,,,,,,,,,,,,,,,,,,,,,,,,,,,,,,,,,,,,,,,,,,,,
PUBL 550,FFree,FFree,FFree,FFree,FFree,FFree,FFree,FFree,FFree,FFree,FFree,FFree,FFree,FFree,FFree,FFree,FFree,FFree,FFree,FFree,FFree,AArea,AArea,AArea,AArea,AArea,AArea,,,,,,,,,,,,,,,,,,,,,,,,,,,,,,,,,,,,,,,,,,,,,,,,,,,,,,,
PUBL 599,FFree,FFree,FFree,FFree,FFree,FFree,FFree,FFree,FFree,FFree,FFree,FFree,FFree,FFree,FFree,FFree,FFree,FFree,FFree,FFree,FFree,AArea,AArea,AArea,AArea,AArea,AArea,,,,,,,,,,,,,,,,,,,,,,,,,,,,,,,,,,,,,,,,,,,,,,,,,,,,,,,
SEC 530,FFree,FFree,FFree,FFree,FFree,FFree,FFree,FFree,FFree,FFree,FFree,FFree,FFree,FFree,FFree,FFree,FFree,FFree,FFree,FFree,FFree,AArea,AArea,AArea,AArea,AArea,AArea,,,,,,,,,,,,,,,,,,,,,,,,,,,,,,,,,,,,,,,,,,,,,,,,,,,,,,,
SEC 531,FFree,FFree,FFree,FFree,FFree,FFree,FFree,FFree,FFree,FFree,FFree,FFree,FFree,FFree,FFree,FFree,FFree,FFree,FFree,FFree,FFree,AArea,AArea,AArea,AArea,AArea,AArea,,,,,,,,,,,,,,,,,,,,,,,,,,,,,,,,,,,,,,,,,,,,,,,,,,,,,,,
SEC 532,FFree,FFree,FFree,FFree,FFree,FFree,FFree,FFree,FFree,FFree,FFree,FFree,FFree,FFree,FFree,FFree,FFree,FFree,FFree,FFree,FFree,AArea,AArea,AArea,AArea,AArea,AArea,,,,,,,,,,,,,,,,,,,,,,,,,,,,,,,,,,,,,,,,,,,,,,,,,,,,,,,
SEC 533,FFree,FFree,FFree,FFree,FFree,FFree,FFree,FFree,FFree,FFree,FFree,FFree,FFree,FFree,FFree,FFree,FFree,FFree,FFree,FFree,FFree,AArea,AArea,AArea,AArea,AArea,AArea,,,,,,,,,,,,,,,,,,,,,,,,,,,,,,,,,,,,,,,,,,,,,,,,,,,,,,,
SEC 534,FFree,FFree,FFree,FFree,FFree,FFree,FFree,FFree,FFree,FFree,FFree,FFree,FFree,FFree,FFree,FFree,FFree,FFree,FFree,FFree,FFree,AArea,AArea,AArea,AArea,AArea,AArea,,,,,,,,,,,,,,,,,,,,,,,,,,,,,,,,,,,,,,,,,,,,,,,,,,,,,,,
SEC 535,FFree,FFree,FFree,FFree,FFree,FFree,FFree,FFree,FFree,FFree,FFree,FFree,FFree,FFree,FFree,FFree,FFree,FFree,FFree,FFree,FFree,AArea,AArea,AArea,AArea,AArea,AArea,,,,,,,,,,,,,,,,,,,,,,,,,,,,,,,,,,,,,,,,,,,,,,,,,,,,,,,
SEC 537,FFree,FFree,FFree,FFree,FFree,FFree,FFree,FFree,FFree,FFree,FFree,FFree,FFree,FFree,FFree,FFree,FFree,FFree,FFree,FFree,FFree,AArea,AArea,AArea,AArea,AArea,AArea,,,,,,,,,,,,,,,,,,,,,,,,,,,,,,,,,,,,,,,,,,,,,,,,,,,,,,,
SEC 540,FFree,FFree,FFree,FFree,FFree,FFree,FFree,FFree,FFree,FFree,FFree,FFree,FFree,FFree,FFree,FFree,FFree,FFree,FFree,FFree,FFree,AArea,AArea,AArea,AArea,AArea,AArea,,,,,,,,,,,,,,,,,,,,,,,,,,,,,,,,,,,,,,,,,,,,,,,,,,,,,,,
SEC 58006,FFree,FFree,FFree,FFree,FFree,FFree,FFree,FFree,FFree,FFree,FFree,FFree,FFree,FFree,FFree,FFree,FFree,FFree,FFree,FFree,FFree,AArea,AArea,AArea,AArea,AArea,AArea,,,,,,,,,,,,,,,,,,,,,,,,,,,,,,,,,,,,,,,,,,,,,,,,,,,,,,,
SEC 592,FFree,FFree,FFree,FFree,FFree,FFree,FFree,FFree,FFree,FFree,FFree,FFree,FFree,FFree,FFree,FFree,FFree,FFree,FFree,FFree,FFree,AArea,AArea,AArea,AArea,AArea,AArea,,,,,,,,,,,,,,,,,,,,,,,,,,,,,,,,,,,,,,,,,,,,,,,,,,,,,,,
SOC 501,FFree,FFree,FFree,FFree,FFree,FFree,FFree,FFree,FFree,FFree,FFree,FFree,FFree,FFree,FFree,FFree,FFree,FFree,FFree,FFree,FFree,AArea,AArea,AArea,AArea,AArea,AArea,,,,,,,,,,,,,,,,,,,,,,,,,,,,,,,,,,,,,,,,,,,,,,,,,,,,,,,
SOC 502,FFree,FFree,FFree,FFree,FFree,FFree,FFree,FFree,FFree,FFree,FFree,FFree,FFree,FFree,FFree,FFree,FFree,FFree,FFree,FFree,FFree,AArea,AArea,AArea,AArea,AArea,AArea,,,,,,,,,,,,,,,,,,,,,,,,,,,,,,,,,,,,,,,,,,,,,,,,,,,,,,,
SOC 504,FFree,FFree,FFree,FFree,FFree,FFree,FFree,FFree,FFree,FFree,FFree,FFree,FFree,FFree,FFree,FFree,FFree,FFree,FFree,FFree,FFree,AArea,AArea,AArea,AArea,AArea,AArea,,,,,,,,,,,,,,,,,,,,,,,,,,,,,,,,,,,,,,,,,,,,,,,,,,,,,,,
SOC 508,FFree,FFree,FFree,FFree,FFree,FFree,FFree,FFree,FFree,FFree,FFree,FFree,FFree,FFree,FFree,FFree,FFree,FFree,FFree,FFree,FFree,AArea,AArea,AArea,AArea,AArea,AArea,,,,,,,,,,,,,,,,,,,,,,,,,,,,,,,,,,,,,,,,,,,,,,,,,,,,,,,
SOC 513,FFree,FFree,FFree,FFree,FFree,FFree,FFree,FFree,FFree,FFree,FFree,FFree,FFree,FFree,FFree,FFree,FFree,FFree,FFree,FFree,FFree,AArea,AArea,AArea,AArea,AArea,AArea,,,,,,,,,,,,,,,,,,,,,,,,,,,,,,,,,,,,,,,,,,,,,,,,,,,,,,,
SOC 518,FFree,FFree,FFree,FFree,FFree,FFree,FFree,FFree,FFree,FFree,FFree,FFree,FFree,FFree,FFree,FFree,FFree,FFree,FFree,FFree,FFree,AArea,AArea,AArea,AArea,AArea,AArea,,,,,,,,,,,,,,,,,,,,,,,,,,,,,,,,,,,,,,,,,,,,,,,,,,,,,,,
SOC 520,FFree,FFree,FFree,FFree,FFree,FFree,FFree,FFree,FFree,FFree,FFree,FFree,FFree,FFree,FFree,FFree,FFree,FFree,FFree,FFree,FFree,AArea,AArea,AArea,AArea,AArea,AArea,,,,,,,,,,,,,,,,,,,,,,,,,,,,,,,,,,,,,,,,,,,,,,,,,,,,,,,
SOC 521,FFree,FFree,FFree,FFree,FFree,FFree,FFree,FFree,FFree,FFree,FFree,FFree,FFree,FFree,FFree,FFree,FFree,FFree,FFree,FFree,FFree,AArea,AArea,AArea,AArea,AArea,AArea,,,,,,,,,,,,,,,,,,,,,,,,,,,,,,,,,,,,,,,,,,,,,,,,,,,,,,,
SOC 525,FFree,FFree,FFree,FFree,FFree,FFree,FFree,FFree,FFree,FFree,FFree,FFree,FFree,FFree,FFree,FFree,FFree,FFree,FFree,FFree,FFree,AArea,AArea,AArea,AArea,AArea,AArea,,,,,,,,,,,,,,,,,,,,,,,,,,,,,,,,,,,,,,,,,,,,,,,,,,,,,,,
SOC 526,FFree,FFree,FFree,FFree,FFree,FFree,FFree,FFree,FFree,FFree,FFree,FFree,FFree,FFree,FFree,FFree,FFree,FFree,FFree,FFree,FFree,AArea,AArea,AArea,AArea,AArea,AArea,,,,,,,,,,,,,,,,,,,,,,,,,,,,,,,,,,,,,,,,,,,,,,,,,,,,,,,
SOC 532,FFree,FFree,FFree,FFree,FFree,FFree,FFree,FFree,FFree,FFree,FFree,FFree,FFree,FFree,FFree,FFree,FFree,FFree,FFree,FFree,FFree,AArea,AArea,AArea,AArea,AArea,AArea,,,,,,,,,,,,,,,,,,,,,,,,,,,,,,,,,,,,,,,,,,,,,,,,,,,,,,,
SPS 500,FFree,FFree,FFree,FFree,FFree,FFree,FFree,FFree,FFree,FFree,FFree,FFree,FFree,FFree,FFree,FFree,FFree,FFree,FFree,FFree,FFree,AArea,AArea,AArea,AArea,AArea,AArea,,,,,,,,,,,,,,,,,,,,,,,,,,,,,,,,,,,,,,,,,,,,,,,,,,,,,,,
SPS 501,FFree,FFree,FFree,FFree,FFree,FFree,FFree,FFree,FFree,FFree,FFree,FFree,FFree,FFree,FFree,FFree,FFree,FFree,FFree,FFree,FFree,AArea,AArea,AArea,AArea,AArea,AArea,,,,,,,,,,,,,,,,,,,,,,,,,,,,,,,,,,,,,,,,,,,,,,,,,,,,,,,
SPS 502,FFree,FFree,FFree,FFree,FFree,FFree,FFree,FFree,FFree,FFree,FFree,FFree,FFree,FFree,FFree,FFree,FFree,FFree,FFree,FFree,FFree,AArea,AArea,AArea,AArea,AArea,AArea,,,,,,,,,,,,,,,,,,,,,,,,,,,,,,,,,,,,,,,,,,,,,,,,,,,,,,,
TLL 501,FFree,FFree,FFree,FFree,FFree,FFree,FFree,FFree,FFree,FFree,FFree,FFree,FFree,FFree,FFree,FFree,FFree,FFree,FFree,FFree,FFree,AArea,AArea,AArea,AArea,AArea,AArea,CCore 1,CCore 1,CCore 1,CCore 1,CCore 1,CCore 1,CCore 1,CCore 1,CCore 1,CCore 1,CCore 1,CCore 1,CCore 1,CCore 1,CCore 1,,,,,,,,,,,,,,,,,,,,,,,,,,,,,,,,,,,,,,,,
TLL 502,FFree,FFree,FFree,FFree,FFree,FFree,FFree,FFree,FFree,FFree,FFree,FFree,FFree,FFree,FFree,FFree,FFree,FFree,FFree,FFree,FFree,AArea,AArea,AArea,AArea,AArea,AArea,CCore 1,CCore 1,CCore 1,CCore 1,CCore 1,CCore 1,CCore 1,CCore 1,CCore 1,CCore 1,CCore 1,CCore 1,CCore 1,CCore 1,CCore 1,,,,,,,,,,,,,,,,,,,,,,,,,,,,,,,,,,,,,,,,
TLL 503,FFree,FFree,FFree,FFree,FFree,FFree,FFree,FFree,FFree,FFree,FFree,FFree,FFree,FFree,FFree,FFree,FFree,FFree,FFree,FFree,FFree,AArea,AArea,AArea,AArea,AArea,AArea,CCore 1,CCore 1,CCore 1,CCore 1,CCore 1,CCore 1,CCore 1,CCore 1,CCore 1,CCore 1,CCore 1,CCore 1,CCore 1,CCore 1,CCore 1,,,,,,,,,,,,,,,,,,,,,,,,,,,,,,,,,,,,,,,,
TLL 510,FFree,FFree,FFree,FFree,FFree,FFree,FFree,FFree,FFree,FFree,FFree,FFree,FFree,FFree,FFree,FFree,FFree,FFree,FFree,FFree,FFree,AArea,AArea,AArea,AArea,AArea,AArea,,,,,,,,,,,,,,,,CCore 1,CCore 1,CCore 1,CCore 1,CCore 1,CCore 1,CCore 1,CCore 1,CCore 1,CCore 1,CCore 1,CCore 1,CCore 1,CCore 1,CCore 1,CCore 1,CCore 1,CCore 1,CCore 1,CCore 1,CCore 1,CCore 1,CCore 1,CCore 1,CCore 1,CCore 1,CCore 1,CCore 1,CCore 1,CCore 1,CCore 1,CCore 1,CCore 1,CCore 1,CCore 1,CCore 1,CCore 1,CCore 1,CCore 1,CCore 1
TLL 520,FFree,FFree,FFree,FFree,FFree,FFree,FFree,FFree,FFree,FFree,FFree,FFree,FFree,FFree,FFree,FFree,FFree,FFree,FFree,FFree,FFree,AArea,AArea,AArea,AArea,AArea,AArea,,,,,,,,,,,,,,,,CCore 1,CCore 1,CCore 1,CCore 1,CCore 1,CCore 1,CCore 1,CCore 1,CCore 1,CCore 1,CCore 1,CCore 1,CCore 1,CCore 1,CCore 1,,,,,,,,,,,,,,,,,,,,,,,,,
TLL 530,FFree,FFree,FFree,FFree,FFree,FFree,FFree,FFree,FFree,FFree,FFree,FFree,FFree,FFree,FFree,FFree,FFree,FFree,FFree,FFree,FFree,AArea,AArea,AArea,AArea,AArea,AArea,,,,,,,,,,,,,,,,CCore 1,CCore 1,CCore 1,CCore 1,CCore 1,CCore 1,CCore 1,CCore 1,CCore 1,CCore 1,CCore 1,CCore 1,CCore 1,CCore 1,CCore 1,CCore 1,CCore 1,CCore 1,CCore 1,CCore 1,CCore 1,CCore 1,CCore 1,CCore 1,CCore 1,CCore 1,CCore 1,CCore 1,CCore 1,CCore 1,CCore 1,CCore 1,CCore 1,CCore 1,CCore 1,CCore 1,CCore 1,CCore 1,CCore 1,CCore 1
TLL 540,FFree,FFree,FFree,FFree,FFree,FFree,FFree,FFree,FFree,FFree,FFree,FFree,FFree,FFree,FFree,FFree,FFree,FFree,FFree,FFree,FFree,AArea,AArea,AArea,AArea,AArea,AArea,CCore 1,CCore 1,CCore 1,CCore 1,CCore 1,CCore 1,CCore 1,CCore 1,CCore 1,CCore 1,CCore 1,CCore 1,CCore 1,CCore 1,CCore 1,CCore 1,CCore 1,CCore 1,CCore 1,CCore 1,CCore 1,CCore 1,CCore 1,CCore 1,CCore 1,CCore 1,CCore 1,CCore 1,CCore 1,CCore 1,,,,,,,,,,,,,,,,,,,,,,,,,
TLL 550,FFree,FFree,FFree,FFree,FFree,FFree,FFree,FFree,FFree,FFree,FFree,FFree,FFree,FFree,FFree,FFree,FFree,FFree,FFree,FFree,FFree,AArea,AArea,AArea,AArea,AArea,AArea,,,,,,,,,,,,,,,,,,,,,,CCore 1,CCore 1,CCore 1,CCore 1,CCore 1,CCore 1,CCore 1,CCore 1,CCore 1,CCore 1,CCore 1,CCore 1,CCore 1,CCore 1,CCore 1,CCore 1,CCore 1,CCore 1,CCore 1,CCore 1,CCore 1,CCore 1,CCore 1,CCore 1,CCore 1,CCore 1,CCore 1,CCore 1,CCore 1,CCore 1,CCore 1,CCore 1,CCore 1,CCore 1
TLL 570,FFree,FFree,FFree,FFree,FFree,FFree,FFree,FFree,FFree,FFree,FFree,FFree,FFree,FFree,FFree,FFree,FFree,FFree,FFree,FFree,FFree,AArea,AArea,AArea,AArea,AArea,AArea,,,,,,,,,,,,,,,,,,,,,,,,,,,,,,,,,,,,,,,,,,,,,,,,,,,,,,,
TS 509,FFree,FFree,FFree,FFree,FFree,FFree,FFree,FFree,FFree,FFree,FFree,FFree,FFree,FFree,FFree,FFree,FFree,FFree,FFree,FFree,FFree,AArea,AArea,AArea,AArea,AArea,AArea,,,,,,,,,,,,,,,,,,,,,,,,,,,,,,,,,,,,,,,,,,,AArea,AArea,AArea,AArea,AArea,AArea,AArea,AArea,AArea,AArea,AArea,AArea,AArea
TS 515,FFree,FFree,FFree,FFree,FFree,FFree,FFree,FFree,FFree,FFree,FFree,FFree,FFree,FFree,FFree,FFree,FFree,FFree,FFree,FFree,FFree,AArea,AArea,AArea,AArea,AArea,AArea,,,,,,,,,,,,,,,,,,,,,,,,,,,,,,,,,,,,,,,,,,,,,,,,,,,,,,,
TS 520,FFree,FFree,FFree,FFree,FFree,FFree,FFree,FFree,FFree,FFree,FFree,FFree,FFree,FFree,FFree,FFree,FFree,FFree,FFree,FFree,FFree,AArea,AArea,AArea,AArea,AArea,AArea,,,,,,,,,,,,,,,,,,,,,,,,,,,,,,,,,,,,,,,,,,,,,,,,,,,,,,,
TS 521,FFree,FFree,FFree,FFree,FFree,FFree,FFree,FFree,FFree,FFree,FFree,FFree,FFree,FFree,FFree,FFree,FFree,FFree,FFree,FFree,FFree,AArea,AArea,AArea,AArea,AArea,AArea,,,,,,,,,,,,,,,,,,,,,,,,,,,,,,,,,,,,,,,,,,,,,,AArea,AArea,AArea,AArea,AArea,AArea,AArea,AArea,AArea,AArea
TS 550,FFree,FFree,FFree,FFree,FFree,FFree,FFree,FFree,FFree,FFree,FFree,FFree,FFree,FFree,FFree,FFree,FFree,FFree,FFree,FFree,FFree,AArea,AArea,AArea,AArea,AArea,AArea,,,,,,,,,,,,,,,,,,,,,,,,,,,,,,,,,,,,,,,,,,,,,,,,,,,,,,,
TS 551,FFree,FFree,FFree,FFree,FFree,FFree,FFree,FFree,FFree,FFree,FFree,FFree,FFree,FFree,FFree,FFree,FFree,FFree,FFree,FFree,FFree,AArea,AArea,AArea,AArea,AArea,AArea,,,,,,,,,,,,,,,,,,,,,,,,,,,,,,,,,,,,,,,,,,,AArea,AArea,AArea,AArea,AArea,AArea,AArea,AArea,AArea,AArea,AArea,AArea,AArea
TS 552,FFree,FFree,FFree,FFree,FFree,FFree,FFree,FFree,FFree,FFree,FFree,FFree,FFree,FFree,FFree,FFree,FFree,FFree,FFree,FFree,FFree,AArea,AArea,AArea,AArea,AArea,AArea,,,,,,,,,,,,,,,,,,,,,,,,,,,,,,,,,,,,,,,,,,,,,,,,,,,,,,,
TS 555,FFree,FFree,FFree,FFree,FFree,FFree,FFree,FFree,FFree,FFree,FFree,FFree,FFree,FFree,FFree,FFree,FFree,FFree,FFree,FFree,FFree,AArea,AArea,AArea,AArea,AArea,AArea,,,,,,,,,,,,,,,,,,,,,,,,,,,,,,,,,,,,,,,,,,,,,,,,,,,,,,,
TS 590,FFree,FFree,FFree,FFree,FFree,FFree,FFree,FFree,FFree,FFree,FFree,FFree,FFree,FFree,FFree,FFree,FFree,FFree,FFree,FFree,FFree,AArea,AArea,AArea,AArea,AArea,AArea,,,,,,,,,,,,,,,,,,,,,,,,,,,,,,,,,,,,,,,,,,,,,,,,,,,,,,,
TUR 501,FFree,FFree,FFree,FFree,FFree,FFree,FFree,FFree,FFree,FFree,FFree,FFree,FFree,FFree,FFree,FFree,FFree,FFree,FFree,FFree,FFree,AArea,AArea,AArea,AArea,AArea,AArea,,,,,,,,,,,,,,,,,,,,,,,,,,,,,,,,,,,,,,,,,,,,,,,,,,,,,,,
TUR 502,FFree,FFree,FFree,FFree,FFree,FFree,FFree,FFree,FFree,FFree,FFree,FFree,FFree,FFree,FFree,FFree,FFree,FFree,FFree,FFree,FFree,AArea,AArea,AArea,AArea,AArea,AArea,,,,,,,,,,,,,,,,,,,,,,,,,,,,,,,,,,,,,,,,,,,,,,,,,,,,,,,
TUR 503,FFree,FFree,FFree,FFree,FFree,FFree,FFree,FFree,FFree,FFree,FFree,FFree,FFree,FFree,FFree,FFree,FFree,FFree,FFree,FFree,FFree,AArea,AArea,AArea,AArea,AArea,AArea,,,,,,,,,,,,,,,,,,,,,,,,,,,,,,,,,,,,,,,,,,,,,,,,,,,,,,,
TUR 504,FFree,FFree,FFree,FFree,FFree,FFree,FFree,FFree,FFree,FFree,FFree,FFree,FFree,FFree,FFree,FFree,FFree,FFree,FFree,FFree,FFree,AArea,AArea,AArea,AArea,AArea,AArea,,,,,,,,,,,,,,,,,,,,,,,,,,,,,,,,,,,,,,,,,,,,,,,,,,,,,,,
TUR 505,FFree,FFree,FFree,FFree,FFree,FFree,FFree,FFree,FFree,FFree,FFree,FFree,FFree,FFree,FFree,FFree,FFree,FFree,FFree,FFree,FFree,AArea,AArea,AArea,AArea,AArea,AArea,,,,,,,,,,,,,,,,,,,,,,,,,,,,,,,,,,,,,,,,,,,,,,,,,,,,,,,
TUR 511,FFree,FFree,FFree,FFree,FFree,FFree,FFree,FFree,FFree,FFree,FFree,FFree,FFree,FFree,FFree,FFree,FFree,FFree,FFree,FFree,FFree,AArea,AArea,AArea,AArea,AArea,AArea,,,,,,,,,,,,,,,,,,,,,,,,,,,,,,,,,,,,,,,,,,,,,,,,,,,,,,,
TUR 512,FFree,FFree,FFree,FFree,FFree,FFree,FFree,FFree,FFree,FFree,FFree,FFree,FFree,FFree,FFree,FFree,FFree,FFree,FFree,FFree,FFree,AArea,AArea,AArea,AArea,AArea,AArea,,,,,,,,,,,,,,,,,,,,,,,,,,,,,,,,,,,,,,,,,,,,,,,,,,,,,,,
TUR 521,FFree,FFree,FFree,FFree,FFree,FFree,FFree,FFree,FFree,FFree,FFree,FFree,FFree,FFree,FFree,FFree,FFree,FFree,FFree,FFree,FFree,AArea,AArea,AArea,AArea,AArea,AArea,,,,,,,,,,,,,,,,,,,,,,,,,,,,,,,,,,,,,,,,,,,,,,,,,,,,,,,
TUR 522,FFree,FFree,FFree,FFree,FFree,FFree,FFree,FFree,FFree,FFree,FFree,FFree,FFree,FFree,FFree,FFree,FFree,FFree,FFree,FFree,FFree,AArea,AArea,AArea,AArea,AArea,AArea,,,,,,,,,,,,,,,,,,,,,,,,,,,,,,,,,,,,,,,,,,,,,,,,,,,,,,,
VA 500,FFree,FFree,FFree,FFree,FFree,FFree,FFree,FFree,FFree,FFree,FFree,FFree,FFree,FFree,FFree,FFree,FFree,FFree,FFree,FFree,FFree,AArea,AArea,AArea,AArea,AArea,AArea,,,,,,,,,,,,,,,,,,,,,,,,,,,,,,,,,,,,,,,,,,,,,,,,,,,,,,,
VA 501,FFree,FFree,FFree,FFree,FFree,FFree,FFree,FFree,FFree,FFree,FFree,FFree,FFree,FFree,FFree,FFree,FFree,FFree,FFree,FFree,FFree,AArea,AArea,AArea,AArea,AArea,AArea,,,,,,,,,,,,,,,,,,,,,,,,,,,,,,,,,,,,,,,,,,,,,,,,,,,,,,,
VA 502,FFree,FFree,FFree,FFree,FFree,FFree,FFree,FFree,FFree,FFree,FFree,FFree,FFree,FFree,FFree,FFree,FFree,FFree,FFree,FFree,FFree,AArea,AArea,AArea,AArea,AArea,AArea,,,,,,,,,,,,,,,,,,,,,,,,,,,,,,,,,,,,,,,,,,,,,,,,,,,,,,,
VA 503,FFree,FFree,FFree,FFree,FFree,FFree,FFree,FFree,FFree,FFree,FFree,FFree,FFree,FFree,FFree,FFree,FFree,FFree,FFree,FFree,FFree,AArea,AArea,AArea,AArea,AArea,AArea,,,,,,,,,,,,,,,,,,,,,,,,,,,,,,,,,,,,,,,,,,,,,,,,,,,,,,,
VA 504,FFree,FFree,FFree,FFree,FFree,FFree,FFree,FFree,FFree,FFree,FFree,FFree,FFree,FFree,FFree,FFree,FFree,FFree,FFree,FFree,FFree,AArea,AArea,AArea,AArea,AArea,AArea,,,,,,,,,,,,,,,,,,,,,,,,,,,,,,,,,,,,,,,,,,,,,,,,,,,,,,,
VA 505,FFree,FFree,FFree,FFree,FFree,FFree,FFree,FFree,FFree,FFree,FFree,FFree,FFree,FFree,FFree,FFree,FFree,FFree,FFree,FFree,FFree,AArea,AArea,AArea,AArea,AArea,AArea,,,,,,,,,,,,,,,,,,,,,,,,,,,,,,,,,,,,,,,,,,,,,,,,,,,,,,,
VA 510,FFree,FFree,FFree,FFree,FFree,FFree,FFree,FFree,FFree,FFree,FFree,FFree,FFree,FFree,FFree,FFree,FFree,FFree,FFree,FFree,FFree,AArea,AArea,AArea,AArea,AArea,AArea,,,,,,,,,,,,,,,,,,,,,,,,,,,,,,,,,,,,,,,,,,,,,,,,,,,,,,,
VA 511,FFree,FFree,FFree,FFree,FFree,FFree,FFree,FFree,FFree,FFree,FFree,FFree,FFree,FFree,FFree,FFree,FFree,FFree,FFree,FFree,FFree,AArea,AArea,AArea,AArea,AArea,AArea,,,,,,,,,,,,,,,,,,,,,,,,,,,,,,,,,,,,,,,,,,,,,,,,,,,,,,,
VA 512,FFree,FFree,FFree,FFree,FFree,FFree,FFree,FFree,FFree,FFree,FFree,FFree,FFree,FFree,FFree,FFree,FFree,FFree,FFree,FFree,FFree,AArea,AArea,,,,,,,,,,,,,,,,,,,,,,,,,,,,,,,,,,,,,,,,,,,,,,,,,,,,,,,,,,,
VA 513,FFree,FFree,FFree,FFree,FFree,FFree,FFree,FFree,FFree,FFree,FFree,FFree,FFree,FFree,FFree,FFree,FFree,FFree,FFree,FFree,FFree,AArea,AArea,,,,,,,,,,,,,,,,,,,,,,,,,,,,,,,,,,,,,,,,,,,,,,,,,,,,,,,,,,,
VA 514,FFree,FFree,FFree,FFree,FFree,FFree,FFree,FFree,FFree,FFree,FFree,FFree,FFree,FFree,FFree,FFree,FFree,FFree,FFree,FFree,FFree,AArea,AArea,AArea,AArea,AArea,AArea,,,,,,,,,,,,,,,,,,,,,,,,,,,,,,,,,,,,,,,,,,,,,,,,,,,,,,,
VA 515,FFree,FFree,FFree,FFree,FFree,FFree,FFree,FFree,FFree,FFree,FFree,FFree,FFree,FFree,FFree,FFree,FFree,FFree,FFree,FFree,FFree,AArea,AArea,AArea,AArea,AArea,AArea,,,,,,,,,,,,,,,,,,,,,,,,,,,,,,,,,,,,,,,,,,,,,,,,,,,,,,,
VA 516,FFree,FFree,FFree,FFree,FFree,FFree,FFree,FFree,FFree,FFree,FFree,FFree,FFree,FFree,FFree,FFree,FFree,FFree,FFree,FFree,FFree,AArea,AArea,AArea,AArea,AArea,AArea,,,,,,,,,,,,,,,,,,,,,,,,,,,,,,,,,,,,,,,,,,,,,,,,,,,,,,,
VA 520,FFree,FFree,FFree,FFree,FFree,FFree,FFree,FFree,FFree,FFree,FFree,FFree,FFree,FFree,FFree,FFree,FFree,FFree,FFree,FFree,FFree,AArea,AArea,AArea,AArea,AArea,AArea,,,,,,,,,,,,,,,,,,,,,,,,,,,,,,,,,,,,,,,,,,,,,,,,,,,,,,,
VA 521,FFree,FFree,FFree,FFree,FFree,FFree,FFree,FFree,FFree,FFree,FFree,FFree,FFree,FFree,FFree,FFree,FFree,FFree,FFree,FFree,FFree,AArea,AArea,AArea,AArea,AArea,AArea,,,,,,,,,,,,,,,,,,,,,,,,,,,,,,,,,,,,,,,,,,,,,,,,,,,,,,,
VA 522,FFree,FFree,FFree,FFree,FFree,FFree,FFree,FFree,FFree,FFree,FFree,FFree,FFree,FFree,FFree,FFree,FFree,FFree,FFree,FFree,FFree,AArea,AArea,,,,,,,,,,,,,,,,,,,,,,,,,,,,,,,,,,,,,,,,,,,,,,,,,,,,,,,,,,,
VA 523,FFree,FFree,FFree,FFree,FFree,FFree,FFree,FFree,FFree,FFree,FFree,FFree,FFree,FFree,FFree,FFree,FFree,FFree,FFree,FFree,FFree,AArea,AArea,,,,,,,,,,,,,,,,,,,,,,,,,,,,,,,,,,,,,,,,,,,,,,,,,,,,,,,,,,,
VA 524,FFree,FFree,FFree,FFree,FFree,FFree,FFree,FFree,FFree,FFree,FFree,FFree,FFree,FFree,FFree,FFree,FFree,FFree,FFree,FFree,FFree,AArea,AArea,AArea,AArea,AArea,AArea,,,,,,,,,,,,,,,,,,,,,,,,,,,,,,,,,,,,,,,,,,,,,,,,,,,,,,,
VA 525,FFree,FFree,FFree,FFree,FFree,FFree,FFree,FFree,FFree,FFree,FFree,FFree,FFree,FFree,FFree,FFree,FFree,FFree,FFree,FFree,FFree,AArea,AArea,,,,,,,,,,,,,,,,,,,,,,,,,,,,,,,,,,,,,,,,,,,,,,,,,,,,,,,,,,,
VA 526,FFree,FFree,FFree,FFree,FFree,FFree,FFree,FFree,FFree,FFree,FFree,FFree,FFree,FFree,FFree,FFree,FFree,FFree,FFree,FFree,FFree,AArea,AArea,,,,,,,,,,,,,,,,,,,,,,,,,,,,,,,,,,,,,,,,,,,,,,,,,,,,,,,,,,,
VA 527,FFree,FFree,FFree,FFree,FFree,FFree,FFree,FFree,FFree,FFree,FFree,FFree,FFree,FFree,FFree,FFree,FFree,FFree,FFree,FFree,FFree,AArea,AArea,,,,,,,,,,,,,,,,,,,,,,,,,,,,,,,,,,,,,,,,,,,,,,,,,,,,,,,,,,,
VA 528,FFree,FFree,FFree,FFree,FFree,FFree,FFree,FFree,FFree,FFree,FFree,FFree,FFree,FFree,FFree,FFree,FFree,FFree,FFree,FFree,FFree,AArea,AArea,,,,,,,,,,,,,,,,,,,,,,,,,,,,,,,,,,,,,,,,,,,,,,,,,,,,,,,,,,,
VA 529,FFree,FFree,FFree,FFree,FFree,FFree,FFree,FFree,FFree,FFree,FFree,FFree,FFree,FFree,FFree,FFree,FFree,FFree,FFree,FFree,FFree,AArea,AArea,AArea,AArea,AArea,AArea,,,,,,,,,,,,,,,,,,,,,,,,,,,,,,,,,,,,,,,,,,,,,,,,,,,,,,,
VA 530,FFree,FFree,FFree,FFree,FFree,FFree,FFree,FFree,FFree,FFree,FFree,FFree,FFree,FFree,FFree,FFree,FFree,FFree,FFree,FFree,FFree,AArea,AArea,AArea,AArea,AArea,AArea,,,,,,,,,,,,,,,,,,,,,,,,,,,,,,,,,,,,,,,,,,,,,,,,,,,,,,,
VA 531,FFree,FFree,FFree,FFree,FFree,FFree,FFree,FFree,FFree,FFree,FFree,FFree,FFree,FFree,FFree,FFree,FFree,FFree,FFree,FFree,FFree,AArea,AArea,,,,,,,,,,,,,,,,,,,,,,,,,,,,,,,,,,,,,,,,,,,,,,,,,,,,,,,,,,,
VA 532,FFree,FFree,FFree,FFree,FFree,FFree,FFree,FFree,FFree,FFree,FFree,FFree,FFree,FFree,FFree,FFree,FFree,FFree,FFree,FFree,FFree,AArea,AArea,,,,,,,,,,,,,,,,,,,,,,,,,,,,,,,,,,,,,,,,,,,,,,,,,,,,,,,,,,,
VA 533,FFree,FFree,FFree,FFree,FFree,FFree,FFree,FFree,FFree,FFree,FFree,FFree,FFree,FFree,FFree,FFree,FFree,FFree,FFree,FFree,FFree,AArea,AArea,AArea,AArea,AArea,AArea,,,,,,,,,,,,,,,,,,,,,,,,,,,,,,,,,,,,,,,,,,,,,,,,,,,,,,,
VA 534,FFree,FFree,FFree,FFree,FFree,FFree,FFree,FFree,FFree,FFree,FFree,FFree,FFree,FFree,FFree,FFree,FFree,FFree,FFree,FFree,FFree,AArea,AArea,AArea,AArea,AArea,AArea,,,,,,,,,,,,,,,,,,,,,,,,,,,,,,,,,,,,,,,,,,,,,,,,,,,,,,,
VA 535,FFree,FFree,FFree,FFree,FFree,FFree,FFree,FFree,FFree,FFree,FFree,FFree,FFree,FFree,FFree,FFree,FFree,FFree,FFree,FFree,FFree,AArea,AArea,,,,,,,,,,,,,,,,,,,,,,,,,,,,,,,,,,,,,,,,,,,,,,,,,,,,,,,,,,,
VA 536,FFree,FFree,FFree,FFree,FFree,FFree,FFree,FFree,FFree,FFree,FFree,FFree,FFree,FFree,FFree,FFree,FFree,FFree,FFree,FFree,FFree,AArea,AArea,,,,,,,,,,,,,,,,,,,,,,,,,,,,,,,,,,,,,,,,,,,,,,,,,,,,,,,,,,,
VA 537,FFree,FFree,FFree,FFree,FFree,FFree,FFree,FFree,FFree,FFree,FFree,FFree,FFree,FFree,FFree,FFree,FFree,FFree,FFree,FFree,FFree,AArea,AArea,AArea,AArea,AArea,AArea,,,,,,,,,,,,,,,,,,,,,,,,,,,,,,,,,,,,,,,,,,,,,,,,,,,,,,,
VA 538,FFree,FFree,FFree,FFree,FFree,FFree,FFree,FFree,FFree,FFree,FFree,FFree,FFree,FFree,FFree,FFree,FFree,FFree,FFree,FFree,FFree,AArea,AArea,AArea,AArea,AArea,AArea,,,,,,,,,,,,,,,,,,,,,,,,,,,,,,,,,,,,,,,,,,,,,,,,,,,,,,,
VA 539,FFree,FFree,FFree,FFree,FFree,FFree,FFree,FFree,FFree,FFree,FFree,FFree,FFree,FFree,FFree,FFree,FFree,FFree,FFree,FFree,FFree,AArea,AArea,AArea,AArea,AArea,AArea,,,,,,,,,,,,,,,,,,,,,,,,,,,,,,,,,,,,,,,,,,,,,,,,,,,,,,,
VA 540,FFree,FFree,FFree,FFree,FFree,FFree,FFree,FFree,FFree,FFree,FFree,FFree,FFree,FFree,FFree,FFree,FFree,FFree,FFree,FFree,FFree,AArea,AArea,,,,,,,,,,,,,,,,,,,,,,,,,,,,,,,,,,,,,,,,,,,,,,,,,,,,,,,,,,,
VA 541,FFree,FFree,FFree,FFree,FFree,FFree,FFree,FFree,FFree,FFree,FFree,FFree,FFree,FFree,FFree,FFree,FFree,FFree,FFree,FFree,FFree,AArea,AArea,,,,,,,,,,,,,,,,,,,,,,,,,,,,,,,,,,,,,,,,,,,,,,,,,,,,,,,,,,,
VA 542,FFree,FFree,FFree,FFree,FFree,FFree,FFree,FFree,FFree,FFree,FFree,FFree,FFree,FFree,FFree,FFree,FFree,FFree,FFree,FFree,FFree,AArea,AArea,AArea,AArea,AArea,AArea,,,,,,,,,,,,,,,,,,,,,,,,,,,,,,,,,,,,,,,,,,,,,,,,,,,,,,,
VA 544,FFree,FFree,FFree,FFree,FFree,FFree,FFree,FFree,FFree,FFree,FFree,FFree,FFree,FFree,FFree,FFree,FFree,FFree,FFree,FFree,FFree,AArea,AArea,AArea,AArea,AArea,AArea,,,,,,,,,,,,,,,,,,,,,,,,,,,,,,,,,,,,,,,,,,,,,,,,,,,,,,,
VA 545,FFree,FFree,FFree,FFree,FFree,FFree,FFree,FFree,FFree,FFree,FFree,FFree,FFree,FFree,FFree,FFree,FFree,FFree,FFree,FFree,FFree,AArea,AArea,AArea,AArea,AArea,AArea,,,,,,,,,,,,,,,,,,,,,,,,,,,,,,,,,,,,,,,,,,,,,,,,,,,,,,,
VA 546,FFree,FFree,FFree,FFree,FFree,FFree,FFree,FFree,FFree,FFree,FFree,FFree,FFree,FFree,FFree,FFree,FFree,FFree,FFree,FFree,FFree,AArea,AArea,AArea,AArea,AArea,AArea,,,,,,,,,,,,,,,,,,,,,,,,,,,,,,,,,,,,,,,,,,,,,,,,,,,,,,,
VA 547,FFree,FFree,FFree,FFree,FFree,FFree,FFree,FFree,FFree,FFree,FFree,FFree,FFree,FFree,FFree,FFree,FFree,FFree,FFree,FFree,FFree,AArea,AArea,AArea,AArea,AArea,AArea,,,,,,,,,,,,,,,,,,,,,,,,,,,,,,,,,,,,,,,,,,,,,,,,,,,,,,,
VA 548,FFree,FFree,FFree,FFree,FFree,FFree,FFree,FFree,FFree,FFree,FFree,FFree,FFree,FFree,FFree,FFree,FFree,FFree,FFree,FFree,FFree,AArea,AArea,AArea,AArea,AArea,AArea,,,,,,,,,,,,,,,,,,,,,,,,,,,,,,,,,,,,,,,,,,,,,,,,,,,,,,,
VA 549,FFree,FFree,FFree,FFree,FFree,FFree,FFree,FFree,FFree,FFree,FFree,FFree,FFree,FFree,FFree,FFree,FFree,FFree,FFree,FFree,FFree,AArea,AArea,AArea,AArea,AArea,AArea,,,,,,,,,,,,,,,,,,,,,,,,,,,,,,,,,,,,,,,,,,,,,,,,,,,,,,,
VA 550,FFree,FFree,FFree,FFree,FFree,FFree,FFree,FFree,FFree,FFree,FFree,FFree,FFree,FFree,FFree,FFree,FFree,FFree,FFree,FFree,FFree,AArea,AArea,AArea,AArea,AArea,AArea,,,,,,,,,,,,,,,,,,,,,,,,,,,,,,,,,,,,,,,,,,,,,,,,,,,,,,,
VA 551,FFree,FFree,FFree,FFree,FFree,FFree,FFree,FFree,FFree,FFree,FFree,FFree,FFree,FFree,FFree,FFree,FFree,FFree,FFree,FFree,FFree,AArea,AArea,AArea,AArea,AArea,AArea,,,,,,,,,,,,,,,,,,,,,,,,,,,,,,,,,,,,,,,,,,,,,,,,,,,,,,,
VA 553,FFree,FFree,FFree,FFree,FFree,FFree,FFree,FFree,FFree,FFree,FFree,FFree,FFree,FFree,FFree,FFree,FFree,FFree,FFree,FFree,FFree,AArea,AArea,AArea,AArea,AArea,AArea,,,,,,,,,,,,,,,,,,,,,,,,,,,,,,,,,,,,,,,,,,,,,,,,,,,,,,,
VA 554,FFree,FFree,FFree,FFree,FFree,FFree,FFree,FFree,FFree,FFree,FFree,FFree,FFree,FFree,FFree,FFree,FFree,FFree,FFree,FFree,FFree,AArea,AArea,AArea,AArea,AArea,AArea,,,,,,,,,,,,,,,,,,,,,,,,,,,,,,,,,,,,,,,,,,,,,,,,,,,,,,,
VA 555,FFree,FFree,FFree,FFree,FFree,FFree,FFree,FFree,FFree,FFree,FFree,FFree,FFree,FFree,FFree,FFree,FFree,FFree,FFree,FFree,FFree,AArea,AArea,AArea,AArea,AArea,AArea,,,,,,,,,,,,,,,,,,,,,,,,,,,,,,,,,,,,,,,,,,,,,,,,,,,,,,,
VA 556,FFree,FFree,FFree,FFree,FFree,FFree,FFree,FFree,FFree,FFree,FFree,FFree,FFree,FFree,FFree,FFree,FFree,FFree,FFree,FFree,FFree,AArea,AArea,AArea,AArea,AArea,AArea,,,,,,,,,,,,,,,,,,,,,,,,,,,,,,,,,,,,,,,,,,,,,,,,,,,,,,,
VA 561,FFree,FFree,FFree,FFree,FFree,FFree,FFree,FFree,FFree,FFree,FFree,FFree,FFree,FFree,FFree,FFree,FFree,FFree,FFree,FFree,FFree,AArea,AArea,AArea,AArea,AArea,AArea,,,,,,,,,,,,,,,,,,,,,,,,,,,,,,,,,,,,,,,,,,,,,,,,,,,,,,,
VA 565,FFree,FFree,FFree,FFree,FFree,FFree,FFree,FFree,FFree,FFree,FFree,FFree,FFree,FFree,FFree,FFree,FFree,FFree,FFree,FFree,FFree,AArea,AArea,AArea,AArea,AArea,AArea,,,,,,,,,,,,,,,,,,,,,,,,,,,,,,,,,,,,,,,,,,,,,,,,,,,,,,,
VA 571,FFree,FFree,FFree,FFree,FFree,FFree,FFree,FFree,FFree,FFree,FFree,FFree,FFree,FFree,FFree,FFree,FFree,FFree,FFree,FFree,FFree,AArea,AArea,AArea,AArea,AArea,AArea,,,,,,,,,,,,,,,,,,,,,,,,,,,,,,,,,,,,,,,,,,,,,,,,,,,,,,,
VA 580,FFree,FFree,FFree,FFree,FFree,FFree,FFree,FFree,FFree,FFree,FFree,FFree,FFree,FFree,FFree,FFree,FFree,FFree,FFree,FFree,FFree,AArea,AArea,AArea,AArea,AArea,AArea,,,,,,,,,,,,,,,,,,,,,,,,,,,,,,,,,,,,,,,,,,,,,,,,,,,,,,,
VA 581,FFree,FFree,FFree,FFree,FFree,FFree,FFree,FFree,FFree,FFree,FFree,FFree,FFree,FFree,FFree,FFree,FFree,FFree,FFree,FFree,FFree,AArea,AArea,AArea,AArea,AArea,AArea,,,,,,,,,,,,,,,,,,,,,,,,,,,,,,,,,,,,,,,,,,,,,,,,,,,,,,,
VA 582,FFree,FFree,FFree,FFree,FFree,FFree,FFree,FFree,FFree,FFree,FFree,FFree,FFree,FFree,FFree,FFree,FFree,FFree,FFree,FFree,FFree,AArea,AArea,AArea,AArea,AArea,AArea,,,,,,,,,,,,,,,,,,,,,,,,,,,,,,,,,,,,,,,,,,,,,,,,,,,,,,,
VA 597,FFree,FFree,FFree,FFree,FFree,FFree,FFree,FFree,FFree,FFree,FFree,FFree,FFree,FFree,FFree,FFree,FFree,FFree,FFree,FFree,FFree,AArea,AArea,AArea,AArea,AArea,AArea,,,,,,,,,,,,,,,,,,,,,,,,,,,,,,,,,,,,,,,,,,,,,,,,,,,,,,,
VIS 508,FFree,FFree,FFree,FFree,FFree,FFree,FFree,FFree,FFree,FFree,FFree,FFree,FFree,FFree,FFree,FFree,FFree,FFree,FFree,FFree,FFree,AArea,AArea,AArea,AArea,AArea,AArea,,,,,,,,,,,,,,,,,,,,,,,,,,,,,,,,,,,,,,,,,,,,,,,,,,,,,,,
VIS 510,FFree,FFree,FFree,FFree,FFree,FFree,FFree,FFree,FFree,FFree,FFree,FFree,FFree,FFree,FFree,FFree,FFree,FFree,FFree,FFree,FFree,AArea,AArea,AArea,AArea,AArea,AArea,,,,,,,,,,,,,,,,,,,,,,,,,,,,,,,,,,,,,,,,,,,,,,,,,,,,,,,
VIS 512,FFree,FFree,FFree,FFree,FFree,FFree,FFree,FFree,FFree,FFree,FFree,FFree,FFree,FFree,FFree,FFree,FFree,FFree,FFree,FFree,FFree,AArea,AArea,AArea,AArea,AArea,AArea,,,,,,,,,,,,,,,,,,,,,,,,,,,,,,,,,,,,,,,,,,,,,,,,,,,,,,,
XM 590,FFree,FFree,FFree,FFree,FFree,FFree,FFree,FFree,FFree,FFree,FFree,FFree,FFree,FFree,FFree,FFree,FFree,FFree,FFree,FFree,FFree,AArea,AArea,AArea,AArea,AArea,AArea,,,,,,,,,,,,,,,,,,,,,,,,,,,,,,,,,,,,,,,,,,,,,,,,,,,,,,,
XM 591,FFree,FFree,FFree,FFree,FFree,FFree,FFree,FFree,FFree,FFree,FFree,FFree,FFree,FFree,FFree,FFree,FFree,FFree,FFree,FFree,FFree,AArea,AArea,AArea,AArea,AArea,AArea,,,,,,,,,,,,,,,,,,,,,,,,,,,,,,,,,,,,,,,,,,,,,,,,,,,,,,,
HIST 522,FFree,,,,,,,,,,,,,,,,,,,,,,,,,,,,,,,,,,,,,,,,,,,,,,,,,,,,,,,,,,,,,,,,,,,,,,,,,,,,,,,,,
HUM 371,,,,,,,,,,,,,,,,,,,,,,AArea,AArea,AArea,AArea,AArea,AArea,,,,,,,,,,,,,,,,,,,,,,,,,,,,,,,,,,,,,,,,,,,,,,,,,,,,,,,