"Leaders for Industry Computer Science and Engineering - Non Thesis","199901","199902","199903","200001","200002","200003","200101","200102","200103","200201","200202","200203","200301","200302","200303","200401","200402","200403","200501","200502","200503","200601","200602","200603","200701","200702","200703","200801","200802","200803","200901","200902","200903","201001","201002","201003","201101","201102","201103","201201","201202","201203","201301","201302","201303","201401","201402","201403","201501","201502","201503","201601","201602","201603","201701","201702","201703","201801","201802","201803","201901","201902","201903","202001","202002","202003","202101","202102","202103","202201","202202","202203","202301","202302","202303","202401","202402","202403","202501","202502","202503","202601"
Requirement:credits,60,60,60,60,60,60,60,60,60,60,60,60,60,60,60,60,60,60,60,60,60,60,60,60,60,60,60,60,60,60,60,60,60,60,60,60,60,60,60,60,60,60,60,60,60,60,60,60,60,60,60,60,60,60,60,60,60,60,60,60,60,60,60,60,60,60,60,60,60,60,60,60,60,60,60,60,60,60,60,60,60,60
Requirement:courses,22,22,22,22,22,22,22,22,22,22,22,22,22,22,22,22,22,22,22,22,22,22,22,22,22,22,22,22,22,22,22,22,22,22,22,22,22,22,22,22,22,22,22,22,22,22,22,22,22,22,22,22,22,22,22,22,22,22,22,22,22,22,22,22,22,22,22,22,22,22,22,22,22,22,22,22,22,22,22,22,22,22
MGMT 599,PM,PM,PM,PM,PM,PM,PM,PM,PM,PM,PM,PM,PM,PM,PM,PM,PM,PM,PM,PM,PM,PM,PM,PM,PM,PM,PM,PM,PM,PM,PM,PM,PM,PM,PM,PM,PM,PM,PM,PM,PM,PM,PM,PM,PM,PM,PM,PM,PM,PM,PM,PM,PM,PM,PM,PM,PM,PM,PM,PM,PM,PM,PM,PM,PM,PM,PM,PM,PM,PM,PM,PM,PM,PM,PM,PM,PM,PM,PM,PM,PM,PM
CS 592,PE,PE,PE,PE,PE,PE,PE,PE,PE,PE,PE,PE,PE,PE,PE,PE,PE,PE,PE,PE,PE,PE,PE,PE,PE,PE,PE,PE,PE,PE,PE,PE,PE,PE,PE,PE,PE,PE,PE,PE,PE,PE,PE,PE,PE,PE,PE,PE,PE,PE,PE,PE,PE,PE,PE,PE,PE,,,,,,,,,,,,,,,,,,,,,,,,,
ACC 551,RM,RM,RM,RM,RM,RM,RM,RM,RM,RM,RM,RM,RM,RM,RM,RM,RM,RM,RM,RM,RM,RM,RM,RM,RM,RM,RM,RM,RM,RM,RM,RM,RM,RM,RM,RM,RM,RM,RM,RM,RM,RM,RM,RM,RM,RM,RM,RM,RM,RM,RM,RM,RM,RM,RM,RM,RM,,,,,,,,,,,,,,,,,,,,,,,,,
FIN 552,RM,RM,RM,RM,RM,RM,RM,RM,RM,RM,RM,RM,RM,RM,RM,RM,RM,RM,RM,RM,RM,RM,RM,RM,RM,RM,RM,RM,RM,RM,RM,RM,RM,RM,RM,RM,RM,RM,RM,RM,RM,RM,RM,RM,RM,RM,RM,RM,RM,RM,RM,RM,RM,RM,RM,RM,RM,,,,,,,,,,,,,,,,,,,,,,,,,
MGMT 550,RM,RM,RM,RM,RM,RM,RM,RM,RM,RM,RM,RM,RM,RM,RM,RM,RM,RM,CM,CM,CM,CM,CM,CM,CM,CM,CM,CM,CM,CM,CM,CM,CM,CM,CM,CM,CM,CM,CM,CM,CM,CM,CM,CM,CM,CM,CM,CM,CM,CM,CM,CM,CM,CM,CM,CM,CM,CM,CM,CM,CM,CM,CM,CM,CM,CM,CM,,,,,,,,,,,,,,,
MGMT 551,RM,RM,RM,RM,RM,RM,RM,RM,RM,RM,RM,RM,RM,RM,RM,RM,RM,RM,CM,CM,CM,CM,CM,CM,CM,CM,CM,CM,CM,CM,CM,CM,CM,CM,CM,CM,CM,CM,CM,CM,CM,CM,CM,CM,CM,CM,CM,CM,CM,CM,CM,CM,CM,CM,CM,CM,CM,CM,CM,CM,CM,CM,CM,CM,CM,CM,CM,CM,CM,CM,CM,CM,CM,CM,CM,CM,CM,CM,CM,CM,CM,CM
MGMT 580,RM,RM,RM,RM,RM,RM,RM,RM,RM,RM,RM,RM,RM,RM,RM,RM,RM,RM,CM,CM,CM,CM,CM,CM,CM,CM,CM,CM,CM,CM,CM,CM,CM,CM,CM,CM,CM,CM,CM,CM,CM,CM,CM,CM,CM,CM,CM,CM,CM,CM,CM,CM,CM,CM,CM,CM,CM,CM,CM,CM,CM,CM,CM,CM,CM,CM,CM,CM,CM,CM,CM,CM,CM,CM,CM,CM,CM,CM,CM,CM,CM,CM
MGMT 581,RM,RM,RM,RM,RM,RM,RM,RM,RM,RM,RM,RM,RM,RM,RM,RM,RM,RM,CM,CM,CM,CM,CM,CM,CM,CM,CM,CM,CM,CM,CM,CM,CM,CM,CM,CM,CM,CM,CM,CM,CM,CM,CM,CM,CM,CM,CM,CM,CM,CM,CM,CM,CM,CM,CM,CM,CM,CM,CM,CM,CM,CM,CM,CM,CM,CM,CM,CM,CM,CM,CM,CM,CM,CM,CM,CM,CM,CM,CM,CM,CM,CM
MKTG 551,RM,RM,RM,RM,RM,RM,RM,RM,RM,RM,RM,RM,RM,RM,RM,RM,RM,RM,RM,RM,RM,RM,RM,RM,RM,RM,RM,RM,RM,RM,RM,RM,RM,RM,RM,RM,RM,RM,RM,RM,RM,RM,RM,RM,RM,RM,RM,RM,RM,RM,RM,RM,RM,RM,RM,RM,RM,,,,,,,,,,,,,,,,,,,,,,,,,
OPIM 551,RM,RM,RM,RM,RM,RM,RM,RM,RM,RM,RM,RM,RM,RM,RM,RM,RM,RM,RM,RM,RM,RM,RM,RM,RM,RM,RM,RM,RM,RM,RM,RM,RM,RM,RM,RM,RM,RM,RM,RM,RM,RM,RM,RM,RM,RM,RM,RM,RM,RM,RM,RM,RM,RM,RM,RM,RM,,,,,,,,,,,,,,,,,,,,,,,,,
ORG 551,RM,RM,RM,RM,RM,RM,RM,RM,RM,RM,RM,RM,RM,RM,RM,RM,RM,RM,RM,RM,RM,RM,RM,RM,RM,RM,RM,RM,RM,RM,RM,RM,RM,RM,RM,RM,RM,RM,RM,RM,RM,RM,RM,RM,RM,RM,RM,RM,RM,RM,RM,RM,RM,RM,RM,RM,RM,,,,,,,,,,,,,,,,,,,,,,,,,
ORG 552,RM,RM,RM,RM,RM,RM,RM,RM,RM,RM,RM,RM,RM,RM,RM,RM,RM,RM,RM,RM,RM,RM,RM,RM,RM,RM,RM,RM,RM,RM,RM,RM,RM,RM,RM,RM,RM,RM,RM,RM,RM,RM,RM,RM,RM,RM,RM,RM,RM,RM,RM,RM,RM,RM,RM,RM,RM,,,,,,,,,,,,,,,,,,,,,,,,,
ENS 502,RE,RE,RE,RE,RE,RE,RE,RE,RE,RE,RE,RE,RE,RE,RE,RE,RE,RE,RE,RE,RE,RE,RE,RE,RE,RE,RE,RE,RE,RE,RE,RE,RE,RE,RE,RE,,,,,,,,,,,,,,,,,,,,,,,,,,,,,,,,,,,,,,,,,,,,,,
ENS 511,RE,RE,RE,RE,RE,RE,RE,RE,RE,RE,RE,RE,RE,RE,RE,RE,RE,RE,RE,RE,RE,RE,RE,RE,RE,RE,RE,RE,RE,RE,RE,RE,RE,RE,RE,RE,RE,RE,RE,RE,RE,RE,RE,RE,RE,RE,RE,RE,RE,RE,RE,RE,RE,RE,RE,RE,RE,RE,RE,RE,RE,RE,RE,RE,RE,RE,RE,RE,RE,RE,RE,RE,RE,RE,RE,RE,RE,RE,RE,RE,RE,RE
CS 500,CE,CE,CE,CE,CE,CE,CE,CE,CE,CE,CE,CE,CE,CE,CE,CE,CE,CE,CE,CE,CE,CE,CE,CE,CE,CE,CE,CE,CE,CE,CE,CE,CE,CE,CE,CE,CE,CE,CE,CE,CE,CE,CE,CE,CE,CE,CE,CE,CE,CE,CE,CE,CE,CE,CE,CE,CE,CE,CE,CE,CE,CE,CE,CE,CE,CE,CE,CE,CE,CE,CE,CE,CE,CE,CE,CE,CE,CE,CE,CE,CE,CE
CS 501,CE,CE,CE,CE,CE,CE,CE,CE,CE,CE,CE,CE,CE,CE,CE,CE,CE,CE,CE,CE,CE,CE,CE,CE,CE,CE,CE,CE,CE,CE,CE,CE,CE,CE,CE,CE,CE,CE,CE,CE,CE,CE,CE,CE,CE,CE,CE,CE,CE,CE,CE,CE,CE,CE,CE,CE,CE,CE,CE,CE,CE,CE,CE,CE,CE,CE,CE,CE,CE,CE,,,,,,,,,,,,
CS 502,CE,CE,CE,CE,CE,CE,CE,CE,CE,CE,CE,CE,CE,CE,CE,CE,CE,CE,CE,CE,CE,CE,CE,CE,CE,CE,CE,CE,CE,CE,CE,CE,CE,CE,CE,CE,CE,CE,CE,CE,CE,CE,CE,CE,CE,CE,CE,CE,CE,CE,CE,CE,CE,CE,CE,CE,CE,CE,CE,CE,CE,CE,CE,CE,,,,,,,,,,,,,,,,,,
CS 503,CE,CE,CE,CE,CE,CE,CE,CE,CE,CE,CE,CE,CE,CE,CE,CE,CE,CE,CE,CE,CE,CE,CE,CE,CE,CE,CE,CE,CE,CE,CE,CE,CE,CE,CE,CE,CE,CE,CE,CE,CE,CE,CE,CE,CE,CE,CE,CE,CE,CE,CE,CE,CE,CE,CE,CE,CE,CE,CE,CE,CE,CE,CE,CE,CE,CE,CE,CE,CE,CE,CE,CE,CE,CE,CE,CE,CE,CE,CE,CE,CE,CE
CS 504,CE,CE,CE,CE,CE,CE,CE,CE,CE,CE,CE,CE,CE,CE,CE,CE,CE,CE,CE,CE,CE,CE,CE,CE,CE,CE,CE,CE,CE,CE,CE,CE,CE,CE,CE,CE,CE,CE,CE,CE,CE,CE,CE,CE,CE,CE,CE,CE,CE,CE,CE,CE,CE,CE,CE,CE,CE,CE,CE,CE,CE,CE,CE,CE,CE,CE,CE,CE,CE,CE,CE,CE,CE,CE,CE,CE,CE,CE,CE,CE,CE,CE
CS 505,CE,CE,CE,CE,CE,CE,CE,CE,CE,CE,CE,CE,CE,CE,CE,CE,CE,CE,CE,CE,CE,CE,CE,CE,CE,CE,CE,CE,CE,CE,CE,CE,CE,CE,CE,CE,CE,CE,CE,CE,CE,CE,CE,CE,CE,CE,CE,CE,CE,CE,CE,CE,CE,CE,CE,CE,CE,CE,CE,CE,CE,CE,CE,CE,,,,,,,,,,,,,,,,,,
CS 506,CE,CE,CE,CE,CE,CE,CE,CE,CE,CE,CE,CE,CE,CE,CE,CE,CE,CE,CE,CE,CE,CE,CE,CE,CE,CE,CE,CE,CE,CE,CE,CE,CE,CE,CE,CE,CE,CE,CE,CE,CE,CE,CE,CE,CE,CE,CE,CE,CE,CE,CE,CE,,,,,,,,,,,,,,,,,,,,,,,,,,,,,,
CS 507,CE,CE,CE,CE,CE,CE,CE,CE,CE,CE,CE,CE,CE,CE,CE,CE,CE,CE,CE,CE,CE,CE,CE,CE,CE,CE,CE,CE,CE,CE,CE,CE,CE,CE,CE,CE,CE,CE,CE,CE,CE,CE,CE,CE,CE,CE,CE,CE,CE,CE,CE,CE,CE,CE,CE,CE,CE,CE,CE,CE,CE,CE,CE,CE,CE,CE,CE,CE,CE,CE,CE,CE,CE,CE,CE,CE,CE,CE,CE,CE,CE,CE
CS 508,CE,CE,CE,CE,CE,CE,CE,CE,CE,CE,CE,CE,CE,CE,CE,CE,CE,CE,CE,CE,CE,CE,CE,CE,CE,CE,CE,CE,CE,CE,CE,CE,CE,CE,CE,CE,CE,CE,CE,CE,CE,CE,CE,CE,CE,CE,CE,CE,CE,CE,CE,CE,CE,CE,CE,CE,CE,CE,CE,CE,CE,CE,CE,CE,CE,CE,CE,CE,CE,CE,,,,,,,,,,,,
CS 510,CE,CE,CE,CE,CE,CE,CE,CE,CE,CE,CE,CE,CE,CE,CE,CE,CE,CE,CE,CE,CE,CE,CE,CE,CE,CE,CE,CE,CE,CE,CE,CE,CE,CE,CE,CE,CE,CE,CE,CE,CE,CE,CE,CE,CE,CE,CE,CE,CE,CE,CE,CE,CE,CE,CE,CE,CE,CE,CE,CE,CE,CE,CE,CE,CE,CE,CE,CE,CE,CE,CE,CE,CE,CE,CE,CE,CE,CE,CE,CE,CE,CE
CS 512,CE,CE,CE,CE,CE,CE,CE,CE,CE,CE,CE,CE,CE,CE,CE,CE,CE,CE,CE,CE,CE,CE,CE,CE,CE,CE,CE,CE,CE,CE,CE,CE,CE,CE,CE,CE,CE,CE,CE,CE,CE,CE,CE,CE,CE,CE,CE,CE,CE,CE,CE,CE,CE,CE,CE,CE,CE,CE,CE,CE,CE,CE,CE,CE,CE,CE,CE,CE,CE,CE,CE,CE,CE,CE,CE,CE,CE,CE,CE,CE,CE,CE
CS 513,CE,CE,CE,CE,CE,CE,CE,CE,CE,CE,CE,CE,CE,CE,CE,CE,CE,CE,CE,CE,CE,CE,CE,CE,CE,CE,CE,CE,CE,CE,,,,,,,,,,,,,,,,,,,,,,,,,,,,,,,,,,,,,,,,,,,,,,,,,,,,
CS 514,CE,CE,CE,CE,CE,CE,CE,CE,CE,CE,CE,CE,CE,CE,CE,CE,CE,CE,CE,CE,CE,CE,CE,CE,CE,CE,CE,CE,CE,CE,CE,CE,CE,CE,CE,CE,CE,CE,CE,CE,CE,CE,CE,CE,CE,CE,CE,CE,CE,CE,CE,CE,CE,CE,CE,CE,CE,CE,CE,CE,CE,CE,CE,CE,CE,CE,CE,CE,CE,CE,CE,CE,CE,CE,CE,CE,CE,CE,CE,CE,CE,CE
CS 515,CE,CE,CE,CE,CE,CE,CE,CE,CE,CE,CE,CE,CE,CE,CE,CE,CE,CE,CE,CE,CE,CE,CE,CE,CE,CE,CE,CE,CE,CE,CE,CE,CE,CE,CE,CE,CE,CE,CE,CE,CE,CE,CE,CE,CE,CE,CE,CE,CE,CE,CE,CE,CE,CE,CE,CE,CE,CE,CE,CE,CE,CE,CE,CE,CE,CE,CE,CE,CE,CE,CE,CE,CE,CE,CE,CE,CE,CE,CE,CE,CE,CE
CS 516,CE,CE,CE,CE,CE,CE,CE,CE,CE,CE,CE,CE,CE,CE,CE,CE,CE,CE,CE,CE,CE,CE,CE,CE,CE,CE,CE,CE,CE,CE,CE,CE,CE,CE,CE,CE,CE,CE,CE,CE,CE,CE,CE,CE,CE,CE,CE,CE,CE,CE,CE,CE,CE,CE,CE,CE,CE,CE,CE,CE,CE,,,,,,,,,,,,,,,,,,,,,
CS 517,CE,CE,CE,CE,CE,CE,CE,CE,CE,CE,CE,CE,CE,CE,CE,CE,CE,CE,CE,CE,CE,CE,CE,CE,CE,CE,CE,CE,CE,CE,CE,CE,CE,CE,CE,CE,CE,CE,CE,CE,CE,CE,CE,CE,CE,CE,CE,CE,CE,CE,CE,CE,CE,CE,CE,CE,CE,CE,CE,CE,CE,CE,CE,CE,CE,CE,CE,CE,CE,CE,CE,CE,CE,CE,CE,CE,CE,CE,CE,CE,CE,CE
CS 518,CE,CE,CE,CE,CE,CE,CE,CE,CE,CE,CE,CE,CE,CE,CE,CE,CE,CE,CE,CE,CE,CE,CE,CE,CE,CE,CE,CE,CE,CE,CE,CE,CE,CE,CE,CE,CE,CE,CE,CE,CE,CE,CE,CE,CE,CE,CE,CE,CE,CE,CE,CE,CE,CE,CE,CE,CE,CE,CE,CE,CE,CE,CE,CE,CE,CE,CE,CE,CE,CE,,,,,,,,,,,,
CS 522,CE,CE,CE,CE,CE,CE,CE,CE,CE,CE,CE,CE,CE,CE,CE,CE,CE,CE,CE,CE,CE,CE,CE,CE,CE,CE,CE,CE,CE,CE,CE,CE,CE,CE,CE,CE,CE,CE,CE,CE,CE,CE,CE,CE,CE,CE,CE,CE,CE,CE,CE,CE,CE,CE,CE,CE,CE,CE,CE,CE,CE,CE,CE,CE,CE,CE,CE,CE,CE,CE,,,,,,,,,,,,
CS 523,CE,CE,CE,CE,CE,CE,CE,CE,CE,CE,CE,CE,CE,CE,CE,CE,CE,CE,CE,CE,CE,CE,CE,CE,CE,CE,CE,CE,CE,CE,CE,CE,CE,CE,CE,CE,CE,CE,CE,CE,CE,CE,CE,CE,CE,CE,CE,CE,CE,CE,CE,CE,CE,CE,CE,CE,CE,CE,CE,CE,CE,CE,CE,CE,CE,CE,CE,CE,CE,CE,,,,,,,,,,,,
CS 525,CE,CE,CE,CE,CE,CE,CE,CE,CE,CE,CE,CE,CE,CE,CE,CE,CE,CE,CE,CE,CE,CE,CE,CE,CE,CE,CE,CE,CE,CE,CE,CE,CE,CE,CE,CE,CE,CE,CE,CE,CE,CE,CE,CE,CE,CE,CE,CE,CE,CE,CE,CE,CE,CE,CE,CE,CE,CE,CE,CE,CE,CE,CE,CE,CE,CE,CE,CE,CE,CE,CE,CE,CE,CE,CE,CE,CE,CE,CE,CE,CE,CE
CS 526,CE,CE,CE,CE,CE,CE,CE,CE,CE,CE,CE,CE,CE,CE,CE,CE,CE,CE,CE,CE,CE,CE,CE,CE,CE,CE,CE,CE,CE,CE,CE,CE,CE,CE,CE,CE,CE,CE,CE,CE,CE,CE,CE,CE,CE,CE,CE,CE,CE,CE,CE,CE,CE,CE,CE,CE,CE,CE,CE,CE,CE,CE,CE,CE,CE,CE,CE,CE,CE,CE,,,,,,,,,,,,
CS 528,CE,CE,CE,CE,CE,CE,CE,CE,CE,CE,CE,CE,CE,CE,CE,CE,CE,CE,CE,CE,CE,CE,CE,CE,CE,CE,CE,CE,CE,CE,CE,CE,CE,CE,CE,CE,CE,CE,CE,CE,CE,CE,CE,CE,CE,CE,CE,CE,CE,CE,CE,CE,CE,CE,CE,CE,CE,CE,CE,CE,CE,CE,CE,CE,CE,CE,CE,CE,CE,CE,CE,CE,CE,CE,CE,CE,CE,CE,CE,CE,CE,CE
CS 531,CE,CE,CE,CE,CE,CE,CE,CE,CE,CE,CE,CE,CE,CE,CE,CE,CE,CE,CE,CE,CE,CE,CE,CE,CE,CE,CE,CE,CE,CE,CE,CE,CE,CE,CE,CE,CE,CE,CE,CE,CE,CE,CE,CE,CE,CE,CE,CE,CE,CE,CE,CE,CE,CE,CE,CE,CE,CE,CE,CE,CE,CE,CE,CE,CE,CE,CE,CE,CE,CE,CE,CE,CE,CE,CE,CE,CE,CE,CE,CE,CE,CE
CS 532,CE,CE,CE,CE,CE,CE,CE,CE,CE,CE,CE,CE,CE,CE,CE,CE,CE,CE,CE,CE,CE,CE,CE,CE,CE,CE,CE,CE,CE,CE,CE,CE,CE,CE,CE,CE,CE,CE,CE,CE,CE,CE,CE,CE,CE,CE,CE,CE,CE,CE,CE,CE,CE,CE,CE,CE,CE,CE,CE,CE,CE,CE,CE,CE,CE,CE,CE,CE,CE,CE,CE,CE,CE,CE,CE,CE,CE,CE,CE,CE,CE,CE
CS 533,CE,CE,CE,CE,CE,CE,CE,CE,CE,CE,CE,CE,CE,CE,CE,CE,CE,CE,CE,CE,CE,CE,CE,CE,CE,CE,CE,CE,CE,CE,CE,CE,CE,CE,CE,CE,CE,CE,CE,CE,CE,CE,CE,CE,CE,CE,CE,CE,CE,CE,CE,CE,CE,CE,CE,CE,CE,CE,CE,CE,CE,CE,CE,CE,CE,CE,CE,CE,CE,CE,,,,,,,,,,,,
CS 534,CE,CE,CE,CE,CE,CE,CE,CE,CE,CE,CE,CE,CE,CE,CE,CE,CE,CE,CE,CE,CE,CE,CE,CE,CE,CE,CE,CE,CE,CE,CE,CE,CE,CE,CE,CE,CE,CE,CE,CE,CE,CE,CE,CE,CE,CE,CE,CE,CE,CE,CE,CE,CE,CE,CE,CE,CE,CE,CE,CE,CE,CE,CE,CE,CE,CE,CE,CE,CE,CE,CE,CE,CE,CE,CE,CE,CE,CE,CE,CE,CE,CE
CS 535,CE,CE,CE,CE,CE,CE,CE,CE,CE,CE,CE,CE,CE,CE,CE,CE,CE,CE,CE,CE,CE,CE,CE,CE,CE,CE,CE,CE,CE,CE,CE,CE,CE,CE,CE,CE,CE,CE,CE,CE,CE,CE,CE,CE,CE,CE,CE,CE,CE,CE,CE,CE,CE,CE,CE,CE,CE,CE,CE,CE,CE,CE,CE,CE,CE,CE,CE,CE,CE,CE,CE,CE,CE,CE,CE,CE,CE,CE,CE,CE,CE,CE
CS 538,CE,CE,CE,CE,CE,CE,CE,CE,CE,CE,CE,CE,CE,CE,CE,CE,CE,CE,CE,CE,CE,CE,CE,CE,CE,CE,CE,CE,CE,CE,CE,CE,CE,CE,CE,CE,CE,CE,CE,CE,CE,CE,CE,CE,CE,CE,CE,CE,CE,CE,CE,CE,CE,CE,CE,CE,CE,CE,CE,CE,CE,CE,CE,CE,CE,CE,CE,CE,CE,CE,,,,,,,,,,,,
CS 539,CE,CE,CE,CE,CE,CE,CE,CE,CE,CE,CE,CE,CE,CE,CE,CE,CE,CE,CE,CE,CE,CE,CE,CE,CE,CE,CE,CE,CE,CE,CE,CE,CE,CE,CE,CE,CE,CE,CE,CE,CE,CE,CE,CE,CE,CE,CE,CE,CE,CE,CE,CE,CE,CE,CE,CE,CE,CE,CE,CE,CE,CE,CE,CE,CE,CE,,,,,,,,,,,,,,,,
CS 540,CE,CE,CE,CE,CE,CE,CE,CE,CE,CE,CE,CE,CE,CE,CE,CE,CE,CE,CE,CE,CE,CE,CE,CE,CE,CE,CE,CE,CE,CE,CE,CE,CE,CE,CE,CE,CE,CE,CE,CE,CE,CE,CE,CE,CE,CE,CE,CE,CE,CE,CE,CE,CE,CE,CE,CE,CE,CE,CE,CE,CE,CE,CE,CE,CE,CE,CE,CE,CE,CE,CE,CE,CE,CE,CE,CE,CE,CE,CE,CE,CE,CE
CS 541,CE,CE,CE,CE,CE,CE,CE,CE,CE,CE,CE,CE,CE,CE,CE,CE,CE,CE,CE,CE,CE,CE,CE,CE,CE,CE,CE,CE,CE,CE,CE,CE,CE,CE,CE,CE,CE,CE,CE,CE,CE,CE,CE,CE,CE,CE,CE,CE,CE,CE,CE,CE,CE,CE,CE,CE,CE,CE,CE,CE,CE,CE,CE,CE,CE,CE,CE,CE,CE,CE,,,,,,,,,,,,
CS 542,CE,CE,CE,CE,CE,CE,CE,CE,CE,CE,CE,CE,CE,CE,CE,CE,CE,CE,CE,CE,CE,CE,CE,CE,CE,CE,CE,CE,CE,CE,CE,CE,CE,CE,CE,CE,CE,CE,CE,CE,CE,CE,CE,CE,CE,CE,CE,CE,CE,CE,CE,CE,CE,CE,CE,CE,CE,CE,CE,CE,CE,CE,CE,CE,CE,CE,CE,CE,CE,CE,CE,CE,CE,CE,CE,CE,CE,CE,CE,CE,CE,CE
CS 543,CE,CE,CE,CE,CE,CE,CE,CE,CE,CE,CE,CE,CE,CE,CE,CE,CE,CE,CE,CE,CE,CE,CE,CE,CE,CE,CE,CE,CE,CE,CE,CE,CE,CE,CE,CE,CE,CE,CE,CE,CE,CE,CE,CE,CE,CE,CE,CE,CE,CE,CE,CE,CE,CE,CE,CE,CE,CE,CE,CE,CE,CE,CE,CE,CE,CE,CE,CE,CE,CE,CE,CE,CE,CE,CE,CE,CE,CE,CE,CE,CE,CE
CS 545,CE,CE,CE,CE,CE,CE,CE,CE,CE,CE,CE,CE,CE,CE,CE,CE,CE,CE,CE,CE,CE,CE,CE,CE,CE,CE,CE,CE,CE,CE,CE,CE,CE,CE,CE,CE,CE,CE,CE,CE,CE,CE,CE,CE,CE,CE,CE,CE,CE,CE,CE,CE,CE,CE,CE,CE,CE,CE,CE,CE,CE,CE,CE,CE,CE,CE,CE,CE,CE,,,,,,,,,,,,,
CS 546,CE,CE,CE,CE,CE,CE,CE,CE,CE,CE,CE,CE,CE,CE,CE,CE,CE,CE,CE,CE,CE,CE,CE,CE,CE,CE,CE,CE,CE,CE,CE,CE,CE,CE,CE,CE,CE,CE,CE,CE,CE,CE,CE,CE,CE,CE,CE,CE,CE,CE,CE,CE,CE,CE,CE,CE,CE,CE,CE,CE,CE,CE,CE,CE,CE,CE,CE,,,,,,,,,,,,,,,
CS 547,CE,CE,CE,CE,CE,CE,CE,CE,CE,CE,CE,CE,CE,CE,CE,CE,CE,CE,CE,CE,CE,CE,CE,CE,CE,CE,CE,CE,CE,CE,CE,CE,CE,CE,CE,CE,CE,CE,CE,CE,CE,CE,CE,CE,CE,CE,CE,CE,CE,CE,CE,CE,CE,CE,CE,CE,CE,CE,CE,CE,CE,CE,CE,CE,CE,CE,CE,CE,CE,CE,CE,CE,CE,CE,CE,CE,CE,CE,CE,CE,CE,CE
CS 549,CE,CE,CE,CE,CE,CE,CE,CE,CE,CE,CE,CE,CE,CE,CE,CE,CE,CE,CE,CE,CE,CE,CE,CE,CE,CE,CE,CE,CE,CE,CE,CE,CE,CE,CE,CE,CE,CE,CE,CE,CE,CE,CE,CE,CE,CE,CE,CE,CE,CE,CE,CE,CE,CE,CE,CE,CE,CE,CE,CE,CE,CE,CE,CE,CE,CE,CE,CE,CE,CE,CE,CE,CE,CE,CE,CE,CE,CE,CE,CE,CE,CE
CS 555,CE,CE,CE,CE,CE,CE,CE,CE,CE,CE,CE,CE,CE,CE,CE,CE,CE,CE,CE,CE,CE,CE,CE,CE,CE,CE,CE,CE,CE,CE,CE,CE,CE,CE,CE,CE,CE,CE,CE,CE,CE,CE,CE,CE,CE,CE,CE,CE,CE,CE,CE,CE,CE,CE,CE,CE,CE,CE,CE,CE,CE,CE,CE,CE,CE,CE,CE,CE,CE,CE,CE,CE,CE,CE,CE,CE,CE,CE,CE,CE,CE,CE
CS 560,CE,CE,CE,CE,CE,CE,CE,CE,CE,CE,CE,CE,CE,CE,CE,CE,CE,CE,CE,CE,CE,CE,CE,CE,CE,CE,CE,CE,CE,CE,CE,CE,CE,CE,CE,CE,CE,CE,CE,CE,CE,CE,CE,CE,CE,CE,CE,CE,CE,CE,CE,CE,CE,CE,CE,CE,CE,CE,CE,CE,CE,CE,CE,CE,CE,CE,CE,CE,CE,CE,CE,CE,CE,CE,CE,CE,CE,CE,CE,CE,CE,CE
CS 580,CE,CE,CE,CE,CE,CE,CE,CE,CE,CE,CE,CE,CE,CE,CE,CE,CE,CE,CE,CE,CE,CE,CE,CE,CE,CE,CE,CE,CE,CE,CE,CE,CE,CE,CE,CE,CE,CE,CE,CE,CE,CE,CE,CE,CE,CE,CE,CE,CE,CE,CE,,,,,,,,,,,,,,,,,,,,,,,,,,,,,,,
CS 58000,CE,CE,CE,CE,CE,CE,CE,CE,CE,CE,CE,CE,CE,CE,CE,CE,CE,CE,CE,CE,CE,CE,CE,CE,CE,CE,CE,CE,CE,CE,CE,CE,CE,CE,CE,CE,CE,CE,CE,CE,CE,CE,CE,CE,CE,CE,CE,CE,CE,CE,CE,CE,CE,CE,CE,CE,CE,CE,CE,CE,CE,CE,CE,CE,CE,CE,CE,CE,CE,CE,CE,CE,CE,CE,CE,CE,CE,CE,CE,CE,CE,CE
CS 58001,CE,CE,CE,CE,CE,CE,CE,CE,CE,CE,CE,CE,CE,CE,CE,CE,CE,CE,CE,CE,CE,CE,CE,CE,CE,CE,CE,CE,CE,CE,CE,CE,CE,CE,CE,CE,CE,CE,CE,CE,CE,CE,CE,CE,CE,CE,CE,CE,CE,CE,CE,CE,CE,CE,CE,CE,CE,CE,CE,CE,CE,CE,CE,CE,CE,CE,CE,CE,CE,CE,,,,,,,,,,,,
CS 58002,CE,CE,CE,CE,CE,CE,CE,CE,CE,CE,CE,CE,CE,CE,CE,CE,CE,CE,CE,CE,CE,CE,CE,CE,CE,CE,CE,CE,CE,CE,CE,CE,CE,CE,CE,CE,CE,CE,CE,CE,CE,CE,CE,CE,CE,CE,CE,CE,CE,CE,CE,CE,CE,CE,CE,CE,CE,CE,CE,CE,CE,CE,CE,CE,CE,CE,CE,CE,CE,CE,,,,,,,,,,,,
CS 58003,CE,CE,CE,CE,CE,CE,CE,CE,CE,CE,CE,CE,CE,CE,CE,CE,CE,CE,CE,CE,CE,CE,CE,CE,CE,CE,CE,CE,CE,CE,CE,CE,CE,CE,CE,CE,CE,CE,CE,CE,CE,CE,CE,CE,CE,CE,CE,CE,CE,CE,CE,CE,CE,CE,CE,CE,CE,CE,CE,CE,CE,CE,CE,CE,CE,CE,CE,CE,CE,CE,,,,,,,,,,,,
CS 58004,CE,CE,CE,CE,CE,CE,CE,CE,CE,CE,CE,CE,CE,CE,CE,CE,CE,CE,CE,CE,CE,CE,CE,CE,CE,CE,CE,CE,CE,CE,CE,CE,CE,CE,CE,CE,CE,CE,CE,CE,CE,CE,CE,CE,CE,CE,CE,CE,CE,CE,CE,CE,CE,CE,CE,CE,CE,CE,CE,CE,CE,CE,CE,CE,CE,CE,,,,,,,,,,,,,,,,
CS 58005,CE,CE,CE,CE,CE,CE,CE,CE,CE,CE,CE,CE,CE,CE,CE,CE,CE,CE,CE,CE,CE,CE,CE,CE,CE,CE,CE,CE,CE,CE,CE,CE,CE,CE,CE,CE,CE,CE,CE,CE,CE,CE,CE,CE,CE,CE,CE,CE,CE,CE,CE,CE,CE,CE,CE,CE,CE,CE,CE,CE,CE,CE,CE,CE,CE,CE,CE,CE,CE,CE,,,,,,,,,,,,
CS 58007,CE,CE,CE,CE,CE,CE,CE,CE,CE,CE,CE,CE,CE,CE,CE,CE,CE,CE,CE,CE,CE,CE,CE,CE,CE,CE,CE,CE,CE,CE,CE,CE,CE,CE,CE,CE,CE,CE,CE,CE,CE,CE,CE,CE,CE,CE,CE,CE,CE,CE,CE,CE,CE,CE,CE,CE,CE,CE,CE,CE,CE,CE,CE,CE,CE,CE,CE,CE,CE,CE,CE,CE,CE,CE,CE,CE,CE,CE,CE,,,
CS 58008,CE,CE,CE,CE,CE,CE,CE,CE,CE,CE,CE,CE,CE,CE,CE,CE,CE,CE,CE,CE,CE,CE,CE,CE,CE,CE,CE,CE,CE,CE,CE,CE,CE,CE,CE,CE,CE,CE,CE,CE,CE,CE,CE,CE,CE,CE,CE,CE,CE,CE,CE,CE,CE,CE,CE,CE,CE,CE,CE,CE,CE,CE,CE,CE,CE,CE,CE,CE,CE,CE,CE,CE,CE,CE,CE,CE,CE,CE,CE,CE,CE,CE
CS 58009,CE,CE,CE,CE,CE,CE,CE,CE,CE,CE,CE,CE,CE,CE,CE,CE,CE,CE,CE,CE,CE,CE,CE,CE,CE,CE,CE,CE,CE,CE,CE,CE,CE,CE,CE,CE,CE,CE,CE,CE,CE,CE,CE,CE,CE,CE,CE,CE,CE,CE,CE,CE,CE,CE,CE,CE,CE,CE,CE,CE,CE,CE,CE,CE,CE,CE,CE,CE,CE,CE,CE,CE,CE,CE,CE,CE,CE,CE,CE,CE,CE,CE
CS 58010,CE,CE,CE,CE,CE,CE,CE,CE,CE,CE,CE,CE,CE,CE,CE,CE,CE,CE,CE,CE,CE,CE,CE,CE,CE,CE,CE,CE,CE,CE,CE,CE,CE,CE,CE,CE,CE,CE,CE,CE,CE,CE,CE,CE,CE,CE,CE,CE,CE,CE,CE,CE,CE,CE,CE,CE,CE,CE,CE,CE,CE,CE,CE,CE,CE,CE,CE,CE,CE,CE,CE,CE,CE,CE,CE,CE,CE,CE,CE,CE,CE,CE
CS 58011,CE,CE,CE,CE,CE,CE,CE,CE,CE,CE,CE,CE,CE,CE,CE,CE,CE,CE,CE,CE,CE,CE,CE,CE,CE,CE,CE,CE,CE,CE,CE,CE,CE,CE,CE,CE,CE,CE,CE,CE,CE,CE,CE,CE,CE,CE,CE,CE,CE,CE,CE,CE,CE,CE,CE,CE,CE,CE,CE,CE,CE,CE,CE,CE,CE,CE,CE,CE,CE,CE,CE,CE,CE,CE,CE,CE,CE,CE,CE,CE,CE,CE
CS 58012,CE,CE,CE,CE,CE,CE,CE,CE,CE,CE,CE,CE,CE,CE,CE,CE,CE,CE,CE,CE,CE,CE,CE,CE,CE,CE,CE,CE,CE,CE,CE,CE,CE,CE,CE,CE,CE,CE,CE,CE,CE,CE,CE,CE,CE,CE,CE,CE,CE,CE,CE,CE,CE,CE,CE,CE,CE,CE,CE,CE,CE,CE,CE,CE,CE,CE,CE,CE,CE,CE,CE,CE,CE,CE,CE,CE,CE,CE,CE,CE,CE,CE
CS 581,CE,CE,CE,CE,CE,CE,CE,CE,CE,CE,CE,CE,CE,CE,CE,CE,CE,CE,CE,CE,CE,CE,CE,CE,CE,CE,CE,CE,CE,CE,CE,CE,CE,CE,CE,CE,CE,CE,CE,CE,CE,CE,CE,CE,CE,CE,CE,CE,CE,CE,CE,,,,,,,,,,,,,,,,,,,,,,,,,,,,,,,
CS 582,CE,CE,CE,CE,CE,CE,CE,CE,CE,CE,CE,CE,CE,CE,CE,CE,CE,CE,CE,CE,CE,CE,CE,CE,CE,CE,CE,CE,CE,CE,CE,CE,CE,CE,CE,CE,CE,CE,CE,CE,CE,CE,CE,CE,CE,CE,CE,CE,CE,CE,CE,,,,,,,,,,,,,,,,,,,,,,,,,,,,,,,
CS 601,CE,CE,CE,CE,CE,CE,CE,CE,CE,CE,CE,CE,CE,CE,CE,CE,CE,CE,CE,CE,CE,CE,CE,CE,CE,CE,CE,CE,CE,CE,CE,CE,CE,CE,CE,CE,CE,CE,CE,CE,CE,CE,CE,CE,CE,CE,CE,CE,CE,CE,CE,CE,CE,CE,CE,CE,CE,CE,CE,CE,CE,CE,CE,CE,CE,CE,CE,CE,CE,CE,,,,,,,,,,,,
CS 611,CE,CE,CE,CE,CE,CE,CE,CE,CE,CE,CE,CE,CE,CE,CE,CE,CE,CE,CE,CE,CE,CE,CE,CE,CE,CE,CE,CE,CE,CE,CE,CE,CE,CE,CE,CE,CE,CE,CE,CE,CE,CE,CE,CE,CE,CE,CE,CE,CE,CE,CE,CE,CE,CE,CE,CE,CE,CE,CE,CE,CE,CE,CE,CE,CE,CE,CE,CE,CE,CE,CE,CE,CE,CE,CE,CE,CE,CE,CE,CE,CE,CE
CS 680,CE,CE,CE,CE,CE,CE,CE,CE,CE,CE,CE,CE,CE,CE,CE,CE,CE,CE,CE,CE,CE,CE,CE,CE,CE,CE,CE,CE,CE,CE,CE,CE,CE,CE,CE,CE,CE,CE,CE,CE,CE,CE,CE,CE,CE,CE,CE,CE,CE,CE,CE,,,,,,,,,,,,,,,,,,,,,,,,,,,,,,,
CS 68000,CE,CE,CE,CE,CE,CE,CE,CE,CE,CE,CE,CE,CE,CE,CE,CE,CE,CE,CE,CE,CE,CE,CE,CE,CE,CE,CE,CE,CE,CE,CE,CE,CE,CE,CE,CE,CE,CE,CE,CE,CE,CE,CE,CE,CE,CE,CE,CE,CE,CE,CE,CE,CE,CE,CE,CE,CE,CE,CE,CE,CE,CE,CE,CE,CE,CE,CE,CE,CE,CE,,,,,,,,,,,,
CS 68001,CE,CE,CE,CE,CE,CE,CE,CE,CE,CE,CE,CE,CE,CE,CE,CE,CE,CE,CE,CE,CE,CE,CE,CE,CE,CE,CE,CE,CE,CE,CE,CE,CE,CE,CE,CE,CE,CE,CE,CE,CE,CE,CE,CE,CE,CE,CE,CE,CE,CE,CE,CE,CE,CE,CE,CE,CE,CE,CE,CE,CE,CE,CE,CE,CE,CE,CE,CE,CE,CE,,,,,,,,,,,,
CS 681,CE,CE,CE,CE,CE,CE,CE,CE,CE,CE,CE,CE,CE,CE,CE,CE,CE,CE,CE,CE,CE,CE,CE,CE,CE,CE,CE,CE,CE,CE,CE,CE,CE,CE,CE,CE,CE,CE,CE,CE,CE,CE,CE,CE,CE,CE,CE,CE,CE,CE,CE,,,,,,,,,,,,,,,,,,,,,,,,,,,,,,,
BIO 501,AE,AE,AE,AE,AE,AE,AE,AE,AE,AE,AE,AE,AE,AE,AE,AE,AE,AE,AE,AE,AE,AE,AE,AE,AE,AE,AE,AE,AE,AE,AE,AE,AE,AE,AE,AE,AE,AE,AE,AE,AE,AE,AE,AE,AE,AE,AE,AE,AE,AE,AE,AE,AE,AE,AE,AE,AE,AE,AE,AE,AE,AE,AE,AE,AE,AE,AE,,,,,,,,,,,,,,,
BIO 502,AE,AE,AE,AE,AE,AE,AE,AE,AE,AE,AE,AE,AE,AE,AE,AE,AE,AE,AE,AE,AE,AE,AE,AE,AE,AE,AE,AE,AE,AE,AE,AE,AE,AE,AE,AE,AE,AE,AE,AE,AE,AE,AE,AE,AE,AE,AE,AE,AE,AE,AE,AE,AE,AE,AE,AE,AE,AE,AE,AE,AE,AE,AE,AE,AE,AE,AE,AE,AE,AE,AE,AE,AE,AE,AE,AE,AE,AE,AE,AE,AE,AE
BIO 503,AE,AE,AE,AE,AE,AE,AE,AE,AE,AE,AE,AE,AE,AE,AE,AE,AE,AE,AE,AE,AE,AE,AE,AE,AE,AE,AE,AE,AE,AE,AE,AE,AE,AE,AE,AE,AE,AE,AE,AE,AE,AE,AE,AE,AE,AE,AE,AE,AE,AE,AE,AE,AE,AE,AE,AE,AE,AE,AE,AE,AE,AE,AE,AE,AE,AE,AE,AE,AE,AE,AE,AE,AE,AE,AE,AE,AE,AE,AE,AE,AE,AE
BIO 504,AE,AE,AE,AE,AE,AE,AE,AE,AE,AE,AE,AE,AE,AE,AE,AE,AE,AE,AE,AE,AE,AE,AE,AE,AE,AE,AE,AE,AE,AE,AE,AE,AE,AE,AE,AE,AE,AE,AE,AE,AE,AE,AE,AE,AE,AE,AE,AE,AE,AE,AE,AE,AE,AE,AE,AE,AE,AE,AE,AE,AE,AE,AE,AE,AE,AE,AE,AE,AE,AE,,,,,,,,,,,,
BIO 511,AE,AE,AE,AE,AE,AE,AE,AE,AE,AE,AE,AE,AE,AE,AE,AE,AE,AE,AE,AE,AE,AE,AE,AE,AE,AE,AE,AE,AE,AE,AE,AE,AE,AE,AE,AE,AE,AE,AE,AE,AE,AE,AE,AE,AE,AE,AE,AE,AE,AE,AE,AE,AE,AE,AE,AE,AE,AE,AE,AE,AE,AE,AE,AE,AE,AE,AE,AE,AE,AE,,,,,,,,,,,,
BIO 512,AE,AE,AE,AE,AE,AE,AE,AE,AE,AE,AE,AE,AE,AE,AE,AE,AE,AE,AE,AE,AE,AE,AE,AE,AE,AE,AE,AE,AE,AE,AE,AE,AE,AE,AE,AE,AE,AE,AE,AE,AE,AE,AE,AE,AE,AE,AE,AE,AE,AE,AE,AE,AE,AE,AE,AE,AE,AE,AE,AE,AE,AE,AE,AE,AE,AE,AE,AE,AE,AE,,,,,,,,,,,,
BIO 521,AE,AE,AE,AE,AE,AE,AE,AE,AE,AE,AE,AE,AE,AE,AE,AE,AE,AE,AE,AE,AE,AE,AE,AE,AE,AE,AE,AE,AE,AE,AE,AE,AE,AE,AE,AE,AE,AE,AE,AE,AE,AE,AE,AE,AE,AE,AE,AE,AE,AE,AE,AE,AE,AE,AE,AE,AE,AE,AE,AE,AE,AE,AE,AE,AE,AE,AE,AE,AE,AE,AE,AE,AE,AE,AE,AE,AE,AE,AE,AE,AE,AE
BIO 523,AE,AE,AE,AE,AE,AE,AE,AE,AE,AE,AE,AE,AE,AE,AE,AE,AE,AE,AE,AE,AE,AE,AE,AE,AE,AE,AE,AE,AE,AE,AE,AE,AE,AE,AE,AE,AE,AE,AE,AE,AE,AE,AE,AE,AE,AE,AE,AE,AE,AE,AE,AE,AE,AE,AE,AE,AE,AE,AE,AE,AE,AE,AE,AE,AE,AE,AE,AE,AE,AE,AE,AE,AE,AE,AE,AE,AE,AE,AE,AE,AE,AE
BIO 532,AE,AE,AE,AE,AE,AE,AE,AE,AE,AE,AE,AE,AE,AE,AE,AE,AE,AE,AE,AE,AE,AE,AE,AE,AE,AE,AE,AE,AE,AE,AE,AE,AE,AE,AE,AE,AE,AE,AE,AE,AE,AE,AE,AE,AE,AE,AE,AE,AE,AE,AE,AE,AE,AE,AE,AE,AE,AE,AE,AE,AE,AE,AE,AE,AE,AE,AE,AE,AE,AE,AE,AE,AE,AE,AE,AE,AE,AE,AE,AE,AE,AE
BIO 541,AE,AE,AE,AE,AE,AE,AE,AE,AE,AE,AE,AE,AE,AE,AE,AE,AE,AE,AE,AE,AE,AE,AE,AE,AE,AE,AE,AE,AE,AE,AE,AE,AE,AE,AE,AE,AE,AE,AE,AE,AE,AE,AE,AE,AE,AE,AE,AE,AE,AE,AE,AE,AE,AE,AE,AE,AE,AE,AE,AE,AE,AE,AE,AE,AE,AE,AE,AE,AE,AE,AE,AE,AE,AE,AE,AE,AE,AE,AE,AE,AE,AE
BIO 542,AE,AE,AE,AE,AE,AE,AE,AE,AE,AE,AE,AE,AE,AE,AE,AE,AE,AE,AE,AE,AE,AE,AE,AE,AE,AE,AE,AE,AE,AE,AE,AE,AE,AE,AE,AE,AE,AE,AE,AE,AE,AE,AE,AE,AE,AE,AE,AE,AE,AE,AE,AE,AE,AE,AE,AE,AE,AE,AE,AE,AE,AE,AE,AE,AE,AE,AE,AE,AE,AE,,,,,,,,,,,,
BIO 543,AE,AE,AE,AE,AE,AE,AE,AE,AE,AE,AE,AE,AE,AE,AE,AE,AE,AE,AE,AE,AE,AE,AE,AE,AE,AE,AE,AE,AE,AE,AE,AE,AE,AE,AE,AE,AE,AE,AE,AE,AE,AE,AE,AE,AE,AE,AE,AE,AE,AE,AE,AE,AE,AE,AE,AE,AE,AE,AE,AE,AE,AE,AE,AE,AE,AE,AE,AE,AE,AE,,,,,,,,,,,,
BIO 544,AE,AE,AE,AE,AE,AE,AE,AE,AE,AE,AE,AE,AE,AE,AE,AE,AE,AE,AE,AE,AE,AE,AE,AE,AE,AE,AE,AE,AE,AE,AE,AE,AE,AE,AE,AE,AE,AE,AE,AE,AE,AE,AE,AE,AE,AE,AE,AE,AE,AE,AE,AE,AE,AE,AE,AE,AE,AE,AE,AE,AE,AE,AE,AE,AE,AE,AE,AE,AE,AE,AE,AE,AE,AE,AE,AE,AE,AE,AE,AE,AE,AE
BIO 545,AE,AE,AE,AE,AE,AE,AE,AE,AE,AE,AE,AE,AE,AE,AE,AE,AE,AE,AE,AE,AE,AE,AE,AE,AE,AE,AE,AE,AE,AE,AE,AE,AE,AE,AE,AE,AE,AE,AE,AE,AE,AE,AE,AE,AE,AE,AE,AE,AE,AE,AE,AE,AE,AE,AE,AE,AE,AE,AE,AE,AE,AE,AE,AE,AE,AE,AE,AE,AE,AE,,,,,,,,,,,,
BIO 546,AE,AE,AE,AE,AE,AE,AE,AE,AE,AE,AE,AE,AE,AE,AE,AE,AE,AE,AE,AE,AE,AE,AE,AE,AE,AE,AE,AE,AE,AE,AE,AE,AE,AE,AE,AE,AE,AE,AE,AE,AE,AE,AE,AE,AE,AE,AE,AE,AE,AE,AE,AE,AE,AE,AE,AE,AE,AE,AE,AE,AE,AE,AE,AE,AE,AE,AE,AE,AE,AE,AE,AE,AE,AE,AE,AE,AE,AE,AE,AE,AE,AE
BIO 550,AE,AE,AE,AE,AE,AE,AE,AE,AE,AE,AE,AE,AE,AE,AE,AE,AE,AE,AE,AE,AE,AE,AE,AE,AE,AE,AE,AE,AE,AE,AE,AE,AE,AE,AE,AE,AE,AE,AE,AE,AE,AE,AE,AE,AE,AE,AE,AE,AE,AE,AE,AE,AE,AE,AE,AE,AE,AE,AE,AE,AE,AE,AE,AE,AE,AE,AE,AE,AE,AE,,,,,,,,,,,,
BIO 560,AE,AE,AE,AE,AE,AE,AE,AE,AE,AE,AE,AE,AE,AE,AE,AE,AE,AE,AE,AE,AE,AE,AE,AE,AE,AE,AE,AE,AE,AE,AE,AE,AE,AE,AE,AE,AE,AE,AE,AE,AE,AE,AE,AE,AE,AE,AE,AE,AE,AE,AE,AE,AE,AE,AE,AE,AE,AE,AE,AE,AE,AE,AE,AE,AE,AE,AE,AE,AE,AE,AE,AE,AE,AE,AE,AE,AE,AE,AE,AE,AE,AE
BIO 567,AE,AE,AE,AE,AE,AE,AE,AE,AE,AE,AE,AE,AE,AE,AE,AE,AE,AE,AE,AE,AE,AE,AE,AE,AE,AE,AE,AE,AE,AE,AE,AE,AE,AE,AE,AE,AE,AE,AE,AE,AE,AE,AE,AE,AE,AE,AE,AE,AE,AE,AE,AE,AE,AE,AE,AE,AE,AE,AE,AE,AE,AE,AE,AE,AE,AE,AE,AE,AE,AE,AE,AE,AE,AE,AE,AE,AE,AE,AE,AE,AE,AE
BIO 568,AE,AE,AE,AE,AE,AE,AE,AE,AE,AE,AE,AE,AE,AE,AE,AE,AE,AE,AE,AE,AE,AE,AE,AE,AE,AE,AE,AE,AE,AE,AE,AE,AE,AE,AE,AE,AE,AE,AE,AE,AE,AE,AE,AE,AE,AE,AE,AE,AE,AE,AE,AE,AE,AE,AE,AE,AE,AE,AE,AE,AE,AE,AE,AE,AE,AE,AE,AE,AE,AE,AE,AE,,,,,,,,,,
BIO 569,AE,AE,AE,AE,AE,AE,AE,AE,AE,AE,AE,AE,AE,AE,AE,AE,AE,AE,AE,AE,AE,AE,AE,AE,AE,AE,AE,AE,AE,AE,AE,AE,AE,AE,AE,AE,AE,AE,AE,AE,AE,AE,AE,AE,AE,AE,AE,AE,AE,AE,AE,AE,AE,AE,AE,AE,AE,AE,AE,AE,AE,AE,AE,AE,AE,AE,AE,AE,AE,AE,AE,AE,AE,AE,AE,AE,AE,AE,AE,AE,AE,AE
BIO 570,AE,AE,AE,AE,AE,AE,AE,AE,AE,AE,AE,AE,AE,AE,AE,AE,AE,AE,AE,AE,AE,AE,AE,AE,AE,AE,AE,AE,AE,AE,AE,AE,AE,AE,AE,AE,AE,AE,AE,AE,AE,AE,AE,AE,AE,AE,AE,AE,AE,AE,AE,AE,AE,AE,AE,AE,AE,AE,AE,AE,AE,AE,AE,AE,AE,AE,AE,AE,AE,AE,,,,,,,,,,,,
BIO 580,AE,AE,AE,AE,AE,AE,AE,AE,AE,AE,AE,AE,AE,AE,AE,AE,AE,AE,AE,AE,AE,AE,AE,AE,AE,AE,AE,AE,AE,AE,AE,AE,AE,AE,AE,AE,AE,AE,AE,AE,AE,AE,AE,AE,AE,AE,AE,AE,AE,AE,AE,,,,,,,,,,,,,,,,,,,,,,,,,,,,,,,
BIO 58000,AE,AE,AE,AE,AE,AE,AE,AE,AE,AE,AE,AE,AE,AE,AE,AE,AE,AE,AE,AE,AE,AE,AE,AE,AE,AE,AE,AE,AE,AE,AE,AE,AE,AE,AE,AE,AE,AE,AE,AE,AE,AE,AE,AE,AE,AE,AE,AE,AE,AE,AE,AE,AE,AE,AE,AE,AE,AE,AE,AE,AE,AE,AE,AE,AE,AE,AE,AE,AE,AE,AE,,,,,,,,,,,
BIO 58001,AE,AE,AE,AE,AE,AE,AE,AE,AE,AE,AE,AE,AE,AE,AE,AE,AE,AE,AE,AE,AE,AE,AE,AE,AE,AE,AE,AE,AE,AE,AE,AE,AE,AE,AE,AE,AE,AE,AE,AE,AE,AE,AE,AE,AE,AE,AE,AE,AE,AE,AE,AE,AE,AE,AE,AE,AE,AE,AE,AE,AE,AE,AE,AE,AE,AE,AE,AE,AE,AE,,,,,,,,,,,,
BIO 58002,AE,AE,AE,AE,AE,AE,AE,AE,AE,AE,AE,AE,AE,AE,AE,AE,AE,AE,AE,AE,AE,AE,AE,AE,AE,AE,AE,AE,AE,AE,AE,AE,AE,AE,AE,AE,AE,AE,AE,AE,AE,AE,AE,AE,AE,AE,AE,AE,AE,AE,AE,AE,AE,AE,AE,AE,AE,AE,AE,AE,AE,AE,AE,AE,AE,AE,AE,AE,AE,AE,AE,AE,AE,AE,AE,AE,AE,AE,AE,AE,AE,AE
BIO 58003,AE,AE,AE,AE,AE,AE,AE,AE,AE,AE,AE,AE,AE,AE,AE,AE,AE,AE,AE,AE,AE,AE,AE,AE,AE,AE,AE,AE,AE,AE,AE,AE,AE,AE,AE,AE,AE,AE,AE,AE,AE,AE,AE,AE,AE,AE,AE,AE,AE,AE,AE,AE,AE,AE,AE,AE,AE,AE,AE,AE,AE,AE,AE,AE,AE,AE,AE,AE,AE,AE,,,,,,,,,,,,
BIO 58004,AE,AE,AE,AE,AE,AE,AE,AE,AE,AE,AE,AE,AE,AE,AE,AE,AE,AE,AE,AE,AE,AE,AE,AE,AE,AE,AE,AE,AE,AE,AE,AE,AE,AE,AE,AE,AE,AE,AE,AE,AE,AE,AE,AE,AE,AE,AE,AE,AE,AE,AE,AE,AE,AE,AE,AE,AE,AE,AE,AE,AE,AE,AE,AE,AE,AE,AE,AE,AE,AE,,,,,,,,,,,,
BIO 58005,AE,AE,AE,AE,AE,AE,AE,AE,AE,AE,AE,AE,AE,AE,AE,AE,AE,AE,AE,AE,AE,AE,AE,AE,AE,AE,AE,AE,AE,AE,AE,AE,AE,AE,AE,AE,AE,AE,AE,AE,AE,AE,AE,AE,AE,AE,AE,AE,AE,AE,AE,AE,AE,AE,AE,AE,AE,AE,AE,AE,AE,AE,AE,AE,AE,AE,AE,AE,AE,AE,AE,AE,AE,AE,AE,AE,AE,AE,AE,AE,AE,AE
BIO 58006,AE,AE,AE,AE,AE,AE,AE,AE,AE,AE,AE,AE,AE,AE,AE,AE,AE,AE,AE,AE,AE,AE,AE,AE,AE,AE,AE,AE,AE,AE,AE,AE,AE,AE,AE,AE,AE,AE,AE,AE,AE,AE,AE,AE,AE,AE,AE,AE,AE,AE,AE,AE,AE,AE,AE,AE,AE,AE,AE,AE,AE,AE,AE,AE,AE,AE,AE,AE,AE,AE,AE,,,,,,,,,,,
BIO 58007,AE,AE,AE,AE,AE,AE,AE,AE,AE,AE,AE,AE,AE,AE,AE,AE,AE,AE,AE,AE,AE,AE,AE,AE,AE,AE,AE,AE,AE,AE,AE,AE,AE,AE,AE,AE,AE,AE,AE,AE,AE,AE,AE,AE,AE,AE,AE,AE,AE,AE,AE,AE,AE,AE,AE,AE,AE,AE,AE,AE,AE,AE,AE,AE,AE,AE,AE,AE,AE,AE,AE,,,,,,,,,,,
BIO 581,AE,AE,AE,AE,AE,AE,AE,AE,AE,AE,AE,AE,AE,AE,AE,AE,AE,AE,AE,AE,AE,AE,AE,AE,AE,AE,AE,AE,AE,AE,AE,AE,AE,AE,AE,AE,AE,AE,AE,AE,AE,AE,AE,AE,AE,AE,AE,AE,AE,AE,AE,,,,,,,,,,,,,,,,,,,,,,,,,,,,,,,
BIO 601,AE,AE,AE,AE,AE,AE,AE,AE,AE,AE,AE,AE,AE,AE,AE,AE,AE,AE,AE,AE,AE,AE,AE,AE,AE,AE,AE,AE,AE,AE,AE,AE,AE,AE,AE,AE,AE,AE,AE,AE,AE,AE,AE,AE,AE,AE,AE,AE,AE,AE,AE,AE,AE,AE,AE,AE,AE,AE,AE,AE,AE,AE,AE,AE,AE,AE,AE,AE,AE,,,,,,,,,,,,,
BIO 602,AE,AE,AE,AE,AE,AE,AE,AE,AE,AE,AE,AE,AE,AE,AE,AE,AE,AE,AE,AE,AE,AE,AE,AE,AE,AE,AE,AE,AE,AE,AE,AE,AE,AE,AE,AE,AE,AE,AE,AE,AE,AE,AE,AE,AE,AE,AE,AE,AE,AE,AE,AE,AE,AE,AE,AE,AE,AE,AE,AE,AE,AE,AE,AE,AE,AE,AE,AE,AE,AE,,,,,,,,,,,,
BIO 604,AE,AE,AE,AE,AE,AE,AE,AE,AE,AE,AE,AE,AE,AE,AE,AE,AE,AE,AE,AE,AE,AE,AE,AE,AE,AE,AE,AE,AE,AE,AE,AE,AE,AE,AE,AE,AE,AE,AE,,,,,,,,,,,,,,,,,,,,,,,,,,,,,,,,,,,,,,,,,,,
BIO 606,AE,AE,AE,AE,AE,AE,AE,AE,AE,AE,AE,AE,AE,AE,AE,AE,AE,AE,AE,AE,AE,AE,AE,AE,AE,AE,AE,AE,AE,AE,AE,AE,AE,AE,AE,AE,AE,AE,AE,AE,AE,AE,AE,AE,AE,AE,AE,AE,AE,AE,AE,AE,AE,AE,AE,AE,AE,AE,AE,AE,AE,AE,AE,AE,AE,AE,AE,AE,AE,AE,,,,,,,,,,,,
BIO 610,AE,AE,AE,AE,AE,AE,AE,AE,AE,AE,AE,AE,AE,AE,AE,AE,AE,AE,AE,AE,AE,AE,AE,AE,AE,AE,AE,AE,AE,AE,AE,AE,AE,AE,AE,AE,AE,AE,AE,AE,AE,AE,AE,AE,AE,AE,AE,AE,AE,AE,AE,AE,AE,AE,AE,AE,AE,AE,AE,AE,AE,AE,AE,AE,AE,AE,AE,AE,AE,AE,,,,,,,,,,,,
BIO 631,AE,AE,AE,AE,AE,AE,AE,AE,AE,AE,AE,AE,AE,AE,AE,AE,AE,AE,AE,AE,AE,AE,AE,AE,AE,AE,AE,AE,AE,AE,AE,AE,AE,AE,AE,AE,AE,AE,AE,AE,AE,AE,AE,AE,AE,AE,AE,AE,AE,AE,AE,AE,AE,AE,AE,AE,AE,AE,AE,AE,AE,AE,AE,AE,AE,AE,AE,AE,AE,AE,,,,,,,,,,,,
BIO 633,AE,AE,AE,AE,AE,AE,AE,AE,AE,AE,AE,AE,AE,AE,AE,AE,AE,AE,AE,AE,AE,AE,AE,AE,AE,AE,AE,AE,AE,AE,AE,AE,AE,AE,AE,AE,AE,AE,AE,AE,AE,AE,AE,AE,AE,AE,AE,AE,AE,AE,AE,AE,AE,AE,AE,AE,AE,AE,AE,AE,AE,AE,AE,AE,AE,AE,AE,AE,AE,AE,,,,,,,,,,,,
BIO 634,AE,AE,AE,AE,AE,AE,AE,AE,AE,AE,AE,AE,AE,AE,AE,AE,AE,AE,AE,AE,AE,AE,AE,AE,AE,AE,AE,AE,AE,AE,AE,AE,AE,AE,AE,AE,AE,AE,AE,AE,AE,AE,AE,AE,AE,AE,AE,AE,AE,AE,AE,AE,AE,AE,AE,AE,AE,AE,AE,AE,AE,AE,AE,AE,AE,AE,AE,AE,AE,AE,AE,AE,AE,AE,AE,AE,AE,AE,AE,AE,AE,AE
BIO 635,AE,AE,AE,AE,AE,AE,AE,AE,AE,AE,AE,AE,AE,AE,AE,AE,AE,AE,AE,AE,AE,AE,AE,AE,AE,AE,AE,AE,AE,AE,AE,AE,AE,AE,AE,AE,AE,AE,AE,AE,AE,AE,AE,AE,AE,AE,AE,AE,AE,AE,AE,AE,AE,AE,AE,AE,AE,AE,AE,AE,AE,AE,AE,AE,AE,AE,AE,AE,AE,AE,AE,AE,AE,AE,AE,AE,AE,AE,AE,AE,AE,AE
BIO 636,AE,AE,AE,AE,AE,AE,AE,AE,AE,AE,AE,AE,AE,AE,AE,AE,AE,AE,AE,AE,AE,AE,AE,AE,AE,AE,AE,AE,AE,AE,AE,AE,AE,AE,AE,AE,AE,AE,AE,AE,AE,AE,AE,AE,AE,AE,AE,AE,AE,AE,AE,AE,AE,AE,AE,AE,AE,AE,AE,AE,AE,AE,AE,AE,AE,AE,AE,AE,AE,AE,AE,AE,AE,AE,AE,AE,AE,AE,AE,AE,AE,AE
BIO 641,AE,AE,AE,AE,AE,AE,AE,AE,AE,AE,AE,AE,AE,AE,AE,AE,AE,AE,AE,AE,AE,AE,AE,AE,AE,AE,AE,AE,AE,AE,AE,AE,AE,AE,AE,AE,AE,AE,AE,AE,AE,AE,AE,AE,AE,AE,AE,AE,AE,AE,AE,AE,AE,AE,AE,AE,AE,,,,,,,,,,,,,,,,,,,,,,,,,
BIO 642,AE,AE,AE,AE,AE,AE,AE,AE,AE,AE,AE,AE,AE,AE,AE,AE,AE,AE,AE,AE,AE,AE,AE,AE,AE,AE,AE,AE,AE,AE,AE,AE,AE,AE,AE,AE,AE,AE,AE,AE,AE,AE,AE,AE,AE,AE,AE,AE,AE,AE,AE,AE,AE,AE,AE,AE,AE,AE,AE,AE,AE,AE,AE,AE,AE,AE,AE,AE,AE,AE,,,,,,,,,,,,
BIO 643,AE,AE,AE,AE,AE,AE,AE,AE,AE,AE,AE,AE,AE,AE,AE,AE,AE,AE,AE,AE,AE,AE,AE,AE,AE,AE,AE,AE,AE,AE,AE,AE,AE,AE,AE,AE,AE,AE,AE,AE,AE,AE,AE,AE,AE,AE,AE,AE,AE,AE,AE,AE,AE,AE,AE,AE,AE,AE,AE,AE,AE,AE,AE,AE,AE,AE,AE,AE,AE,AE,,,,,,,,,,,,
BIO 644,AE,AE,AE,AE,AE,AE,AE,AE,AE,AE,AE,AE,AE,AE,AE,AE,AE,AE,AE,AE,AE,AE,AE,AE,AE,AE,AE,AE,AE,AE,AE,AE,AE,AE,AE,AE,AE,AE,AE,AE,AE,AE,AE,AE,AE,AE,AE,AE,AE,AE,AE,AE,AE,AE,AE,AE,AE,AE,AE,AE,AE,AE,AE,AE,AE,AE,AE,AE,AE,AE,,,,,,,,,,,,
BIO 645,AE,AE,AE,AE,AE,AE,AE,AE,AE,AE,AE,AE,AE,AE,AE,AE,AE,AE,AE,AE,AE,AE,AE,AE,AE,AE,AE,AE,AE,AE,AE,AE,AE,AE,AE,AE,AE,AE,AE,AE,AE,AE,AE,AE,AE,AE,AE,AE,AE,AE,AE,AE,AE,AE,AE,AE,AE,AE,AE,AE,AE,AE,AE,AE,AE,AE,AE,AE,AE,AE,,,,,,,,,,,,
BIO 676,AE,AE,AE,AE,AE,AE,AE,AE,AE,AE,AE,AE,AE,AE,AE,AE,AE,AE,AE,AE,AE,AE,AE,AE,AE,AE,AE,AE,AE,AE,AE,AE,AE,AE,AE,AE,AE,AE,AE,AE,AE,AE,AE,AE,AE,AE,AE,AE,AE,AE,AE,AE,AE,AE,AE,AE,AE,AE,AE,AE,AE,AE,AE,AE,AE,AE,AE,AE,AE,AE,,,,,,,,,,,,
BIO 680,AE,AE,AE,AE,AE,AE,AE,AE,AE,AE,AE,AE,AE,AE,AE,AE,AE,AE,AE,AE,AE,AE,AE,AE,AE,AE,AE,AE,AE,AE,AE,AE,AE,AE,AE,AE,AE,AE,AE,AE,AE,AE,AE,AE,AE,AE,AE,AE,AE,AE,AE,,,,,,,,,,,,,,,,,,,,,,,,,,,,,,,
BIO 681,AE,AE,AE,AE,AE,AE,AE,AE,AE,AE,AE,AE,AE,AE,AE,AE,AE,AE,AE,AE,AE,AE,AE,AE,AE,AE,AE,AE,AE,AE,AE,AE,AE,AE,AE,AE,AE,AE,AE,AE,AE,AE,AE,AE,AE,AE,AE,AE,AE,AE,AE,,,,,,,,,,,,,,,,,,,,,,,,,,,,,,,
CHEM 505,AE,AE,AE,AE,AE,AE,AE,AE,AE,AE,AE,AE,AE,AE,AE,AE,AE,AE,AE,AE,AE,AE,AE,AE,AE,AE,AE,AE,AE,AE,AE,AE,AE,AE,AE,AE,AE,AE,AE,AE,AE,AE,AE,AE,AE,AE,AE,AE,AE,AE,AE,AE,AE,AE,AE,AE,AE,AE,AE,AE,AE,AE,AE,AE,AE,AE,AE,AE,AE,AE,AE,AE,AE,AE,AE,AE,AE,AE,AE,AE,AE,AE
DS 551,AE,AE,AE,AE,AE,AE,AE,AE,AE,AE,AE,AE,AE,AE,AE,AE,AE,AE,AE,AE,AE,AE,AE,AE,AE,AE,AE,AE,AE,AE,AE,AE,AE,AE,AE,AE,AE,AE,AE,AE,AE,AE,AE,AE,AE,AE,AE,AE,AE,AE,AE,AE,AE,AE,AE,AE,AE,AE,AE,AE,AE,AE,AE,AE,AE,AE,AE,AE,AE,AE,AE,AE,AE,AE,AE,AE,AE,AE,AE,AE,AE,AE
DS 552,AE,AE,AE,AE,AE,AE,AE,AE,AE,AE,AE,AE,AE,AE,AE,AE,AE,AE,AE,AE,AE,AE,AE,AE,AE,AE,AE,AE,AE,AE,AE,AE,AE,AE,AE,AE,AE,AE,AE,AE,AE,AE,AE,AE,AE,AE,AE,AE,AE,AE,AE,AE,AE,AE,AE,AE,AE,AE,AE,AE,AE,AE,AE,AE,AE,AE,AE,AE,AE,AE,AE,AE,AE,AE,AE,AE,AE,AE,AE,AE,AE,AE
DS 590,AE,AE,AE,AE,AE,AE,AE,AE,AE,AE,AE,AE,AE,AE,AE,AE,AE,AE,AE,AE,AE,AE,AE,AE,AE,AE,AE,AE,AE,AE,AE,AE,AE,AE,AE,AE,AE,AE,AE,AE,AE,AE,AE,AE,AE,AE,AE,AE,AE,AE,AE,AE,AE,AE,AE,AE,AE,AE,AE,AE,AE,AE,AE,AE,AE,AE,AE,AE,AE,AE,AE,AE,AE,AE,AE,AE,AE,AE,AE,AE,AE,AE
DT 501,AE,AE,AE,AE,AE,AE,AE,AE,AE,AE,AE,AE,AE,AE,AE,AE,AE,AE,AE,AE,AE,AE,AE,AE,AE,AE,AE,AE,AE,AE,AE,AE,AE,AE,AE,AE,AE,AE,AE,AE,AE,AE,AE,AE,AE,AE,AE,AE,AE,AE,AE,AE,AE,AE,AE,AE,AE,AE,AE,AE,AE,AE,AE,AE,AE,AE,AE,AE,AE,AE,AE,AE,AE,AE,AE,AE,AE,AE,AE,AE,AE,AE
DT 502,AE,AE,AE,AE,AE,AE,AE,AE,AE,AE,AE,AE,AE,AE,AE,AE,AE,AE,AE,AE,AE,AE,AE,AE,AE,AE,AE,AE,AE,AE,AE,AE,AE,AE,AE,AE,AE,AE,AE,AE,AE,AE,AE,AE,AE,AE,AE,AE,AE,AE,AE,AE,AE,AE,AE,AE,AE,AE,AE,AE,AE,AE,AE,AE,AE,AE,AE,AE,AE,AE,AE,AE,AE,AE,AE,AE,AE,AE,AE,AE,AE,AE
DT 503,AE,AE,AE,AE,AE,AE,AE,AE,AE,AE,AE,AE,AE,AE,AE,AE,AE,AE,AE,AE,AE,AE,AE,AE,AE,AE,AE,AE,AE,AE,AE,AE,AE,AE,AE,AE,AE,AE,AE,AE,AE,AE,AE,AE,AE,AE,AE,AE,AE,AE,AE,AE,AE,AE,AE,AE,AE,AE,AE,AE,AE,AE,AE,AE,AE,AE,AE,AE,AE,AE,AE,AE,AE,AE,AE,AE,AE,AE,AE,AE,AE,AE
DT 504,AE,AE,AE,AE,AE,AE,AE,AE,AE,AE,AE,AE,AE,AE,AE,AE,AE,AE,AE,AE,AE,AE,AE,AE,AE,AE,AE,AE,AE,AE,AE,AE,AE,AE,AE,AE,AE,AE,AE,AE,AE,AE,AE,AE,AE,AE,AE,AE,AE,AE,AE,AE,AE,AE,AE,AE,AE,AE,AE,AE,AE,AE,AE,AE,AE,AE,AE,AE,AE,AE,AE,AE,AE,AE,AE,AE,AE,AE,AE,AE,AE,AE
DT 511,AE,AE,AE,AE,AE,AE,AE,AE,AE,AE,AE,AE,AE,AE,AE,AE,AE,AE,AE,AE,AE,AE,AE,AE,AE,AE,AE,AE,AE,AE,AE,AE,AE,AE,AE,AE,AE,AE,AE,AE,AE,AE,AE,AE,AE,AE,AE,AE,AE,AE,AE,AE,AE,AE,AE,AE,AE,AE,AE,AE,AE,AE,AE,AE,AE,AE,AE,AE,AE,AE,AE,AE,AE,AE,AE,AE,AE,AE,AE,AE,AE,AE
DT 512,AE,AE,AE,AE,AE,AE,AE,AE,AE,AE,AE,AE,AE,AE,AE,AE,AE,AE,AE,AE,AE,AE,AE,AE,AE,AE,AE,AE,AE,AE,AE,AE,AE,AE,AE,AE,AE,AE,AE,AE,AE,AE,AE,AE,AE,AE,AE,AE,AE,AE,AE,AE,AE,AE,AE,AE,AE,AE,AE,AE,AE,AE,AE,AE,AE,AE,AE,AE,AE,AE,AE,AE,AE,AE,AE,AE,AE,AE,AE,AE,AE,AE
DT 513,AE,AE,AE,AE,AE,AE,AE,AE,AE,AE,AE,AE,AE,AE,AE,AE,AE,AE,AE,AE,AE,AE,AE,AE,AE,AE,AE,AE,AE,AE,AE,AE,AE,AE,AE,AE,AE,AE,AE,AE,AE,AE,AE,AE,AE,AE,AE,AE,AE,AE,AE,AE,AE,AE,AE,AE,AE,AE,AE,AE,AE,AE,AE,AE,AE,AE,AE,AE,AE,AE,AE,AE,AE,AE,AE,AE,AE,AE,AE,AE,AE,AE
DT 514,AE,AE,AE,AE,AE,AE,AE,AE,AE,AE,AE,AE,AE,AE,AE,AE,AE,AE,AE,AE,AE,AE,AE,AE,AE,AE,AE,AE,AE,AE,AE,AE,AE,AE,AE,AE,AE,AE,AE,AE,AE,AE,AE,AE,AE,AE,AE,AE,AE,AE,AE,AE,AE,AE,AE,AE,AE,AE,AE,AE,AE,AE,AE,AE,AE,AE,AE,AE,AE,AE,AE,AE,AE,AE,AE,AE,AE,AE,AE,AE,AE,AE
DT 521,AE,AE,AE,AE,AE,AE,AE,AE,AE,AE,AE,AE,AE,AE,AE,AE,AE,AE,AE,AE,AE,AE,AE,AE,AE,AE,AE,AE,AE,AE,AE,AE,AE,AE,AE,AE,AE,AE,AE,AE,AE,AE,AE,AE,AE,AE,AE,AE,AE,AE,AE,AE,AE,AE,AE,AE,AE,AE,AE,AE,AE,AE,AE,AE,AE,AE,AE,AE,AE,AE,AE,AE,AE,AE,AE,AE,AE,AE,AE,AE,AE,AE
DT 522,AE,AE,AE,AE,AE,AE,AE,AE,AE,AE,AE,AE,AE,AE,AE,AE,AE,AE,AE,AE,AE,AE,AE,AE,AE,AE,AE,AE,AE,AE,AE,AE,AE,AE,AE,AE,AE,AE,AE,AE,AE,AE,AE,AE,AE,AE,AE,AE,AE,AE,AE,AE,AE,AE,AE,AE,AE,AE,AE,AE,AE,AE,AE,AE,AE,AE,AE,AE,AE,AE,AE,AE,AE,AE,AE,AE,AE,AE,AE,AE,AE,AE
DT 523,AE,AE,AE,AE,AE,AE,AE,AE,AE,AE,AE,AE,AE,AE,AE,AE,AE,AE,AE,AE,AE,AE,AE,AE,AE,AE,AE,AE,AE,AE,AE,AE,AE,AE,AE,AE,AE,AE,AE,AE,AE,AE,AE,AE,AE,AE,AE,AE,AE,AE,AE,AE,AE,AE,AE,AE,AE,AE,AE,AE,AE,AE,AE,AE,AE,AE,AE,AE,AE,AE,AE,AE,AE,AE,AE,AE,AE,AE,AE,AE,AE,AE
DT 524,AE,AE,AE,AE,AE,AE,AE,AE,AE,AE,AE,AE,AE,AE,AE,AE,AE,AE,AE,AE,AE,AE,AE,AE,AE,AE,AE,AE,AE,AE,AE,AE,AE,AE,AE,AE,AE,AE,AE,AE,AE,AE,AE,AE,AE,AE,AE,AE,AE,AE,AE,AE,AE,AE,AE,AE,AE,AE,AE,AE,AE,AE,AE,AE,AE,AE,AE,AE,AE,AE,AE,AE,AE,AE,AE,AE,AE,AE,AE,AE,AE,AE
DT 532,AE,AE,AE,AE,AE,AE,AE,AE,AE,AE,AE,AE,AE,AE,AE,AE,AE,AE,AE,AE,AE,AE,AE,AE,AE,AE,AE,AE,AE,AE,AE,AE,AE,AE,AE,AE,AE,AE,AE,AE,AE,AE,AE,AE,AE,AE,AE,AE,AE,AE,AE,AE,AE,AE,AE,AE,AE,AE,AE,AE,AE,AE,AE,AE,AE,AE,AE,AE,AE,AE,AE,AE,AE,AE,AE,AE,AE,AE,AE,AE,AE,AE
DT 533,AE,AE,AE,AE,AE,AE,AE,AE,AE,AE,AE,AE,AE,AE,AE,AE,AE,AE,AE,AE,AE,AE,AE,AE,AE,AE,AE,AE,AE,AE,AE,AE,AE,AE,AE,AE,AE,AE,AE,AE,AE,AE,AE,AE,AE,AE,AE,AE,AE,AE,AE,AE,AE,AE,AE,AE,AE,AE,AE,AE,AE,AE,AE,AE,AE,AE,AE,AE,AE,AE,AE,AE,AE,AE,AE,AE,AE,AE,AE,AE,AE,AE
DT 541,AE,AE,AE,AE,AE,AE,AE,AE,AE,AE,AE,AE,AE,AE,AE,AE,AE,AE,AE,AE,AE,AE,AE,AE,AE,AE,AE,AE,AE,AE,AE,AE,AE,AE,AE,AE,AE,AE,AE,AE,AE,AE,AE,AE,AE,AE,AE,AE,AE,AE,AE,AE,AE,AE,AE,AE,AE,AE,AE,AE,AE,AE,AE,AE,AE,AE,AE,AE,AE,AE,AE,AE,AE,AE,AE,AE,AE,AE,AE,AE,AE,AE
DT 592,AE,AE,AE,AE,AE,AE,AE,AE,AE,AE,AE,AE,AE,AE,AE,AE,AE,AE,AE,AE,AE,AE,AE,AE,AE,AE,AE,AE,AE,AE,AE,AE,AE,AE,AE,AE,AE,AE,AE,AE,AE,AE,AE,AE,AE,AE,AE,AE,AE,AE,AE,AE,AE,AE,AE,AE,AE,AE,AE,AE,AE,AE,AE,AE,AE,AE,AE,AE,AE,AE,AE,AE,AE,AE,AE,AE,AE,AE,AE,AE,AE,AE
EE 516,AE,AE,AE,AE,AE,AE,AE,AE,AE,AE,AE,AE,AE,AE,AE,AE,AE,AE,AE,AE,AE,AE,AE,AE,AE,AE,AE,AE,AE,AE,AE,AE,AE,AE,AE,AE,AE,AE,AE,AE,AE,AE,AE,AE,AE,AE,AE,AE,AE,AE,AE,AE,AE,AE,AE,AE,AE,AE,AE,AE,AE,AE,AE,AE,AE,AE,AE,AE,AE,AE,,,,,,,,,,,,
EE 518,AE,AE,AE,AE,AE,AE,AE,AE,AE,AE,AE,AE,AE,AE,AE,AE,AE,AE,AE,AE,AE,AE,AE,AE,AE,AE,AE,AE,AE,AE,AE,AE,AE,AE,AE,AE,AE,AE,AE,AE,AE,AE,AE,AE,AE,AE,AE,AE,AE,AE,AE,AE,AE,AE,AE,AE,AE,AE,AE,AE,AE,AE,AE,AE,AE,AE,AE,AE,AE,,,,,,,,,,,,,
EE 520,AE,AE,AE,AE,AE,AE,AE,AE,AE,AE,AE,AE,AE,AE,AE,AE,AE,AE,AE,AE,AE,AE,AE,AE,AE,AE,AE,AE,AE,AE,AE,AE,AE,AE,AE,AE,AE,AE,AE,AE,AE,AE,AE,AE,AE,AE,AE,AE,AE,AE,AE,AE,AE,AE,AE,AE,AE,AE,AE,AE,AE,AE,AE,AE,AE,AE,AE,AE,AE,AE,,,,,,,,,,,,
EE 521,AE,AE,AE,AE,AE,AE,AE,AE,AE,AE,AE,AE,AE,AE,AE,AE,AE,AE,AE,AE,AE,AE,AE,AE,AE,AE,AE,AE,AE,AE,AE,AE,AE,AE,AE,AE,AE,AE,AE,AE,AE,AE,AE,AE,AE,AE,AE,AE,AE,AE,AE,AE,AE,AE,AE,AE,AE,AE,AE,AE,AE,AE,AE,AE,AE,AE,AE,AE,AE,AE,AE,AE,AE,AE,AE,AE,AE,AE,AE,AE,AE,AE
EE 522,AE,AE,AE,AE,AE,AE,AE,AE,AE,AE,AE,AE,AE,AE,AE,AE,AE,AE,AE,AE,AE,AE,AE,AE,AE,AE,AE,AE,AE,AE,AE,AE,AE,AE,AE,AE,AE,AE,AE,AE,AE,AE,AE,AE,AE,AE,AE,AE,AE,AE,AE,AE,AE,AE,AE,AE,AE,AE,AE,AE,AE,AE,AE,AE,AE,AE,AE,AE,AE,AE,,,,,,,,,,,,
EE 523,AE,AE,AE,AE,AE,AE,AE,AE,AE,AE,AE,AE,AE,AE,AE,AE,AE,AE,AE,AE,AE,AE,AE,AE,AE,AE,AE,AE,AE,AE,AE,AE,AE,AE,AE,AE,AE,AE,AE,AE,AE,AE,AE,AE,AE,AE,AE,AE,AE,AE,AE,AE,AE,AE,AE,AE,AE,AE,AE,AE,AE,AE,AE,AE,AE,AE,AE,AE,AE,AE,,,,,,,,,,,,
EE 524,AE,AE,AE,AE,AE,AE,AE,AE,AE,AE,AE,AE,AE,AE,AE,AE,AE,AE,AE,AE,AE,AE,AE,AE,AE,AE,AE,AE,AE,AE,AE,AE,AE,AE,AE,AE,AE,AE,AE,AE,AE,AE,AE,AE,AE,AE,AE,AE,AE,AE,AE,AE,AE,AE,AE,AE,AE,AE,AE,AE,AE,AE,AE,AE,AE,AE,AE,AE,AE,AE,AE,AE,AE,AE,AE,AE,AE,AE,AE,AE,AE,AE
EE 525,AE,AE,AE,AE,AE,AE,AE,AE,AE,AE,AE,AE,AE,AE,AE,AE,AE,AE,AE,AE,AE,AE,AE,AE,AE,AE,AE,AE,AE,AE,AE,AE,AE,AE,AE,AE,AE,AE,AE,AE,AE,AE,AE,AE,AE,AE,AE,AE,AE,AE,AE,AE,AE,AE,AE,AE,AE,AE,AE,AE,AE,AE,AE,AE,AE,AE,AE,AE,AE,AE,AE,AE,AE,AE,AE,AE,AE,AE,AE,AE,AE,AE
EE 526,AE,AE,AE,AE,AE,AE,AE,AE,AE,AE,AE,AE,AE,AE,AE,AE,,,,,,,,,,,,,,,,,,,,,,,,,,,,,,,,,,,,,,,,,,,,,,,,,,,,,,,,,,,,,,,,,,
EE 527,AE,AE,AE,AE,AE,AE,AE,AE,AE,AE,AE,AE,AE,AE,AE,AE,AE,AE,AE,AE,AE,AE,AE,AE,AE,AE,AE,AE,AE,AE,AE,AE,AE,AE,AE,AE,AE,AE,AE,,,,,,,,,,,,,,,,,,,,,,,,,,,,,,,,,,,,,,,,,,,
EE 528,AE,AE,AE,AE,AE,AE,AE,AE,AE,AE,AE,AE,AE,AE,AE,AE,AE,AE,AE,AE,AE,AE,AE,AE,AE,AE,AE,AE,AE,AE,AE,AE,AE,AE,AE,AE,AE,AE,AE,AE,AE,AE,AE,AE,AE,AE,AE,AE,AE,AE,AE,AE,AE,AE,AE,,,,,,,,,,,,,,,,,,,,,,,,,,,
EE 529,AE,AE,AE,AE,AE,AE,AE,AE,AE,AE,AE,AE,AE,AE,AE,AE,AE,AE,AE,AE,AE,AE,AE,AE,AE,AE,AE,AE,AE,AE,AE,AE,AE,AE,AE,AE,AE,AE,AE,AE,AE,AE,AE,AE,AE,AE,AE,AE,AE,AE,AE,AE,AE,AE,AE,AE,AE,AE,AE,AE,AE,AE,AE,AE,AE,AE,AE,AE,AE,AE,AE,AE,AE,AE,AE,AE,AE,AE,AE,AE,AE,AE
EE 530,AE,AE,AE,AE,AE,AE,AE,AE,AE,AE,AE,AE,AE,AE,AE,AE,AE,AE,AE,AE,AE,AE,AE,AE,AE,AE,AE,AE,AE,AE,AE,AE,AE,AE,AE,AE,AE,AE,AE,AE,AE,AE,AE,AE,AE,AE,AE,AE,AE,AE,AE,AE,AE,AE,AE,AE,AE,AE,AE,AE,AE,AE,AE,AE,AE,AE,AE,AE,AE,AE,,,,,,,,,,,,
EE 531,AE,AE,AE,AE,AE,AE,AE,AE,AE,AE,AE,AE,AE,AE,AE,AE,AE,AE,AE,AE,AE,AE,AE,AE,AE,AE,AE,AE,AE,AE,AE,AE,AE,AE,AE,AE,AE,AE,AE,AE,AE,AE,AE,AE,AE,AE,AE,AE,AE,AE,AE,AE,AE,AE,AE,AE,AE,AE,AE,AE,AE,AE,AE,AE,AE,AE,AE,AE,AE,AE,,,,,,,,,,,,
EE 532,AE,AE,AE,AE,AE,AE,AE,AE,AE,AE,AE,AE,AE,AE,AE,AE,AE,AE,AE,AE,AE,AE,AE,AE,AE,AE,AE,AE,AE,AE,AE,AE,AE,AE,AE,AE,AE,AE,AE,AE,AE,AE,AE,AE,AE,AE,AE,AE,AE,AE,AE,AE,AE,AE,AE,AE,AE,AE,AE,AE,AE,AE,AE,AE,AE,AE,AE,AE,AE,AE,,,,,,,,,,,,
EE 533,AE,AE,AE,AE,AE,AE,AE,AE,AE,AE,AE,AE,AE,AE,AE,AE,AE,AE,AE,AE,AE,AE,AE,AE,AE,AE,AE,AE,AE,AE,AE,AE,AE,AE,AE,AE,AE,AE,AE,AE,AE,AE,AE,AE,AE,AE,AE,AE,AE,AE,AE,AE,AE,AE,AE,AE,AE,AE,AE,AE,AE,AE,AE,AE,AE,AE,AE,AE,AE,AE,AE,AE,AE,AE,AE,AE,AE,AE,AE,AE,AE,AE
EE 534,AE,AE,AE,AE,AE,AE,AE,AE,AE,AE,AE,AE,AE,AE,AE,AE,AE,AE,AE,AE,AE,AE,AE,AE,AE,AE,AE,AE,AE,AE,AE,AE,AE,AE,AE,AE,AE,AE,AE,AE,AE,AE,AE,AE,AE,AE,AE,AE,AE,AE,AE,AE,AE,AE,AE,AE,AE,AE,AE,AE,AE,AE,AE,AE,AE,AE,AE,AE,AE,AE,AE,AE,AE,AE,AE,AE,AE,AE,AE,AE,AE,AE
EE 535,AE,AE,AE,AE,AE,AE,AE,AE,AE,AE,AE,AE,AE,AE,AE,AE,AE,AE,AE,AE,AE,AE,AE,AE,AE,AE,AE,AE,AE,AE,AE,AE,AE,AE,AE,AE,AE,AE,AE,AE,AE,AE,AE,AE,AE,AE,AE,AE,AE,AE,AE,AE,AE,AE,AE,AE,AE,AE,AE,AE,AE,AE,AE,AE,AE,AE,AE,AE,AE,AE,AE,AE,AE,AE,AE,AE,AE,AE,AE,AE,AE,AE
EE 536,AE,AE,AE,AE,AE,AE,AE,AE,AE,AE,AE,AE,AE,AE,AE,AE,AE,AE,AE,AE,AE,AE,AE,AE,AE,AE,AE,AE,AE,AE,AE,AE,AE,AE,AE,AE,AE,AE,AE,AE,AE,AE,AE,AE,AE,AE,AE,AE,AE,AE,AE,AE,AE,AE,AE,AE,AE,AE,AE,AE,AE,AE,AE,AE,AE,AE,AE,AE,AE,AE,AE,AE,AE,AE,AE,AE,AE,AE,AE,AE,AE,AE
EE 537,AE,AE,AE,AE,AE,AE,AE,AE,AE,AE,AE,AE,AE,AE,AE,AE,AE,AE,AE,AE,AE,AE,AE,AE,AE,AE,AE,AE,AE,AE,AE,AE,AE,AE,AE,AE,AE,AE,AE,AE,AE,AE,AE,AE,AE,AE,AE,AE,AE,AE,AE,AE,AE,AE,AE,AE,AE,AE,AE,AE,AE,AE,AE,AE,AE,AE,AE,AE,AE,AE,AE,AE,AE,AE,AE,AE,AE,AE,AE,AE,AE,AE
EE 539,AE,AE,AE,AE,AE,AE,AE,AE,AE,AE,AE,AE,AE,AE,AE,AE,AE,AE,AE,AE,AE,AE,AE,AE,AE,AE,AE,AE,AE,AE,AE,AE,AE,AE,AE,AE,AE,AE,AE,AE,AE,AE,AE,AE,AE,AE,AE,AE,AE,AE,AE,AE,AE,AE,AE,AE,AE,AE,AE,AE,AE,AE,AE,AE,AE,AE,AE,AE,AE,AE,AE,AE,AE,AE,AE,AE,AE,AE,AE,AE,AE,AE
EE 540,AE,AE,AE,AE,AE,AE,AE,AE,AE,AE,AE,AE,AE,AE,AE,AE,AE,AE,AE,AE,AE,AE,AE,AE,AE,AE,AE,AE,AE,AE,AE,AE,AE,AE,AE,AE,AE,AE,AE,AE,AE,AE,AE,AE,AE,AE,AE,AE,AE,AE,AE,AE,AE,AE,AE,AE,AE,AE,AE,AE,AE,AE,AE,AE,AE,AE,AE,AE,AE,AE,AE,AE,AE,AE,AE,AE,AE,AE,AE,AE,AE,AE
EE 541,AE,AE,AE,AE,AE,AE,AE,AE,AE,AE,AE,AE,AE,AE,AE,AE,AE,AE,AE,AE,AE,AE,AE,AE,AE,AE,AE,AE,AE,AE,AE,AE,AE,AE,AE,AE,AE,AE,AE,AE,AE,AE,AE,AE,AE,AE,AE,AE,AE,AE,AE,AE,AE,AE,AE,AE,AE,AE,AE,AE,AE,AE,AE,AE,AE,AE,AE,AE,AE,AE,AE,AE,AE,AE,AE,AE,AE,AE,AE,AE,AE,AE
EE 542,AE,AE,AE,AE,AE,AE,AE,AE,AE,AE,AE,AE,AE,AE,AE,AE,AE,AE,AE,AE,AE,AE,AE,AE,AE,AE,AE,AE,AE,AE,AE,AE,AE,AE,AE,AE,AE,AE,AE,AE,AE,AE,AE,AE,AE,AE,AE,AE,AE,AE,AE,AE,AE,AE,AE,AE,AE,AE,AE,AE,AE,AE,AE,AE,AE,AE,AE,AE,AE,AE,,,,,,,,,,,,
EE 544,AE,AE,AE,AE,AE,AE,AE,AE,AE,AE,AE,AE,AE,AE,AE,AE,AE,AE,AE,AE,AE,AE,AE,AE,AE,AE,AE,AE,AE,AE,AE,AE,AE,AE,AE,AE,AE,AE,AE,AE,AE,AE,AE,AE,AE,AE,AE,AE,AE,AE,AE,AE,AE,AE,AE,AE,AE,AE,AE,AE,AE,AE,AE,AE,AE,AE,AE,AE,AE,AE,,,,,,,,,,,,
EE 550,AE,AE,AE,AE,AE,AE,AE,AE,AE,AE,AE,AE,AE,AE,AE,AE,AE,AE,AE,AE,AE,AE,AE,AE,AE,AE,AE,AE,AE,AE,AE,AE,AE,AE,AE,AE,AE,AE,AE,AE,AE,AE,AE,AE,AE,AE,AE,AE,AE,AE,AE,AE,AE,AE,AE,AE,AE,AE,AE,AE,AE,AE,AE,AE,AE,AE,AE,AE,AE,AE,AE,AE,AE,AE,AE,AE,AE,AE,AE,AE,AE,AE
EE 553,AE,AE,AE,AE,AE,AE,AE,AE,AE,AE,AE,AE,AE,AE,AE,AE,AE,AE,AE,AE,AE,AE,AE,AE,AE,AE,AE,AE,AE,AE,AE,AE,AE,AE,AE,AE,AE,AE,AE,AE,AE,AE,AE,AE,AE,AE,AE,AE,AE,AE,AE,AE,AE,AE,AE,AE,AE,AE,AE,AE,AE,AE,AE,AE,AE,AE,AE,AE,AE,AE,,,,,,,,,,,,
EE 554,AE,AE,AE,AE,AE,AE,AE,AE,AE,AE,AE,AE,AE,AE,AE,AE,AE,AE,AE,AE,AE,AE,AE,AE,AE,AE,AE,AE,AE,AE,AE,AE,AE,AE,AE,AE,AE,AE,AE,AE,AE,AE,AE,AE,AE,AE,AE,AE,AE,AE,AE,AE,AE,AE,AE,AE,AE,AE,AE,AE,AE,AE,AE,AE,AE,AE,AE,AE,AE,AE,AE,AE,AE,AE,AE,AE,AE,AE,AE,AE,AE,AE
EE 555,AE,AE,AE,AE,AE,AE,AE,AE,AE,AE,AE,AE,AE,AE,AE,AE,AE,AE,AE,AE,AE,AE,AE,AE,AE,AE,AE,AE,AE,AE,AE,AE,AE,AE,AE,AE,AE,AE,AE,AE,AE,AE,AE,AE,AE,AE,AE,AE,AE,AE,AE,AE,AE,AE,AE,AE,AE,AE,AE,AE,AE,AE,AE,AE,AE,AE,AE,AE,AE,AE,AE,AE,AE,AE,AE,AE,AE,AE,AE,AE,AE,AE
EE 556,AE,AE,AE,AE,AE,AE,AE,AE,AE,AE,AE,AE,AE,AE,AE,AE,AE,AE,AE,AE,AE,AE,AE,AE,AE,AE,AE,AE,AE,AE,AE,AE,AE,AE,AE,AE,AE,AE,AE,AE,AE,AE,AE,AE,AE,AE,AE,AE,AE,AE,AE,AE,AE,AE,AE,AE,AE,AE,AE,AE,AE,AE,AE,AE,AE,AE,AE,AE,AE,AE,AE,AE,AE,AE,AE,AE,AE,AE,AE,AE,AE,AE
EE 557,AE,AE,AE,AE,AE,AE,AE,AE,AE,AE,AE,AE,AE,AE,AE,AE,AE,AE,AE,AE,AE,AE,AE,AE,AE,AE,AE,AE,AE,AE,AE,AE,AE,AE,AE,AE,AE,AE,AE,AE,AE,AE,AE,AE,AE,AE,AE,AE,AE,AE,AE,AE,AE,AE,AE,AE,AE,AE,AE,AE,AE,AE,AE,AE,AE,AE,AE,AE,AE,AE,,,,,,,,,,,,
EE 560,AE,AE,AE,AE,AE,AE,AE,AE,AE,AE,AE,AE,AE,AE,AE,AE,AE,AE,AE,AE,AE,AE,AE,AE,AE,AE,AE,AE,AE,AE,AE,AE,AE,AE,AE,AE,AE,AE,AE,AE,AE,AE,AE,AE,AE,AE,AE,AE,AE,AE,AE,AE,AE,AE,AE,AE,AE,AE,AE,AE,AE,AE,AE,AE,AE,AE,AE,AE,AE,AE,,,,,,,,,,,,
EE 561,AE,AE,AE,AE,AE,AE,AE,AE,AE,AE,AE,AE,AE,AE,AE,AE,AE,AE,AE,AE,AE,AE,AE,AE,AE,AE,AE,AE,AE,AE,AE,AE,AE,AE,AE,AE,AE,AE,AE,AE,AE,AE,AE,AE,AE,AE,AE,AE,AE,AE,AE,AE,AE,AE,AE,AE,AE,AE,AE,AE,AE,AE,AE,AE,AE,AE,AE,AE,AE,AE,AE,AE,AE,AE,AE,AE,AE,AE,AE,AE,AE,AE
EE 562,AE,AE,AE,AE,AE,AE,AE,AE,AE,AE,AE,AE,AE,AE,AE,AE,AE,AE,AE,AE,AE,AE,AE,AE,AE,AE,AE,AE,AE,AE,AE,AE,AE,AE,AE,AE,AE,AE,AE,AE,AE,AE,AE,AE,AE,AE,AE,AE,AE,AE,AE,AE,AE,AE,AE,AE,AE,AE,AE,AE,AE,AE,AE,AE,AE,AE,AE,AE,AE,AE,,,,,,,,,,,,
EE 563,AE,AE,AE,AE,AE,AE,AE,AE,AE,AE,AE,AE,AE,AE,AE,AE,AE,AE,AE,AE,AE,AE,AE,AE,AE,AE,AE,AE,AE,AE,AE,AE,AE,AE,AE,AE,AE,AE,AE,AE,AE,AE,AE,AE,AE,AE,AE,AE,AE,AE,AE,AE,AE,AE,AE,AE,AE,AE,AE,AE,AE,AE,AE,AE,AE,AE,AE,AE,AE,AE,AE,AE,AE,AE,AE,AE,AE,AE,AE,AE,AE,AE
EE 565,AE,AE,AE,AE,AE,AE,AE,AE,AE,AE,AE,AE,AE,AE,AE,AE,AE,AE,AE,AE,AE,AE,AE,AE,AE,AE,AE,AE,AE,AE,AE,AE,AE,AE,AE,AE,AE,AE,AE,AE,AE,AE,AE,AE,AE,AE,AE,AE,AE,AE,AE,AE,AE,AE,AE,AE,AE,AE,AE,AE,AE,AE,AE,AE,AE,AE,AE,AE,AE,AE,,,,,,,,,,,,
EE 566,AE,AE,AE,AE,AE,AE,AE,AE,AE,AE,AE,AE,AE,AE,AE,AE,AE,AE,AE,AE,AE,AE,AE,AE,AE,AE,AE,AE,AE,AE,AE,AE,AE,AE,AE,AE,AE,AE,AE,AE,AE,AE,AE,AE,AE,AE,AE,AE,AE,AE,AE,AE,AE,AE,AE,AE,AE,AE,AE,AE,AE,AE,AE,AE,AE,AE,AE,AE,AE,AE,AE,AE,AE,AE,AE,AE,AE,AE,AE,AE,AE,AE
EE 567,AE,AE,AE,AE,AE,AE,AE,AE,AE,AE,AE,AE,AE,AE,AE,AE,AE,AE,AE,AE,AE,AE,AE,AE,AE,AE,AE,AE,AE,AE,AE,AE,AE,AE,AE,AE,AE,AE,AE,AE,AE,AE,AE,AE,AE,AE,AE,AE,AE,AE,AE,AE,AE,AE,AE,AE,AE,AE,AE,AE,AE,AE,AE,AE,AE,AE,AE,AE,AE,AE,AE,AE,AE,AE,AE,AE,AE,AE,AE,AE,AE,AE
EE 568,AE,AE,AE,AE,AE,AE,AE,AE,AE,AE,AE,AE,AE,AE,AE,AE,AE,AE,AE,AE,AE,AE,AE,AE,AE,AE,AE,AE,AE,AE,AE,AE,AE,AE,AE,AE,AE,AE,AE,AE,AE,AE,AE,AE,AE,AE,AE,AE,AE,AE,AE,AE,AE,AE,AE,AE,AE,AE,AE,AE,AE,AE,AE,AE,AE,AE,AE,AE,AE,AE,AE,AE,AE,AE,AE,AE,AE,AE,AE,AE,AE,AE
EE 569,AE,AE,AE,AE,AE,AE,AE,AE,AE,AE,AE,AE,AE,AE,AE,AE,AE,AE,AE,AE,AE,AE,AE,AE,AE,AE,AE,AE,AE,AE,AE,AE,AE,AE,AE,AE,AE,AE,AE,AE,AE,AE,AE,AE,AE,AE,AE,AE,AE,AE,AE,AE,AE,AE,AE,AE,AE,AE,AE,AE,AE,AE,AE,AE,AE,AE,AE,AE,AE,AE,,,,,,,,,,,,
EE 571,AE,AE,AE,AE,AE,AE,AE,AE,AE,AE,AE,AE,AE,AE,AE,AE,AE,AE,AE,AE,AE,AE,AE,AE,AE,AE,AE,AE,AE,AE,AE,AE,AE,AE,AE,AE,AE,AE,AE,AE,AE,AE,AE,AE,AE,AE,AE,AE,AE,AE,AE,AE,AE,AE,AE,AE,AE,AE,AE,AE,AE,AE,AE,AE,AE,AE,AE,AE,AE,AE,AE,AE,AE,AE,AE,AE,AE,AE,AE,AE,AE,AE
EE 572,AE,AE,AE,AE,AE,AE,AE,AE,AE,AE,AE,AE,AE,AE,AE,AE,AE,AE,AE,AE,AE,AE,AE,AE,AE,AE,AE,AE,AE,AE,AE,AE,AE,AE,AE,AE,AE,AE,AE,AE,AE,AE,AE,AE,AE,AE,AE,AE,AE,AE,AE,AE,AE,AE,AE,AE,AE,AE,AE,AE,AE,AE,AE,AE,AE,AE,AE,AE,AE,AE,,,,,,,,,,,,
EE 573,AE,AE,AE,AE,AE,AE,AE,AE,AE,AE,AE,AE,AE,AE,AE,AE,AE,AE,AE,AE,AE,AE,AE,AE,AE,AE,AE,AE,AE,AE,AE,AE,AE,AE,AE,AE,AE,AE,AE,AE,AE,AE,AE,AE,AE,AE,AE,AE,AE,AE,AE,AE,AE,AE,AE,AE,AE,AE,AE,AE,AE,AE,AE,AE,AE,AE,AE,AE,AE,AE,AE,AE,AE,AE,AE,AE,AE,AE,AE,AE,AE,AE
EE 575,AE,AE,AE,AE,AE,AE,AE,AE,AE,AE,AE,AE,AE,AE,AE,AE,AE,AE,AE,AE,AE,AE,AE,AE,AE,AE,AE,AE,AE,AE,AE,AE,AE,AE,AE,AE,AE,AE,AE,AE,AE,AE,AE,AE,AE,AE,AE,AE,AE,AE,AE,AE,AE,AE,AE,AE,AE,AE,AE,AE,AE,AE,AE,AE,AE,AE,AE,AE,AE,AE,,,,,,,,,,,,
EE 580,AE,AE,AE,AE,AE,AE,AE,AE,AE,AE,AE,AE,AE,AE,AE,AE,AE,AE,AE,AE,AE,AE,AE,AE,AE,AE,AE,AE,AE,AE,AE,AE,AE,AE,AE,AE,AE,AE,AE,AE,AE,AE,AE,AE,AE,AE,AE,AE,AE,AE,AE,,,,,,,,,,,,,,,,,,,,,,,,,,,,,,,
EE 58000,AE,AE,AE,AE,AE,AE,AE,AE,AE,AE,AE,AE,AE,AE,AE,AE,AE,AE,AE,AE,AE,AE,AE,AE,AE,AE,AE,AE,AE,AE,AE,AE,AE,AE,AE,AE,AE,AE,AE,AE,AE,AE,AE,AE,AE,AE,AE,AE,AE,AE,AE,AE,AE,AE,AE,AE,AE,AE,AE,AE,AE,AE,AE,AE,AE,AE,AE,AE,AE,,,,,,,,,,,,,
EE 58001,AE,AE,AE,AE,AE,AE,AE,AE,AE,AE,AE,AE,AE,AE,AE,AE,AE,AE,AE,AE,AE,AE,AE,AE,AE,AE,AE,AE,AE,AE,AE,AE,AE,AE,AE,AE,AE,AE,AE,AE,AE,AE,AE,AE,AE,AE,AE,AE,AE,AE,AE,AE,AE,AE,AE,AE,AE,AE,AE,AE,AE,AE,AE,AE,AE,AE,AE,AE,AE,AE,AE,AE,AE,AE,AE,AE,AE,AE,,,,
EE 58002,AE,AE,AE,AE,AE,AE,AE,AE,AE,AE,AE,AE,AE,AE,AE,AE,AE,AE,AE,AE,AE,AE,AE,AE,AE,AE,AE,AE,AE,AE,AE,AE,AE,AE,AE,AE,AE,AE,AE,AE,AE,AE,AE,AE,AE,AE,AE,AE,AE,AE,AE,AE,AE,AE,AE,AE,AE,AE,AE,AE,AE,AE,AE,,,,,,,,,,,,,,,,,,,
EE 58003,AE,AE,AE,AE,AE,AE,AE,AE,AE,AE,AE,AE,AE,AE,AE,AE,AE,AE,AE,AE,AE,AE,AE,AE,AE,AE,AE,AE,AE,AE,AE,AE,AE,AE,AE,AE,AE,AE,AE,AE,AE,AE,AE,AE,AE,AE,AE,AE,AE,AE,AE,AE,AE,AE,AE,AE,AE,AE,AE,AE,AE,AE,AE,AE,AE,AE,AE,AE,AE,AE,AE,AE,AE,AE,AE,AE,AE,AE,AE,AE,AE,AE
EE 58004,AE,AE,AE,AE,AE,AE,AE,AE,AE,AE,AE,AE,AE,AE,AE,AE,AE,AE,AE,AE,AE,AE,AE,AE,AE,AE,AE,AE,AE,AE,AE,AE,AE,AE,AE,AE,AE,AE,AE,AE,AE,AE,AE,AE,AE,AE,AE,AE,AE,AE,AE,AE,AE,AE,AE,AE,AE,AE,AE,AE,AE,AE,AE,,,,,,,,,,,,,,,,,,,
EE 58005,AE,AE,AE,AE,AE,AE,AE,AE,AE,AE,AE,AE,AE,AE,AE,AE,AE,AE,AE,AE,AE,AE,AE,AE,AE,AE,AE,AE,AE,AE,AE,AE,AE,AE,AE,AE,AE,AE,AE,AE,AE,AE,AE,AE,AE,AE,AE,AE,AE,AE,AE,AE,AE,AE,AE,AE,AE,AE,AE,AE,AE,,,,,,,,,,,,,,,,,,,,,
EE 58006,AE,AE,AE,AE,AE,AE,AE,AE,AE,AE,AE,AE,AE,AE,AE,AE,AE,AE,AE,AE,AE,AE,AE,AE,AE,AE,AE,AE,AE,AE,AE,AE,AE,AE,AE,AE,AE,AE,AE,AE,AE,AE,AE,AE,AE,AE,AE,AE,AE,AE,AE,AE,AE,AE,AE,AE,AE,AE,AE,AE,AE,AE,AE,AE,AE,AE,AE,AE,AE,AE,AE,AE,AE,AE,AE,AE,AE,AE,AE,AE,AE,AE
EE 58008,AE,AE,AE,AE,AE,AE,AE,AE,AE,AE,AE,AE,AE,AE,AE,AE,AE,AE,AE,AE,AE,AE,AE,AE,AE,AE,AE,AE,AE,AE,AE,AE,AE,AE,AE,AE,AE,AE,AE,AE,AE,AE,AE,AE,AE,AE,AE,AE,AE,AE,AE,AE,AE,AE,AE,AE,AE,AE,AE,AE,AE,AE,AE,AE,AE,AE,AE,AE,AE,AE,AE,AE,AE,AE,AE,AE,AE,AE,AE,AE,AE,AE
EE 58009,AE,AE,AE,AE,AE,AE,AE,AE,AE,AE,AE,AE,AE,AE,AE,AE,AE,AE,AE,AE,AE,AE,AE,AE,AE,AE,AE,AE,AE,AE,AE,AE,AE,AE,AE,AE,AE,AE,AE,AE,AE,AE,AE,AE,AE,AE,AE,AE,AE,AE,AE,AE,AE,AE,AE,AE,AE,AE,AE,AE,AE,AE,AE,AE,AE,AE,AE,AE,AE,AE,AE,AE,AE,AE,AE,AE,AE,AE,AE,AE,AE,AE
EE 58010,AE,AE,AE,AE,AE,AE,AE,AE,AE,AE,AE,AE,AE,AE,AE,AE,AE,AE,AE,AE,AE,AE,AE,AE,AE,AE,AE,AE,AE,AE,AE,AE,AE,AE,AE,AE,AE,AE,AE,AE,AE,AE,AE,AE,AE,AE,AE,AE,AE,AE,AE,AE,AE,AE,AE,AE,AE,AE,AE,AE,AE,AE,AE,AE,AE,AE,AE,AE,AE,AE,AE,AE,AE,AE,AE,AE,AE,AE,AE,AE,AE,AE
EE 58011,AE,AE,AE,AE,AE,AE,AE,AE,AE,AE,AE,AE,AE,AE,AE,AE,AE,AE,AE,AE,AE,AE,AE,AE,AE,AE,AE,AE,AE,AE,AE,AE,AE,AE,AE,AE,AE,AE,AE,AE,AE,AE,AE,AE,AE,AE,AE,AE,AE,AE,AE,AE,AE,AE,AE,AE,AE,AE,AE,AE,AE,AE,AE,AE,AE,AE,AE,AE,AE,AE,AE,AE,AE,AE,AE,AE,AE,AE,AE,AE,AE,AE
EE 5807,AE,AE,AE,AE,AE,AE,AE,AE,AE,AE,AE,AE,AE,AE,AE,AE,AE,AE,AE,AE,AE,AE,AE,AE,AE,AE,AE,AE,AE,AE,AE,AE,AE,AE,AE,AE,AE,AE,AE,AE,AE,AE,AE,AE,AE,AE,AE,AE,AE,AE,AE,AE,AE,AE,AE,AE,AE,AE,AE,AE,AE,AE,AE,AE,AE,AE,AE,AE,AE,AE,AE,AE,AE,AE,AE,AE,AE,AE,AE,AE,AE,AE
EE 581,AE,AE,AE,AE,AE,AE,AE,AE,AE,AE,AE,AE,AE,AE,AE,AE,AE,AE,AE,AE,AE,AE,AE,AE,AE,AE,AE,AE,AE,AE,AE,AE,AE,AE,AE,AE,AE,AE,AE,AE,AE,AE,AE,AE,AE,AE,AE,AE,AE,AE,AE,,,,,,,,,,,,,,,,,,,,,,,,,,,,,,,
EE 582,AE,AE,AE,AE,AE,AE,AE,AE,AE,AE,AE,AE,AE,AE,AE,AE,AE,AE,AE,AE,AE,AE,AE,AE,AE,AE,AE,AE,AE,AE,AE,AE,AE,AE,AE,AE,AE,AE,AE,,,,,,,,,,,,,,,,,,,,,,,,,,,,,,,,,,,,,,,,,,,
EE 583,AE,AE,AE,AE,AE,AE,AE,AE,AE,AE,AE,AE,AE,AE,AE,AE,AE,AE,AE,AE,AE,AE,AE,AE,AE,AE,AE,AE,AE,AE,AE,AE,AE,AE,AE,AE,AE,AE,AE,,,,,,,,,,,,,,,,,,,,,,,,,,,,,,,,,,,,,,,,,,,
EE 584,AE,AE,AE,AE,AE,AE,AE,AE,AE,AE,AE,AE,AE,AE,AE,AE,AE,AE,AE,AE,AE,AE,AE,AE,AE,AE,AE,AE,AE,AE,AE,AE,AE,AE,AE,AE,AE,AE,AE,AE,AE,AE,AE,AE,AE,AE,AE,AE,AE,AE,AE,,,,,,,,,,,,,,,,,,,,,,,,,,,,,,,
EE 585,AE,AE,AE,AE,AE,AE,AE,AE,AE,AE,AE,AE,AE,AE,AE,AE,AE,AE,AE,AE,AE,AE,AE,AE,AE,AE,AE,AE,AE,AE,AE,AE,AE,AE,AE,AE,AE,AE,AE,AE,AE,AE,AE,AE,AE,AE,AE,AE,AE,AE,AE,,,,,,,,,,,,,,,,,,,,,,,,,,,,,,,
EE 606,AE,AE,AE,AE,AE,AE,AE,AE,AE,AE,AE,AE,AE,AE,AE,AE,AE,AE,AE,AE,AE,AE,AE,AE,AE,AE,AE,AE,AE,AE,AE,AE,AE,AE,AE,AE,AE,AE,AE,AE,AE,AE,AE,AE,AE,AE,AE,AE,AE,AE,AE,AE,AE,AE,AE,AE,AE,AE,AE,AE,AE,AE,AE,AE,AE,AE,AE,AE,AE,AE,AE,AE,AE,AE,AE,AE,AE,AE,AE,AE,AE,AE
EE 620,AE,AE,AE,AE,AE,AE,AE,AE,AE,AE,AE,AE,AE,AE,AE,AE,AE,AE,AE,AE,AE,AE,AE,AE,AE,AE,AE,AE,AE,AE,AE,AE,AE,AE,AE,AE,AE,AE,AE,AE,AE,AE,AE,AE,AE,AE,AE,AE,AE,AE,AE,AE,AE,AE,AE,AE,AE,AE,AE,AE,AE,AE,AE,AE,AE,AE,AE,AE,AE,AE,,,,,,,,,,,,
EE 621,AE,AE,AE,AE,AE,AE,AE,AE,AE,AE,AE,AE,AE,AE,AE,AE,AE,AE,AE,AE,AE,AE,AE,AE,AE,AE,AE,AE,AE,AE,AE,AE,AE,AE,AE,AE,AE,AE,AE,AE,AE,AE,AE,AE,AE,AE,AE,AE,AE,AE,AE,AE,AE,AE,AE,AE,AE,AE,AE,AE,AE,AE,AE,AE,AE,AE,AE,AE,AE,AE,,,,,,,,,,,,
EE 622,AE,AE,AE,AE,AE,AE,AE,AE,AE,AE,AE,AE,AE,AE,AE,AE,AE,AE,AE,AE,AE,AE,AE,AE,AE,AE,AE,AE,AE,AE,AE,AE,AE,AE,AE,AE,AE,AE,AE,,,,,,,,,,,,,,,,,,,,,,,,,,,,,,,,,,,,,,,,,,,
EE 623,AE,AE,AE,AE,AE,AE,AE,AE,AE,AE,AE,AE,AE,AE,AE,AE,AE,AE,AE,AE,AE,AE,AE,AE,AE,AE,AE,AE,AE,AE,AE,AE,AE,AE,AE,AE,AE,AE,AE,,,,,,,,,,,,,,,,,,,,,,,,,,,,,,,,,,,,,,,,,,,
EE 624,AE,AE,AE,AE,AE,AE,AE,AE,AE,AE,AE,AE,AE,AE,AE,AE,AE,AE,AE,AE,AE,AE,AE,AE,AE,AE,AE,AE,AE,AE,AE,AE,AE,AE,AE,AE,AE,AE,AE,,,,,,,,,,,,,,,,,,,,,,,,,,,,,,,,,,,,,,,,,,,
EE 625,AE,AE,AE,AE,AE,AE,AE,AE,AE,AE,AE,AE,AE,AE,AE,AE,AE,AE,AE,AE,AE,AE,AE,AE,AE,AE,AE,AE,AE,AE,AE,AE,AE,AE,AE,AE,AE,AE,AE,AE,AE,AE,AE,AE,AE,AE,AE,AE,AE,AE,AE,AE,AE,AE,AE,AE,AE,AE,AE,AE,AE,AE,AE,AE,AE,AE,AE,AE,AE,AE,,,,,,,,,,,,
EE 626,AE,AE,AE,AE,AE,AE,AE,AE,AE,AE,AE,AE,AE,AE,AE,AE,AE,AE,AE,AE,AE,AE,AE,AE,AE,AE,AE,AE,AE,AE,AE,AE,AE,AE,AE,AE,AE,AE,AE,AE,AE,AE,AE,AE,AE,AE,AE,AE,AE,AE,AE,AE,AE,AE,AE,AE,AE,AE,AE,AE,AE,AE,AE,AE,AE,AE,AE,AE,AE,AE,AE,AE,AE,AE,AE,AE,AE,AE,AE,AE,AE,AE
EE 627,AE,AE,AE,AE,AE,AE,AE,AE,AE,AE,AE,AE,AE,AE,AE,AE,AE,AE,AE,AE,AE,AE,AE,AE,AE,AE,AE,AE,AE,AE,AE,AE,AE,AE,AE,AE,AE,AE,AE,AE,AE,AE,AE,AE,AE,AE,AE,AE,AE,AE,AE,AE,AE,AE,AE,AE,AE,AE,AE,AE,AE,AE,AE,AE,AE,AE,AE,AE,AE,AE,,,,,,,,,,,,
EE 628,AE,AE,AE,AE,AE,AE,AE,AE,AE,AE,AE,AE,AE,AE,AE,AE,AE,AE,AE,AE,AE,AE,AE,AE,AE,AE,AE,AE,AE,AE,AE,AE,AE,AE,AE,AE,AE,AE,AE,AE,AE,AE,AE,AE,AE,AE,AE,AE,AE,AE,AE,AE,AE,AE,AE,AE,AE,AE,AE,AE,AE,AE,AE,AE,AE,AE,AE,AE,AE,AE,AE,AE,AE,AE,AE,AE,AE,AE,AE,AE,AE,AE
EE 629,AE,AE,AE,AE,AE,AE,AE,AE,AE,AE,AE,AE,AE,AE,AE,AE,AE,AE,AE,AE,AE,AE,AE,AE,AE,AE,AE,AE,AE,AE,AE,AE,AE,AE,AE,AE,AE,AE,AE,AE,AE,AE,AE,AE,AE,AE,AE,AE,AE,AE,AE,AE,AE,AE,AE,AE,AE,AE,AE,AE,AE,AE,AE,AE,AE,AE,AE,AE,AE,AE,,,,,,,,,,,,
EE 630,AE,AE,AE,AE,AE,AE,AE,AE,AE,AE,AE,AE,AE,AE,AE,AE,AE,AE,AE,AE,AE,AE,AE,AE,AE,AE,AE,AE,AE,AE,AE,AE,AE,AE,AE,AE,AE,AE,AE,AE,AE,AE,AE,AE,AE,AE,AE,AE,AE,AE,AE,AE,AE,AE,AE,AE,AE,AE,AE,AE,AE,AE,AE,AE,AE,AE,AE,AE,AE,AE,,,,,,,,,,,,
EE 631,AE,AE,AE,AE,AE,AE,AE,AE,AE,AE,AE,AE,AE,AE,AE,AE,AE,AE,AE,AE,AE,AE,AE,AE,AE,AE,AE,AE,AE,AE,AE,AE,AE,AE,AE,AE,AE,AE,AE,AE,AE,AE,AE,AE,AE,AE,AE,AE,AE,AE,AE,AE,AE,AE,AE,AE,AE,AE,AE,AE,AE,AE,AE,AE,AE,AE,AE,AE,AE,AE,,,,,,,,,,,,
EE 632,AE,AE,AE,AE,AE,AE,AE,AE,AE,AE,AE,AE,AE,AE,AE,AE,AE,AE,AE,AE,AE,AE,AE,AE,AE,AE,AE,AE,AE,AE,AE,AE,AE,AE,AE,AE,AE,AE,AE,AE,AE,AE,AE,AE,AE,AE,AE,AE,AE,AE,AE,AE,AE,AE,AE,AE,AE,AE,AE,AE,AE,AE,AE,AE,AE,AE,AE,AE,AE,AE,AE,AE,AE,AE,AE,AE,AE,AE,AE,AE,AE,AE
EE 633,AE,AE,AE,AE,AE,AE,AE,AE,AE,AE,AE,AE,AE,AE,AE,AE,AE,AE,AE,AE,AE,AE,AE,AE,AE,AE,AE,AE,AE,AE,AE,AE,AE,AE,AE,AE,AE,AE,AE,AE,AE,AE,AE,AE,AE,AE,AE,AE,AE,AE,AE,AE,AE,AE,AE,AE,AE,AE,AE,AE,AE,AE,AE,AE,AE,AE,AE,AE,AE,AE,AE,AE,AE,AE,AE,AE,AE,AE,AE,AE,AE,AE
EE 634,AE,AE,AE,AE,AE,AE,AE,AE,AE,AE,AE,AE,AE,AE,AE,AE,AE,AE,AE,AE,AE,AE,AE,AE,AE,AE,AE,AE,AE,AE,AE,AE,AE,AE,AE,AE,AE,AE,AE,AE,AE,AE,AE,AE,AE,AE,AE,AE,AE,AE,AE,AE,AE,AE,AE,AE,AE,AE,AE,AE,AE,AE,AE,AE,AE,AE,AE,AE,AE,AE,AE,AE,AE,AE,AE,AE,AE,AE,AE,AE,AE,AE
EE 635,AE,AE,AE,AE,AE,AE,AE,AE,AE,AE,AE,AE,AE,AE,AE,AE,AE,AE,AE,AE,AE,AE,AE,AE,AE,AE,AE,AE,AE,AE,AE,AE,AE,AE,AE,AE,AE,AE,AE,AE,AE,AE,AE,AE,AE,AE,AE,AE,AE,AE,AE,AE,AE,AE,AE,AE,AE,AE,AE,AE,AE,AE,AE,AE,AE,AE,AE,AE,AE,AE,,,,,,,,,,,,
EE 636,AE,AE,AE,AE,AE,AE,AE,AE,AE,AE,AE,AE,AE,AE,AE,AE,AE,AE,AE,AE,AE,AE,AE,AE,AE,AE,AE,AE,AE,AE,AE,AE,AE,AE,AE,AE,AE,AE,AE,AE,AE,AE,AE,AE,AE,AE,AE,AE,AE,AE,AE,AE,AE,AE,AE,AE,AE,AE,AE,AE,AE,AE,AE,AE,AE,AE,AE,AE,AE,AE,AE,AE,AE,AE,AE,AE,AE,AE,AE,AE,AE,AE
EE 637,AE,AE,AE,AE,AE,AE,AE,AE,AE,AE,AE,AE,AE,AE,AE,AE,AE,AE,AE,AE,AE,AE,AE,AE,AE,AE,AE,AE,AE,AE,AE,AE,AE,AE,AE,AE,AE,AE,AE,AE,AE,AE,AE,AE,AE,AE,AE,AE,AE,AE,AE,AE,AE,AE,AE,AE,AE,AE,AE,AE,AE,AE,AE,AE,AE,AE,AE,AE,AE,AE,,,,,,,,,,,,
EE 638,AE,AE,AE,AE,AE,AE,AE,AE,AE,AE,AE,AE,AE,AE,AE,AE,AE,AE,AE,AE,AE,AE,AE,AE,AE,AE,AE,AE,AE,AE,AE,AE,AE,AE,AE,AE,AE,AE,AE,AE,AE,AE,AE,AE,AE,AE,AE,AE,AE,AE,AE,AE,AE,AE,AE,AE,AE,AE,AE,AE,AE,AE,AE,AE,AE,AE,AE,AE,AE,AE,,,,,,,,,,,,
EE 639,AE,AE,AE,AE,AE,AE,AE,AE,AE,AE,AE,AE,AE,AE,AE,AE,AE,AE,AE,AE,AE,AE,AE,AE,AE,AE,AE,AE,AE,AE,AE,AE,AE,AE,AE,AE,AE,AE,AE,AE,AE,AE,AE,AE,AE,AE,AE,AE,AE,AE,AE,,,,,,,,,,,,,,,,,,,,,,,,,,,,,,,
EE 651,AE,AE,AE,AE,AE,AE,AE,AE,AE,AE,AE,AE,AE,AE,AE,AE,AE,AE,AE,AE,AE,AE,AE,AE,AE,AE,AE,AE,AE,AE,AE,AE,AE,AE,AE,AE,AE,AE,AE,AE,AE,AE,AE,AE,AE,AE,AE,AE,AE,AE,AE,AE,AE,AE,AE,AE,AE,AE,AE,AE,AE,AE,AE,AE,AE,AE,AE,AE,AE,AE,,,,,,,,,,,,
EE 652,AE,AE,AE,AE,AE,AE,AE,AE,AE,AE,AE,AE,AE,AE,AE,AE,AE,AE,AE,AE,AE,AE,AE,AE,AE,AE,AE,AE,AE,AE,AE,AE,AE,AE,AE,AE,AE,AE,AE,AE,AE,AE,AE,AE,AE,AE,AE,AE,AE,AE,AE,AE,AE,AE,AE,AE,AE,AE,AE,AE,AE,AE,AE,AE,AE,AE,AE,AE,AE,AE,,,,,,,,,,,,
EE 653,AE,AE,AE,AE,AE,AE,AE,AE,AE,AE,AE,AE,AE,AE,AE,AE,AE,AE,AE,AE,AE,AE,AE,AE,AE,AE,AE,AE,AE,AE,AE,AE,AE,AE,AE,AE,AE,AE,AE,AE,AE,AE,AE,AE,AE,AE,AE,AE,AE,AE,AE,AE,AE,AE,AE,AE,AE,AE,AE,AE,AE,AE,AE,AE,AE,AE,AE,AE,AE,AE,AE,AE,AE,AE,AE,AE,AE,AE,AE,AE,AE,AE
EE 654,AE,AE,AE,AE,AE,AE,AE,AE,AE,AE,AE,AE,AE,AE,AE,AE,AE,AE,AE,AE,AE,AE,AE,AE,AE,AE,AE,AE,AE,AE,AE,AE,AE,AE,AE,AE,AE,AE,AE,AE,AE,AE,AE,AE,AE,AE,AE,AE,AE,AE,AE,AE,AE,AE,AE,AE,AE,AE,AE,AE,AE,AE,AE,AE,AE,AE,AE,AE,AE,AE,AE,AE,AE,AE,AE,AE,AE,AE,AE,AE,AE,AE
EE 661,AE,AE,AE,AE,AE,AE,AE,AE,AE,AE,AE,AE,AE,AE,AE,AE,AE,AE,AE,AE,AE,AE,AE,AE,AE,AE,AE,AE,AE,AE,AE,AE,AE,AE,AE,AE,AE,AE,AE,AE,AE,AE,AE,AE,AE,AE,AE,AE,AE,AE,AE,AE,AE,AE,AE,AE,AE,AE,AE,AE,AE,AE,AE,AE,AE,AE,AE,AE,AE,AE,,,,,,,,,,,,
EE 662,AE,AE,AE,AE,AE,AE,AE,AE,AE,AE,AE,AE,AE,AE,AE,AE,AE,AE,AE,AE,AE,AE,AE,AE,AE,AE,AE,AE,AE,AE,AE,AE,AE,AE,AE,AE,AE,AE,AE,AE,AE,AE,AE,AE,AE,AE,AE,AE,AE,AE,AE,AE,AE,AE,AE,AE,AE,AE,AE,AE,AE,AE,AE,AE,AE,AE,AE,AE,AE,AE,,,,,,,,,,,,
EE 665,AE,AE,AE,AE,AE,AE,AE,AE,AE,AE,AE,AE,AE,AE,AE,AE,AE,AE,AE,AE,AE,AE,AE,AE,AE,AE,AE,AE,AE,AE,AE,AE,AE,AE,AE,AE,AE,AE,AE,AE,AE,AE,AE,AE,AE,AE,AE,AE,AE,AE,AE,AE,AE,AE,AE,AE,AE,AE,AE,AE,AE,AE,AE,AE,AE,AE,AE,AE,AE,AE,,,,,,,,,,,,
EE 672,AE,AE,AE,AE,AE,AE,AE,AE,AE,AE,AE,AE,AE,AE,AE,AE,AE,AE,AE,AE,AE,AE,AE,AE,AE,AE,AE,AE,AE,AE,AE,AE,AE,AE,AE,AE,AE,AE,AE,AE,AE,AE,AE,AE,AE,AE,AE,AE,AE,AE,AE,AE,AE,AE,AE,AE,AE,AE,AE,AE,AE,AE,AE,AE,AE,AE,AE,AE,AE,AE,AE,AE,AE,AE,AE,AE,AE,AE,AE,AE,AE,AE
EE 680,AE,AE,AE,AE,AE,AE,AE,AE,AE,AE,AE,AE,AE,AE,AE,AE,AE,AE,AE,AE,AE,AE,AE,AE,AE,AE,AE,AE,AE,AE,AE,AE,AE,AE,AE,AE,AE,AE,AE,AE,AE,AE,AE,AE,AE,AE,AE,AE,AE,AE,AE,,,,,,,,,,,,,,,,,,,,,,,,,,,,,,,
EE 68000,AE,AE,AE,AE,AE,AE,AE,AE,AE,AE,AE,AE,AE,AE,AE,AE,AE,AE,AE,AE,AE,AE,AE,AE,AE,AE,AE,AE,AE,AE,AE,AE,AE,AE,AE,AE,AE,AE,AE,AE,AE,AE,AE,AE,AE,AE,AE,AE,AE,AE,AE,AE,,,,,,,,,,,,,,,,,,,,,,,,,,,,,,
EE 681,AE,AE,AE,AE,AE,AE,AE,AE,AE,AE,AE,AE,AE,AE,AE,AE,AE,AE,AE,AE,AE,AE,AE,AE,AE,AE,AE,AE,AE,AE,AE,AE,AE,AE,AE,AE,AE,AE,AE,AE,AE,AE,AE,AE,AE,AE,AE,AE,AE,AE,AE,,,,,,,,,,,,,,,,,,,,,,,,,,,,,,,
EE 682,AE,AE,AE,AE,AE,AE,AE,AE,AE,AE,AE,AE,AE,AE,AE,AE,AE,AE,AE,AE,AE,AE,AE,AE,AE,AE,AE,AE,AE,AE,AE,AE,AE,AE,AE,AE,AE,AE,AE,,,,,,,,,,,,,,,,,,,,,,,,,,,,,,,,,,,,,,,,,,,
EE 683,AE,AE,AE,AE,AE,AE,AE,AE,AE,AE,AE,AE,AE,AE,AE,AE,AE,AE,AE,AE,AE,AE,AE,AE,AE,AE,AE,AE,AE,AE,AE,AE,AE,AE,AE,AE,AE,AE,AE,,,,,,,,,,,,,,,,,,,,,,,,,,,,,,,,,,,,,,,,,,,
EE 684,AE,AE,AE,AE,AE,AE,AE,AE,AE,AE,AE,AE,AE,AE,AE,AE,AE,AE,AE,AE,AE,AE,AE,AE,AE,AE,AE,AE,AE,AE,AE,AE,AE,AE,AE,AE,AE,AE,AE,AE,AE,AE,AE,AE,AE,AE,AE,AE,AE,AE,AE,,,,,,,,,,,,,,,,,,,,,,,,,,,,,,,
EE 685,AE,AE,AE,AE,AE,AE,AE,AE,AE,AE,AE,AE,AE,AE,AE,AE,AE,AE,AE,AE,AE,AE,AE,AE,AE,AE,AE,AE,AE,AE,AE,AE,AE,AE,AE,AE,AE,AE,AE,AE,AE,AE,AE,AE,AE,AE,AE,AE,AE,AE,AE,,,,,,,,,,,,,,,,,,,,,,,,,,,,,,,
ENRG 520,AE,AE,AE,AE,AE,AE,AE,AE,AE,AE,AE,AE,AE,AE,AE,AE,AE,AE,AE,AE,AE,AE,AE,AE,AE,AE,AE,AE,AE,AE,AE,AE,AE,AE,AE,AE,AE,AE,AE,AE,AE,AE,AE,AE,AE,AE,AE,AE,AE,AE,AE,AE,AE,AE,AE,AE,AE,AE,AE,AE,AE,AE,AE,AE,AE,AE,AE,AE,AE,AE,AE,AE,AE,AE,AE,AE,AE,AE,AE,AE,AE,AE
ENRG 521,AE,AE,AE,AE,AE,AE,AE,AE,AE,AE,AE,AE,AE,AE,AE,AE,AE,AE,AE,AE,AE,AE,AE,AE,AE,AE,AE,AE,AE,AE,AE,AE,AE,AE,AE,AE,AE,AE,AE,AE,AE,AE,AE,AE,AE,AE,AE,AE,AE,AE,AE,AE,AE,AE,AE,AE,AE,AE,AE,AE,AE,AE,AE,AE,AE,AE,AE,AE,AE,AE,AE,AE,AE,AE,AE,AE,AE,AE,AE,AE,AE,AE
ENRG 522,AE,AE,AE,AE,AE,AE,AE,AE,AE,AE,AE,AE,AE,AE,AE,AE,AE,AE,AE,AE,AE,AE,AE,AE,AE,AE,AE,AE,AE,AE,AE,AE,AE,AE,AE,AE,AE,AE,AE,AE,AE,AE,AE,AE,AE,AE,AE,AE,AE,AE,AE,AE,AE,AE,AE,AE,AE,AE,AE,AE,AE,AE,AE,AE,AE,AE,AE,AE,AE,AE,AE,AE,AE,AE,AE,AE,AE,AE,AE,AE,AE,AE
ENRG 523,AE,AE,AE,AE,AE,AE,AE,AE,AE,AE,AE,AE,AE,AE,AE,AE,AE,AE,AE,AE,AE,AE,AE,AE,AE,AE,AE,AE,AE,AE,AE,AE,AE,AE,AE,AE,AE,AE,AE,AE,AE,AE,AE,AE,AE,AE,AE,AE,AE,AE,AE,AE,AE,AE,AE,AE,AE,AE,AE,AE,AE,AE,AE,AE,AE,AE,AE,AE,AE,AE,AE,AE,AE,AE,AE,AE,AE,AE,AE,AE,AE,AE
ENRG 524,AE,AE,AE,AE,AE,AE,AE,AE,AE,AE,AE,AE,AE,AE,AE,AE,AE,AE,AE,AE,AE,AE,AE,AE,AE,AE,AE,AE,AE,AE,AE,AE,AE,AE,AE,AE,AE,AE,AE,AE,AE,AE,AE,AE,AE,AE,AE,AE,AE,AE,AE,AE,AE,AE,AE,AE,AE,AE,AE,AE,AE,AE,AE,AE,AE,AE,AE,AE,AE,AE,AE,AE,AE,AE,AE,AE,AE,AE,AE,AE,AE,AE
ENRG 526,AE,AE,AE,AE,AE,AE,AE,AE,AE,AE,AE,AE,AE,AE,AE,AE,AE,AE,AE,AE,AE,AE,AE,AE,AE,AE,AE,AE,AE,AE,AE,AE,AE,AE,AE,AE,AE,AE,AE,AE,AE,AE,AE,AE,AE,AE,AE,AE,AE,AE,AE,AE,AE,AE,AE,AE,AE,AE,AE,AE,AE,AE,AE,AE,AE,AE,AE,AE,AE,AE,AE,AE,AE,AE,AE,AE,AE,AE,AE,AE,AE,AE
ENS 505,AE,AE,AE,AE,AE,AE,AE,AE,AE,AE,AE,AE,AE,AE,AE,AE,AE,AE,AE,AE,AE,AE,AE,AE,AE,AE,AE,AE,AE,AE,AE,AE,AE,AE,AE,AE,AE,AE,AE,AE,AE,AE,AE,AE,AE,AE,AE,AE,AE,AE,AE,AE,AE,AE,AE,AE,AE,AE,AE,AE,AE,AE,AE,AE,AE,AE,AE,AE,AE,AE,AE,AE,AE,AE,AE,AE,AE,AE,AE,AE,AE,AE
ENS 509,AE,AE,AE,AE,AE,AE,AE,AE,AE,AE,AE,AE,AE,AE,AE,AE,AE,AE,AE,AE,AE,AE,AE,AE,AE,AE,AE,AE,AE,AE,AE,AE,AE,AE,AE,AE,AE,AE,AE,AE,AE,AE,AE,AE,AE,AE,AE,AE,AE,AE,AE,AE,AE,AE,AE,AE,AE,AE,AE,AE,AE,AE,AE,AE,AE,,,,,,,,,,,,,,,,,
ENS 512,AE,AE,AE,AE,AE,AE,AE,AE,AE,AE,AE,AE,AE,AE,AE,AE,AE,AE,AE,AE,AE,AE,AE,AE,AE,AE,AE,AE,AE,AE,AE,AE,AE,AE,AE,AE,AE,AE,AE,AE,AE,AE,AE,AE,AE,AE,AE,AE,AE,AE,AE,AE,AE,AE,,,,,,,,,,,,,,,,,,,,,,,,,,,,
ENS 513,AE,AE,AE,AE,AE,AE,AE,AE,AE,AE,AE,AE,AE,AE,AE,AE,AE,AE,AE,AE,AE,AE,AE,AE,AE,AE,AE,AE,AE,AE,AE,AE,AE,AE,AE,AE,AE,AE,AE,AE,AE,AE,AE,AE,AE,AE,AE,AE,AE,AE,AE,AE,AE,AE,AE,AE,AE,AE,AE,AE,AE,AE,AE,AE,AE,AE,AE,AE,AE,AE,AE,AE,AE,AE,AE,AE,AE,AE,AE,AE,AE,AE
ENS 514,AE,AE,AE,AE,AE,AE,AE,AE,AE,AE,AE,AE,AE,AE,AE,AE,AE,AE,AE,AE,AE,AE,AE,AE,AE,AE,AE,AE,AE,AE,AE,AE,AE,AE,AE,AE,AE,AE,AE,AE,AE,AE,AE,AE,AE,AE,AE,AE,AE,AE,AE,AE,AE,AE,AE,AE,AE,AE,AE,AE,AE,AE,AE,AE,AE,AE,AE,AE,AE,AE,AE,AE,AE,AE,AE,AE,AE,AE,AE,AE,AE,AE
ENS 516,AE,AE,AE,AE,AE,AE,AE,AE,AE,AE,AE,AE,AE,AE,AE,AE,AE,AE,AE,AE,AE,AE,AE,AE,AE,AE,AE,AE,AE,AE,AE,AE,AE,AE,AE,AE,AE,AE,AE,AE,AE,AE,AE,AE,AE,AE,AE,AE,AE,AE,AE,AE,AE,AE,AE,,,,,,,,,,,,,,,,,,,,,,,,,,,
ENS 521,AE,AE,AE,AE,AE,AE,AE,AE,AE,AE,AE,AE,AE,AE,AE,AE,AE,AE,AE,AE,AE,AE,AE,AE,AE,AE,AE,AE,AE,AE,AE,AE,AE,AE,AE,AE,AE,AE,AE,AE,AE,AE,AE,AE,AE,AE,AE,AE,AE,AE,AE,AE,AE,AE,AE,AE,AE,AE,AE,AE,AE,AE,AE,AE,AE,AE,AE,AE,AE,AE,AE,AE,,,,,,,,,,
ENS 525,AE,AE,AE,AE,AE,AE,AE,AE,AE,AE,AE,AE,AE,AE,AE,AE,AE,AE,AE,AE,AE,AE,AE,AE,AE,AE,AE,AE,AE,AE,AE,AE,AE,AE,AE,AE,AE,AE,AE,AE,AE,AE,AE,AE,AE,AE,AE,AE,AE,AE,AE,AE,AE,AE,AE,AE,AE,AE,AE,AE,AE,AE,AE,AE,AE,AE,AE,AE,AE,AE,AE,AE,AE,AE,AE,AE,AE,AE,AE,AE,AE,AE
ENS 526,AE,AE,AE,AE,AE,AE,AE,AE,AE,AE,AE,AE,AE,AE,AE,AE,AE,AE,AE,AE,AE,AE,AE,AE,AE,AE,AE,AE,AE,AE,AE,AE,AE,AE,AE,AE,AE,AE,AE,AE,AE,AE,AE,AE,AE,AE,AE,AE,,,,,,,,,,,,,,,,,,,,,,,,,,,,,,,,,,
ENS 555,AE,AE,AE,AE,AE,AE,AE,AE,AE,AE,AE,AE,AE,AE,AE,AE,AE,AE,AE,AE,AE,AE,AE,AE,AE,AE,AE,AE,AE,AE,AE,AE,AE,AE,AE,AE,AE,AE,AE,AE,AE,AE,AE,AE,AE,AE,AE,AE,,,,,,,,,,,,,,,,,,,,,,,,,,,,,,,,,,
ENS 580,AE,AE,AE,AE,AE,AE,AE,AE,AE,AE,AE,AE,AE,AE,AE,AE,AE,AE,AE,AE,AE,AE,AE,AE,AE,AE,AE,AE,AE,AE,AE,AE,AE,AE,AE,AE,AE,AE,AE,AE,AE,AE,AE,AE,AE,AE,AE,AE,AE,AE,AE,,,,,,,,,,,,,,,,,,,,,,,,,,,,,,,
ENS 5803,AE,AE,AE,AE,AE,AE,AE,AE,AE,AE,AE,AE,AE,AE,AE,AE,AE,AE,AE,AE,AE,AE,AE,AE,AE,AE,AE,AE,AE,AE,AE,AE,AE,AE,AE,AE,AE,AE,AE,AE,AE,AE,AE,AE,AE,AE,AE,AE,AE,AE,AE,AE,AE,AE,AE,AE,AE,AE,AE,AE,AE,AE,AE,AE,AE,AE,AE,AE,AE,AE,AE,,,,,,,,,,,
ENS 581,AE,AE,AE,AE,AE,AE,AE,AE,AE,AE,AE,AE,AE,AE,AE,AE,AE,AE,AE,AE,AE,AE,AE,AE,AE,AE,AE,AE,AE,AE,AE,AE,AE,AE,AE,AE,AE,AE,AE,AE,AE,AE,AE,AE,AE,AE,AE,AE,AE,AE,AE,,,,,,,,,,,,,,,,,,,,,,,,,,,,,,,
ENS 596,AE,AE,AE,AE,AE,AE,AE,AE,AE,AE,AE,AE,AE,AE,AE,AE,AE,AE,AE,AE,AE,AE,AE,AE,AE,AE,AE,AE,AE,AE,AE,AE,AE,AE,AE,AE,,,,,,,,,,,,,,,,,,,,,,,,,,,,,,,,,,,,,,,,,,,,,,
ETM 551,AE,AE,AE,AE,AE,AE,AE,AE,AE,AE,AE,AE,AE,AE,AE,AE,AE,AE,AE,AE,AE,AE,AE,AE,AE,AE,AE,AE,AE,AE,AE,AE,AE,AE,AE,AE,AE,AE,AE,AE,AE,AE,AE,AE,AE,AE,AE,AE,AE,AE,AE,AE,AE,AE,AE,AE,AE,AE,AE,AE,AE,AE,AE,AE,AE,AE,AE,AE,AE,AE,AE,AE,AE,AE,AE,AE,AE,AE,AE,AE,AE,AE
ETM 580,AE,AE,AE,AE,AE,AE,AE,AE,AE,AE,AE,AE,AE,AE,AE,AE,AE,AE,AE,AE,AE,AE,AE,AE,AE,AE,AE,AE,AE,AE,AE,AE,AE,AE,AE,AE,AE,AE,AE,AE,AE,AE,AE,AE,AE,AE,AE,AE,AE,AE,AE,AE,AE,AE,AE,AE,AE,AE,AE,AE,AE,AE,AE,AE,AE,AE,AE,AE,AE,AE,,,,,,,,,,,,
ETM 590,AE,AE,AE,AE,AE,AE,AE,AE,AE,AE,AE,AE,AE,AE,AE,AE,AE,AE,AE,AE,AE,AE,AE,AE,AE,AE,AE,AE,AE,AE,AE,AE,AE,AE,AE,AE,AE,AE,AE,AE,AE,AE,AE,AE,AE,AE,AE,AE,AE,AE,AE,AE,AE,AE,AE,AE,AE,AE,AE,AE,AE,AE,AE,AE,AE,AE,AE,AE,AE,AE,AE,AE,AE,AE,AE,AE,AE,AE,AE,AE,AE,AE
GR 500E,AE,AE,AE,AE,AE,AE,AE,AE,AE,AE,AE,AE,AE,AE,AE,AE,AE,AE,AE,AE,AE,AE,AE,AE,AE,AE,AE,AE,AE,AE,AE,AE,AE,AE,AE,AE,AE,AE,AE,AE,AE,AE,AE,AE,AE,AE,AE,AE,AE,AE,AE,AE,AE,AE,AE,AE,AE,AE,AE,AE,AE,AE,AE,AE,AE,AE,AE,AE,AE,AE,AE,AE,AE,AE,AE,AE,AE,AE,AE,AE,AE,AE
GR 501E,AE,AE,AE,AE,AE,AE,AE,AE,AE,AE,AE,AE,AE,AE,AE,AE,AE,AE,AE,AE,AE,AE,AE,AE,AE,AE,AE,AE,AE,AE,AE,AE,AE,AE,AE,AE,AE,AE,AE,AE,AE,AE,AE,AE,AE,AE,AE,AE,AE,AE,AE,AE,AE,AE,AE,AE,AE,AE,AE,AE,AE,AE,AE,AE,AE,AE,AE,AE,AE,AE,AE,AE,AE,AE,AE,AE,AE,AE,AE,AE,AE,AE
GR 502E,AE,AE,AE,AE,AE,AE,AE,AE,AE,AE,AE,AE,AE,AE,AE,AE,AE,AE,AE,AE,AE,AE,AE,AE,AE,AE,AE,AE,AE,AE,AE,AE,AE,AE,AE,AE,AE,AE,AE,AE,AE,AE,AE,AE,AE,AE,AE,AE,AE,AE,AE,AE,AE,AE,AE,AE,AE,AE,AE,AE,AE,AE,AE,AE,AE,AE,AE,AE,AE,AE,AE,AE,AE,AE,AE,AE,AE,AE,AE,AE,AE,AE
GR 503E,AE,AE,AE,AE,AE,AE,AE,AE,AE,AE,AE,AE,AE,AE,AE,AE,AE,AE,AE,AE,AE,AE,AE,AE,AE,AE,AE,AE,AE,AE,AE,AE,AE,AE,AE,AE,AE,AE,AE,AE,AE,AE,AE,AE,AE,AE,AE,AE,AE,AE,AE,AE,AE,AE,AE,AE,AE,AE,AE,AE,AE,AE,AE,AE,AE,AE,AE,AE,AE,AE,AE,AE,AE,AE,AE,AE,AE,AE,AE,AE,AE,AE
GR 555E,AE,AE,AE,AE,AE,AE,AE,AE,AE,AE,AE,AE,AE,AE,AE,AE,AE,AE,AE,AE,AE,AE,AE,AE,AE,AE,AE,AE,AE,AE,AE,AE,AE,AE,AE,AE,AE,AE,AE,AE,AE,AE,AE,AE,AE,AE,AE,AE,AE,AE,AE,AE,AE,AE,AE,AE,AE,AE,AE,AE,AE,AE,AE,AE,AE,AE,AE,AE,AE,AE,AE,AE,AE,AE,AE,AE,AE,AE,AE,AE,AE,AE
IE 501,AE,AE,AE,AE,AE,AE,AE,AE,AE,AE,AE,AE,AE,AE,AE,AE,AE,AE,AE,AE,AE,AE,AE,AE,AE,AE,AE,AE,AE,AE,AE,AE,AE,AE,AE,AE,AE,AE,AE,AE,AE,AE,AE,AE,AE,AE,AE,AE,AE,AE,AE,AE,AE,AE,AE,AE,AE,AE,AE,AE,AE,AE,AE,AE,AE,AE,AE,AE,AE,AE,AE,AE,AE,AE,AE,AE,AE,AE,AE,AE,AE,AE
IE 503,AE,AE,AE,AE,AE,AE,AE,AE,AE,AE,AE,AE,AE,AE,AE,AE,AE,AE,AE,AE,AE,AE,AE,AE,AE,AE,AE,AE,AE,AE,AE,AE,AE,AE,AE,AE,AE,AE,AE,AE,AE,AE,AE,AE,AE,AE,AE,AE,AE,AE,AE,AE,AE,AE,AE,AE,AE,AE,AE,AE,AE,AE,AE,AE,AE,AE,AE,AE,AE,AE,AE,AE,AE,AE,AE,AE,AE,AE,AE,AE,AE,AE
IE 509,AE,AE,AE,AE,AE,AE,AE,AE,AE,AE,AE,AE,AE,AE,AE,AE,AE,AE,AE,AE,AE,AE,AE,AE,AE,AE,AE,AE,AE,AE,AE,AE,AE,AE,AE,AE,AE,AE,AE,AE,AE,AE,AE,AE,AE,AE,AE,AE,AE,AE,AE,AE,AE,AE,AE,AE,AE,AE,AE,AE,AE,AE,AE,AE,AE,AE,AE,AE,AE,AE,,,,,,,,,,,,
IE 512,AE,AE,AE,AE,AE,AE,AE,AE,AE,AE,AE,AE,AE,AE,AE,AE,AE,AE,AE,AE,AE,AE,AE,AE,AE,AE,AE,AE,AE,AE,AE,AE,AE,AE,AE,AE,AE,AE,AE,AE,AE,AE,AE,AE,AE,AE,AE,AE,AE,AE,AE,AE,AE,AE,AE,AE,AE,AE,AE,AE,AE,AE,AE,AE,AE,AE,AE,AE,AE,AE,AE,AE,AE,AE,AE,AE,AE,AE,AE,AE,AE,AE
IE 514,AE,AE,AE,AE,AE,AE,AE,AE,AE,AE,AE,AE,AE,AE,AE,AE,AE,AE,AE,AE,AE,AE,AE,AE,AE,AE,AE,AE,AE,AE,AE,AE,AE,AE,AE,AE,AE,AE,AE,AE,AE,AE,AE,AE,AE,AE,AE,AE,AE,AE,AE,AE,AE,AE,AE,AE,AE,AE,AE,AE,,,,,,,,,,,,,,,,,,,,,,
IE 515,AE,AE,AE,AE,AE,AE,AE,AE,AE,AE,AE,AE,AE,AE,AE,AE,AE,AE,AE,AE,AE,AE,AE,AE,AE,AE,AE,AE,AE,AE,AE,AE,AE,AE,AE,AE,AE,AE,AE,AE,AE,AE,AE,AE,AE,AE,AE,AE,AE,AE,AE,AE,AE,AE,AE,AE,AE,AE,AE,AE,AE,AE,AE,AE,AE,AE,AE,AE,AE,AE,AE,AE,AE,AE,AE,AE,AE,AE,AE,AE,AE,AE
IE 516,AE,AE,AE,AE,AE,AE,AE,AE,AE,AE,AE,AE,AE,AE,AE,AE,AE,AE,AE,AE,AE,AE,AE,AE,AE,AE,AE,AE,AE,AE,AE,AE,AE,AE,AE,AE,AE,AE,AE,AE,AE,AE,AE,AE,AE,AE,AE,AE,AE,AE,AE,AE,AE,AE,AE,AE,AE,,,,,,,,,,,,,,,,,,,,,,,,,
IE 518,AE,AE,AE,AE,AE,AE,AE,AE,AE,AE,AE,AE,AE,AE,AE,AE,AE,AE,AE,AE,AE,AE,AE,AE,AE,AE,AE,AE,AE,AE,AE,AE,AE,AE,AE,AE,AE,AE,AE,AE,,,,,,,,,,,,,,,,,,,,,,,,,,,,,,,,,,,,,,,,,,
IE 519,AE,AE,AE,AE,AE,AE,AE,AE,AE,AE,AE,AE,AE,AE,AE,AE,AE,AE,AE,AE,AE,AE,AE,AE,AE,AE,AE,AE,AE,AE,AE,AE,AE,AE,AE,AE,AE,AE,AE,AE,AE,AE,AE,AE,AE,AE,AE,AE,AE,AE,AE,AE,AE,AE,AE,AE,AE,AE,AE,AE,AE,AE,AE,AE,AE,AE,AE,AE,AE,AE,,,,,,,,,,,,
IE 522,AE,AE,AE,AE,AE,AE,AE,AE,AE,AE,AE,AE,AE,AE,AE,AE,AE,AE,AE,AE,AE,AE,AE,AE,AE,AE,AE,AE,AE,AE,AE,AE,AE,AE,AE,AE,AE,AE,AE,AE,AE,AE,AE,AE,AE,AE,AE,AE,AE,AE,AE,AE,AE,AE,AE,AE,AE,AE,,,,,,,,,,,,,,,,,,,,,,,,
IE 524,AE,AE,AE,AE,AE,AE,AE,AE,AE,AE,AE,AE,AE,AE,AE,AE,AE,AE,AE,AE,AE,AE,AE,AE,AE,AE,AE,AE,AE,AE,AE,AE,AE,AE,AE,AE,AE,AE,AE,AE,AE,AE,AE,AE,AE,AE,AE,AE,AE,AE,AE,AE,AE,AE,AE,,,,,,,,,,,,,,,,,,,,,,,,,,,
IE 525,AE,AE,AE,AE,AE,AE,AE,AE,AE,AE,AE,AE,AE,AE,AE,AE,AE,AE,AE,AE,AE,AE,AE,AE,AE,AE,AE,AE,AE,AE,AE,AE,AE,AE,AE,AE,AE,AE,AE,AE,AE,AE,AE,AE,AE,AE,AE,AE,AE,AE,AE,AE,AE,AE,AE,AE,AE,AE,AE,AE,AE,AE,AE,AE,AE,AE,AE,AE,AE,AE,AE,AE,AE,AE,AE,AE,AE,AE,AE,AE,AE,AE
IE 527,AE,AE,AE,AE,AE,AE,AE,AE,AE,AE,AE,AE,AE,AE,AE,AE,AE,AE,AE,AE,AE,AE,AE,AE,AE,AE,AE,AE,AE,AE,AE,AE,AE,AE,AE,AE,AE,AE,AE,AE,AE,AE,AE,AE,AE,AE,AE,AE,AE,AE,AE,AE,AE,AE,AE,AE,AE,AE,AE,AE,AE,,,,,,,,,,,,,,,,,,,,,
IE 530,AE,AE,AE,AE,AE,AE,AE,AE,AE,AE,AE,AE,AE,AE,AE,AE,AE,AE,AE,AE,AE,AE,AE,AE,AE,AE,AE,AE,AE,AE,AE,AE,AE,AE,AE,AE,AE,AE,AE,AE,AE,AE,AE,AE,AE,AE,AE,AE,AE,AE,AE,AE,AE,AE,AE,AE,AE,AE,AE,AE,AE,AE,AE,AE,AE,AE,AE,AE,AE,AE,AE,AE,AE,AE,AE,AE,AE,AE,AE,AE,AE,AE
IE 532,AE,AE,AE,AE,AE,AE,AE,AE,AE,AE,AE,AE,AE,AE,AE,AE,AE,AE,AE,AE,AE,AE,AE,AE,AE,AE,AE,AE,AE,AE,AE,AE,AE,AE,AE,AE,AE,AE,AE,AE,AE,AE,AE,AE,AE,AE,AE,AE,AE,AE,AE,AE,AE,AE,AE,AE,AE,AE,AE,AE,AE,AE,AE,AE,AE,AE,AE,AE,AE,AE,AE,AE,AE,AE,AE,AE,AE,AE,AE,AE,AE,AE
IE 536,AE,AE,AE,AE,AE,AE,AE,AE,AE,AE,AE,AE,AE,AE,AE,AE,AE,AE,AE,AE,AE,AE,AE,AE,AE,AE,AE,AE,AE,AE,AE,AE,AE,AE,AE,AE,AE,AE,AE,AE,AE,AE,AE,AE,AE,AE,AE,AE,AE,AE,AE,AE,AE,AE,AE,AE,AE,AE,AE,AE,AE,AE,AE,AE,AE,AE,AE,AE,AE,AE,AE,AE,AE,AE,AE,AE,AE,AE,AE,AE,AE,AE
IE 545,AE,AE,AE,AE,AE,AE,AE,AE,AE,AE,AE,AE,AE,AE,AE,AE,AE,AE,AE,AE,AE,AE,AE,AE,AE,AE,AE,AE,AE,AE,AE,AE,AE,AE,AE,AE,AE,AE,AE,AE,AE,AE,AE,AE,AE,AE,AE,AE,AE,,,,,,,,,,,,,,,,,,,,,,,,,,,,,,,,,
IE 550,AE,AE,AE,AE,AE,AE,AE,AE,AE,AE,AE,AE,AE,AE,AE,AE,AE,AE,AE,AE,AE,AE,AE,AE,AE,AE,AE,AE,AE,AE,AE,AE,AE,AE,AE,AE,AE,AE,AE,AE,AE,AE,AE,AE,AE,AE,AE,AE,AE,AE,AE,AE,AE,AE,AE,AE,AE,AE,AE,AE,AE,AE,AE,AE,AE,AE,AE,AE,AE,AE,AE,AE,AE,AE,AE,AE,AE,AE,AE,AE,AE,AE
IE 553,AE,AE,AE,AE,AE,AE,AE,AE,AE,AE,AE,AE,AE,AE,AE,AE,AE,AE,AE,AE,AE,AE,AE,AE,AE,AE,AE,AE,AE,AE,AE,AE,AE,AE,AE,AE,AE,AE,AE,AE,AE,AE,AE,AE,AE,AE,AE,AE,AE,AE,AE,AE,AE,AE,AE,AE,AE,AE,AE,AE,AE,AE,AE,AE,AE,AE,AE,AE,AE,AE,AE,AE,AE,AE,AE,AE,AE,AE,AE,AE,AE,AE
IE 554,AE,AE,AE,AE,AE,AE,AE,AE,AE,AE,AE,AE,AE,AE,AE,AE,AE,AE,AE,AE,AE,AE,AE,AE,AE,AE,AE,AE,AE,AE,AE,AE,AE,AE,AE,AE,AE,AE,AE,AE,AE,AE,AE,AE,AE,AE,,,,,,,,,,,,,,,,,,,,,,,,,,,,,,,,,,,,
IE 555,AE,AE,AE,AE,AE,AE,AE,AE,AE,AE,AE,AE,AE,AE,AE,AE,AE,AE,AE,AE,AE,AE,AE,AE,AE,AE,AE,AE,AE,AE,AE,AE,AE,AE,AE,AE,AE,AE,AE,AE,AE,AE,AE,AE,AE,AE,AE,AE,AE,AE,AE,AE,AE,AE,AE,AE,AE,AE,AE,AE,AE,AE,AE,AE,AE,AE,AE,AE,AE,AE,,,,,,,,,,,,
IE 556,AE,AE,AE,AE,AE,AE,AE,AE,AE,AE,AE,AE,AE,AE,AE,AE,AE,AE,AE,AE,AE,AE,AE,AE,AE,AE,AE,AE,AE,AE,AE,AE,AE,AE,AE,AE,AE,AE,AE,AE,AE,AE,AE,AE,AE,AE,AE,AE,AE,AE,AE,AE,AE,AE,AE,AE,AE,AE,AE,AE,AE,AE,AE,AE,AE,AE,AE,AE,AE,AE,,,,,,,,,,,,
IE 563,AE,AE,AE,AE,AE,AE,AE,AE,AE,AE,AE,AE,AE,AE,AE,AE,AE,AE,AE,AE,AE,AE,AE,AE,AE,AE,AE,AE,AE,AE,AE,AE,AE,AE,AE,AE,AE,AE,AE,AE,AE,AE,AE,AE,AE,AE,AE,AE,AE,AE,AE,AE,AE,AE,AE,AE,AE,,,,,,,,,,,,,,,,,,,,,,,,,
IE 564,AE,AE,AE,AE,AE,AE,AE,AE,AE,AE,AE,AE,AE,AE,AE,AE,AE,AE,AE,AE,AE,AE,AE,AE,AE,AE,AE,AE,AE,AE,AE,AE,AE,AE,AE,AE,AE,AE,AE,AE,AE,AE,AE,AE,AE,AE,AE,AE,AE,AE,AE,AE,AE,AE,AE,AE,AE,AE,AE,AE,AE,AE,AE,AE,AE,AE,AE,AE,AE,AE,,,,,,,,,,,,
IE 565,AE,AE,AE,AE,AE,AE,AE,AE,AE,AE,AE,AE,AE,AE,AE,AE,AE,AE,AE,AE,AE,AE,AE,AE,AE,AE,AE,AE,AE,AE,AE,AE,AE,AE,AE,AE,AE,AE,AE,AE,AE,AE,AE,AE,AE,AE,AE,AE,AE,AE,AE,AE,AE,AE,AE,AE,AE,,,,,,,,,,,,,,,,,,,,,,,,,
IE 566,AE,AE,AE,AE,AE,AE,AE,AE,AE,AE,AE,AE,AE,AE,AE,AE,AE,AE,AE,AE,AE,AE,AE,AE,AE,AE,AE,AE,AE,AE,AE,AE,AE,AE,AE,AE,AE,AE,AE,AE,AE,AE,AE,AE,AE,AE,AE,AE,AE,AE,AE,AE,AE,AE,AE,AE,AE,,,,,,,,,,,,,,,,,,,,,,,,,
IE 567,AE,AE,AE,AE,AE,AE,AE,AE,AE,AE,AE,AE,AE,AE,AE,AE,AE,AE,AE,AE,AE,AE,AE,AE,AE,AE,AE,AE,AE,AE,AE,AE,AE,AE,AE,AE,AE,AE,AE,AE,AE,AE,AE,AE,AE,AE,AE,AE,AE,AE,AE,AE,AE,AE,AE,AE,AE,AE,AE,AE,AE,AE,AE,AE,AE,AE,AE,AE,AE,AE,AE,AE,AE,AE,AE,AE,AE,AE,AE,AE,AE,AE
IE 573,AE,AE,AE,AE,AE,AE,AE,AE,AE,AE,AE,AE,AE,AE,AE,AE,AE,AE,AE,AE,AE,AE,AE,AE,AE,AE,AE,AE,AE,AE,AE,AE,AE,AE,AE,AE,AE,AE,AE,AE,AE,AE,AE,AE,AE,AE,AE,AE,AE,AE,AE,AE,AE,AE,AE,AE,AE,AE,AE,AE,AE,AE,AE,AE,AE,AE,AE,AE,AE,AE,AE,AE,AE,AE,AE,AE,AE,AE,AE,AE,AE,AE
IE 580,AE,AE,AE,AE,AE,AE,AE,AE,AE,AE,AE,AE,AE,AE,AE,AE,AE,AE,AE,AE,AE,AE,AE,AE,AE,AE,AE,AE,AE,AE,AE,AE,AE,AE,AE,AE,AE,AE,AE,AE,AE,AE,AE,AE,AE,AE,AE,AE,AE,AE,AE,,,,,,,,,,,,,,,,,,,,,,,,,,,,,,,
IE 58000,AE,AE,AE,AE,AE,AE,AE,AE,AE,AE,AE,AE,AE,AE,AE,AE,AE,AE,AE,AE,AE,AE,AE,AE,AE,AE,AE,AE,AE,AE,AE,AE,AE,AE,AE,AE,AE,AE,AE,AE,AE,AE,AE,AE,AE,AE,AE,AE,AE,AE,AE,AE,AE,AE,AE,AE,AE,AE,AE,AE,AE,AE,AE,AE,AE,AE,AE,AE,AE,AE,AE,AE,AE,AE,AE,AE,,,,,,
IE 58001,AE,AE,AE,AE,AE,AE,AE,AE,AE,AE,AE,AE,AE,AE,AE,AE,AE,AE,AE,AE,AE,AE,AE,AE,AE,AE,AE,AE,AE,AE,AE,AE,AE,AE,AE,AE,AE,AE,AE,AE,AE,AE,AE,AE,AE,AE,AE,AE,AE,AE,AE,AE,,,,,,,,,,,,,,,,,,,,,,,,,,,,,,
IE 58002,AE,AE,AE,AE,AE,AE,AE,AE,AE,AE,AE,AE,AE,AE,AE,AE,AE,AE,AE,AE,AE,AE,AE,AE,AE,AE,AE,AE,AE,AE,AE,AE,AE,AE,AE,AE,AE,AE,AE,AE,AE,AE,AE,AE,AE,AE,AE,AE,AE,AE,AE,AE,AE,AE,AE,AE,AE,AE,,,,,,,,,,,,,,,,,,,,,,,,
IE 58003,AE,AE,AE,AE,AE,AE,AE,AE,AE,AE,AE,AE,AE,AE,AE,AE,AE,AE,AE,AE,AE,AE,AE,AE,AE,AE,AE,AE,AE,AE,AE,AE,AE,AE,AE,AE,AE,AE,AE,AE,AE,AE,AE,AE,AE,AE,AE,AE,AE,AE,AE,AE,AE,AE,AE,AE,AE,AE,AE,AE,AE,AE,AE,AE,AE,AE,AE,AE,AE,AE,,,,,,,,,,,,
IE 58004,AE,AE,AE,AE,AE,AE,AE,AE,AE,AE,AE,AE,AE,AE,AE,AE,AE,AE,AE,AE,AE,AE,AE,AE,AE,AE,AE,AE,AE,AE,AE,AE,AE,AE,AE,AE,AE,AE,AE,AE,AE,AE,AE,AE,AE,AE,AE,AE,AE,AE,AE,AE,AE,AE,AE,AE,AE,AE,AE,AE,AE,AE,AE,AE,AE,AE,AE,AE,AE,AE,AE,AE,AE,AE,AE,AE,AE,AE,AE,AE,AE,AE
IE 58005,AE,AE,AE,AE,AE,AE,AE,AE,AE,AE,AE,AE,AE,AE,AE,AE,AE,AE,AE,AE,AE,AE,AE,AE,AE,AE,AE,AE,AE,AE,AE,AE,AE,AE,AE,AE,AE,AE,AE,AE,AE,AE,AE,AE,AE,AE,AE,AE,AE,AE,AE,AE,AE,AE,AE,AE,AE,AE,AE,AE,AE,AE,AE,AE,AE,AE,AE,AE,AE,AE,,,,,,,,,,,,
IE 58006,AE,AE,AE,AE,AE,AE,AE,AE,AE,AE,AE,AE,AE,AE,AE,AE,AE,AE,AE,AE,AE,AE,AE,AE,AE,AE,AE,AE,AE,AE,AE,AE,AE,AE,AE,AE,AE,AE,AE,AE,AE,AE,AE,AE,AE,AE,AE,AE,AE,AE,AE,AE,AE,AE,AE,AE,AE,AE,AE,AE,AE,AE,AE,AE,AE,AE,AE,AE,AE,AE,AE,AE,AE,AE,AE,AE,AE,AE,AE,AE,AE,AE
IE 581,AE,AE,AE,AE,AE,AE,AE,AE,AE,AE,AE,AE,AE,AE,AE,AE,AE,AE,AE,AE,AE,AE,AE,AE,AE,AE,AE,AE,AE,AE,AE,AE,AE,AE,AE,AE,AE,AE,AE,AE,AE,AE,AE,AE,AE,AE,AE,AE,AE,AE,AE,,,,,,,,,,,,,,,,,,,,,,,,,,,,,,,
IE 582,AE,AE,AE,AE,AE,AE,AE,AE,AE,AE,AE,AE,AE,AE,AE,AE,AE,AE,AE,AE,AE,AE,AE,AE,AE,AE,AE,AE,AE,AE,AE,AE,AE,AE,AE,AE,AE,AE,AE,AE,AE,AE,AE,AE,AE,AE,AE,AE,AE,AE,AE,,,,,,,,,,,,,,,,,,,,,,,,,,,,,,,
IE 601,AE,AE,AE,AE,AE,AE,AE,AE,AE,AE,AE,AE,AE,AE,AE,AE,AE,AE,AE,AE,AE,AE,AE,AE,AE,AE,AE,AE,AE,AE,AE,AE,AE,AE,AE,AE,AE,AE,AE,AE,AE,AE,AE,AE,AE,AE,AE,AE,AE,AE,AE,AE,AE,AE,AE,AE,AE,AE,AE,AE,AE,AE,AE,AE,AE,AE,AE,AE,AE,AE,AE,AE,AE,AE,AE,AE,AE,AE,AE,AE,AE,AE
IE 602,AE,AE,AE,AE,AE,AE,AE,AE,AE,AE,AE,AE,AE,AE,AE,AE,AE,AE,AE,AE,AE,AE,AE,AE,AE,AE,AE,AE,AE,AE,AE,AE,AE,AE,AE,AE,AE,AE,AE,AE,AE,AE,AE,AE,AE,AE,AE,AE,AE,AE,AE,AE,AE,,,,,,,,,,,,,,,,,,,,,,,,,,,,,
IE 604,AE,AE,AE,AE,AE,AE,AE,AE,AE,AE,AE,AE,AE,AE,AE,AE,AE,AE,AE,AE,AE,AE,AE,AE,AE,AE,AE,AE,AE,AE,AE,AE,AE,AE,AE,AE,AE,AE,AE,AE,AE,AE,AE,AE,AE,AE,AE,AE,AE,AE,AE,AE,AE,AE,AE,AE,AE,AE,AE,AE,AE,AE,AE,AE,AE,AE,AE,AE,AE,AE,AE,AE,AE,AE,AE,AE,AE,AE,AE,AE,AE,AE
IE 605,AE,AE,AE,AE,AE,AE,AE,AE,AE,AE,AE,AE,AE,AE,AE,AE,AE,AE,AE,AE,AE,AE,AE,AE,AE,AE,AE,AE,AE,AE,AE,AE,AE,AE,AE,AE,AE,AE,AE,AE,AE,AE,AE,AE,AE,AE,AE,,,,,,,,,,,,,,,,,,,,,,,,,,,,,,,,,,,
IE 606,AE,AE,AE,AE,AE,AE,AE,AE,AE,AE,AE,AE,AE,AE,AE,AE,AE,AE,AE,AE,AE,AE,AE,AE,AE,AE,AE,AE,AE,AE,AE,AE,AE,AE,AE,AE,AE,AE,AE,AE,AE,AE,AE,AE,AE,AE,AE,AE,AE,AE,AE,AE,AE,AE,AE,AE,AE,AE,AE,AE,AE,AE,AE,AE,AE,AE,AE,AE,AE,AE,AE,AE,AE,AE,AE,AE,AE,AE,AE,AE,AE,AE
IE 609,AE,AE,AE,AE,AE,AE,AE,AE,AE,AE,AE,AE,AE,AE,AE,AE,AE,AE,AE,AE,AE,AE,AE,AE,AE,AE,AE,AE,AE,AE,AE,AE,AE,AE,AE,AE,AE,AE,AE,AE,AE,AE,AE,AE,AE,AE,AE,AE,AE,AE,AE,AE,AE,AE,AE,AE,AE,AE,AE,AE,AE,AE,AE,AE,AE,AE,AE,AE,AE,AE,,,,,,,,,,,,
IE 632,AE,AE,AE,AE,AE,AE,AE,AE,AE,AE,AE,AE,AE,AE,AE,AE,AE,AE,AE,AE,AE,AE,AE,AE,AE,AE,AE,AE,AE,AE,AE,AE,AE,AE,AE,AE,AE,AE,AE,AE,AE,AE,AE,AE,AE,AE,AE,AE,AE,AE,AE,AE,AE,AE,AE,AE,AE,AE,AE,AE,AE,AE,AE,AE,AE,AE,AE,AE,AE,AE,,,,,,,,,,,,
IE 638,AE,AE,AE,AE,AE,AE,AE,AE,AE,AE,AE,AE,AE,AE,AE,AE,AE,AE,AE,AE,AE,AE,AE,AE,AE,AE,AE,AE,AE,AE,AE,AE,AE,AE,AE,AE,AE,AE,AE,AE,AE,AE,AE,AE,AE,AE,AE,AE,AE,AE,AE,AE,AE,AE,AE,AE,AE,AE,AE,AE,AE,AE,AE,AE,AE,AE,AE,AE,AE,AE,,,,,,,,,,,,
IE 640,AE,AE,AE,AE,AE,AE,AE,AE,AE,AE,AE,AE,AE,AE,AE,AE,AE,AE,AE,AE,AE,AE,AE,AE,AE,AE,AE,AE,AE,AE,AE,AE,AE,AE,AE,AE,AE,AE,AE,AE,AE,AE,AE,AE,AE,AE,AE,AE,AE,AE,AE,AE,AE,AE,AE,AE,AE,AE,AE,AE,AE,AE,AE,AE,AE,AE,AE,AE,AE,AE,AE,AE,AE,AE,AE,AE,AE,AE,AE,AE,AE,AE
IE 680,AE,AE,AE,AE,AE,AE,AE,AE,AE,AE,AE,AE,AE,AE,AE,AE,AE,AE,AE,AE,AE,AE,AE,AE,AE,AE,AE,AE,AE,AE,AE,AE,AE,AE,AE,AE,AE,AE,AE,AE,AE,AE,AE,AE,AE,AE,AE,AE,AE,AE,AE,,,,,,,,,,,,,,,,,,,,,,,,,,,,,,,
IE 681,AE,AE,AE,AE,AE,AE,AE,AE,AE,AE,AE,AE,AE,AE,AE,AE,AE,AE,AE,AE,AE,AE,AE,AE,AE,AE,AE,AE,AE,AE,AE,AE,AE,AE,AE,AE,AE,AE,AE,AE,AE,AE,AE,AE,AE,AE,AE,AE,AE,AE,AE,,,,,,,,,,,,,,,,,,,,,,,,,,,,,,,
IE 682,AE,AE,AE,AE,AE,AE,AE,AE,AE,AE,AE,AE,AE,AE,AE,AE,AE,AE,AE,AE,AE,AE,AE,AE,AE,AE,AE,AE,AE,AE,AE,AE,AE,AE,AE,AE,AE,AE,AE,AE,AE,AE,AE,AE,AE,AE,AE,AE,AE,AE,AE,AE,AE,AE,AE,AE,AE,AE,AE,AE,AE,AE,AE,AE,AE,AE,AE,AE,AE,AE,,,,,,,,,,,,
IF 501,AE,AE,AE,AE,AE,AE,AE,AE,AE,AE,AE,AE,AE,AE,AE,AE,AE,AE,AE,AE,AE,AE,AE,AE,AE,AE,AE,AE,AE,AE,AE,AE,AE,AE,AE,AE,AE,AE,AE,AE,AE,AE,AE,AE,AE,AE,AE,AE,AE,AE,AE,AE,AE,AE,AE,AE,AE,AE,AE,AE,AE,AE,AE,AE,AE,AE,,,,,,,,,,,,,,,,
MATH 501,AE,AE,AE,AE,AE,AE,AE,AE,AE,AE,AE,AE,AE,AE,AE,AE,AE,AE,AE,AE,AE,AE,AE,AE,AE,AE,AE,AE,AE,AE,AE,AE,AE,AE,AE,AE,AE,AE,AE,AE,AE,AE,AE,AE,AE,AE,AE,AE,AE,AE,AE,AE,AE,AE,AE,AE,AE,AE,AE,AE,AE,AE,AE,AE,AE,AE,AE,AE,AE,AE,AE,AE,AE,AE,AE,AE,AE,AE,AE,AE,AE,AE
MATH 502,AE,AE,AE,AE,AE,AE,AE,AE,AE,AE,AE,AE,AE,AE,AE,AE,AE,AE,AE,AE,AE,AE,AE,AE,AE,AE,AE,AE,AE,AE,AE,AE,AE,AE,AE,AE,AE,AE,AE,AE,AE,AE,AE,AE,AE,AE,AE,AE,AE,AE,AE,AE,AE,AE,AE,AE,AE,AE,AE,AE,AE,AE,AE,AE,AE,AE,AE,AE,AE,AE,AE,AE,AE,AE,AE,AE,AE,AE,AE,AE,AE,AE
MATH 503,AE,AE,AE,AE,AE,AE,AE,AE,AE,AE,AE,AE,AE,AE,AE,AE,AE,AE,AE,AE,AE,AE,AE,AE,AE,AE,AE,,,,,,,,,,,,,,,,,,,,,,,,,,,,,,,,,,,,,,,,,,,,,,,,,,,,,,,
MATH 504,AE,AE,AE,AE,AE,AE,AE,AE,AE,AE,AE,AE,AE,AE,AE,AE,AE,AE,AE,AE,AE,AE,AE,AE,AE,AE,AE,AE,AE,AE,AE,AE,AE,AE,,,,,,,,,,,,,,,,,,,,,,,,,,,,,,,,,,,,,,,,,,,,,,,,
MATH 505,AE,AE,AE,AE,AE,AE,AE,AE,AE,AE,AE,AE,AE,AE,AE,AE,AE,AE,AE,AE,AE,AE,AE,AE,AE,AE,AE,AE,AE,AE,AE,AE,AE,AE,AE,AE,AE,AE,AE,AE,AE,AE,AE,AE,AE,AE,AE,AE,AE,AE,AE,AE,AE,AE,AE,AE,AE,AE,AE,AE,AE,AE,AE,AE,AE,AE,AE,AE,AE,AE,AE,AE,AE,AE,AE,AE,AE,AE,AE,AE,AE,AE
MATH 506,AE,AE,AE,AE,AE,AE,AE,AE,AE,AE,AE,AE,AE,AE,AE,AE,AE,AE,AE,AE,AE,AE,AE,AE,AE,AE,AE,AE,,,,,,,,,,,,,,,,,,,,,,,,,,,,,,,,,,,,,,,,,,,,,,,,,,,,,,
MATH 507,AE,AE,AE,AE,AE,AE,AE,AE,AE,AE,AE,AE,AE,AE,AE,AE,AE,AE,AE,AE,AE,AE,AE,AE,AE,,,,,,,,,,,,,,,,,,,,,,,,,,,,,,,,,,,,,,,,,,,,,,,,,,,,,,,,,
MATH 508,AE,AE,AE,AE,AE,AE,AE,AE,AE,AE,AE,AE,AE,AE,AE,AE,AE,AE,AE,AE,AE,AE,AE,AE,AE,AE,AE,,,,,,,,,,,,,,,,,,,,,,,,,,,,,,,,,,,,,,,,,,,,,,,,,,,,,,,
MATH 509,AE,AE,AE,AE,AE,AE,AE,AE,AE,AE,AE,AE,AE,AE,AE,AE,AE,AE,AE,AE,AE,AE,AE,AE,AE,AE,AE,AE,AE,AE,AE,AE,AE,AE,AE,AE,AE,AE,AE,AE,AE,AE,AE,,,,,,,,,,,,,,,,,,,,,,,,,,,,,,,,,,,,,,,
MATH 510,AE,AE,AE,AE,AE,AE,AE,AE,AE,AE,AE,AE,AE,AE,AE,AE,AE,AE,AE,AE,AE,AE,AE,AE,AE,AE,AE,AE,AE,AE,,,,,,,,,,,,,,,,,,,,,,,,,,,,,,,,,,,,,,,,,,,,,,,,,,,,
MATH 511,AE,AE,AE,AE,AE,AE,AE,AE,AE,AE,AE,AE,AE,AE,AE,AE,AE,AE,AE,AE,AE,AE,AE,AE,AE,AE,AE,AE,AE,AE,AE,AE,AE,AE,AE,AE,AE,AE,AE,AE,AE,AE,AE,AE,AE,AE,AE,AE,AE,AE,AE,AE,AE,AE,AE,AE,AE,AE,AE,AE,AE,AE,AE,AE,AE,AE,AE,AE,AE,AE,AE,AE,AE,AE,AE,AE,AE,AE,AE,AE,AE,AE
MATH 512,AE,AE,AE,AE,AE,AE,AE,AE,AE,AE,AE,AE,AE,AE,AE,AE,AE,AE,AE,AE,AE,AE,AE,AE,AE,AE,AE,AE,AE,AE,AE,AE,AE,AE,AE,AE,AE,AE,AE,AE,AE,AE,AE,AE,AE,AE,AE,AE,AE,AE,AE,AE,AE,AE,AE,AE,AE,AE,AE,AE,AE,AE,AE,AE,AE,AE,AE,AE,AE,AE,AE,AE,AE,AE,AE,AE,AE,AE,AE,AE,AE,AE
MATH 513,AE,AE,AE,AE,AE,AE,AE,AE,AE,AE,AE,AE,AE,AE,AE,AE,AE,AE,AE,AE,AE,AE,AE,AE,AE,AE,AE,AE,AE,AE,,,,,,,,,,,,,,,,,,,,,,,,,,,,,,,,,,,,,,,,,,,,,,,,,,,,
MATH 514,AE,AE,AE,AE,AE,AE,AE,AE,AE,AE,AE,AE,AE,AE,AE,AE,AE,AE,AE,AE,AE,AE,AE,AE,AE,AE,AE,AE,AE,AE,AE,AE,AE,AE,AE,AE,AE,AE,AE,AE,AE,AE,AE,AE,AE,AE,AE,AE,AE,AE,AE,AE,AE,AE,AE,AE,AE,AE,AE,AE,AE,AE,AE,AE,AE,AE,AE,AE,AE,AE,AE,AE,AE,AE,AE,AE,AE,AE,AE,AE,AE,AE
MATH 515,AE,AE,AE,AE,AE,AE,AE,,,,,,,,,,,,,,,,,,,,,,,,,,,,,,,,,,,,,,,,,,,,,,,,,,,,,,,,,,,,,,,,,,,,,,,,,,,
MATH 516,AE,AE,AE,AE,AE,AE,AE,AE,AE,AE,AE,AE,AE,AE,AE,AE,AE,AE,AE,AE,AE,AE,AE,AE,AE,AE,AE,AE,AE,AE,AE,AE,AE,AE,AE,AE,AE,AE,AE,AE,AE,AE,AE,AE,AE,AE,AE,AE,AE,AE,AE,AE,AE,AE,AE,AE,AE,AE,AE,AE,AE,AE,AE,AE,AE,AE,AE,AE,AE,AE,,,,,,,,,,,,
MATH 517,AE,AE,AE,AE,AE,AE,AE,AE,AE,AE,AE,AE,AE,AE,AE,AE,AE,AE,AE,AE,AE,AE,AE,AE,AE,AE,AE,AE,AE,AE,AE,AE,AE,AE,AE,AE,AE,AE,AE,AE,AE,AE,AE,AE,AE,AE,AE,AE,AE,AE,AE,AE,AE,AE,AE,AE,AE,AE,AE,AE,AE,AE,AE,AE,AE,AE,AE,AE,AE,AE,,,,,,,,,,,,
MATH 518,AE,AE,AE,AE,AE,AE,AE,AE,AE,AE,AE,AE,AE,AE,AE,AE,AE,AE,AE,AE,AE,AE,AE,AE,AE,AE,AE,AE,AE,AE,AE,AE,AE,AE,AE,AE,AE,AE,AE,AE,AE,AE,AE,AE,AE,AE,AE,AE,AE,AE,AE,AE,AE,AE,AE,AE,AE,AE,AE,AE,AE,AE,AE,AE,AE,AE,AE,AE,AE,AE,,,,,,,,,,,,
MATH 519,AE,AE,AE,AE,AE,AE,AE,AE,AE,AE,AE,AE,AE,AE,AE,AE,AE,AE,AE,AE,AE,AE,AE,AE,AE,AE,AE,AE,AE,AE,AE,AE,AE,AE,AE,AE,AE,AE,AE,AE,AE,AE,AE,AE,AE,AE,AE,AE,AE,AE,AE,AE,AE,AE,AE,AE,AE,AE,AE,AE,AE,AE,AE,AE,AE,AE,AE,AE,AE,AE,AE,AE,AE,AE,AE,AE,AE,AE,AE,AE,AE,AE
MATH 520,AE,AE,AE,AE,AE,AE,AE,AE,AE,AE,AE,AE,AE,AE,AE,AE,AE,AE,AE,AE,AE,AE,AE,AE,AE,AE,AE,AE,AE,AE,AE,AE,AE,AE,AE,AE,AE,AE,AE,AE,AE,AE,AE,AE,AE,AE,AE,AE,AE,AE,AE,AE,AE,AE,AE,AE,AE,AE,AE,AE,AE,AE,AE,AE,AE,AE,AE,AE,AE,AE,,,,,,,,,,,,
MATH 521,AE,AE,AE,AE,AE,AE,AE,AE,AE,AE,AE,AE,AE,AE,AE,AE,AE,AE,AE,AE,AE,AE,AE,AE,AE,AE,AE,AE,AE,AE,AE,AE,AE,AE,AE,AE,AE,AE,AE,,,,,,,,,,,,,,,,,,,,,,,,,,,,,,,,,,,,,,,,,,,
MATH 522,AE,AE,AE,AE,AE,AE,AE,AE,AE,AE,AE,AE,AE,AE,AE,AE,AE,AE,AE,AE,AE,AE,AE,AE,AE,AE,AE,AE,AE,AE,AE,AE,AE,AE,AE,AE,AE,AE,AE,AE,AE,AE,AE,AE,AE,AE,AE,AE,AE,AE,AE,AE,AE,AE,AE,AE,AE,AE,AE,AE,AE,AE,AE,AE,AE,AE,AE,AE,AE,,,,,,,,,,,,,
MATH 523,AE,AE,AE,AE,AE,AE,AE,AE,AE,AE,AE,AE,AE,AE,AE,AE,AE,AE,AE,AE,AE,AE,AE,AE,AE,AE,AE,AE,AE,AE,AE,AE,AE,AE,AE,AE,AE,AE,AE,AE,AE,AE,AE,AE,AE,AE,AE,AE,AE,AE,AE,AE,AE,AE,AE,AE,AE,AE,AE,AE,AE,AE,AE,,,,,,,,,,,,,,,,,,,
MATH 524,AE,AE,AE,AE,AE,AE,AE,AE,AE,AE,AE,AE,AE,AE,AE,AE,AE,AE,AE,AE,AE,AE,AE,AE,AE,AE,AE,AE,AE,AE,AE,AE,AE,AE,AE,AE,AE,AE,AE,AE,AE,AE,AE,AE,AE,AE,AE,AE,AE,AE,AE,AE,AE,AE,AE,AE,AE,AE,AE,AE,AE,AE,AE,AE,AE,AE,AE,AE,AE,AE,AE,AE,AE,AE,AE,AE,AE,AE,AE,AE,AE,AE
MATH 525,AE,AE,AE,AE,AE,AE,AE,AE,AE,AE,AE,AE,AE,AE,AE,AE,AE,AE,AE,AE,AE,AE,AE,AE,AE,AE,AE,AE,AE,AE,AE,AE,AE,AE,AE,AE,AE,AE,AE,AE,AE,AE,AE,AE,AE,,,,,,,,,,,,,,,,,,,,,,,,,,,,,,,,,,,,,
MATH 526,AE,AE,AE,AE,AE,AE,AE,AE,AE,AE,AE,AE,AE,AE,AE,AE,AE,AE,AE,AE,AE,AE,AE,AE,AE,AE,AE,AE,AE,AE,AE,AE,AE,AE,AE,AE,AE,AE,AE,AE,AE,AE,AE,AE,AE,AE,AE,AE,AE,AE,AE,AE,AE,AE,AE,AE,AE,AE,AE,AE,AE,AE,AE,AE,AE,AE,AE,AE,AE,,,,,,,,,,,,,
MATH 527,AE,AE,AE,AE,AE,AE,AE,AE,AE,AE,AE,AE,AE,AE,AE,AE,AE,AE,AE,AE,AE,AE,AE,AE,AE,AE,AE,AE,AE,AE,AE,AE,AE,AE,AE,AE,AE,AE,AE,AE,AE,AE,AE,AE,AE,AE,AE,AE,AE,AE,AE,AE,AE,AE,AE,AE,AE,AE,AE,AE,AE,AE,AE,,,,,,,,,,,,,,,,,,,
MATH 528,AE,AE,AE,AE,AE,AE,AE,AE,AE,AE,AE,AE,AE,AE,AE,AE,AE,AE,AE,AE,AE,AE,AE,AE,AE,AE,AE,AE,AE,AE,AE,AE,AE,AE,AE,AE,AE,AE,AE,AE,AE,AE,AE,AE,AE,AE,AE,AE,AE,AE,AE,AE,AE,AE,AE,AE,AE,AE,AE,AE,AE,AE,AE,AE,AE,AE,AE,AE,AE,AE,AE,AE,AE,AE,AE,AE,AE,AE,AE,AE,AE,AE
MATH 531,AE,AE,AE,AE,AE,AE,AE,AE,AE,AE,AE,AE,AE,AE,AE,AE,AE,AE,AE,AE,AE,AE,AE,AE,AE,AE,AE,AE,AE,AE,AE,AE,AE,AE,AE,AE,AE,AE,AE,AE,AE,AE,AE,,,,,,,,,,,,,,,,,,,,,,,,,,,,,,,,,,,,,,,
MATH 532,AE,AE,AE,AE,AE,AE,AE,AE,AE,AE,AE,AE,AE,AE,AE,AE,AE,AE,AE,AE,AE,AE,AE,AE,AE,AE,AE,AE,AE,AE,AE,AE,AE,AE,AE,AE,AE,AE,AE,AE,AE,AE,AE,AE,AE,AE,AE,AE,AE,AE,AE,AE,AE,AE,AE,AE,AE,AE,AE,AE,AE,AE,AE,AE,AE,AE,,,,,,,,,,,,,,,,
MATH 533,AE,AE,AE,AE,AE,AE,AE,AE,AE,AE,AE,AE,AE,AE,AE,AE,AE,AE,AE,AE,AE,AE,AE,AE,AE,AE,AE,AE,AE,AE,AE,AE,AE,AE,AE,AE,AE,AE,AE,,,,,,,,,,,,,,,,,,,,,,,,,,,,,,,,,,,,,,,,,,,
MATH 541,AE,AE,AE,AE,AE,AE,AE,AE,AE,AE,AE,AE,AE,AE,AE,AE,AE,AE,AE,AE,AE,AE,AE,AE,AE,AE,AE,AE,AE,AE,AE,AE,AE,AE,AE,AE,AE,AE,AE,AE,AE,AE,AE,AE,AE,AE,AE,AE,AE,AE,AE,AE,AE,AE,AE,AE,AE,AE,,,,,,,,,,,,,,,,,,,,,,,,
MATH 542,AE,AE,AE,AE,AE,AE,AE,AE,AE,AE,AE,AE,AE,AE,AE,AE,AE,AE,AE,AE,AE,AE,AE,AE,AE,AE,AE,AE,AE,AE,AE,AE,AE,AE,AE,AE,AE,AE,AE,AE,AE,AE,AE,AE,AE,AE,AE,AE,AE,AE,AE,AE,AE,AE,AE,AE,AE,AE,AE,AE,AE,AE,AE,AE,AE,AE,AE,AE,AE,,,,,,,,,,,,,
MATH 543,AE,AE,AE,AE,AE,AE,AE,AE,AE,AE,AE,AE,AE,AE,AE,AE,AE,AE,AE,AE,AE,AE,AE,AE,AE,AE,AE,AE,AE,AE,AE,AE,AE,AE,AE,AE,AE,AE,AE,AE,AE,AE,AE,AE,AE,AE,AE,AE,AE,AE,AE,AE,AE,AE,AE,AE,AE,AE,AE,AE,AE,AE,AE,AE,AE,AE,AE,AE,AE,AE,AE,AE,AE,AE,AE,AE,AE,AE,AE,AE,AE,AE
MATH 544,AE,AE,AE,AE,AE,AE,AE,AE,AE,,,,,,,,,,,,,,,,,,,,,,,,,,,,,,,,,,,,,,,,,,,,,,,,,,,,,,,,,,,,,,,,,,,,,,,,,
MATH 545,AE,AE,AE,AE,AE,AE,AE,AE,AE,AE,AE,AE,AE,AE,AE,AE,AE,AE,AE,AE,AE,AE,AE,AE,AE,AE,AE,AE,,,,,,,,,,,,,,,,,,,,,,,,,,,,,,,,,,,,,,,,,,,,,,,,,,,,,,
MATH 546,AE,AE,AE,AE,AE,AE,AE,AE,AE,AE,AE,AE,AE,AE,AE,AE,AE,AE,AE,AE,AE,AE,AE,AE,AE,AE,AE,AE,AE,AE,AE,AE,AE,AE,AE,AE,AE,AE,AE,AE,AE,AE,AE,AE,AE,AE,AE,AE,AE,AE,AE,AE,AE,AE,AE,AE,AE,AE,AE,AE,AE,AE,AE,AE,AE,AE,AE,AE,AE,AE,AE,AE,AE,AE,AE,AE,AE,AE,AE,AE,AE,AE
MATH 547,AE,AE,AE,AE,AE,AE,AE,AE,AE,AE,AE,AE,AE,AE,AE,AE,AE,AE,AE,AE,AE,AE,AE,AE,AE,AE,AE,AE,AE,AE,AE,AE,AE,AE,AE,AE,AE,AE,AE,AE,AE,AE,AE,AE,AE,AE,AE,AE,AE,AE,AE,AE,AE,AE,AE,AE,AE,AE,AE,AE,AE,AE,AE,AE,AE,AE,AE,AE,AE,AE,AE,AE,AE,AE,AE,AE,AE,AE,AE,AE,AE,AE
MATH 555,AE,AE,AE,AE,AE,AE,AE,AE,AE,AE,AE,AE,AE,AE,AE,AE,AE,AE,AE,AE,AE,AE,AE,AE,AE,AE,AE,AE,AE,AE,AE,AE,AE,AE,AE,AE,AE,AE,AE,AE,AE,AE,AE,AE,AE,AE,AE,AE,AE,AE,AE,AE,AE,AE,AE,AE,AE,AE,AE,AE,AE,AE,AE,AE,AE,AE,AE,AE,AE,AE,AE,AE,AE,AE,AE,AE,AE,AE,AE,AE,AE,AE
MATH 561,AE,AE,AE,AE,AE,AE,AE,AE,AE,AE,AE,AE,AE,AE,AE,AE,AE,AE,AE,AE,AE,AE,AE,AE,AE,AE,AE,AE,AE,AE,AE,AE,AE,AE,AE,AE,AE,AE,AE,AE,AE,AE,AE,AE,AE,AE,AE,AE,AE,AE,AE,AE,AE,AE,AE,AE,AE,AE,AE,AE,AE,AE,AE,AE,AE,AE,AE,AE,AE,AE,AE,AE,AE,AE,AE,AE,AE,AE,AE,AE,AE,AE
MATH 571,AE,AE,AE,AE,AE,AE,AE,AE,AE,AE,AE,AE,AE,AE,AE,AE,AE,AE,AE,AE,AE,AE,AE,AE,AE,AE,AE,AE,AE,AE,AE,AE,AE,AE,AE,AE,AE,AE,AE,AE,AE,AE,AE,AE,AE,AE,AE,AE,AE,AE,AE,AE,AE,AE,AE,AE,AE,AE,AE,AE,AE,AE,AE,AE,AE,AE,AE,AE,AE,AE,AE,AE,AE,AE,AE,AE,AE,AE,AE,AE,AE,AE
MATH 572,AE,AE,AE,AE,AE,AE,AE,AE,AE,AE,AE,AE,AE,AE,AE,AE,AE,AE,AE,AE,AE,AE,AE,AE,AE,AE,AE,AE,AE,AE,AE,AE,AE,AE,AE,AE,AE,AE,AE,AE,AE,AE,AE,AE,AE,AE,AE,AE,AE,AE,AE,AE,AE,AE,AE,AE,AE,AE,AE,AE,AE,AE,AE,AE,AE,AE,AE,AE,AE,AE,AE,AE,AE,AE,AE,AE,AE,AE,AE,AE,AE,AE
MATH 573,AE,AE,AE,AE,AE,AE,AE,AE,AE,AE,AE,AE,AE,AE,AE,AE,AE,AE,AE,AE,AE,AE,AE,AE,AE,AE,AE,AE,AE,AE,AE,AE,AE,AE,AE,AE,AE,AE,AE,AE,AE,AE,AE,AE,AE,AE,AE,AE,AE,AE,AE,AE,AE,AE,AE,AE,AE,AE,AE,AE,AE,AE,AE,AE,AE,AE,AE,AE,AE,AE,AE,AE,AE,AE,AE,AE,AE,AE,AE,AE,AE,AE
MATH 574,AE,AE,AE,AE,AE,AE,AE,AE,AE,AE,AE,AE,AE,AE,AE,AE,AE,AE,AE,AE,AE,AE,AE,AE,AE,AE,AE,AE,AE,AE,AE,AE,AE,AE,AE,AE,AE,AE,AE,AE,AE,AE,AE,AE,AE,AE,AE,AE,AE,AE,AE,AE,AE,AE,AE,AE,AE,AE,AE,AE,AE,AE,AE,AE,AE,AE,AE,AE,AE,AE,AE,AE,AE,AE,AE,AE,AE,AE,AE,AE,AE,AE
MATH 575,AE,AE,AE,AE,AE,AE,AE,AE,AE,AE,AE,AE,AE,AE,AE,AE,AE,AE,AE,AE,AE,AE,AE,AE,AE,AE,AE,AE,AE,AE,AE,AE,AE,AE,AE,AE,AE,AE,AE,AE,AE,AE,AE,AE,AE,AE,AE,AE,AE,,,,,,,,,,,,,,,,,,,,,,,,,,,,,,,,,
MATH 576,AE,AE,AE,AE,AE,AE,AE,AE,AE,AE,AE,AE,AE,AE,AE,AE,AE,AE,AE,AE,AE,AE,AE,AE,AE,AE,AE,AE,AE,AE,AE,AE,AE,AE,AE,AE,AE,AE,AE,AE,AE,AE,AE,AE,AE,,,,,,,,,,,,,,,,,,,,,,,,,,,,,,,,,,,,,
MATH 577,AE,AE,AE,AE,AE,AE,AE,AE,AE,AE,AE,AE,AE,AE,AE,AE,AE,AE,AE,AE,AE,AE,AE,AE,AE,AE,AE,AE,AE,AE,AE,AE,AE,AE,AE,AE,,,,,,,,,,,,,,,,,,,,,,,,,,,,,,,,,,,,,,,,,,,,,,
MATH 578,AE,AE,AE,AE,AE,AE,AE,AE,AE,AE,AE,AE,AE,AE,AE,AE,AE,AE,AE,AE,AE,AE,AE,AE,AE,AE,AE,AE,AE,AE,AE,AE,AE,AE,AE,AE,AE,AE,AE,AE,AE,AE,AE,AE,AE,AE,AE,AE,AE,AE,AE,AE,AE,AE,AE,AE,AE,AE,AE,AE,AE,AE,AE,AE,AE,AE,AE,AE,AE,AE,AE,AE,AE,AE,AE,AE,AE,AE,AE,AE,AE,AE
MATH 579,AE,AE,AE,AE,AE,AE,AE,AE,AE,AE,AE,AE,AE,AE,AE,AE,AE,AE,AE,AE,AE,AE,AE,AE,AE,AE,AE,AE,AE,AE,AE,AE,AE,AE,AE,AE,AE,AE,AE,AE,AE,AE,AE,AE,AE,AE,AE,AE,AE,AE,AE,AE,AE,AE,AE,AE,AE,AE,AE,AE,AE,AE,AE,AE,AE,AE,AE,AE,AE,AE,,,,,,,,,,,,
MATH 58000,AE,AE,AE,AE,AE,AE,AE,AE,AE,AE,AE,AE,AE,AE,AE,AE,AE,AE,AE,AE,AE,AE,AE,AE,AE,AE,AE,AE,AE,AE,AE,AE,AE,AE,AE,AE,AE,AE,AE,AE,AE,AE,AE,AE,AE,AE,AE,AE,AE,AE,AE,AE,AE,AE,AE,AE,AE,AE,AE,AE,AE,AE,AE,AE,AE,AE,,,,,,,,,,,,,,,,
MATH 58001,AE,AE,AE,AE,AE,AE,AE,AE,AE,AE,AE,AE,AE,AE,AE,AE,AE,AE,AE,AE,AE,AE,AE,AE,AE,AE,AE,AE,AE,AE,AE,AE,AE,AE,AE,AE,AE,AE,AE,AE,AE,AE,AE,AE,AE,AE,AE,AE,AE,AE,AE,AE,AE,AE,AE,AE,AE,AE,AE,AE,AE,AE,AE,AE,AE,AE,AE,AE,AE,AE,AE,AE,AE,AE,AE,AE,AE,AE,AE,AE,AE,AE
MATH 58002,AE,AE,AE,AE,AE,AE,AE,AE,AE,AE,AE,AE,AE,AE,AE,AE,AE,AE,AE,AE,AE,AE,AE,AE,AE,AE,AE,AE,AE,AE,AE,AE,AE,AE,AE,AE,AE,AE,AE,AE,AE,AE,AE,AE,AE,AE,AE,AE,AE,AE,AE,AE,AE,AE,AE,AE,AE,AE,AE,AE,AE,AE,AE,AE,AE,AE,AE,AE,AE,AE,AE,AE,AE,AE,AE,AE,AE,AE,AE,AE,AE,AE
MATH 58003,AE,AE,AE,AE,AE,AE,AE,AE,AE,AE,AE,AE,AE,AE,AE,AE,AE,AE,AE,AE,AE,AE,AE,AE,AE,AE,AE,AE,AE,AE,AE,AE,AE,AE,AE,AE,AE,AE,AE,AE,AE,AE,AE,AE,AE,AE,AE,AE,AE,AE,AE,AE,AE,AE,AE,AE,AE,AE,AE,AE,AE,AE,AE,AE,AE,AE,AE,AE,AE,AE,AE,AE,AE,AE,AE,AE,AE,AE,AE,AE,AE,AE
MATH 58004,AE,AE,AE,AE,AE,AE,AE,AE,AE,AE,AE,AE,AE,AE,AE,AE,AE,AE,AE,AE,AE,AE,AE,AE,AE,AE,AE,AE,AE,AE,AE,AE,AE,AE,AE,AE,AE,AE,AE,AE,AE,AE,AE,AE,AE,AE,AE,AE,AE,AE,AE,AE,AE,AE,AE,AE,AE,AE,AE,AE,AE,AE,AE,AE,AE,AE,AE,AE,AE,AE,,,,,,,,,,,,
MATH 58005,AE,AE,AE,AE,AE,AE,AE,AE,AE,AE,AE,AE,AE,AE,AE,AE,AE,AE,AE,AE,AE,AE,AE,AE,AE,AE,AE,AE,AE,AE,AE,AE,AE,AE,AE,AE,AE,AE,AE,AE,AE,AE,AE,AE,AE,AE,AE,AE,AE,AE,AE,AE,AE,AE,AE,AE,AE,AE,AE,AE,AE,AE,AE,,,,,,,,,,,,,,,,,,,
MATH 58006,AE,AE,AE,AE,AE,AE,AE,AE,AE,AE,AE,AE,AE,AE,AE,AE,AE,AE,AE,AE,AE,AE,AE,AE,AE,AE,AE,AE,AE,AE,AE,AE,AE,AE,AE,AE,AE,AE,AE,AE,AE,AE,AE,AE,AE,AE,AE,AE,AE,AE,AE,AE,AE,AE,AE,AE,AE,AE,AE,AE,AE,AE,AE,,,,,,,,,,,,,,,,,,,
MATH 581,AE,AE,AE,AE,AE,AE,AE,AE,AE,AE,AE,AE,AE,AE,AE,AE,AE,AE,AE,AE,AE,AE,AE,AE,AE,AE,AE,AE,AE,AE,AE,AE,AE,AE,AE,AE,AE,AE,AE,AE,AE,AE,AE,AE,AE,AE,AE,AE,AE,AE,AE,,,,,,,,,,,,,,,,,,,,,,,,,,,,,,,
MATH 584,AE,AE,AE,AE,AE,AE,AE,AE,AE,AE,AE,AE,AE,AE,AE,AE,AE,AE,AE,AE,AE,AE,AE,AE,AE,AE,AE,AE,AE,AE,AE,AE,AE,AE,AE,AE,AE,AE,AE,AE,AE,AE,AE,AE,AE,AE,AE,AE,AE,AE,AE,AE,AE,AE,AE,AE,AE,AE,AE,AE,AE,AE,AE,AE,AE,AE,AE,AE,AE,AE,AE,AE,AE,AE,AE,AE,AE,AE,AE,AE,AE,AE
MATH 601,AE,AE,AE,AE,AE,AE,AE,AE,AE,AE,AE,AE,AE,AE,AE,AE,AE,AE,AE,AE,AE,AE,AE,AE,AE,AE,AE,AE,AE,AE,AE,AE,AE,AE,AE,AE,AE,AE,AE,AE,AE,AE,AE,AE,AE,AE,AE,AE,AE,AE,AE,,,,,,,,,,,,,,,,,,,,,,,,,,,,,,,
MATH 602,AE,AE,AE,AE,AE,AE,AE,AE,AE,AE,AE,AE,AE,AE,AE,AE,AE,AE,AE,AE,AE,AE,AE,AE,AE,AE,AE,AE,AE,AE,AE,AE,AE,AE,AE,AE,AE,AE,AE,AE,AE,AE,AE,AE,AE,AE,AE,AE,AE,AE,AE,,,,,,,,,,,,,,,,,,,,,,,,,,,,,,,
MATH 603,AE,AE,AE,AE,AE,AE,AE,AE,AE,AE,AE,AE,AE,AE,AE,AE,AE,AE,AE,AE,AE,AE,AE,AE,AE,AE,AE,AE,AE,AE,AE,AE,AE,AE,AE,AE,AE,AE,AE,AE,AE,AE,AE,AE,AE,AE,AE,AE,AE,AE,AE,AE,AE,AE,AE,AE,AE,AE,AE,AE,AE,AE,AE,AE,AE,AE,AE,AE,AE,AE,AE,AE,AE,AE,AE,AE,AE,AE,AE,AE,AE,AE
MATH 604,AE,AE,AE,AE,AE,AE,AE,AE,AE,AE,AE,AE,AE,AE,AE,AE,AE,AE,AE,AE,AE,AE,AE,AE,AE,AE,AE,AE,AE,AE,AE,AE,AE,AE,AE,AE,AE,AE,AE,AE,AE,AE,AE,AE,AE,AE,AE,AE,AE,AE,AE,AE,AE,AE,AE,AE,AE,AE,AE,AE,AE,AE,AE,AE,AE,AE,AE,AE,AE,AE,AE,AE,AE,AE,AE,AE,AE,AE,AE,AE,AE,AE
MATH 610,AE,AE,AE,AE,AE,AE,AE,AE,AE,AE,AE,AE,AE,AE,AE,AE,AE,AE,AE,AE,AE,AE,AE,AE,AE,AE,AE,AE,AE,AE,AE,AE,AE,AE,AE,AE,AE,AE,AE,AE,,,,,,,,,,,,,,,,,,,,,,,,,,,,,,,,,,,,,,,,,,
MATH 612,AE,AE,AE,AE,AE,AE,AE,AE,AE,AE,AE,AE,AE,AE,AE,AE,AE,AE,AE,AE,AE,AE,AE,AE,AE,AE,AE,AE,AE,AE,AE,AE,AE,AE,AE,AE,AE,AE,AE,AE,AE,AE,AE,AE,AE,AE,AE,AE,AE,AE,AE,,,,,,,,,,,,,,,,,,,,,,,,,,,,,,,
MATH 613,AE,AE,AE,AE,AE,AE,AE,AE,AE,AE,AE,AE,AE,AE,AE,AE,AE,AE,AE,AE,AE,AE,AE,AE,AE,AE,AE,AE,AE,AE,AE,AE,AE,AE,AE,AE,AE,AE,AE,AE,AE,AE,AE,AE,AE,AE,AE,AE,AE,AE,AE,,,,,,,,,,,,,,,,,,,,,,,,,,,,,,,
MATH 615,AE,AE,AE,AE,AE,AE,AE,AE,AE,AE,AE,AE,AE,AE,AE,AE,AE,AE,AE,AE,AE,AE,AE,AE,AE,AE,AE,AE,AE,AE,AE,AE,AE,AE,AE,AE,AE,AE,AE,AE,AE,AE,AE,AE,AE,AE,AE,AE,AE,AE,AE,,,,,,,,,,,,,,,,,,,,,,,,,,,,,,,
MATH 616,AE,AE,AE,AE,AE,AE,AE,AE,AE,AE,AE,AE,AE,AE,AE,AE,AE,AE,AE,AE,AE,AE,AE,AE,AE,AE,AE,AE,AE,AE,AE,AE,AE,AE,AE,AE,AE,AE,AE,AE,AE,AE,AE,AE,AE,AE,AE,AE,AE,AE,AE,,,,,,,,,,,,,,,,,,,,,,,,,,,,,,,
MATH 617,AE,AE,AE,AE,AE,AE,AE,AE,AE,AE,AE,AE,AE,AE,AE,AE,AE,AE,AE,AE,AE,AE,AE,AE,AE,AE,AE,AE,AE,AE,AE,AE,AE,AE,AE,AE,AE,AE,AE,AE,AE,AE,AE,AE,AE,AE,AE,AE,AE,AE,AE,,,,,,,,,,,,,,,,,,,,,,,,,,,,,,,
MATH 618,AE,AE,AE,AE,AE,AE,AE,AE,AE,AE,AE,AE,AE,AE,AE,AE,AE,AE,AE,AE,AE,AE,AE,AE,AE,AE,AE,AE,AE,AE,AE,AE,AE,AE,AE,AE,AE,AE,AE,AE,AE,AE,AE,AE,AE,AE,AE,AE,AE,AE,AE,,,,,,,,,,,,,,,,,,,,,,,,,,,,,,,
MATH 621,AE,AE,AE,AE,AE,AE,AE,AE,AE,AE,AE,AE,AE,AE,AE,AE,AE,AE,AE,AE,AE,AE,AE,AE,AE,AE,AE,AE,AE,AE,AE,AE,AE,AE,AE,AE,AE,AE,AE,AE,AE,AE,AE,AE,AE,AE,AE,AE,AE,AE,AE,,,,,,,,,,,,,,,,,,,,,,,,,,,,,,,
MATH 622,AE,AE,AE,AE,AE,AE,AE,AE,AE,AE,AE,AE,AE,AE,AE,AE,AE,AE,AE,AE,AE,AE,AE,AE,AE,AE,AE,AE,AE,AE,AE,AE,AE,AE,AE,AE,AE,AE,AE,AE,AE,AE,AE,AE,AE,AE,AE,AE,AE,AE,AE,,,,,,,,,,,,,,,,,,,,,,,,,,,,,,,
MATH 631,AE,AE,AE,AE,AE,AE,AE,AE,AE,AE,AE,AE,AE,AE,AE,AE,AE,AE,AE,AE,AE,AE,AE,AE,AE,AE,AE,AE,AE,AE,AE,AE,AE,AE,AE,AE,AE,AE,AE,AE,AE,AE,AE,AE,AE,AE,AE,AE,AE,AE,AE,,,,,,,,,,,,,,,,,,,,,,,,,,,,,,,
MATH 632,AE,AE,AE,AE,AE,AE,AE,AE,AE,AE,AE,AE,AE,AE,AE,AE,AE,AE,AE,AE,AE,AE,AE,AE,AE,AE,AE,AE,AE,AE,AE,AE,AE,AE,AE,AE,AE,AE,AE,AE,AE,AE,AE,AE,AE,AE,AE,AE,AE,AE,AE,,,,,,,,,,,,,,,,,,,,,,,,,,,,,,,
MATH 636,AE,AE,AE,AE,AE,AE,AE,AE,AE,AE,AE,AE,AE,AE,AE,AE,AE,AE,AE,AE,AE,AE,AE,AE,AE,AE,AE,AE,AE,AE,AE,AE,AE,AE,AE,AE,AE,AE,AE,AE,AE,AE,AE,AE,AE,AE,AE,AE,AE,AE,AE,AE,AE,AE,AE,AE,AE,AE,AE,AE,AE,AE,AE,AE,AE,AE,AE,AE,AE,AE,,,,,,,,,,,,
MATH 637,AE,AE,AE,AE,AE,AE,AE,AE,AE,AE,AE,AE,AE,AE,AE,AE,AE,AE,AE,AE,AE,AE,AE,AE,AE,AE,AE,AE,AE,AE,AE,AE,AE,AE,AE,AE,AE,AE,AE,AE,AE,AE,AE,AE,AE,AE,AE,AE,AE,AE,AE,,,,,,,,,,,,,,,,,,,,,,,,,,,,,,,
MATH 638,AE,AE,AE,AE,AE,AE,AE,AE,AE,AE,AE,AE,AE,AE,AE,AE,AE,AE,AE,AE,AE,AE,AE,AE,AE,AE,AE,AE,AE,AE,AE,AE,AE,AE,AE,AE,AE,AE,AE,AE,AE,AE,AE,AE,AE,AE,AE,AE,AE,AE,AE,,,,,,,,,,,,,,,,,,,,,,,,,,,,,,,
MATH 639,AE,AE,AE,AE,AE,AE,AE,AE,AE,AE,AE,AE,AE,AE,AE,AE,AE,AE,AE,AE,AE,AE,AE,AE,AE,AE,AE,AE,AE,AE,AE,AE,AE,AE,AE,AE,AE,AE,AE,AE,AE,AE,AE,AE,AE,AE,AE,AE,AE,AE,AE,AE,AE,AE,AE,AE,AE,AE,AE,AE,AE,AE,AE,AE,,,,,,,,,,,,,,,,,,
MATH 664,AE,AE,AE,AE,AE,AE,AE,AE,AE,AE,AE,AE,AE,AE,AE,AE,AE,AE,AE,AE,AE,AE,AE,AE,AE,AE,AE,AE,AE,AE,AE,AE,AE,AE,AE,AE,AE,AE,AE,AE,AE,AE,,,,,,,,,,,,,,,,,,,,,,,,,,,,,,,,,,,,,,,,
MATH 68001,AE,AE,AE,AE,AE,AE,AE,AE,AE,AE,AE,AE,AE,AE,AE,AE,AE,AE,AE,AE,AE,AE,AE,AE,AE,AE,AE,AE,AE,AE,AE,AE,AE,AE,AE,AE,AE,AE,AE,AE,AE,AE,AE,AE,AE,AE,AE,AE,AE,AE,AE,AE,,,,,,,,,,,,,,,,,,,,,,,,,,,,,,
MATH 68002,AE,AE,AE,AE,AE,AE,AE,AE,AE,AE,AE,AE,AE,AE,AE,AE,AE,AE,AE,AE,AE,AE,AE,AE,AE,AE,AE,AE,AE,AE,AE,AE,AE,AE,AE,AE,AE,AE,AE,AE,AE,AE,AE,AE,AE,AE,AE,AE,AE,AE,AE,AE,AE,AE,AE,AE,AE,AE,AE,AE,AE,AE,AE,AE,AE,AE,AE,AE,AE,,,,,,,,,,,,,
MATH 68003,AE,AE,AE,AE,AE,AE,AE,AE,AE,AE,AE,AE,AE,AE,AE,AE,AE,AE,AE,AE,AE,AE,AE,AE,AE,AE,AE,AE,AE,AE,AE,AE,AE,AE,AE,AE,AE,AE,AE,AE,AE,AE,AE,AE,AE,AE,AE,AE,AE,AE,AE,AE,AE,AE,AE,AE,AE,AE,AE,AE,AE,AE,AE,,,,,,,,,,,,,,,,,,,
MATH 68004,AE,AE,AE,AE,AE,AE,AE,AE,AE,AE,AE,AE,AE,AE,AE,AE,AE,AE,AE,AE,AE,AE,AE,AE,AE,AE,AE,AE,AE,AE,AE,AE,AE,AE,AE,AE,AE,AE,AE,AE,AE,AE,AE,AE,AE,AE,AE,AE,AE,AE,AE,AE,AE,AE,AE,AE,AE,AE,AE,AE,AE,AE,AE,AE,AE,AE,AE,AE,AE,AE,AE,AE,AE,AE,AE,AE,AE,AE,AE,AE,AE,AE
MATH 68005,AE,AE,AE,AE,AE,AE,AE,AE,AE,AE,AE,AE,AE,AE,AE,AE,AE,AE,AE,AE,AE,AE,AE,AE,AE,AE,AE,AE,AE,AE,AE,AE,AE,AE,AE,AE,AE,AE,AE,AE,AE,AE,AE,AE,AE,AE,AE,AE,AE,AE,AE,AE,AE,AE,AE,AE,AE,AE,AE,AE,AE,AE,AE,AE,AE,AE,AE,AE,AE,AE,AE,AE,AE,AE,AE,AE,AE,AE,AE,AE,AE,AE
MATH 68006,AE,AE,AE,AE,AE,AE,AE,AE,AE,AE,AE,AE,AE,AE,AE,AE,AE,AE,AE,AE,AE,AE,AE,AE,AE,AE,AE,AE,AE,AE,AE,AE,AE,AE,AE,AE,AE,AE,AE,AE,AE,AE,AE,AE,AE,AE,AE,AE,AE,AE,AE,AE,AE,AE,AE,AE,AE,AE,AE,AE,AE,AE,AE,AE,AE,AE,,,,,,,,,,,,,,,,
MATH 68007,AE,AE,AE,AE,AE,AE,AE,AE,AE,AE,AE,AE,AE,AE,AE,AE,AE,AE,AE,AE,AE,AE,AE,AE,AE,AE,AE,AE,AE,AE,AE,AE,AE,AE,AE,AE,AE,AE,AE,AE,AE,AE,AE,AE,AE,AE,AE,AE,AE,AE,AE,AE,AE,AE,AE,AE,AE,AE,AE,AE,AE,AE,AE,AE,AE,AE,AE,AE,AE,AE,AE,AE,AE,AE,AE,AE,AE,AE,AE,AE,AE,AE
MATH 68008,AE,AE,AE,AE,AE,AE,AE,AE,AE,AE,AE,AE,AE,AE,AE,AE,AE,AE,AE,AE,AE,AE,AE,AE,AE,AE,AE,AE,AE,AE,AE,AE,AE,AE,AE,AE,AE,AE,AE,AE,AE,AE,AE,AE,AE,AE,AE,AE,AE,AE,AE,AE,AE,AE,AE,AE,AE,AE,AE,AE,AE,AE,AE,AE,AE,AE,AE,AE,AE,AE,AE,AE,AE,AE,AE,AE,AE,AE,AE,AE,AE,AE
MAT 501,AE,AE,AE,AE,AE,AE,AE,AE,AE,AE,AE,AE,AE,AE,AE,AE,AE,AE,AE,AE,AE,AE,AE,AE,AE,AE,AE,AE,AE,AE,AE,AE,AE,AE,AE,AE,AE,AE,AE,AE,AE,AE,AE,AE,AE,AE,AE,AE,AE,AE,AE,AE,AE,AE,AE,AE,AE,AE,AE,AE,AE,AE,AE,AE,AE,AE,AE,AE,AE,AE,AE,AE,AE,AE,AE,AE,AE,AE,AE,AE,AE,AE
MAT 502,AE,AE,AE,AE,AE,AE,AE,AE,AE,AE,AE,AE,AE,AE,AE,AE,AE,AE,AE,AE,AE,AE,AE,AE,AE,AE,AE,AE,AE,AE,AE,AE,AE,AE,AE,AE,AE,AE,AE,AE,AE,AE,AE,AE,AE,AE,AE,AE,AE,AE,AE,AE,AE,AE,AE,AE,AE,AE,AE,AE,AE,AE,AE,AE,AE,AE,AE,AE,AE,AE,AE,AE,AE,AE,AE,AE,AE,AE,AE,AE,AE,AE
MAT 503,AE,AE,AE,AE,AE,AE,AE,AE,AE,AE,AE,AE,AE,AE,AE,AE,AE,AE,AE,AE,AE,AE,AE,AE,AE,AE,AE,AE,AE,AE,AE,AE,AE,AE,AE,AE,AE,AE,AE,,,,,,,,,,,,,,,,,,,,,,,,,,,,,,,,,,,,,,,,,,,
MAT 504,AE,AE,AE,AE,AE,AE,AE,AE,AE,AE,AE,AE,AE,AE,AE,AE,AE,AE,AE,AE,AE,AE,AE,AE,AE,AE,AE,AE,AE,AE,AE,AE,AE,AE,AE,AE,AE,AE,AE,AE,AE,AE,AE,AE,AE,AE,AE,AE,AE,AE,AE,AE,AE,AE,AE,AE,AE,AE,AE,AE,AE,AE,AE,AE,AE,AE,AE,AE,AE,AE,AE,AE,AE,AE,AE,AE,AE,AE,AE,AE,AE,AE
MAT 505,AE,AE,AE,AE,AE,AE,AE,AE,AE,AE,AE,AE,AE,AE,AE,AE,AE,AE,AE,AE,AE,AE,AE,AE,AE,AE,AE,AE,AE,AE,AE,AE,AE,AE,AE,AE,AE,AE,AE,AE,AE,AE,AE,AE,AE,AE,AE,AE,AE,AE,AE,AE,AE,AE,AE,AE,AE,AE,AE,AE,AE,AE,AE,AE,AE,AE,AE,AE,AE,AE,AE,AE,AE,AE,AE,AE,AE,AE,AE,AE,AE,AE
MAT 506,AE,AE,AE,AE,AE,AE,AE,AE,AE,AE,AE,AE,AE,AE,AE,AE,AE,AE,AE,AE,AE,AE,AE,AE,AE,AE,AE,AE,AE,AE,AE,AE,AE,AE,AE,AE,AE,AE,AE,,,,,,,,,,,,,,,,,,,,,,,,,,,,,,,,,,,,,,,,,,,
MAT 507,AE,AE,AE,AE,AE,AE,AE,AE,AE,AE,AE,AE,AE,AE,AE,AE,AE,AE,AE,AE,AE,AE,AE,AE,AE,AE,AE,AE,AE,AE,AE,AE,AE,AE,AE,AE,AE,AE,AE,AE,AE,AE,AE,,,,,,,,,,,,,,,,,,,,,,,,,,,,,,,,,,,,,,,
MAT 508,AE,AE,AE,AE,AE,AE,AE,AE,AE,AE,AE,AE,AE,AE,AE,AE,AE,AE,AE,AE,AE,AE,AE,AE,AE,AE,AE,AE,AE,AE,AE,AE,AE,AE,AE,AE,AE,AE,AE,,,,,,,,,,,,,,,,,,,,,,,,,,,,,,,,,,,,,,,,,,,
MAT 509,AE,AE,AE,AE,AE,AE,AE,AE,AE,AE,AE,AE,AE,AE,AE,AE,AE,AE,AE,AE,AE,AE,AE,AE,AE,AE,AE,AE,AE,AE,AE,AE,AE,AE,AE,AE,AE,AE,AE,AE,AE,AE,AE,AE,AE,AE,AE,AE,AE,AE,AE,AE,AE,AE,AE,AE,AE,AE,AE,AE,AE,AE,AE,AE,AE,AE,AE,AE,AE,AE,AE,AE,AE,AE,AE,AE,AE,AE,AE,AE,AE,AE
MAT 510,AE,AE,AE,AE,AE,AE,AE,AE,AE,AE,AE,AE,AE,AE,AE,AE,AE,AE,AE,AE,AE,AE,AE,AE,AE,AE,AE,AE,AE,AE,AE,AE,AE,AE,AE,AE,AE,AE,AE,AE,AE,AE,AE,AE,AE,AE,AE,AE,,,,,,,,,,,,,,,,,,,,,,,,,,,,,,,,,,
MAT 511,AE,AE,AE,AE,AE,AE,AE,AE,AE,AE,AE,AE,AE,AE,AE,AE,AE,AE,AE,AE,AE,AE,AE,AE,AE,AE,AE,AE,AE,AE,AE,AE,AE,AE,AE,AE,AE,AE,AE,AE,AE,AE,AE,AE,AE,AE,AE,AE,AE,AE,AE,AE,AE,AE,AE,AE,AE,AE,AE,AE,AE,AE,AE,AE,AE,AE,AE,AE,AE,AE,AE,AE,AE,AE,AE,AE,AE,AE,AE,AE,AE,AE
MAT 512,AE,AE,AE,AE,AE,AE,AE,AE,AE,AE,AE,AE,AE,AE,AE,AE,AE,AE,AE,AE,AE,AE,AE,AE,AE,AE,AE,AE,AE,AE,AE,AE,AE,AE,AE,AE,AE,AE,AE,,,,,,,,,,,,,,,,,,,,,,,,,,,,,,,,,,,,,,,,,,,
MAT 514,AE,AE,AE,AE,AE,AE,AE,AE,AE,AE,AE,AE,AE,AE,AE,AE,AE,AE,AE,AE,AE,AE,AE,AE,AE,AE,AE,AE,AE,AE,AE,AE,AE,AE,AE,AE,AE,AE,AE,AE,AE,AE,AE,AE,AE,AE,AE,AE,AE,AE,AE,AE,AE,AE,AE,AE,AE,AE,AE,AE,AE,AE,AE,AE,AE,AE,AE,AE,AE,AE,AE,AE,AE,AE,AE,AE,AE,AE,AE,AE,AE,AE
MAT 516,AE,AE,AE,AE,AE,AE,AE,AE,AE,AE,AE,AE,AE,AE,AE,AE,AE,AE,AE,AE,AE,AE,AE,AE,AE,AE,AE,AE,AE,AE,AE,AE,AE,AE,AE,AE,AE,AE,AE,AE,AE,AE,AE,AE,AE,AE,AE,AE,AE,AE,AE,AE,AE,AE,AE,AE,AE,AE,AE,AE,AE,AE,AE,AE,AE,AE,AE,AE,AE,AE,AE,AE,AE,AE,AE,AE,AE,AE,AE,AE,AE,AE
MAT 518,AE,AE,AE,AE,AE,AE,AE,AE,AE,AE,AE,AE,AE,AE,AE,AE,AE,AE,AE,AE,AE,AE,AE,AE,AE,AE,AE,AE,AE,AE,AE,AE,AE,AE,AE,AE,AE,AE,AE,AE,AE,AE,AE,AE,AE,AE,AE,AE,AE,AE,AE,AE,AE,AE,AE,AE,AE,AE,AE,AE,AE,AE,AE,AE,AE,AE,,,,,,,,,,,,,,,,
MAT 520,AE,AE,AE,AE,AE,AE,AE,AE,AE,AE,AE,AE,AE,AE,AE,AE,AE,AE,AE,AE,AE,AE,AE,AE,AE,AE,AE,AE,AE,AE,AE,AE,AE,AE,AE,AE,AE,AE,AE,AE,AE,AE,AE,AE,AE,AE,AE,AE,AE,AE,AE,AE,AE,AE,AE,AE,AE,AE,AE,AE,AE,AE,AE,AE,AE,AE,AE,AE,AE,AE,AE,AE,AE,AE,AE,AE,AE,AE,AE,AE,AE,AE
MAT 521,AE,AE,AE,AE,AE,AE,AE,AE,AE,AE,AE,AE,AE,AE,AE,AE,AE,AE,AE,AE,AE,AE,AE,AE,AE,AE,AE,AE,AE,AE,AE,AE,AE,AE,AE,AE,AE,AE,AE,AE,AE,AE,AE,AE,AE,AE,AE,AE,AE,AE,AE,AE,AE,AE,AE,AE,AE,AE,AE,AE,AE,AE,AE,AE,AE,AE,AE,AE,AE,AE,AE,AE,AE,AE,AE,AE,AE,AE,AE,AE,AE,AE
MAT 522,AE,AE,AE,AE,AE,AE,AE,AE,AE,AE,AE,AE,AE,AE,AE,AE,AE,AE,AE,AE,AE,AE,AE,AE,AE,AE,AE,AE,AE,AE,AE,AE,AE,AE,AE,AE,AE,AE,AE,AE,AE,AE,AE,AE,AE,AE,AE,AE,AE,AE,AE,AE,AE,AE,AE,AE,AE,AE,AE,AE,AE,AE,AE,AE,AE,AE,AE,AE,AE,AE,AE,AE,AE,AE,AE,AE,AE,AE,AE,AE,AE,AE
MAT 523,AE,AE,AE,AE,AE,AE,AE,AE,AE,AE,AE,AE,AE,AE,AE,AE,AE,AE,AE,AE,AE,AE,AE,AE,AE,AE,AE,AE,AE,AE,AE,AE,AE,AE,AE,AE,AE,AE,AE,AE,AE,AE,AE,AE,AE,AE,AE,AE,AE,AE,AE,AE,AE,AE,AE,AE,AE,AE,AE,AE,AE,AE,AE,AE,AE,AE,AE,AE,AE,AE,AE,AE,AE,AE,AE,AE,AE,AE,AE,AE,AE,AE
MAT 524,AE,AE,AE,AE,AE,AE,AE,AE,AE,AE,AE,AE,AE,AE,AE,AE,AE,AE,AE,AE,AE,AE,AE,AE,AE,AE,AE,AE,AE,AE,AE,AE,AE,AE,AE,AE,AE,AE,AE,AE,AE,AE,AE,AE,AE,AE,AE,AE,AE,AE,AE,AE,AE,AE,AE,AE,AE,AE,AE,AE,AE,AE,AE,AE,AE,AE,AE,AE,AE,AE,,,,,,,,,,,,
MAT 525,AE,AE,AE,AE,AE,AE,AE,AE,AE,AE,AE,AE,AE,AE,AE,AE,AE,AE,AE,AE,AE,AE,AE,AE,AE,AE,AE,AE,AE,AE,AE,AE,AE,AE,AE,AE,AE,AE,AE,AE,AE,AE,AE,AE,AE,AE,AE,AE,AE,AE,AE,AE,AE,AE,AE,AE,AE,AE,AE,AE,AE,AE,AE,AE,AE,AE,AE,AE,AE,AE,AE,AE,AE,AE,AE,AE,AE,AE,AE,AE,AE,AE
MAT 526,AE,AE,AE,AE,AE,AE,AE,AE,AE,AE,AE,AE,AE,AE,AE,AE,AE,AE,AE,AE,AE,AE,AE,AE,AE,AE,AE,AE,AE,AE,AE,AE,AE,AE,AE,AE,AE,AE,AE,AE,AE,AE,AE,AE,AE,AE,AE,AE,AE,AE,AE,AE,AE,AE,AE,AE,AE,AE,AE,AE,AE,AE,AE,AE,AE,AE,AE,AE,AE,AE,AE,AE,AE,AE,AE,AE,AE,AE,AE,AE,AE,AE
MAT 528,AE,AE,AE,AE,AE,AE,AE,AE,AE,AE,AE,AE,AE,AE,AE,AE,AE,AE,AE,AE,AE,AE,AE,AE,AE,AE,AE,AE,AE,AE,AE,AE,AE,AE,AE,AE,AE,AE,AE,AE,AE,AE,AE,AE,AE,AE,AE,AE,AE,AE,AE,AE,AE,AE,AE,AE,AE,AE,AE,AE,AE,AE,AE,AE,AE,AE,AE,AE,AE,AE,AE,AE,AE,AE,AE,AE,AE,AE,AE,AE,AE,AE
MAT 532,AE,AE,AE,AE,,,,,,,,,,,,,,,,,,,,,,,,,,,,,,,,,,,,,,,,,,,,,,,,,,,,,,,,,,,,,,,,,,,,,,,,,,,,,,
MAT 540,AE,AE,AE,AE,,,,,,,,,,,,,,,,,,,,,,,,,,,,,,,,,,,,,,,,,,,,,,,,,,,,,,,,,,,,,,,,,,,,,,,,,,,,,,
MAT 542,AE,AE,AE,AE,AE,AE,AE,AE,AE,AE,AE,AE,AE,AE,AE,AE,AE,AE,AE,AE,AE,AE,AE,AE,AE,AE,AE,AE,AE,AE,AE,AE,AE,AE,AE,AE,AE,AE,AE,AE,AE,AE,AE,AE,AE,AE,AE,AE,AE,AE,AE,AE,AE,AE,AE,AE,AE,AE,AE,AE,AE,AE,AE,AE,AE,AE,AE,AE,AE,AE,AE,AE,AE,AE,AE,AE,AE,AE,AE,AE,AE,AE
MAT 555,AE,AE,AE,AE,AE,AE,AE,AE,AE,AE,AE,AE,AE,AE,AE,AE,AE,AE,AE,AE,AE,AE,AE,AE,AE,AE,AE,AE,AE,AE,AE,AE,AE,AE,AE,AE,AE,AE,AE,,,,,,,,,,,,,,,,,,,,,,,,,,,,,,,,,,,,,,,,,,,
MAT 560,AE,AE,AE,AE,AE,AE,AE,AE,AE,AE,AE,AE,AE,AE,AE,AE,AE,AE,AE,AE,AE,AE,AE,AE,AE,AE,AE,AE,AE,AE,AE,AE,AE,AE,AE,AE,AE,AE,AE,AE,AE,AE,AE,AE,AE,AE,AE,AE,AE,AE,AE,AE,AE,AE,AE,AE,AE,AE,AE,AE,AE,AE,AE,AE,AE,AE,AE,AE,AE,AE,,,,,,,,,,,,
MAT 563,AE,AE,AE,AE,AE,AE,AE,AE,AE,AE,AE,AE,AE,AE,AE,AE,AE,AE,AE,AE,AE,AE,AE,AE,AE,AE,AE,AE,AE,AE,AE,AE,AE,AE,AE,AE,AE,AE,AE,,,,,,,,,,,,,,,,,,,,,,,,,,,,,,,,,,,,,,,,,,,
MAT 570,AE,AE,AE,AE,AE,AE,AE,AE,AE,AE,AE,AE,AE,AE,AE,AE,AE,AE,AE,AE,AE,AE,AE,AE,AE,AE,AE,AE,AE,AE,AE,AE,AE,AE,AE,AE,AE,AE,AE,AE,AE,AE,AE,AE,AE,AE,AE,AE,AE,AE,AE,AE,AE,AE,AE,AE,AE,AE,AE,AE,AE,AE,AE,AE,AE,AE,AE,AE,AE,AE,,,,,,,,,,,,
MAT 571,AE,AE,AE,AE,AE,AE,AE,AE,AE,AE,AE,AE,AE,AE,AE,AE,AE,AE,AE,AE,AE,AE,AE,AE,AE,AE,AE,AE,AE,AE,AE,AE,AE,AE,AE,AE,AE,AE,AE,AE,AE,AE,AE,AE,AE,AE,AE,AE,AE,AE,AE,AE,AE,AE,AE,AE,AE,AE,AE,AE,AE,AE,AE,AE,AE,AE,AE,AE,AE,AE,AE,AE,AE,AE,AE,AE,AE,AE,AE,AE,AE,AE
MAT 580,AE,AE,AE,AE,AE,AE,AE,AE,AE,AE,AE,AE,AE,AE,AE,AE,AE,AE,AE,AE,AE,AE,AE,AE,AE,AE,AE,AE,AE,AE,AE,AE,AE,AE,AE,AE,AE,AE,AE,AE,AE,AE,AE,AE,AE,AE,AE,AE,AE,AE,AE,,,,,,,,,,,,,,,,,,,,,,,,,,,,,,,
MAT 58000,AE,AE,AE,AE,AE,AE,AE,AE,AE,AE,AE,AE,AE,AE,AE,AE,AE,AE,AE,AE,AE,AE,AE,AE,AE,AE,AE,AE,AE,AE,AE,AE,AE,AE,AE,AE,AE,AE,AE,AE,AE,AE,AE,AE,AE,AE,AE,AE,AE,AE,AE,AE,AE,AE,AE,AE,AE,AE,AE,AE,AE,AE,AE,AE,AE,AE,AE,AE,AE,AE,AE,AE,AE,AE,AE,AE,AE,AE,AE,AE,AE,AE
MAT 58001,AE,AE,AE,AE,AE,AE,AE,AE,AE,AE,AE,AE,AE,AE,AE,AE,AE,AE,AE,AE,AE,AE,AE,AE,AE,AE,AE,AE,AE,AE,AE,AE,AE,AE,AE,AE,AE,AE,AE,AE,AE,AE,AE,AE,AE,AE,AE,AE,AE,AE,AE,AE,AE,AE,AE,AE,AE,AE,AE,AE,AE,AE,AE,AE,AE,AE,AE,AE,AE,AE,AE,AE,AE,AE,AE,,,,,,,
MAT 58005,AE,AE,AE,AE,AE,AE,AE,AE,AE,AE,AE,AE,AE,AE,AE,AE,AE,AE,AE,AE,AE,AE,AE,AE,AE,AE,AE,AE,AE,AE,AE,AE,AE,AE,AE,AE,AE,AE,AE,AE,AE,AE,AE,AE,AE,AE,AE,AE,AE,AE,AE,AE,AE,AE,AE,AE,AE,AE,AE,AE,AE,AE,AE,AE,AE,AE,AE,AE,AE,AE,AE,AE,AE,AE,AE,AE,AE,,,,,
MAT 581,AE,AE,AE,AE,AE,AE,AE,AE,AE,AE,AE,AE,AE,AE,AE,AE,AE,AE,AE,AE,AE,AE,AE,AE,AE,AE,AE,AE,AE,AE,AE,AE,AE,AE,AE,AE,AE,AE,AE,AE,AE,AE,AE,AE,AE,AE,AE,AE,AE,AE,AE,,,,,,,,,,,,,,,,,,,,,,,,,,,,,,,
MAT 601,AE,AE,AE,AE,AE,AE,AE,AE,AE,AE,AE,AE,AE,AE,AE,AE,AE,AE,AE,AE,AE,AE,AE,AE,AE,AE,AE,AE,AE,AE,AE,AE,AE,AE,AE,AE,AE,AE,AE,,,,,,,,,,,,,,,,,,,,,,,,,,,,,,,,,,,,,,,,,,,
MAT 602,AE,AE,AE,AE,AE,AE,AE,AE,AE,AE,AE,AE,AE,AE,AE,AE,AE,AE,AE,AE,AE,AE,AE,AE,AE,AE,AE,AE,AE,AE,AE,AE,AE,AE,AE,AE,AE,AE,AE,,,,,,,,,,,,,,,,,,,,,,,,,,,,,,,,,,,,,,,,,,,
MAT 611,AE,AE,AE,AE,AE,AE,AE,AE,AE,AE,AE,AE,AE,AE,AE,AE,AE,AE,AE,AE,AE,AE,AE,AE,AE,AE,AE,AE,AE,AE,AE,AE,AE,AE,AE,AE,AE,AE,AE,,,,,,,,,,,,,,,,,,,,,,,,,,,,,,,,,,,,,,,,,,,
MAT 620,AE,AE,AE,AE,AE,AE,AE,AE,AE,AE,AE,AE,AE,AE,AE,AE,AE,AE,AE,AE,AE,AE,AE,AE,AE,AE,AE,AE,AE,AE,AE,AE,AE,AE,AE,AE,AE,AE,AE,,,,,,,,,,,,,,,,,,,,,,,,,,,,,,,,,,,,,,,,,,,
MAT 621,AE,AE,AE,AE,AE,AE,AE,AE,AE,AE,AE,AE,AE,AE,AE,AE,AE,AE,AE,AE,AE,AE,AE,AE,AE,AE,AE,AE,AE,AE,AE,AE,AE,AE,AE,AE,AE,AE,AE,,,,,,,,,,,,,,,,,,,,,,,,,,,,,,,,,,,,,,,,,,,
MAT 622,AE,AE,AE,AE,AE,AE,AE,AE,AE,AE,AE,AE,AE,AE,AE,AE,AE,AE,AE,AE,AE,AE,AE,AE,AE,AE,AE,AE,AE,AE,AE,AE,AE,AE,AE,AE,AE,AE,AE,,,,,,,,,,,,,,,,,,,,,,,,,,,,,,,,,,,,,,,,,,,
MAT 630,AE,AE,AE,AE,AE,AE,AE,AE,AE,AE,AE,AE,AE,AE,AE,AE,AE,AE,AE,AE,AE,AE,AE,AE,AE,AE,AE,AE,AE,AE,AE,AE,AE,AE,AE,AE,AE,AE,AE,AE,AE,AE,AE,AE,AE,AE,AE,AE,AE,AE,AE,AE,AE,AE,AE,AE,AE,AE,AE,AE,AE,AE,AE,AE,AE,AE,AE,AE,AE,AE,AE,AE,AE,AE,AE,AE,AE,AE,AE,AE,AE,AE
MAT 632,AE,AE,AE,AE,AE,AE,AE,AE,AE,AE,AE,AE,AE,AE,AE,AE,AE,AE,AE,AE,AE,AE,AE,AE,AE,AE,AE,AE,AE,AE,AE,AE,AE,AE,AE,AE,AE,AE,AE,AE,AE,AE,AE,AE,AE,AE,AE,AE,AE,AE,AE,AE,AE,AE,AE,AE,AE,AE,AE,AE,AE,AE,AE,AE,AE,AE,AE,AE,AE,AE,,,,,,,,,,,,
MAT 671,AE,AE,AE,AE,AE,AE,AE,AE,AE,AE,AE,AE,AE,AE,AE,AE,AE,AE,AE,AE,AE,AE,AE,AE,AE,AE,AE,AE,AE,AE,AE,AE,AE,AE,AE,AE,AE,AE,AE,AE,AE,AE,AE,AE,AE,AE,AE,AE,AE,AE,AE,AE,AE,AE,AE,AE,AE,AE,AE,AE,AE,AE,AE,AE,AE,AE,AE,AE,AE,AE,AE,AE,AE,AE,AE,AE,AE,AE,AE,AE,AE,AE
MAT 672,AE,AE,AE,AE,AE,AE,AE,AE,AE,AE,AE,AE,AE,AE,AE,AE,AE,AE,AE,AE,AE,AE,AE,AE,AE,AE,AE,AE,AE,AE,AE,AE,AE,AE,AE,AE,AE,AE,AE,AE,AE,AE,AE,AE,AE,AE,AE,AE,AE,AE,AE,AE,AE,AE,AE,AE,AE,AE,AE,AE,AE,AE,AE,AE,AE,AE,AE,AE,AE,,,,,,,,,,,,,
MAT 680,AE,AE,AE,AE,AE,AE,AE,AE,AE,AE,AE,AE,AE,AE,AE,AE,AE,AE,AE,AE,AE,AE,AE,AE,AE,AE,AE,AE,AE,AE,AE,AE,AE,AE,AE,AE,AE,AE,AE,AE,AE,AE,AE,AE,AE,AE,AE,AE,AE,AE,AE,,,,,,,,,,,,,,,,,,,,,,,,,,,,,,,
MAT 68000,AE,AE,AE,AE,AE,AE,AE,AE,AE,AE,AE,AE,AE,AE,AE,AE,AE,AE,AE,AE,AE,AE,AE,AE,AE,AE,AE,AE,AE,AE,AE,AE,AE,AE,AE,AE,AE,AE,AE,AE,AE,AE,AE,AE,AE,AE,AE,AE,AE,AE,AE,AE,AE,AE,AE,AE,AE,AE,AE,AE,AE,AE,AE,AE,AE,AE,AE,AE,AE,AE,AE,AE,AE,AE,AE,AE,AE,AE,AE,AE,AE,AE
MAT 68001,AE,AE,AE,AE,AE,AE,AE,AE,AE,AE,AE,AE,AE,AE,AE,AE,AE,AE,AE,AE,AE,AE,AE,AE,AE,AE,AE,AE,AE,AE,AE,AE,AE,AE,AE,AE,AE,AE,AE,AE,AE,AE,AE,AE,AE,AE,AE,AE,AE,AE,AE,AE,AE,AE,AE,AE,AE,AE,AE,AE,AE,AE,AE,AE,AE,AE,AE,AE,AE,AE,,,,,,,,,,,,
MAT 68002,AE,AE,AE,AE,AE,AE,AE,AE,AE,AE,AE,AE,AE,AE,AE,AE,AE,AE,AE,AE,AE,AE,AE,AE,AE,AE,AE,AE,AE,AE,AE,AE,AE,AE,AE,AE,AE,AE,AE,AE,AE,AE,AE,AE,AE,AE,AE,AE,AE,AE,AE,AE,AE,AE,AE,AE,AE,AE,AE,AE,AE,AE,AE,AE,AE,AE,AE,AE,AE,AE,,,,,,,,,,,,
MAT 68003,AE,AE,AE,AE,AE,AE,AE,AE,AE,AE,AE,AE,AE,AE,AE,AE,AE,AE,AE,AE,AE,AE,AE,AE,AE,AE,AE,AE,AE,AE,AE,AE,AE,AE,AE,AE,AE,AE,AE,AE,AE,AE,AE,AE,AE,AE,AE,AE,AE,AE,AE,AE,AE,AE,AE,AE,AE,AE,AE,AE,AE,AE,AE,AE,AE,AE,AE,AE,AE,AE,AE,AE,AE,AE,AE,AE,AE,AE,AE,AE,AE,AE
MAT 68004,AE,AE,AE,AE,AE,AE,AE,AE,AE,AE,AE,AE,AE,AE,AE,AE,AE,AE,AE,AE,AE,AE,AE,AE,AE,AE,AE,AE,AE,AE,AE,AE,AE,AE,AE,AE,AE,AE,AE,AE,AE,AE,AE,AE,AE,AE,AE,AE,AE,AE,AE,AE,AE,AE,AE,AE,AE,AE,AE,AE,AE,AE,AE,AE,AE,AE,AE,AE,AE,AE,AE,AE,AE,AE,AE,AE,AE,AE,AE,AE,AE,AE
MAT 68005,AE,AE,AE,AE,AE,AE,AE,AE,AE,AE,AE,AE,AE,AE,AE,AE,AE,AE,AE,AE,AE,AE,AE,AE,AE,AE,AE,AE,AE,AE,AE,AE,AE,AE,AE,AE,AE,AE,AE,AE,AE,AE,AE,AE,AE,AE,AE,AE,AE,AE,AE,AE,AE,AE,AE,AE,AE,AE,AE,AE,AE,AE,AE,AE,AE,AE,AE,AE,AE,AE,AE,AE,AE,AE,AE,AE,AE,AE,AE,AE,AE,AE
MAT 681,AE,AE,AE,AE,AE,AE,AE,AE,AE,AE,AE,AE,AE,AE,AE,AE,AE,AE,AE,AE,AE,AE,AE,AE,AE,AE,AE,AE,AE,AE,AE,AE,AE,AE,AE,AE,AE,AE,AE,AE,AE,AE,AE,AE,AE,AE,AE,AE,AE,AE,AE,,,,,,,,,,,,,,,,,,,,,,,,,,,,,,,
ME 501,AE,AE,AE,AE,AE,AE,AE,AE,AE,AE,AE,AE,AE,AE,AE,AE,AE,AE,AE,AE,AE,AE,AE,AE,AE,AE,AE,AE,AE,AE,AE,AE,AE,AE,AE,AE,AE,AE,AE,AE,AE,AE,AE,AE,AE,AE,AE,AE,AE,AE,AE,AE,AE,AE,AE,AE,AE,AE,AE,AE,AE,AE,AE,AE,AE,AE,AE,AE,AE,AE,,,,,,,,,,,,
ME 502,AE,AE,AE,AE,AE,AE,AE,AE,AE,AE,AE,AE,AE,AE,AE,AE,AE,AE,AE,AE,AE,AE,AE,AE,AE,AE,AE,AE,AE,AE,AE,AE,AE,AE,AE,AE,AE,AE,AE,AE,AE,AE,AE,AE,AE,AE,AE,AE,AE,AE,AE,AE,AE,AE,AE,AE,AE,AE,AE,AE,AE,AE,AE,AE,AE,AE,AE,AE,AE,AE,AE,AE,AE,AE,AE,AE,AE,AE,AE,AE,AE,AE
ME 503,AE,AE,AE,AE,AE,AE,AE,AE,AE,AE,AE,AE,AE,AE,AE,AE,AE,AE,AE,AE,AE,AE,AE,AE,AE,AE,AE,AE,AE,AE,AE,AE,AE,AE,AE,AE,AE,AE,AE,AE,AE,AE,AE,AE,AE,AE,AE,AE,AE,AE,AE,AE,AE,AE,AE,AE,AE,AE,AE,AE,AE,AE,AE,AE,AE,AE,AE,AE,AE,AE,AE,AE,AE,AE,AE,AE,AE,AE,AE,AE,AE,AE
ME 505,AE,AE,AE,AE,AE,AE,AE,AE,AE,AE,AE,AE,AE,AE,AE,AE,AE,AE,AE,AE,AE,AE,AE,AE,AE,AE,AE,AE,AE,AE,AE,AE,AE,AE,AE,AE,AE,AE,AE,AE,AE,AE,AE,AE,AE,AE,AE,AE,AE,AE,AE,AE,AE,AE,AE,AE,AE,AE,AE,AE,AE,AE,AE,AE,AE,AE,AE,AE,AE,AE,AE,AE,AE,AE,AE,AE,AE,AE,AE,AE,AE,AE
ME 507,AE,AE,AE,AE,AE,AE,AE,AE,AE,AE,AE,AE,AE,AE,AE,AE,AE,AE,AE,AE,AE,AE,AE,AE,AE,AE,AE,AE,AE,AE,AE,AE,AE,AE,AE,AE,AE,AE,AE,AE,AE,AE,AE,AE,AE,AE,AE,AE,AE,AE,AE,AE,AE,AE,AE,AE,AE,AE,AE,AE,AE,AE,AE,AE,AE,AE,AE,AE,AE,AE,AE,AE,AE,AE,AE,AE,AE,AE,AE,AE,AE,AE
ME 508,AE,AE,AE,AE,AE,AE,AE,AE,AE,AE,AE,AE,AE,AE,AE,AE,AE,AE,AE,AE,AE,AE,AE,AE,AE,AE,AE,AE,AE,AE,AE,AE,AE,AE,AE,AE,AE,AE,AE,AE,AE,AE,AE,AE,AE,AE,AE,AE,AE,AE,AE,AE,AE,AE,AE,AE,AE,AE,AE,AE,AE,AE,AE,AE,AE,AE,AE,AE,AE,AE,AE,AE,AE,AE,AE,AE,AE,AE,AE,AE,AE,AE
ME 509,AE,AE,AE,AE,AE,AE,AE,AE,AE,AE,AE,AE,AE,AE,AE,AE,AE,AE,AE,AE,AE,AE,AE,AE,AE,AE,AE,AE,AE,AE,AE,AE,AE,AE,AE,AE,AE,AE,AE,AE,AE,AE,AE,AE,AE,AE,AE,AE,AE,AE,AE,AE,AE,AE,AE,AE,AE,AE,AE,AE,AE,AE,AE,AE,AE,AE,AE,AE,AE,AE,,,,,,,,,,,,
ME 512,AE,AE,AE,AE,AE,AE,AE,AE,AE,AE,AE,AE,AE,AE,AE,AE,AE,AE,AE,AE,AE,AE,AE,AE,AE,AE,AE,AE,AE,AE,AE,AE,AE,AE,AE,AE,AE,AE,AE,AE,AE,AE,AE,AE,AE,AE,AE,AE,AE,AE,AE,AE,AE,AE,AE,AE,AE,AE,AE,AE,AE,AE,AE,AE,AE,AE,AE,AE,AE,AE,AE,AE,AE,AE,AE,AE,AE,AE,AE,AE,AE,AE
ME 514,AE,AE,AE,AE,AE,AE,AE,AE,AE,AE,AE,AE,AE,AE,AE,AE,AE,AE,AE,AE,AE,AE,AE,AE,AE,AE,AE,AE,AE,AE,AE,AE,AE,AE,AE,AE,AE,AE,AE,AE,AE,AE,AE,AE,AE,AE,AE,AE,AE,AE,AE,AE,AE,AE,AE,AE,AE,AE,AE,AE,AE,AE,AE,AE,AE,AE,AE,AE,AE,AE,,,,,,,,,,,,
ME 515,AE,AE,AE,AE,AE,AE,AE,AE,AE,AE,AE,AE,AE,AE,AE,AE,AE,AE,AE,AE,AE,AE,AE,AE,AE,AE,AE,AE,AE,AE,AE,AE,AE,AE,AE,AE,AE,AE,AE,AE,AE,AE,AE,AE,AE,AE,AE,AE,AE,AE,AE,AE,AE,AE,AE,AE,AE,AE,AE,AE,AE,AE,AE,AE,AE,AE,AE,AE,AE,AE,AE,AE,AE,AE,AE,AE,AE,AE,AE,AE,AE,AE
ME 518,AE,AE,AE,AE,AE,AE,AE,AE,AE,AE,AE,AE,AE,AE,AE,AE,AE,AE,AE,AE,AE,AE,AE,AE,AE,AE,AE,AE,AE,AE,AE,AE,AE,AE,AE,AE,AE,AE,AE,AE,AE,AE,AE,AE,AE,AE,AE,AE,AE,AE,AE,AE,AE,AE,AE,AE,AE,AE,AE,AE,AE,AE,AE,AE,AE,AE,AE,AE,AE,AE,AE,AE,AE,AE,AE,AE,AE,AE,AE,AE,AE,AE
ME 520,AE,AE,AE,AE,AE,AE,AE,AE,AE,AE,AE,AE,AE,AE,AE,AE,AE,AE,AE,AE,AE,AE,AE,AE,AE,AE,AE,AE,AE,AE,AE,AE,AE,AE,AE,AE,AE,AE,AE,AE,AE,AE,AE,AE,AE,AE,AE,AE,AE,AE,AE,AE,AE,AE,AE,AE,AE,AE,AE,AE,AE,AE,AE,AE,AE,AE,AE,AE,AE,AE,AE,AE,AE,AE,AE,AE,AE,AE,AE,AE,AE,AE
ME 525,AE,AE,AE,AE,AE,AE,AE,AE,AE,AE,AE,AE,AE,AE,AE,AE,AE,AE,AE,AE,AE,AE,AE,AE,AE,AE,AE,AE,AE,AE,AE,AE,AE,AE,AE,AE,AE,AE,AE,AE,AE,AE,AE,AE,AE,AE,AE,AE,AE,AE,AE,AE,AE,AE,AE,AE,AE,AE,AE,AE,AE,AE,AE,AE,AE,AE,AE,AE,AE,AE,AE,AE,AE,AE,AE,AE,AE,AE,AE,AE,AE,AE
ME 530,AE,AE,AE,AE,AE,AE,AE,AE,AE,AE,AE,AE,AE,AE,AE,AE,AE,AE,AE,AE,AE,AE,AE,AE,AE,AE,AE,AE,AE,AE,AE,AE,AE,AE,AE,AE,AE,AE,AE,AE,AE,AE,AE,AE,AE,AE,AE,AE,AE,AE,AE,AE,AE,AE,AE,AE,AE,AE,AE,AE,AE,AE,AE,AE,AE,AE,AE,AE,AE,AE,AE,AE,AE,AE,AE,AE,AE,AE,AE,AE,AE,AE
ME 535,AE,AE,AE,AE,AE,AE,AE,AE,AE,AE,AE,AE,AE,AE,AE,AE,AE,AE,AE,AE,AE,AE,AE,AE,AE,AE,AE,AE,AE,AE,AE,AE,AE,AE,AE,AE,AE,AE,AE,AE,AE,AE,AE,AE,AE,AE,AE,AE,AE,AE,AE,AE,AE,AE,AE,AE,AE,AE,AE,AE,AE,AE,AE,AE,AE,AE,AE,AE,AE,AE,AE,AE,AE,AE,AE,AE,AE,AE,AE,AE,AE,AE
ME 537,AE,AE,AE,AE,AE,AE,AE,AE,AE,AE,AE,AE,AE,AE,AE,AE,AE,AE,AE,AE,AE,AE,AE,AE,AE,AE,AE,AE,AE,AE,AE,AE,AE,AE,AE,AE,AE,AE,AE,AE,AE,AE,AE,AE,AE,AE,AE,AE,AE,AE,AE,AE,AE,AE,AE,AE,AE,AE,AE,AE,AE,AE,AE,AE,AE,AE,AE,AE,AE,AE,AE,AE,AE,AE,AE,AE,AE,AE,AE,AE,AE,AE
ME 540,AE,AE,AE,AE,AE,AE,AE,AE,AE,AE,AE,AE,AE,AE,AE,AE,AE,AE,AE,AE,AE,AE,AE,AE,AE,AE,AE,AE,AE,AE,AE,AE,AE,AE,AE,AE,AE,AE,AE,AE,AE,AE,AE,AE,AE,AE,AE,AE,AE,AE,AE,AE,AE,AE,AE,AE,AE,AE,AE,AE,AE,AE,AE,AE,AE,AE,AE,AE,AE,AE,AE,AE,AE,AE,AE,AE,AE,AE,AE,AE,AE,AE
ME 541,AE,AE,AE,AE,AE,AE,AE,AE,AE,AE,AE,AE,AE,AE,AE,AE,AE,AE,AE,AE,AE,AE,AE,AE,AE,AE,AE,AE,AE,AE,AE,AE,AE,AE,AE,AE,AE,AE,AE,AE,AE,AE,AE,AE,AE,AE,AE,AE,AE,AE,AE,AE,AE,AE,AE,AE,AE,AE,AE,AE,AE,AE,AE,AE,AE,AE,AE,AE,AE,AE,AE,AE,AE,AE,AE,AE,AE,AE,AE,AE,AE,AE
ME 560,AE,AE,AE,AE,AE,AE,AE,AE,AE,AE,AE,AE,AE,AE,AE,AE,AE,AE,AE,AE,AE,AE,AE,AE,AE,AE,AE,AE,AE,AE,AE,AE,AE,AE,AE,AE,AE,AE,AE,AE,AE,AE,AE,AE,AE,AE,AE,AE,AE,AE,AE,AE,AE,AE,AE,AE,AE,AE,AE,AE,AE,AE,AE,AE,AE,AE,AE,AE,AE,AE,,,,,,,,,,,,
ME 561,AE,AE,AE,AE,AE,AE,AE,AE,AE,AE,AE,AE,AE,AE,AE,AE,AE,AE,AE,AE,AE,AE,AE,AE,AE,AE,AE,AE,AE,AE,AE,AE,AE,AE,AE,AE,AE,AE,AE,AE,AE,AE,AE,AE,AE,AE,AE,AE,AE,AE,AE,AE,AE,AE,AE,AE,AE,AE,AE,AE,AE,AE,AE,AE,AE,AE,AE,AE,AE,AE,AE,AE,AE,AE,AE,AE,AE,AE,AE,AE,AE,AE
ME 562,AE,AE,AE,AE,AE,AE,AE,AE,AE,AE,AE,AE,AE,AE,AE,AE,AE,AE,AE,AE,AE,AE,AE,AE,AE,AE,AE,AE,AE,AE,AE,AE,AE,AE,AE,AE,AE,AE,AE,AE,AE,AE,AE,AE,AE,AE,AE,AE,AE,AE,AE,AE,AE,AE,AE,AE,AE,AE,AE,AE,AE,AE,AE,,,,,,,,,,,,,,,,,,,
ME 58000,AE,AE,AE,AE,AE,AE,AE,AE,AE,AE,AE,AE,AE,AE,AE,AE,AE,AE,AE,AE,AE,AE,AE,AE,AE,AE,AE,AE,AE,AE,AE,AE,AE,AE,AE,AE,AE,AE,AE,AE,AE,AE,AE,AE,AE,AE,AE,AE,AE,AE,AE,AE,AE,AE,,,,,,,,,,,,,,,,,,,,,,,,,,,,
ME 58001,AE,AE,AE,AE,AE,AE,AE,AE,AE,AE,AE,AE,AE,AE,AE,AE,AE,AE,AE,AE,AE,AE,AE,AE,AE,AE,AE,AE,AE,AE,AE,AE,AE,AE,AE,AE,AE,AE,AE,AE,AE,AE,AE,AE,AE,AE,AE,AE,AE,AE,AE,AE,AE,AE,AE,AE,AE,AE,AE,AE,AE,AE,AE,AE,AE,AE,AE,AE,AE,AE,,,,,,,,,,,,
ME 58002,AE,AE,AE,AE,AE,AE,AE,AE,AE,AE,AE,AE,AE,AE,AE,AE,AE,AE,AE,AE,AE,AE,AE,AE,AE,AE,AE,AE,AE,AE,AE,AE,AE,AE,AE,AE,AE,AE,AE,AE,AE,AE,AE,AE,AE,AE,AE,AE,AE,AE,AE,AE,AE,AE,AE,AE,AE,AE,AE,AE,AE,AE,AE,AE,AE,AE,AE,AE,AE,AE,AE,AE,AE,AE,AE,AE,AE,AE,AE,AE,AE,AE
ME 58003,AE,AE,AE,AE,AE,AE,AE,AE,AE,AE,AE,AE,AE,AE,AE,AE,AE,AE,AE,AE,AE,AE,AE,AE,AE,AE,AE,AE,AE,AE,AE,AE,AE,AE,AE,AE,AE,AE,AE,AE,AE,AE,AE,AE,AE,AE,AE,AE,AE,AE,AE,AE,AE,AE,AE,AE,AE,AE,AE,AE,AE,AE,AE,AE,AE,AE,AE,AE,AE,AE,,,,,,,,,,,,
ME 58004,AE,AE,AE,AE,AE,AE,AE,AE,AE,AE,AE,AE,AE,AE,AE,AE,AE,AE,AE,AE,AE,AE,AE,AE,AE,AE,AE,AE,AE,AE,AE,AE,AE,AE,AE,AE,AE,AE,AE,AE,AE,AE,AE,AE,AE,AE,AE,AE,AE,AE,AE,AE,AE,AE,AE,AE,AE,AE,AE,AE,,,,,,,,,,,,,,,,,,,,,,
ME 58005,AE,AE,AE,AE,AE,AE,AE,AE,AE,AE,AE,AE,AE,AE,AE,AE,AE,AE,AE,AE,AE,AE,AE,AE,AE,AE,AE,AE,AE,AE,AE,AE,AE,AE,AE,AE,AE,AE,AE,AE,AE,AE,AE,AE,AE,AE,AE,AE,AE,AE,AE,AE,AE,AE,AE,AE,AE,AE,AE,AE,AE,AE,AE,AE,AE,AE,AE,AE,AE,AE,,,,,,,,,,,,
ME 58006,AE,AE,AE,AE,AE,AE,AE,AE,AE,AE,AE,AE,AE,AE,AE,AE,AE,AE,AE,AE,AE,AE,AE,AE,AE,AE,AE,AE,AE,AE,AE,AE,AE,AE,AE,AE,AE,AE,AE,AE,AE,AE,AE,AE,AE,AE,AE,AE,AE,AE,AE,AE,AE,AE,AE,AE,AE,AE,AE,AE,AE,AE,AE,AE,AE,AE,AE,AE,AE,AE,AE,AE,AE,AE,AE,AE,AE,AE,AE,AE,AE,AE
ME 58007,AE,AE,AE,AE,AE,AE,AE,AE,AE,AE,AE,AE,AE,AE,AE,AE,AE,AE,AE,AE,AE,AE,AE,AE,AE,AE,AE,AE,AE,AE,AE,AE,AE,AE,AE,AE,AE,AE,AE,AE,AE,AE,AE,AE,AE,AE,AE,AE,AE,AE,AE,AE,AE,AE,AE,AE,AE,AE,AE,AE,AE,AE,AE,AE,AE,AE,AE,AE,AE,AE,AE,AE,AE,AE,AE,AE,AE,AE,AE,AE,AE,AE
ME 58008,AE,AE,AE,AE,AE,AE,AE,AE,AE,AE,AE,AE,AE,AE,AE,AE,AE,AE,AE,AE,AE,AE,AE,AE,AE,AE,AE,AE,AE,AE,AE,AE,AE,AE,AE,AE,AE,AE,AE,AE,AE,AE,AE,AE,AE,AE,AE,AE,AE,AE,AE,AE,AE,AE,AE,AE,AE,AE,AE,AE,AE,AE,AE,AE,AE,AE,AE,AE,AE,AE,AE,AE,AE,AE,AE,AE,AE,AE,AE,AE,AE,AE
ME 582,AE,AE,AE,AE,AE,AE,AE,AE,AE,AE,AE,AE,AE,AE,AE,AE,AE,AE,AE,AE,AE,AE,AE,AE,AE,AE,AE,AE,AE,AE,AE,AE,AE,AE,AE,AE,AE,AE,AE,AE,AE,AE,AE,AE,AE,AE,AE,AE,AE,AE,AE,,,,,,,,,,,,,,,,,,,,,,,,,,,,,,,
ME 583,AE,AE,AE,AE,AE,AE,AE,AE,AE,AE,AE,AE,AE,AE,AE,AE,AE,AE,AE,AE,AE,AE,AE,AE,AE,AE,AE,AE,AE,AE,AE,AE,AE,AE,AE,AE,AE,AE,AE,AE,AE,AE,AE,AE,AE,AE,AE,AE,AE,AE,AE,,,,,,,,,,,,,,,,,,,,,,,,,,,,,,,
ME 601,AE,AE,AE,AE,AE,AE,AE,AE,AE,AE,AE,AE,AE,AE,AE,AE,AE,AE,AE,AE,AE,AE,AE,AE,AE,AE,AE,AE,AE,AE,AE,AE,AE,AE,AE,AE,AE,,,,,,,,,,,,,,,,,,,,,,,,,,,,,,,,,,,,,,,,,,,,,
ME 609,AE,AE,AE,AE,AE,AE,AE,AE,AE,AE,AE,AE,AE,AE,AE,AE,AE,AE,AE,AE,AE,AE,AE,AE,AE,AE,AE,AE,AE,AE,AE,AE,AE,AE,AE,AE,AE,AE,AE,AE,AE,AE,AE,AE,AE,AE,AE,AE,AE,AE,AE,AE,AE,AE,AE,AE,AE,AE,AE,AE,AE,AE,AE,AE,AE,AE,AE,AE,AE,AE,,,,,,,,,,,,
ME 68000,AE,AE,AE,AE,AE,AE,AE,AE,AE,AE,AE,AE,AE,AE,AE,AE,AE,AE,AE,AE,AE,AE,AE,AE,AE,AE,AE,AE,AE,AE,AE,AE,AE,AE,AE,AE,AE,AE,AE,AE,AE,AE,AE,AE,AE,AE,AE,AE,AE,AE,AE,AE,AE,AE,AE,AE,AE,AE,AE,AE,AE,AE,AE,AE,AE,AE,AE,AE,AE,AE,,,,,,,,,,,,
ME 68001,AE,AE,AE,AE,AE,AE,AE,AE,AE,AE,AE,AE,AE,AE,AE,AE,AE,AE,AE,AE,AE,AE,AE,AE,AE,AE,AE,AE,AE,AE,AE,AE,AE,AE,AE,AE,AE,AE,AE,AE,AE,AE,AE,AE,AE,AE,AE,AE,AE,AE,AE,AE,AE,AE,AE,AE,AE,AE,AE,AE,AE,AE,AE,AE,AE,AE,AE,AE,AE,AE,,,,,,,,,,,,
ME 682,AE,AE,AE,AE,AE,AE,AE,AE,AE,AE,AE,AE,AE,AE,AE,AE,AE,AE,AE,AE,AE,AE,AE,AE,AE,AE,AE,AE,AE,AE,AE,AE,AE,AE,AE,AE,AE,AE,AE,AE,AE,AE,AE,AE,AE,AE,AE,AE,AE,AE,AE,,,,,,,,,,,,,,,,,,,,,,,,,,,,,,,
ME 683,AE,AE,AE,AE,AE,AE,AE,AE,AE,AE,AE,AE,AE,AE,AE,AE,AE,AE,AE,AE,AE,AE,AE,AE,AE,AE,AE,AE,AE,AE,AE,AE,AE,AE,AE,AE,AE,AE,AE,AE,AE,AE,AE,AE,AE,AE,AE,AE,AE,AE,AE,,,,,,,,,,,,,,,,,,,,,,,,,,,,,,,
ME 684,AE,AE,AE,AE,AE,AE,AE,AE,AE,AE,AE,AE,AE,AE,AE,AE,AE,AE,AE,AE,AE,AE,AE,AE,AE,AE,AE,AE,AE,AE,AE,AE,AE,AE,AE,AE,AE,AE,AE,AE,AE,AE,AE,AE,AE,AE,AE,AE,AE,AE,AE,AE,AE,AE,AE,AE,AE,AE,AE,AE,AE,AE,AE,AE,AE,AE,AE,AE,AE,AE,,,,,,,,,,,,
MFG 511,AE,AE,AE,AE,AE,AE,AE,AE,AE,AE,AE,AE,AE,AE,AE,AE,AE,AE,AE,AE,AE,AE,AE,AE,AE,AE,AE,AE,AE,AE,AE,AE,AE,AE,AE,AE,AE,AE,AE,AE,AE,AE,AE,AE,AE,AE,AE,AE,AE,AE,AE,AE,AE,AE,AE,AE,AE,AE,AE,AE,AE,AE,AE,AE,AE,AE,AE,AE,AE,AE,AE,AE,AE,AE,AE,AE,AE,AE,AE,AE,AE,AE
MFG 512,AE,AE,AE,AE,AE,AE,AE,AE,AE,AE,AE,AE,AE,AE,AE,AE,AE,AE,AE,AE,AE,AE,AE,AE,AE,AE,AE,AE,AE,AE,AE,AE,AE,AE,AE,AE,AE,AE,AE,AE,AE,AE,AE,AE,AE,AE,AE,AE,AE,AE,AE,AE,AE,AE,AE,AE,AE,AE,AE,AE,AE,AE,AE,AE,AE,AE,AE,AE,AE,AE,AE,AE,AE,AE,AE,AE,AE,AE,AE,AE,AE,AE
MFG 513,AE,AE,AE,AE,AE,AE,AE,AE,AE,AE,AE,AE,AE,AE,AE,AE,AE,AE,AE,AE,AE,AE,AE,AE,AE,AE,AE,AE,AE,AE,AE,AE,AE,AE,AE,AE,AE,AE,AE,AE,AE,AE,AE,AE,AE,AE,AE,AE,AE,AE,AE,AE,AE,AE,AE,AE,AE,AE,AE,AE,AE,AE,AE,AE,AE,AE,AE,AE,AE,AE,AE,AE,AE,AE,AE,AE,AE,AE,AE,AE,AE,AE
MFG 516,AE,AE,AE,AE,AE,AE,AE,AE,AE,AE,AE,AE,AE,AE,AE,AE,AE,AE,AE,AE,AE,AE,AE,AE,AE,AE,AE,AE,AE,AE,AE,AE,AE,AE,AE,AE,AE,AE,AE,AE,AE,AE,AE,AE,AE,AE,AE,AE,AE,AE,AE,AE,AE,AE,AE,AE,AE,AE,AE,AE,AE,AE,AE,AE,AE,AE,AE,AE,AE,AE,AE,AE,AE,AE,AE,AE,AE,AE,AE,AE,AE,AE
MFG 563,AE,AE,AE,AE,AE,AE,AE,AE,AE,AE,AE,AE,AE,AE,AE,AE,AE,AE,AE,AE,AE,AE,AE,AE,AE,AE,AE,AE,AE,AE,AE,AE,AE,AE,AE,AE,AE,AE,AE,AE,AE,AE,AE,AE,AE,AE,AE,AE,AE,AE,AE,AE,AE,AE,AE,AE,AE,AE,AE,AE,AE,AE,AE,AE,AE,AE,AE,AE,AE,AE,AE,AE,AE,AE,AE,AE,AE,AE,AE,AE,AE,AE
MFG 565,AE,AE,AE,AE,AE,AE,AE,AE,AE,AE,AE,AE,AE,AE,AE,AE,AE,AE,AE,AE,AE,AE,AE,AE,AE,AE,AE,AE,AE,AE,AE,AE,AE,AE,AE,AE,AE,AE,AE,AE,AE,AE,AE,AE,AE,AE,AE,AE,AE,AE,AE,AE,AE,AE,AE,AE,AE,AE,AE,AE,AE,AE,AE,AE,AE,AE,AE,AE,AE,AE,AE,AE,AE,AE,AE,AE,AE,AE,AE,AE,AE,AE
MFG 566,AE,AE,AE,AE,AE,AE,AE,AE,AE,AE,AE,AE,AE,AE,AE,AE,AE,AE,AE,AE,AE,AE,AE,AE,AE,AE,AE,AE,AE,AE,AE,AE,AE,AE,AE,AE,AE,AE,AE,AE,AE,AE,AE,AE,AE,AE,AE,AE,AE,AE,AE,AE,AE,AE,AE,AE,AE,AE,AE,AE,AE,AE,AE,AE,AE,AE,AE,AE,AE,AE,AE,AE,AE,AE,AE,AE,AE,AE,AE,AE,AE,AE
MFG 568,AE,AE,AE,AE,AE,AE,AE,AE,AE,AE,AE,AE,AE,AE,AE,AE,AE,AE,AE,AE,AE,AE,AE,AE,AE,AE,AE,AE,AE,AE,AE,AE,AE,AE,AE,AE,AE,AE,AE,AE,AE,AE,AE,AE,AE,AE,AE,AE,AE,AE,AE,AE,AE,AE,AE,AE,AE,AE,AE,AE,AE,AE,AE,AE,AE,AE,AE,AE,AE,AE,AE,AE,AE,AE,AE,AE,AE,AE,AE,AE,AE,AE
MFG 58000,AE,AE,AE,AE,AE,AE,AE,AE,AE,AE,AE,AE,AE,AE,AE,AE,AE,AE,AE,AE,AE,AE,AE,AE,AE,AE,AE,AE,AE,AE,AE,AE,AE,AE,AE,AE,AE,AE,AE,AE,AE,AE,AE,AE,AE,AE,AE,AE,AE,AE,AE,AE,AE,AE,AE,AE,AE,AE,AE,AE,AE,AE,AE,AE,AE,AE,AE,,,,,,,,,,,,,,,
MFG 58002,AE,AE,AE,AE,AE,AE,AE,AE,AE,AE,AE,AE,AE,AE,AE,AE,AE,AE,AE,AE,AE,AE,AE,AE,AE,AE,AE,AE,AE,AE,AE,AE,AE,AE,AE,AE,AE,AE,AE,AE,AE,AE,AE,AE,AE,AE,AE,AE,AE,AE,AE,AE,AE,AE,AE,AE,AE,AE,AE,AE,AE,AE,AE,AE,AE,AE,AE,AE,AE,AE,AE,AE,AE,AE,AE,AE,AE,AE,AE,AE,AE,AE
MFG 5801,AE,AE,AE,AE,AE,AE,AE,AE,AE,AE,AE,AE,AE,AE,AE,AE,AE,AE,AE,AE,AE,AE,AE,AE,AE,AE,AE,AE,AE,AE,AE,AE,AE,AE,AE,AE,AE,AE,AE,AE,AE,AE,AE,AE,AE,AE,AE,AE,AE,AE,AE,AE,AE,AE,AE,AE,AE,,,,,,,,,,,,,,,,,,,,,,,,,
NS 501,AE,AE,AE,AE,AE,AE,AE,AE,AE,AE,AE,AE,AE,AE,AE,AE,AE,AE,AE,AE,AE,AE,AE,AE,AE,AE,AE,AE,AE,AE,AE,AE,AE,AE,AE,AE,AE,AE,AE,AE,AE,AE,AE,,,,,,,,,,,,,,,,,,,,,,,,,,,,,,,,,,,,,,,
NS 502,AE,AE,AE,AE,AE,AE,AE,AE,AE,AE,AE,AE,AE,AE,AE,AE,AE,AE,AE,AE,AE,AE,AE,AE,AE,AE,AE,AE,AE,AE,AE,AE,AE,,,,,,,,,,,,,,,,,,,,,,,,,,,,,,,,,,,,,,,,,,,,,,,,,
NS 566,AE,AE,AE,AE,AE,AE,AE,AE,AE,AE,AE,AE,AE,AE,AE,AE,AE,AE,AE,AE,AE,AE,AE,AE,AE,AE,AE,AE,AE,AE,AE,AE,AE,AE,AE,AE,AE,AE,AE,AE,AE,AE,AE,AE,AE,AE,AE,AE,AE,AE,AE,AE,AE,AE,AE,,,,,,,,,,,,,,,,,,,,,,,,,,,
NT 546,AE,AE,AE,AE,AE,AE,AE,AE,AE,AE,AE,AE,AE,AE,AE,AE,AE,AE,AE,AE,AE,AE,AE,AE,AE,AE,AE,AE,AE,AE,AE,AE,AE,AE,AE,AE,AE,AE,AE,AE,AE,AE,AE,AE,AE,,,,,,,,,,,,,,,,,,,,,,,,,,,,,,,,,,,,,
PHYS 501,AE,AE,AE,AE,AE,AE,AE,AE,AE,AE,AE,AE,AE,AE,AE,AE,AE,AE,AE,AE,AE,AE,AE,AE,AE,AE,AE,AE,AE,AE,AE,AE,AE,AE,AE,AE,AE,AE,AE,AE,AE,AE,AE,AE,AE,AE,AE,AE,AE,AE,AE,AE,AE,AE,AE,AE,AE,AE,AE,AE,AE,AE,AE,AE,AE,AE,AE,AE,AE,AE,AE,AE,AE,AE,AE,AE,AE,AE,AE,AE,AE,AE
PHYS 511,AE,AE,AE,AE,AE,AE,AE,AE,AE,AE,AE,AE,AE,AE,AE,AE,AE,AE,AE,AE,AE,AE,AE,AE,AE,AE,AE,AE,AE,AE,AE,AE,AE,AE,AE,AE,AE,AE,AE,AE,AE,AE,AE,AE,AE,AE,AE,AE,AE,AE,AE,AE,AE,AE,AE,AE,AE,AE,AE,AE,AE,AE,AE,AE,AE,AE,AE,AE,AE,AE,AE,AE,AE,AE,AE,AE,AE,AE,AE,AE,AE,AE
PHYS 512,AE,AE,AE,AE,AE,AE,AE,AE,AE,AE,AE,AE,AE,AE,AE,AE,AE,AE,AE,AE,AE,AE,AE,AE,AE,AE,AE,AE,AE,AE,AE,AE,AE,AE,AE,AE,AE,AE,AE,AE,AE,AE,AE,AE,AE,AE,AE,AE,AE,AE,AE,AE,AE,AE,AE,AE,AE,AE,AE,AE,AE,AE,AE,AE,AE,AE,,,,,,,,,,,,,,,,
PHYS 531,AE,AE,AE,AE,AE,AE,AE,AE,AE,AE,AE,AE,AE,AE,AE,AE,AE,AE,AE,AE,AE,AE,AE,AE,AE,AE,AE,AE,AE,AE,AE,AE,AE,AE,AE,AE,AE,AE,AE,AE,AE,AE,AE,AE,AE,AE,AE,AE,AE,AE,AE,AE,AE,AE,AE,AE,AE,AE,AE,AE,AE,AE,AE,AE,AE,AE,AE,AE,AE,AE,AE,AE,AE,AE,AE,AE,AE,AE,AE,AE,AE,AE
PHYS 532,AE,AE,AE,AE,AE,AE,AE,AE,AE,AE,AE,AE,AE,AE,AE,AE,AE,AE,AE,AE,AE,AE,AE,AE,AE,AE,AE,AE,AE,AE,AE,AE,AE,AE,AE,AE,AE,AE,AE,AE,AE,AE,AE,AE,AE,AE,AE,AE,AE,AE,AE,AE,AE,AE,AE,AE,AE,AE,AE,AE,AE,AE,AE,AE,AE,AE,AE,AE,AE,AE,AE,AE,AE,AE,AE,AE,AE,AE,AE,AE,AE,AE
PHYS 533,AE,AE,AE,AE,AE,AE,AE,AE,AE,AE,AE,AE,AE,AE,AE,AE,AE,AE,AE,AE,AE,AE,AE,AE,AE,AE,AE,,,,,,,,,,,,,,,,,,,,,,,,,,,,,,,,,,,,,,,,,,,,,,,,,,,,,,,
PHYS 538,AE,AE,AE,AE,AE,AE,AE,AE,AE,AE,AE,AE,AE,AE,AE,AE,AE,AE,AE,AE,AE,AE,AE,AE,AE,AE,AE,AE,AE,AE,AE,AE,AE,AE,AE,AE,AE,AE,AE,AE,AE,AE,AE,AE,AE,AE,AE,AE,AE,AE,AE,AE,,,,,,,,,,,,,,,,,,,,,,,,,,,,,,
PHYS 541,AE,AE,AE,AE,AE,AE,AE,AE,AE,AE,AE,AE,AE,AE,AE,AE,AE,AE,AE,AE,AE,AE,AE,AE,AE,AE,AE,AE,AE,AE,AE,AE,AE,AE,AE,AE,AE,AE,AE,AE,AE,AE,AE,AE,AE,AE,AE,AE,AE,AE,AE,AE,AE,AE,AE,AE,AE,AE,AE,AE,AE,AE,AE,AE,AE,AE,AE,AE,AE,AE,AE,AE,AE,AE,AE,AE,AE,AE,AE,AE,AE,AE
PHYS 542,AE,AE,AE,AE,AE,AE,AE,AE,AE,AE,AE,AE,AE,AE,AE,AE,AE,AE,AE,AE,AE,AE,AE,AE,AE,AE,AE,AE,AE,AE,AE,AE,AE,AE,AE,AE,AE,AE,AE,AE,AE,AE,AE,,,,,,,,,,,,,,,,,,,,,,,,,,,,,,,,,,,,,,,
PHYS 545,AE,AE,AE,AE,AE,AE,AE,AE,AE,AE,AE,AE,AE,AE,AE,AE,AE,AE,AE,AE,AE,AE,AE,AE,AE,AE,AE,,,,,,,,,,,,,,,,,,,,,,,,,,,,,,,,,,,,,,,,,,,,,,,,,,,,,,,
PHYS 546,AE,AE,AE,AE,AE,AE,AE,AE,AE,AE,AE,AE,AE,AE,AE,AE,AE,AE,AE,AE,AE,AE,AE,AE,AE,AE,AE,,,,,,,,,,,,,,,,,,,,,,,,,,,,,,,,,,,,,,,,,,,,,,,,,,,,,,,
PHYS 548,AE,AE,AE,AE,AE,AE,AE,AE,AE,AE,AE,AE,AE,AE,AE,AE,AE,AE,AE,AE,AE,AE,AE,AE,AE,AE,AE,AE,AE,AE,AE,AE,AE,AE,AE,AE,AE,AE,AE,AE,AE,AE,AE,AE,AE,AE,AE,AE,AE,AE,AE,AE,AE,AE,AE,AE,AE,AE,AE,AE,AE,AE,AE,AE,AE,AE,AE,AE,AE,AE,AE,AE,AE,AE,AE,AE,AE,AE,AE,AE,AE,AE
PHYS 550,AE,AE,AE,AE,AE,AE,AE,AE,AE,AE,AE,AE,AE,AE,AE,AE,AE,AE,AE,AE,AE,AE,AE,AE,AE,AE,AE,AE,AE,AE,AE,AE,AE,AE,AE,AE,AE,AE,AE,AE,AE,AE,AE,AE,AE,AE,AE,AE,AE,AE,AE,AE,AE,AE,AE,AE,AE,AE,AE,AE,AE,AE,AE,AE,AE,AE,AE,AE,AE,AE,AE,AE,AE,AE,AE,AE,AE,AE,AE,AE,AE,AE
PHYS 553,AE,AE,AE,AE,AE,AE,AE,AE,AE,AE,AE,AE,AE,AE,AE,AE,AE,AE,AE,AE,AE,AE,AE,AE,AE,AE,AE,,,,,,,,,,,,,,,,,,,,,,,,,,,,,,,,,,,,,,,,,,,,,,,,,,,,,,,
PHYS 555,AE,AE,AE,AE,AE,AE,AE,AE,AE,AE,AE,AE,AE,AE,AE,AE,AE,AE,AE,AE,AE,AE,AE,AE,AE,AE,AE,AE,AE,AE,AE,AE,AE,AE,AE,AE,AE,AE,AE,AE,AE,AE,AE,AE,AE,AE,AE,AE,AE,AE,AE,AE,AE,AE,AE,AE,AE,AE,AE,AE,AE,AE,AE,AE,AE,AE,AE,AE,AE,AE,AE,AE,AE,AE,AE,AE,AE,AE,AE,AE,AE,AE
PHYS 556,AE,AE,AE,AE,AE,AE,AE,AE,AE,AE,AE,AE,AE,AE,AE,AE,AE,AE,AE,AE,AE,AE,AE,AE,AE,AE,AE,AE,AE,AE,AE,AE,AE,AE,AE,AE,,,,,,,,,,,,,,,,,,,,,,,,,,,,,,,,,,,,,,,,,,,,,,
PHYS 561,AE,AE,AE,AE,AE,AE,AE,AE,AE,AE,AE,AE,AE,AE,AE,AE,AE,AE,AE,AE,AE,AE,AE,AE,AE,AE,AE,AE,AE,AE,AE,AE,AE,AE,AE,AE,AE,AE,AE,AE,AE,AE,AE,AE,AE,AE,AE,AE,AE,AE,AE,AE,AE,AE,AE,AE,AE,AE,AE,AE,AE,AE,AE,AE,AE,AE,AE,AE,AE,AE,AE,AE,AE,AE,AE,AE,AE,AE,AE,AE,AE,AE
PHYS 562,AE,AE,AE,AE,AE,AE,AE,AE,AE,AE,AE,AE,AE,AE,AE,AE,AE,AE,AE,AE,AE,AE,AE,AE,AE,AE,AE,AE,AE,AE,AE,AE,AE,AE,AE,AE,,,,,,,,,,,,,,,,,,,,,,,,,,,,,,,,,,,,,,,,,,,,,,
PHYS 565,AE,AE,AE,AE,AE,AE,AE,AE,AE,AE,AE,AE,AE,AE,AE,AE,AE,AE,AE,AE,AE,AE,AE,AE,AE,AE,AE,AE,AE,AE,,,,,,,,,,,,,,,,,,,,,,,,,,,,,,,,,,,,,,,,,,,,,,,,,,,,
PHYS 566,AE,AE,AE,AE,AE,AE,AE,AE,AE,AE,AE,AE,AE,AE,AE,AE,AE,AE,AE,AE,AE,AE,AE,AE,AE,AE,AE,AE,AE,AE,AE,AE,AE,AE,AE,AE,AE,AE,AE,AE,AE,AE,AE,AE,AE,AE,AE,AE,AE,AE,AE,AE,AE,AE,AE,AE,AE,AE,AE,AE,AE,AE,AE,AE,AE,AE,AE,AE,AE,AE,AE,AE,AE,AE,AE,AE,AE,AE,AE,AE,AE,AE
PHYS 576,AE,AE,AE,AE,AE,AE,AE,AE,AE,AE,AE,AE,AE,AE,AE,AE,AE,AE,AE,AE,AE,AE,AE,AE,AE,AE,AE,,,,,,,,,,,,,,,,,,,,,,,,,,,,,,,,,,,,,,,,,,,,,,,,,,,,,,,
PHYS 580,AE,AE,AE,AE,AE,AE,AE,AE,AE,AE,AE,AE,AE,AE,AE,AE,AE,AE,AE,AE,AE,AE,AE,AE,AE,AE,AE,AE,AE,AE,AE,AE,AE,AE,AE,AE,AE,AE,AE,AE,AE,AE,,,,,,,,,,,,,,,,,,,,,,,,,,,,,,,,,,,,,,,,
PHYS 581,AE,AE,AE,AE,AE,AE,AE,AE,AE,AE,AE,AE,AE,AE,AE,AE,AE,AE,AE,AE,AE,AE,AE,AE,AE,AE,AE,AE,AE,AE,AE,AE,AE,AE,AE,AE,AE,AE,AE,AE,AE,AE,AE,AE,AE,AE,AE,AE,AE,AE,AE,,,,,,,,,,,,,,,,,,,,,,,,,,,,,,,
PHYS 584,AE,AE,AE,AE,AE,AE,AE,AE,AE,AE,AE,AE,AE,AE,AE,AE,AE,AE,AE,AE,AE,AE,AE,AE,AE,AE,AE,AE,AE,AE,AE,AE,AE,AE,AE,AE,AE,AE,AE,AE,AE,AE,AE,AE,AE,AE,AE,AE,AE,AE,AE,AE,AE,AE,AE,AE,AE,AE,AE,AE,AE,AE,AE,AE,AE,AE,AE,AE,AE,AE,AE,AE,AE,AE,AE,AE,AE,AE,AE,AE,AE,AE
PHYS 591,AE,AE,AE,AE,AE,AE,AE,AE,AE,AE,AE,AE,AE,AE,AE,AE,AE,AE,AE,AE,AE,AE,AE,AE,AE,AE,AE,AE,AE,AE,AE,AE,AE,AE,AE,AE,AE,AE,AE,AE,AE,AE,AE,AE,AE,AE,AE,AE,AE,AE,AE,AE,AE,AE,AE,AE,AE,AE,AE,AE,AE,AE,AE,AE,AE,AE,AE,AE,AE,AE,AE,AE,AE,AE,AE,AE,AE,AE,AE,AE,AE,AE
PHYS 592,AE,AE,AE,AE,AE,AE,AE,AE,AE,AE,AE,AE,AE,AE,AE,AE,AE,AE,AE,AE,AE,AE,AE,AE,AE,AE,AE,AE,AE,AE,AE,AE,AE,AE,AE,AE,AE,AE,AE,AE,AE,AE,AE,AE,AE,AE,AE,AE,AE,AE,AE,AE,AE,AE,,,,,,,,,,,,,,,,,,,,,,,,,,,,
PHYS 611,AE,AE,AE,AE,AE,AE,AE,AE,AE,AE,AE,AE,AE,AE,AE,AE,AE,AE,AE,AE,AE,AE,AE,AE,AE,AE,AE,AE,AE,AE,AE,AE,AE,AE,AE,AE,AE,AE,AE,AE,AE,AE,AE,AE,AE,AE,AE,AE,AE,AE,AE,AE,AE,AE,AE,AE,AE,AE,AE,AE,AE,AE,AE,AE,AE,AE,AE,AE,AE,AE,AE,,,,,,,,,,,
PHYS 612,AE,AE,AE,AE,AE,AE,AE,AE,AE,AE,AE,AE,AE,AE,AE,AE,AE,AE,AE,AE,AE,AE,AE,AE,AE,AE,AE,AE,AE,AE,AE,AE,AE,,,,,,,,,,,,,,,,,,,,,,,,,,,,,,,,,,,,,,,,,,,,,,,,,
PHYS 613,AE,AE,AE,AE,AE,AE,AE,AE,AE,AE,AE,AE,AE,AE,AE,AE,AE,AE,AE,AE,AE,AE,AE,AE,AE,AE,AE,,,,,,,,,,,,,,,,,,,,,,,,,,,,,,,,,,,,,,,,,,,,,,,,,,,,,,,
PHYS 614,AE,AE,AE,AE,AE,AE,AE,AE,AE,AE,AE,AE,AE,AE,AE,AE,AE,AE,AE,AE,AE,AE,AE,AE,AE,AE,AE,AE,AE,AE,AE,AE,AE,AE,AE,AE,AE,AE,AE,AE,AE,AE,AE,AE,AE,AE,AE,AE,AE,AE,AE,AE,AE,AE,AE,AE,AE,AE,AE,AE,AE,,,,,,,,,,,,,,,,,,,,,
PHYS 617,AE,AE,AE,AE,AE,AE,AE,AE,AE,AE,AE,AE,AE,AE,AE,AE,AE,AE,AE,AE,AE,AE,AE,AE,AE,AE,AE,AE,AE,AE,AE,AE,AE,AE,AE,AE,AE,AE,AE,AE,AE,AE,AE,AE,AE,AE,AE,AE,AE,AE,AE,AE,AE,AE,AE,AE,AE,AE,AE,AE,AE,AE,AE,AE,AE,AE,AE,AE,AE,AE,AE,AE,AE,AE,AE,AE,AE,AE,AE,AE,AE,AE
PHYS 618,AE,AE,AE,AE,AE,AE,AE,AE,AE,AE,AE,AE,AE,AE,AE,AE,AE,AE,AE,AE,AE,AE,AE,AE,AE,AE,AE,AE,AE,AE,AE,AE,AE,AE,AE,AE,AE,AE,AE,AE,AE,AE,AE,AE,AE,AE,AE,AE,AE,AE,AE,AE,AE,AE,AE,AE,AE,AE,AE,AE,AE,AE,AE,AE,AE,AE,AE,AE,AE,AE,AE,,,,,,,,,,,
SEC 530,AE,AE,AE,AE,AE,AE,AE,AE,AE,AE,AE,AE,AE,AE,AE,AE,AE,AE,AE,AE,AE,AE,AE,AE,AE,AE,AE,AE,AE,AE,AE,AE,AE,AE,AE,AE,AE,AE,AE,AE,AE,AE,AE,AE,AE,AE,AE,AE,AE,AE,AE,AE,AE,AE,AE,AE,AE,AE,AE,AE,AE,AE,AE,AE,AE,AE,AE,AE,AE,AE,AE,AE,AE,AE,AE,AE,AE,AE,AE,AE,AE,AE
SEC 531,AE,AE,AE,AE,AE,AE,AE,AE,AE,AE,AE,AE,AE,AE,AE,AE,AE,AE,AE,AE,AE,AE,AE,AE,AE,AE,AE,AE,AE,AE,AE,AE,AE,AE,AE,AE,AE,AE,AE,AE,AE,AE,AE,AE,AE,AE,AE,AE,AE,AE,AE,AE,AE,AE,AE,AE,AE,AE,AE,AE,AE,AE,AE,AE,AE,AE,AE,AE,AE,AE,,,,,,,,,,,,
SEC 532,AE,AE,AE,AE,AE,AE,AE,AE,AE,AE,AE,AE,AE,AE,AE,AE,AE,AE,AE,AE,AE,AE,AE,AE,AE,AE,AE,AE,AE,AE,AE,AE,AE,AE,AE,AE,AE,AE,AE,AE,AE,AE,AE,AE,AE,AE,AE,AE,AE,AE,AE,AE,AE,AE,AE,AE,AE,AE,AE,AE,AE,AE,AE,AE,AE,AE,AE,AE,AE,AE,AE,AE,AE,AE,AE,AE,AE,AE,AE,AE,AE,AE
SEC 533,AE,AE,AE,AE,AE,AE,AE,AE,AE,AE,AE,AE,AE,AE,AE,AE,AE,AE,AE,AE,AE,AE,AE,AE,AE,AE,AE,AE,AE,AE,AE,AE,AE,AE,AE,AE,AE,AE,AE,AE,AE,AE,AE,AE,AE,AE,AE,AE,AE,AE,AE,AE,AE,AE,AE,AE,AE,AE,AE,AE,AE,AE,AE,AE,AE,AE,AE,AE,AE,AE,,,,,,,,,,,,
SEC 534,AE,AE,AE,AE,AE,AE,AE,AE,AE,AE,AE,AE,AE,AE,AE,AE,AE,AE,AE,AE,AE,AE,AE,AE,AE,AE,AE,AE,AE,AE,AE,AE,AE,AE,AE,AE,AE,AE,AE,AE,AE,AE,AE,AE,AE,AE,AE,AE,AE,AE,AE,AE,AE,AE,AE,AE,AE,AE,AE,AE,AE,AE,AE,AE,AE,AE,AE,AE,AE,AE,AE,AE,AE,AE,AE,AE,AE,AE,AE,AE,AE,AE
SEC 535,AE,AE,AE,AE,AE,AE,AE,AE,AE,AE,AE,AE,AE,AE,AE,AE,AE,AE,AE,AE,AE,AE,AE,AE,AE,AE,AE,AE,AE,AE,AE,AE,AE,AE,AE,AE,AE,AE,AE,AE,AE,AE,AE,AE,AE,AE,AE,AE,AE,AE,AE,AE,AE,AE,AE,AE,AE,AE,AE,AE,AE,AE,AE,AE,AE,AE,AE,AE,AE,AE,,,,,,,,,,,,
SEC 537,AE,AE,AE,AE,AE,AE,AE,AE,AE,AE,AE,AE,AE,AE,AE,AE,AE,AE,AE,AE,AE,AE,AE,AE,AE,AE,AE,AE,AE,AE,AE,AE,AE,AE,AE,AE,AE,AE,AE,AE,AE,AE,AE,AE,AE,AE,AE,AE,AE,AE,AE,AE,AE,AE,AE,AE,AE,AE,AE,AE,AE,AE,AE,AE,AE,AE,AE,AE,AE,AE,AE,AE,AE,AE,AE,AE,AE,AE,AE,AE,AE,AE
SEC 540,AE,AE,AE,AE,AE,AE,AE,AE,AE,AE,AE,AE,AE,AE,AE,AE,AE,AE,AE,AE,AE,AE,AE,AE,AE,AE,AE,AE,AE,AE,AE,AE,AE,AE,AE,AE,AE,AE,AE,AE,AE,AE,AE,AE,AE,AE,AE,AE,AE,AE,AE,AE,AE,AE,AE,AE,AE,AE,AE,AE,AE,AE,AE,AE,AE,AE,AE,AE,AE,AE,AE,AE,AE,AE,AE,AE,AE,AE,AE,AE,AE,AE
SEC 58006,AE,AE,AE,AE,AE,AE,AE,AE,AE,AE,AE,AE,AE,AE,AE,AE,AE,AE,AE,AE,AE,AE,AE,AE,AE,AE,AE,AE,AE,AE,AE,AE,AE,AE,AE,AE,AE,AE,AE,AE,AE,AE,AE,AE,AE,AE,AE,AE,AE,AE,AE,AE,AE,AE,AE,AE,AE,AE,AE,AE,AE,AE,AE,AE,AE,AE,AE,AE,AE,AE,AE,AE,AE,AE,AE,AE,AE,AE,AE,AE,AE,AE
SEC 592,AE,AE,AE,AE,AE,AE,AE,AE,AE,AE,AE,AE,AE,AE,AE,AE,AE,AE,AE,AE,AE,AE,AE,AE,AE,AE,AE,AE,AE,AE,AE,AE,AE,AE,AE,AE,AE,AE,AE,AE,AE,AE,AE,AE,AE,AE,AE,AE,AE,AE,AE,AE,AE,AE,AE,AE,AE,AE,AE,AE,AE,AE,AE,AE,AE,AE,AE,AE,AE,AE,AE,AE,AE,AE,AE,AE,AE,AE,AE,AE,AE,AE
XM 590,AE,AE,AE,AE,AE,AE,AE,AE,AE,AE,AE,AE,AE,AE,AE,AE,AE,AE,AE,AE,AE,AE,AE,AE,AE,AE,AE,AE,AE,AE,AE,AE,AE,AE,AE,AE,AE,AE,AE,AE,AE,AE,AE,AE,AE,AE,AE,AE,AE,AE,AE,AE,AE,AE,AE,AE,AE,AE,AE,AE,AE,AE,AE,AE,AE,AE,AE,AE,AE,AE,AE,AE,AE,AE,AE,AE,AE,AE,AE,AE,AE,AE
XM 591,AE,AE,AE,AE,AE,AE,AE,AE,AE,AE,AE,AE,AE,AE,AE,AE,AE,AE,AE,AE,AE,AE,AE,AE,AE,AE,AE,AE,AE,AE,AE,AE,AE,AE,AE,AE,AE,AE,AE,AE,AE,AE,AE,AE,AE,AE,AE,AE,AE,AE,AE,AE,AE,AE,AE,AE,AE,AE,AE,AE,AE,AE,AE,AE,AE,AE,AE,AE,AE,AE,AE,AE,AE,AE,AE,AE,AE,AE,AE,AE,AE,AE
,,,,,,,,,,,,,,,,,,,,,,,,,,,,,,,,,,,,,,,,,,,,,,,,,,,,,,,,,,PE,PE,PE,PE,PE,PE,PE,PE,PE,PE,PE,PE,PE,PE,PE,PE,PE,PE,PE,PE,PE,PE,PE,PE,PE