"Leaders for Industry Industrial Engineering - Non Thesis","199901","199902","199903","200001","200002","200003","200101","200102","200103","200201","200202","200203","200301","200302","200303","200401","200402","200403","200501","200502","200503","200601","200602","200603","200701","200702","200703","200801","200802","200803","200901","200902","200903","201001","201002","201003","201101","201102","201103","201201","201202","201203","201301","201302","201303","201401","201402","201403","201501","201502","201503","201601","201602","201603","201701","201702","201703","201801","201802","201803","201901","201902","201903","202001","202002","202003","202101","202102","202103","202201","202202","202203","202301","202302","202303","202401","202402","202403","202501","202502","202503","202601"
Requirement:credits,60,60,60,60,60,60,60,60,60,60,60,60,60,60,60,60,60,60,60,60,60,60,60,60,60,60,60,60,60,60,60,60,60,60,60,60,60,60,60,60,60,60,60,60,60,60,60,60,60,60,60,60,60,60,60,60,60,60,60,60,60,60,60,60,60,60,60,60,60,60,60,60,60,60,60,60,60,60,60,60,60,60
Requirement:courses,22,22,22,22,22,22,22,22,22,22,22,22,22,22,22,22,22,22,22,22,22,22,22,22,22,22,22,22,22,22,22,22,22,22,22,22,22,22,22,22,22,22,22,22,22,22,22,22,22,22,22,22,22,22,22,22,22,22,22,22,22,22,22,22,22,22,22,22,22,22,22,22,22,22,22,22,22,22,22,22,22,22
,P,P,P,P,P,P,P,,,,,,,,,,,,C,C,C,,,,,,,,,,,,,,,,,,,,,,,,,,,,,,,,,,,,,PE,PE,PE,PE,PE,PE,PE,PE,PE,PE,PE,PE,PE,PE,PE,PE,PE,PE,PE,PE,PE,PE,PE,PE,PE
GSM 513,R,R,R,R,R,R,R,R,R,R,R,R,,,,,,,,,,,,,,,,,,,,,,,,,,,,,,,,,,,,,,,,,,,,,,,,,,,,,,,,,,,,,,,,,,,,,,
GSM 514,R,R,R,R,R,R,R,R,R,R,R,R,,,,,,,,,,,,,,,,,,,,,,,,,,,,,,,,,,,,,,,,,,,,,,,,,,,,,,,,,,,,,,,,,,,,,,
GSM 527,R,R,R,R,R,R,R,R,R,R,R,R,,,,,,,,,,,,,,,,,,,,,,,,,,,,,,,,,,,,,,,,,,,,,,,,,,,,,,,,,,,,,,,,,,,,,,
GSM 528,R,R,R,R,R,R,R,R,R,R,R,R,,,,,,,,,,,,,,,,,,,,,,,,,,,,,,,,,,,,,,,,,,,,,,,,,,,,,,,,,,,,,,,,,,,,,,
GSM 529,R,R,R,R,R,R,R,R,R,R,R,R,,,,,,,,,,,,,,,,,,,,,,,,,,,,,,,,,,,,,,,,,,,,,,,,,,,,,,,,,,,,,,,,,,,,,,
GSM 532,R,R,R,R,R,R,R,R,R,R,R,R,,,,,,,,,,,,,,,,,,,,,,,,,,,,,,,,,,,,,,,,,,,,,,,,,,,,,,,,,,,,,,,,,,,,,,
GSM 541,R,R,R,R,R,R,R,R,R,R,R,R,,,,,,,,,,,,,,,,,,,,,,,,,,,,,,,,,,,,,,,,,,,,,,,,,,,,,,,,,,,,,,,,,,,,,,
GSM 545,R,R,R,R,R,R,R,R,R,R,R,R,,,,,,,,,,,,,,,,,,,,,,,,,,,,,,,,,,,,,,,,,,,,,,,,,,,,,,,,,,,,,,,,,,,,,,
ENS 502,RE,RE,RE,RE,RE,RE,RE,RE,RE,RE,RE,RE,RE,RE,RE,RE,RE,RE,RE,RE,RE,RE,RE,RE,RE,RE,RE,RE,RE,RE,RE,RE,RE,RE,RE,RE,,,,,,,,,,,,,,,,,,,,,,,,,,,,,,,,,,,,,,,,,,,,,,
IE 501,RE,RE,RE,RE,RE,RE,RE,RE,RE,RE,RE,RE,RE,RE,RE,RE,RE,RE,RE,RE,RE,RE,RE,RE,RE,RE,RE,RE,RE,RE,RE,RE,RE,RE,RE,RE,RE,RE,RE,RE,RE,RE,RE,RE,RE,RE,RE,RE,RE,RE,RE,RE,RE,RE,RE,RE,RE,RE,RE,RE,RE,RE,RE,RE,RE,RE,RE,RE,RE,RE,RE,RE,RE,RE,RE,RE,RE,RE,RE,RE,RE,RE
IE 503,RE,RE,RE,RE,RE,RE,RE,RE,RE,RE,RE,RE,RE,RE,RE,RE,RE,RE,RE,RE,RE,RE,RE,RE,RE,RE,RE,RE,RE,RE,RE,RE,RE,RE,RE,RE,RE,RE,RE,RE,RE,RE,RE,RE,RE,RE,RE,RE,RE,RE,RE,RE,RE,RE,RE,RE,RE,RE,RE,RE,RE,RE,RE,RE,RE,RE,RE,RE,RE,RE,RE,RE,RE,RE,RE,RE,RE,RE,RE,RE,RE,RE
GSM 582,C,C,C,C,C,C,C,C,C,C,C,C,,,,,,,,,,,,,,,,,,,,,,,,,,,,,,,,,,,,,,,,,,,,,,,,,,,,,,,,,,,,,,,,,,,,,,
GSM 594,C,C,C,C,C,C,C,C,C,C,C,C,,,,,,,,,,,,,,,,,,,,,,,,,,,,,,,,,,,,,,,,,,,,,,,,,,,,,,,,,,,,,,,,,,,,,,
GSM 596,C,C,C,C,C,C,C,C,C,C,C,C,,,,,,,,,,,,,,,,,,,,,,,,,,,,,,,,,,,,,,,,,,,,,,,,,,,,,,,,,,,,,,,,,,,,,,
IE 509,CE,CE,CE,CE,CE,CE,CE,CE,CE,CE,CE,CE,CE,CE,CE,CE,CE,CE,,,,CE,CE,CE,CE,CE,CE,CE,CE,CE,CE,CE,CE,CE,CE,CE,CE,CE,CE,CE,CE,CE,CE,CE,CE,CE,CE,CE,CE,CE,CE,CE,CE,CE,CE,CE,CE,CE,CE,CE,CE,CE,CE,CE,CE,CE,CE,CE,CE,CE,,,,,,,,,,,,
IE 512,CE,CE,CE,CE,CE,CE,CE,CE,CE,CE,CE,CE,CE,CE,CE,CE,CE,CE,,,,CE,CE,CE,CE,CE,CE,CE,CE,CE,CE,CE,CE,CE,CE,CE,CE,CE,CE,CE,CE,CE,CE,CE,CE,CE,CE,CE,CE,CE,CE,CE,CE,CE,CE,CE,CE,CE,CE,CE,CE,CE,CE,CE,CE,CE,CE,CE,CE,CE,CE,CE,CE,CE,CE,CE,CE,CE,CE,CE,CE,CE
IE 514,CE,CE,CE,CE,CE,CE,CE,CE,CE,CE,CE,CE,CE,CE,CE,CE,CE,CE,,,,CE,CE,CE,CE,CE,CE,CE,CE,CE,CE,CE,CE,CE,CE,CE,CE,CE,CE,CE,CE,CE,CE,CE,CE,CE,CE,CE,CE,CE,CE,CE,CE,CE,CE,CE,CE,CE,CE,CE,,,,,,,,,,,,,,,,,,,,,,
IE 518,CE,CE,CE,CE,CE,CE,CE,CE,CE,CE,CE,CE,CE,CE,CE,CE,CE,CE,,,,CE,CE,CE,CE,CE,CE,CE,CE,CE,CE,CE,CE,CE,CE,CE,CE,CE,CE,CE,,,,,,,,,,,,,,,,,,,,,,,,,,,,,,,,,,,,,,,,,,
IE 519,CE,CE,CE,CE,CE,CE,CE,CE,CE,CE,CE,CE,CE,CE,CE,CE,CE,CE,,,,CE,CE,CE,CE,CE,CE,CE,CE,CE,CE,CE,CE,CE,CE,CE,CE,CE,CE,CE,CE,CE,CE,CE,CE,CE,CE,CE,CE,CE,CE,CE,CE,CE,CE,CE,CE,CE,CE,CE,CE,CE,CE,CE,CE,CE,CE,CE,CE,CE,,,,,,,,,,,,
IE 522,CE,CE,CE,CE,CE,CE,CE,CE,CE,CE,CE,CE,CE,CE,CE,CE,CE,CE,,,,CE,CE,CE,CE,CE,CE,CE,CE,CE,CE,CE,CE,CE,CE,CE,CE,CE,CE,CE,CE,CE,CE,CE,CE,CE,CE,CE,CE,CE,CE,CE,CE,CE,CE,CE,CE,CE,,,,,,,,,,,,,,,,,,,,,,,,
IE 524,CE,CE,CE,CE,CE,CE,CE,CE,CE,CE,CE,CE,CE,CE,CE,CE,CE,CE,,,,CE,CE,CE,CE,CE,CE,CE,CE,CE,CE,CE,CE,CE,CE,CE,CE,CE,CE,CE,CE,CE,CE,CE,CE,CE,CE,CE,CE,CE,CE,CE,CE,CE,CE,,,,,,,,,,,,,,,,,,,,,,,,,,,
IE 545,CE,CE,CE,CE,CE,CE,CE,CE,CE,CE,CE,CE,CE,CE,CE,CE,CE,CE,,,,CE,CE,CE,CE,CE,CE,CE,CE,CE,CE,CE,CE,CE,CE,CE,CE,CE,CE,CE,CE,CE,CE,CE,CE,CE,CE,CE,CE,,,,,,,,,,,,,,,,,,,,,,,,,,,,,,,,,
IE 550,CE,CE,CE,CE,CE,CE,CE,CE,CE,CE,CE,CE,CE,CE,CE,CE,CE,CE,,,,CE,CE,CE,CE,CE,CE,CE,CE,CE,CE,CE,CE,CE,CE,CE,CE,CE,CE,CE,CE,CE,CE,CE,CE,CE,CE,CE,CE,CE,CE,CE,CE,CE,CE,CE,CE,CE,CE,CE,CE,CE,CE,CE,CE,CE,CE,CE,CE,CE,CE,CE,CE,CE,CE,CE,CE,CE,CE,CE,CE,CE
IE 551,CE,CE,CE,CE,CE,CE,CE,CE,CE,CE,CE,CE,CE,CE,CE,CE,CE,CE,,,,CE,CE,CE,CE,CE,CE,CE,CE,CE,CE,CE,CE,CE,CE,CE,CE,CE,CE,CE,CE,CE,CE,CE,CE,CE,CE,CE,CE,CE,CE,CE,CE,CE,CE,CE,CE,CE,CE,CE,CE,CE,CE,CE,CE,CE,CE,CE,CE,CE,CE,CE,CE,CE,CE,CE,CE,CE,CE,CE,CE,CE
IE 552,CE,CE,CE,CE,CE,CE,CE,CE,CE,CE,CE,CE,CE,CE,CE,CE,CE,CE,,,,CE,CE,CE,CE,CE,CE,CE,CE,CE,CE,CE,CE,CE,CE,CE,CE,CE,CE,CE,CE,CE,CE,CE,CE,CE,CE,CE,CE,CE,CE,CE,CE,CE,CE,CE,CE,CE,CE,CE,CE,CE,CE,CE,CE,CE,CE,CE,CE,CE,CE,CE,CE,CE,CE,CE,CE,CE,CE,CE,CE,CE
IE 553,CE,CE,CE,CE,CE,CE,CE,CE,CE,CE,CE,CE,CE,CE,CE,CE,CE,CE,,,,CE,CE,CE,CE,CE,CE,CE,CE,CE,CE,CE,CE,CE,CE,CE,CE,CE,CE,CE,CE,CE,CE,CE,CE,CE,CE,CE,CE,CE,CE,CE,CE,CE,CE,CE,CE,CE,CE,CE,CE,CE,CE,CE,CE,CE,CE,CE,CE,CE,CE,CE,CE,CE,CE,CE,CE,CE,CE,CE,CE,CE
IE 554,CE,CE,CE,CE,CE,CE,CE,CE,CE,CE,CE,CE,CE,CE,CE,CE,CE,CE,,,,CE,CE,CE,CE,CE,CE,CE,CE,CE,CE,CE,CE,CE,CE,CE,CE,CE,CE,CE,CE,CE,CE,CE,CE,CE,,,,,,,,,,,,,,,,,,,,,,,,,,,,,,,,,,,,
IE 563,CE,CE,CE,CE,CE,CE,CE,CE,CE,CE,CE,CE,CE,CE,CE,CE,CE,CE,,,,CE,CE,CE,CE,CE,CE,CE,CE,CE,CE,CE,CE,CE,CE,CE,CE,CE,CE,CE,CE,CE,CE,CE,CE,CE,CE,CE,CE,CE,CE,CE,CE,CE,CE,CE,CE,,,,,,,,,,,,,,,,,,,,,,,,,
IE 564,CE,CE,CE,CE,CE,CE,CE,CE,CE,CE,CE,CE,CE,CE,CE,CE,CE,CE,,,,CE,CE,CE,CE,CE,CE,CE,CE,CE,CE,CE,CE,CE,CE,CE,CE,CE,CE,CE,CE,CE,CE,CE,CE,CE,CE,CE,CE,CE,CE,CE,CE,CE,CE,CE,CE,CE,CE,CE,CE,CE,CE,CE,CE,CE,CE,CE,CE,CE,,,,,,,,,,,,
IE 565,CE,CE,CE,CE,CE,CE,CE,CE,CE,CE,CE,CE,CE,CE,CE,CE,CE,CE,,,,CE,CE,CE,CE,CE,CE,CE,CE,CE,CE,CE,CE,CE,CE,CE,CE,CE,CE,CE,CE,CE,CE,CE,CE,CE,CE,CE,CE,CE,CE,CE,CE,CE,CE,CE,CE,,,,,,,,,,,,,,,,,,,,,,,,,
IE 567,CE,CE,CE,CE,CE,CE,CE,CE,CE,CE,CE,CE,CE,CE,CE,CE,CE,CE,,,,CE,CE,CE,CE,CE,CE,CE,CE,CE,CE,CE,CE,CE,CE,CE,CE,CE,CE,CE,CE,CE,CE,CE,CE,CE,CE,CE,CE,CE,CE,CE,CE,CE,CE,CE,CE,CE,CE,CE,CE,CE,CE,CE,CE,CE,CE,CE,CE,CE,CE,CE,CE,CE,CE,CE,CE,CE,CE,CE,CE,CE
IE 580,CE,CE,CE,CE,CE,CE,CE,CE,CE,CE,CE,CE,CE,CE,CE,CE,CE,CE,,,,CE,CE,CE,CE,CE,CE,CE,CE,CE,CE,CE,CE,CE,CE,CE,CE,CE,CE,CE,CE,CE,CE,CE,CE,CE,CE,CE,CE,CE,CE,,,,,,,,,,,,,,,,,,,,,,,,,,,,,,,
IE 581,CE,CE,CE,CE,CE,CE,CE,CE,CE,CE,CE,CE,CE,CE,CE,CE,CE,CE,,,,CE,CE,CE,CE,CE,CE,CE,CE,CE,CE,CE,CE,CE,CE,CE,CE,CE,CE,CE,CE,CE,CE,CE,CE,CE,CE,CE,CE,CE,CE,,,,,,,,,,,,,,,,,,,,,,,,,,,,,,,
IE 601,CE,CE,CE,CE,CE,CE,CE,CE,CE,CE,CE,CE,CE,CE,CE,CE,CE,CE,,,,CE,CE,CE,CE,CE,CE,CE,CE,CE,CE,CE,CE,CE,CE,CE,CE,CE,CE,CE,CE,CE,CE,CE,CE,CE,CE,CE,CE,CE,CE,CE,CE,CE,CE,CE,CE,CE,CE,CE,CE,CE,CE,CE,CE,CE,CE,CE,CE,CE,CE,CE,CE,CE,CE,CE,CE,CE,CE,CE,CE,CE
IE 605,CE,CE,CE,CE,CE,CE,CE,CE,CE,CE,CE,CE,CE,CE,CE,CE,CE,CE,,,,CE,CE,CE,CE,CE,CE,CE,CE,CE,CE,CE,CE,CE,CE,CE,CE,CE,CE,CE,CE,CE,CE,CE,CE,CE,CE,,,,,,,,,,,,,,,,,,,,,,,,,,,,,,,,,,,
IE 606,CE,CE,CE,CE,CE,CE,CE,CE,CE,CE,CE,CE,CE,CE,CE,CE,CE,CE,,,,CE,CE,CE,CE,CE,CE,CE,CE,CE,CE,CE,CE,CE,CE,CE,CE,CE,CE,CE,CE,CE,CE,CE,CE,CE,CE,CE,CE,CE,CE,CE,CE,CE,CE,CE,CE,CE,CE,CE,CE,CE,CE,CE,CE,CE,CE,CE,CE,CE,CE,CE,CE,CE,CE,CE,CE,CE,CE,CE,CE,CE
IE 609,CE,CE,CE,CE,CE,CE,CE,CE,CE,CE,CE,CE,CE,CE,CE,CE,CE,CE,,,,CE,CE,CE,CE,CE,CE,CE,CE,CE,CE,CE,CE,CE,CE,CE,CE,CE,CE,CE,CE,CE,CE,CE,CE,CE,CE,CE,CE,CE,CE,CE,CE,CE,CE,CE,CE,CE,CE,CE,CE,CE,CE,CE,CE,CE,CE,CE,CE,CE,,,,,,,,,,,,
IE 632,CE,CE,CE,CE,CE,CE,CE,CE,CE,CE,CE,CE,CE,CE,CE,CE,CE,CE,,,,CE,CE,CE,CE,CE,CE,CE,CE,CE,CE,CE,CE,CE,CE,CE,CE,CE,CE,CE,CE,CE,CE,CE,CE,CE,CE,CE,CE,CE,CE,CE,CE,CE,CE,CE,CE,CE,CE,CE,CE,CE,CE,CE,CE,CE,CE,CE,CE,CE,,,,,,,,,,,,
IE 638,CE,CE,CE,CE,CE,CE,CE,CE,CE,CE,CE,CE,CE,CE,CE,CE,CE,CE,,,,CE,CE,CE,CE,CE,CE,CE,CE,CE,CE,CE,CE,CE,CE,CE,CE,CE,CE,CE,CE,CE,CE,CE,CE,CE,CE,CE,CE,CE,CE,CE,CE,CE,CE,CE,CE,CE,CE,CE,CE,CE,CE,CE,CE,CE,CE,CE,CE,CE,,,,,,,,,,,,
IE 680,CE,CE,CE,CE,CE,CE,CE,CE,CE,CE,CE,CE,CE,CE,CE,CE,CE,CE,,,,CE,CE,CE,CE,CE,CE,CE,CE,CE,CE,CE,CE,CE,CE,CE,CE,CE,CE,CE,CE,CE,CE,CE,CE,CE,CE,CE,CE,CE,CE,,,,,,,,,,,,,,,,,,,,,,,,,,,,,,,
IE 681,CE,CE,CE,CE,CE,CE,CE,CE,CE,CE,CE,CE,CE,CE,CE,CE,CE,CE,,,,CE,CE,CE,CE,CE,CE,CE,CE,CE,CE,CE,CE,CE,CE,CE,CE,CE,CE,CE,CE,CE,CE,CE,CE,CE,CE,CE,CE,CE,CE,,,,,,,,,,,,,,,,,,,,,,,,,,,,,,,
ANTH 513,AE,AE,AE,AE,AE,AE,AE,AE,AE,AE,AE,AE,AE,AE,AE,AE,AE,AE,AE,AE,AE,,,,,,,,,,,,,,,,,,,,,,,,,,,,,,,,,,,,,,,,,,,,,,,,,,,,,,,,,,,,,
ANTH 515,AE,AE,AE,AE,AE,AE,AE,AE,AE,AE,AE,AE,AE,AE,AE,AE,AE,AE,AE,AE,AE,AE,AE,AE,AE,AE,AE,AE,AE,AE,AE,AE,AE,AE,AE,AE,AE,AE,AE,AE,AE,AE,AE,AE,AE,,,,,,,,,,,,,,,,,,,,,,,,,,,,,,,,,,,,,
ANTH 521,AE,AE,AE,AE,AE,AE,AE,AE,AE,AE,AE,AE,AE,AE,AE,AE,AE,AE,AE,AE,AE,AE,AE,AE,AE,AE,AE,AE,AE,AE,AE,AE,AE,AE,AE,AE,AE,AE,AE,AE,AE,AE,AE,AE,AE,AE,AE,AE,AE,AE,AE,AE,AE,AE,AE,AE,AE,AE,AE,AE,AE,AE,AE,AE,AE,AE,AE,AE,AE,AE,AE,AE,AE,AE,AE,AE,AE,AE,AE,AE,AE,AE
ANTH 525,AE,AE,AE,AE,AE,AE,AE,AE,AE,AE,AE,AE,AE,AE,AE,AE,AE,AE,AE,AE,AE,AE,AE,AE,AE,AE,AE,AE,AE,AE,AE,AE,AE,AE,AE,AE,AE,AE,AE,,,,,,,,,,,,,,,,,,,,,,,,,,,,,,,,,,,,,,,,,,,
ANTH 526,AE,AE,AE,AE,AE,AE,AE,AE,AE,AE,AE,AE,AE,AE,AE,AE,AE,AE,AE,AE,AE,AE,AE,AE,AE,AE,AE,AE,AE,AE,AE,AE,AE,AE,AE,AE,AE,AE,AE,AE,AE,AE,AE,AE,AE,AE,AE,AE,AE,AE,AE,AE,AE,AE,AE,AE,AE,AE,AE,AE,AE,AE,AE,AE,AE,AE,AE,AE,AE,AE,AE,AE,AE,AE,AE,AE,AE,AE,AE,AE,AE,AE
ANTH 528,AE,AE,AE,AE,AE,AE,AE,AE,AE,AE,AE,AE,AE,AE,AE,AE,AE,AE,AE,AE,AE,AE,AE,AE,AE,AE,AE,AE,AE,AE,AE,AE,AE,AE,AE,AE,AE,AE,AE,AE,AE,AE,AE,AE,AE,AE,,,,,,,,,,,,,,,,,,,,,,,,,,,,,,,,,,,,
ANTH 550,AE,AE,AE,AE,AE,AE,AE,AE,AE,AE,AE,AE,AE,AE,AE,AE,AE,AE,AE,AE,AE,AE,AE,AE,AE,AE,AE,AE,AE,AE,AE,AE,AE,AE,AE,AE,AE,AE,AE,AE,AE,AE,AE,,,,,,,,,,,,,,,,,,,,,,,,,,,,,,,,,,,,,,,
ANTH 554,AE,AE,AE,AE,AE,AE,AE,AE,AE,AE,AE,AE,AE,AE,AE,AE,AE,AE,AE,AE,AE,AE,AE,AE,AE,AE,AE,AE,AE,AE,AE,AE,AE,AE,AE,AE,AE,AE,AE,AE,AE,AE,AE,AE,AE,AE,AE,AE,AE,AE,AE,,,,,,,,,,,,,,,,,,,,,,,,,,,,,,,
ANTH 565,AE,AE,AE,AE,AE,AE,AE,AE,AE,AE,AE,AE,AE,AE,AE,AE,AE,AE,AE,AE,AE,AE,AE,AE,AE,AE,AE,AE,AE,AE,AE,AE,AE,AE,AE,AE,AE,AE,AE,AE,,,,,,,,,,,,,,,,,,,,,,,,,,,,,,,,,,,,,,,,,,
ANTH 568,AE,AE,AE,AE,AE,AE,AE,AE,AE,AE,AE,AE,AE,AE,AE,AE,AE,AE,AE,AE,AE,AE,AE,AE,AE,AE,AE,AE,AE,AE,AE,AE,AE,AE,AE,AE,AE,AE,AE,AE,AE,AE,AE,AE,AE,AE,AE,AE,AE,AE,AE,AE,AE,AE,AE,AE,AE,AE,AE,AE,AE,AE,AE,AE,AE,AE,AE,AE,AE,AE,AE,AE,AE,AE,AE,AE,AE,AE,AE,AE,AE,AE
ANTH 569,AE,AE,AE,AE,AE,AE,AE,AE,AE,AE,AE,AE,AE,AE,AE,AE,AE,AE,AE,AE,AE,AE,AE,AE,AE,AE,AE,AE,AE,AE,AE,AE,AE,AE,AE,AE,,,,,,,,,,,,,,,,,,,,,,,,,,,,,,,,,,,,,,,,,,,,,,
ANTH 571,AE,AE,AE,AE,AE,AE,AE,AE,AE,AE,AE,AE,AE,AE,AE,AE,AE,AE,AE,AE,AE,AE,AE,AE,AE,AE,AE,AE,AE,AE,AE,AE,AE,AE,AE,AE,AE,AE,AE,AE,AE,AE,AE,AE,AE,,,,,,,,,,,,,,,,,,,,,,,,,,,,,,,,,,,,,
ANTH 591,AE,AE,AE,AE,AE,AE,AE,,,,,,,,,,,,,,,,,,,,,,,,,,,,,,,,,,,,,,,,,,,,,,,,,,,,,,,,,,,,,,,,,,,,,,,,,,,
ANTH 613,AE,AE,AE,AE,AE,AE,AE,AE,AE,AE,AE,AE,AE,AE,AE,AE,AE,AE,AE,,,,,,,,,,,,,,,,,,,,,,,,,,,,,,,,,,,,,,,,,,,,,,,,,,,,,,,,,,,,,,,
ANTH 669,AE,AE,AE,AE,AE,AE,AE,AE,AE,AE,AE,AE,AE,AE,AE,AE,AE,AE,AE,,,,,,,,,,,,,,,,,,,,,,,,,,,,,,,,,,,,,,,,,,,,,,,,,,,,,,,,,,,,,,,
ARA 501,AE,AE,AE,AE,AE,AE,AE,AE,AE,AE,AE,AE,AE,AE,AE,AE,AE,AE,AE,AE,AE,AE,AE,AE,AE,AE,AE,AE,AE,AE,AE,AE,AE,AE,AE,AE,AE,AE,AE,AE,AE,AE,,,,,,,,,,,,,,,,,,,,,,,,,,,,,,,,,,,,,,,,
ARA 502,AE,AE,AE,AE,AE,AE,AE,AE,AE,AE,AE,AE,AE,AE,AE,AE,AE,AE,AE,AE,AE,AE,AE,AE,AE,AE,AE,AE,AE,AE,AE,AE,AE,AE,AE,AE,AE,AE,AE,AE,AE,AE,,,,,,,,,,,,,,,,,,,,,,,,,,,,,,,,,,,,,,,,
ARA 503,AE,AE,AE,AE,AE,AE,AE,AE,AE,AE,AE,AE,AE,AE,AE,AE,AE,AE,AE,AE,AE,AE,AE,AE,AE,AE,AE,AE,AE,AE,AE,AE,AE,AE,AE,AE,AE,AE,AE,AE,AE,AE,,,,,,,,,,,,,,,,,,,,,,,,,,,,,,,,,,,,,,,,
ARA 504,AE,AE,AE,AE,AE,AE,AE,AE,AE,AE,AE,AE,AE,AE,AE,AE,AE,AE,AE,AE,AE,AE,AE,AE,AE,AE,AE,AE,AE,AE,AE,AE,AE,AE,AE,AE,AE,AE,AE,AE,AE,AE,,,,,,,,,,,,,,,,,,,,,,,,,,,,,,,,,,,,,,,,
BIO 501,AE,AE,AE,AE,AE,AE,AE,AE,AE,AE,AE,AE,AE,AE,AE,AE,AE,AE,AE,AE,AE,AE,AE,AE,AE,AE,AE,AE,AE,AE,AE,AE,AE,AE,AE,AE,AE,AE,AE,AE,AE,AE,AE,AE,AE,AE,AE,AE,AE,AE,AE,AE,AE,AE,AE,AE,AE,AE,AE,AE,AE,AE,AE,AE,AE,AE,AE,,,,,,,,,,,,,,,
BIO 502,AE,AE,AE,AE,AE,AE,AE,AE,AE,AE,AE,AE,AE,AE,AE,AE,AE,AE,AE,AE,AE,AE,AE,AE,AE,AE,AE,AE,AE,AE,AE,AE,AE,AE,AE,AE,AE,AE,AE,AE,AE,AE,AE,AE,AE,AE,AE,AE,AE,AE,AE,AE,AE,AE,AE,AE,AE,AE,AE,AE,AE,AE,AE,AE,AE,AE,AE,AE,AE,AE,AE,AE,AE,AE,AE,AE,AE,AE,AE,AE,AE,AE
BIO 503,AE,AE,AE,AE,AE,AE,AE,AE,AE,AE,AE,AE,AE,AE,AE,AE,AE,AE,AE,AE,AE,AE,AE,AE,AE,AE,AE,AE,AE,AE,AE,AE,AE,AE,AE,AE,AE,AE,AE,AE,AE,AE,AE,AE,AE,AE,AE,AE,AE,AE,AE,AE,AE,AE,AE,AE,AE,AE,AE,AE,AE,AE,AE,AE,AE,AE,AE,AE,AE,AE,AE,AE,AE,AE,AE,AE,AE,AE,AE,AE,AE,AE
BIO 504,AE,AE,AE,AE,AE,AE,AE,AE,AE,AE,AE,AE,AE,AE,AE,AE,AE,AE,AE,AE,AE,AE,AE,AE,AE,AE,AE,AE,AE,AE,AE,AE,AE,AE,AE,AE,AE,AE,AE,AE,AE,AE,AE,AE,AE,AE,AE,AE,AE,AE,AE,AE,AE,AE,AE,AE,AE,AE,AE,AE,AE,AE,AE,AE,AE,AE,AE,AE,AE,AE,,,,,,,,,,,,
BIO 511,AE,AE,AE,AE,AE,AE,AE,AE,AE,AE,AE,AE,AE,AE,AE,AE,AE,AE,AE,AE,AE,AE,AE,AE,AE,AE,AE,AE,AE,AE,AE,AE,AE,AE,AE,AE,AE,AE,AE,AE,AE,AE,AE,AE,AE,AE,AE,AE,AE,AE,AE,AE,AE,AE,AE,AE,AE,AE,AE,AE,AE,AE,AE,AE,AE,AE,AE,AE,AE,AE,,,,,,,,,,,,
BIO 512,AE,AE,AE,AE,AE,AE,AE,AE,AE,AE,AE,AE,AE,AE,AE,AE,AE,AE,AE,AE,AE,AE,AE,AE,AE,AE,AE,AE,AE,AE,AE,AE,AE,AE,AE,AE,AE,AE,AE,AE,AE,AE,AE,AE,AE,AE,AE,AE,AE,AE,AE,AE,AE,AE,AE,AE,AE,AE,AE,AE,AE,AE,AE,AE,AE,AE,AE,AE,AE,AE,,,,,,,,,,,,
BIO 521,AE,AE,AE,AE,AE,AE,AE,AE,AE,AE,AE,AE,AE,AE,AE,AE,AE,AE,AE,AE,AE,AE,AE,AE,AE,AE,AE,AE,AE,AE,AE,AE,AE,AE,AE,AE,AE,AE,AE,AE,AE,AE,AE,AE,AE,AE,AE,AE,AE,AE,AE,AE,AE,AE,AE,AE,AE,AE,AE,AE,AE,AE,AE,AE,AE,AE,AE,AE,AE,AE,AE,AE,AE,AE,AE,AE,AE,AE,AE,AE,AE,AE
BIO 523,AE,AE,AE,AE,AE,AE,AE,AE,AE,AE,AE,AE,AE,AE,AE,AE,AE,AE,AE,AE,AE,AE,AE,AE,AE,AE,AE,AE,AE,AE,AE,AE,AE,AE,AE,AE,AE,AE,AE,AE,AE,AE,AE,AE,AE,AE,AE,AE,AE,AE,AE,AE,AE,AE,AE,AE,AE,AE,AE,AE,AE,AE,AE,AE,AE,AE,AE,AE,AE,AE,AE,AE,AE,AE,AE,AE,AE,AE,AE,AE,AE,AE
BIO 532,AE,AE,AE,AE,AE,AE,AE,AE,AE,AE,AE,AE,AE,AE,AE,AE,AE,AE,AE,AE,AE,AE,AE,AE,AE,AE,AE,AE,AE,AE,AE,AE,AE,AE,AE,AE,AE,AE,AE,AE,AE,AE,AE,AE,AE,AE,AE,AE,AE,AE,AE,AE,AE,AE,AE,AE,AE,AE,AE,AE,AE,AE,AE,AE,AE,AE,AE,AE,AE,AE,AE,AE,AE,AE,AE,AE,AE,AE,AE,AE,AE,AE
BIO 541,AE,AE,AE,AE,AE,AE,AE,AE,AE,AE,AE,AE,AE,AE,AE,AE,AE,AE,AE,AE,AE,AE,AE,AE,AE,AE,AE,AE,AE,AE,AE,AE,AE,AE,AE,AE,AE,AE,AE,AE,AE,AE,AE,AE,AE,AE,AE,AE,AE,AE,AE,AE,AE,AE,AE,AE,AE,AE,AE,AE,AE,AE,AE,AE,AE,AE,AE,AE,AE,AE,AE,AE,AE,AE,AE,AE,AE,AE,AE,AE,AE,AE
BIO 542,AE,AE,AE,AE,AE,AE,AE,AE,AE,AE,AE,AE,AE,AE,AE,AE,AE,AE,AE,AE,AE,AE,AE,AE,AE,AE,AE,AE,AE,AE,AE,AE,AE,AE,AE,AE,AE,AE,AE,AE,AE,AE,AE,AE,AE,AE,AE,AE,AE,AE,AE,AE,AE,AE,AE,AE,AE,AE,AE,AE,AE,AE,AE,AE,AE,AE,AE,AE,AE,AE,,,,,,,,,,,,
BIO 543,AE,AE,AE,AE,AE,AE,AE,AE,AE,AE,AE,AE,AE,AE,AE,AE,AE,AE,AE,AE,AE,AE,AE,AE,AE,AE,AE,AE,AE,AE,AE,AE,AE,AE,AE,AE,AE,AE,AE,AE,AE,AE,AE,AE,AE,AE,AE,AE,AE,AE,AE,AE,AE,AE,AE,AE,AE,AE,AE,AE,AE,AE,AE,AE,AE,AE,AE,AE,AE,AE,,,,,,,,,,,,
BIO 544,AE,AE,AE,AE,AE,AE,AE,AE,AE,AE,AE,AE,AE,AE,AE,AE,AE,AE,AE,AE,AE,AE,AE,AE,AE,AE,AE,AE,AE,AE,AE,AE,AE,AE,AE,AE,AE,AE,AE,AE,AE,AE,AE,AE,AE,AE,AE,AE,AE,AE,AE,AE,AE,AE,AE,AE,AE,AE,AE,AE,AE,AE,AE,AE,AE,AE,AE,AE,AE,AE,AE,AE,AE,AE,AE,AE,AE,AE,AE,AE,AE,AE
BIO 545,AE,AE,AE,AE,AE,AE,AE,AE,AE,AE,AE,AE,AE,AE,AE,AE,AE,AE,AE,AE,AE,AE,AE,AE,AE,AE,AE,AE,AE,AE,AE,AE,AE,AE,AE,AE,AE,AE,AE,AE,AE,AE,AE,AE,AE,AE,AE,AE,AE,AE,AE,AE,AE,AE,AE,AE,AE,AE,AE,AE,AE,AE,AE,AE,AE,AE,AE,AE,AE,AE,,,,,,,,,,,,
BIO 546,AE,AE,AE,AE,AE,AE,AE,AE,AE,AE,AE,AE,AE,AE,AE,AE,AE,AE,AE,AE,AE,AE,AE,AE,AE,AE,AE,AE,AE,AE,AE,AE,AE,AE,AE,AE,AE,AE,AE,AE,AE,AE,AE,AE,AE,AE,AE,AE,AE,AE,AE,AE,AE,AE,AE,AE,AE,AE,AE,AE,AE,AE,AE,AE,AE,AE,AE,AE,AE,AE,AE,AE,AE,AE,AE,AE,AE,AE,AE,AE,AE,AE
BIO 550,AE,AE,AE,AE,AE,AE,AE,AE,AE,AE,AE,AE,AE,AE,AE,AE,AE,AE,AE,AE,AE,AE,AE,AE,AE,AE,AE,AE,AE,AE,AE,AE,AE,AE,AE,AE,AE,AE,AE,AE,AE,AE,AE,AE,AE,AE,AE,AE,AE,AE,AE,AE,AE,AE,AE,AE,AE,AE,AE,AE,AE,AE,AE,AE,AE,AE,AE,AE,AE,AE,,,,,,,,,,,,
BIO 560,AE,AE,AE,AE,AE,AE,AE,AE,AE,AE,AE,AE,AE,AE,AE,AE,AE,AE,AE,AE,AE,AE,AE,AE,AE,AE,AE,AE,AE,AE,AE,AE,AE,AE,AE,AE,AE,AE,AE,AE,AE,AE,AE,AE,AE,AE,AE,AE,AE,AE,AE,AE,AE,AE,AE,AE,AE,AE,AE,AE,AE,AE,AE,AE,AE,AE,AE,AE,AE,AE,AE,AE,AE,AE,AE,AE,AE,AE,AE,AE,AE,AE
BIO 567,AE,AE,AE,AE,AE,AE,AE,AE,AE,AE,AE,AE,AE,AE,AE,AE,AE,AE,AE,AE,AE,AE,AE,AE,AE,AE,AE,AE,AE,AE,AE,AE,AE,AE,AE,AE,AE,AE,AE,AE,AE,AE,AE,AE,AE,AE,AE,AE,AE,AE,AE,AE,AE,AE,AE,AE,AE,AE,AE,AE,AE,AE,AE,AE,AE,AE,AE,AE,AE,AE,AE,AE,AE,AE,AE,AE,AE,AE,AE,AE,AE,AE
BIO 568,AE,AE,AE,AE,AE,AE,AE,AE,AE,AE,AE,AE,AE,AE,AE,AE,AE,AE,AE,AE,AE,AE,AE,AE,AE,AE,AE,AE,AE,AE,AE,AE,AE,AE,AE,AE,AE,AE,AE,AE,AE,AE,AE,AE,AE,AE,AE,AE,AE,AE,AE,AE,AE,AE,AE,AE,AE,AE,AE,AE,AE,AE,AE,AE,AE,AE,AE,AE,AE,AE,AE,AE,,,,,,,,,,
BIO 569,AE,AE,AE,AE,AE,AE,AE,AE,AE,AE,AE,AE,AE,AE,AE,AE,AE,AE,AE,AE,AE,AE,AE,AE,AE,AE,AE,AE,AE,AE,AE,AE,AE,AE,AE,AE,AE,AE,AE,AE,AE,AE,AE,AE,AE,AE,AE,AE,AE,AE,AE,AE,AE,AE,AE,AE,AE,AE,AE,AE,AE,AE,AE,AE,AE,AE,AE,AE,AE,AE,AE,AE,AE,AE,AE,AE,AE,AE,AE,AE,AE,AE
BIO 570,AE,AE,AE,AE,AE,AE,AE,AE,AE,AE,AE,AE,AE,AE,AE,AE,AE,AE,AE,AE,AE,AE,AE,AE,AE,AE,AE,AE,AE,AE,AE,AE,AE,AE,AE,AE,AE,AE,AE,AE,AE,AE,AE,AE,AE,AE,AE,AE,AE,AE,AE,AE,AE,AE,AE,AE,AE,AE,AE,AE,AE,AE,AE,AE,AE,AE,AE,AE,AE,AE,,,,,,,,,,,,
BIO 580,AE,AE,AE,AE,AE,AE,AE,AE,AE,AE,AE,AE,AE,AE,AE,AE,AE,AE,AE,AE,AE,AE,AE,AE,AE,AE,AE,AE,AE,AE,AE,AE,AE,AE,AE,AE,AE,AE,AE,AE,AE,AE,AE,AE,AE,AE,AE,AE,AE,AE,AE,,,,,,,,,,,,,,,,,,,,,,,,,,,,,,,
BIO 58000,AE,AE,AE,AE,AE,AE,AE,AE,AE,AE,AE,AE,AE,AE,AE,AE,AE,AE,AE,AE,AE,AE,AE,AE,AE,AE,AE,AE,AE,AE,AE,AE,AE,AE,AE,AE,AE,AE,AE,AE,AE,AE,AE,AE,AE,AE,AE,AE,AE,AE,AE,AE,AE,AE,AE,AE,AE,AE,AE,AE,AE,AE,AE,AE,AE,AE,AE,AE,AE,AE,AE,,,,,,,,,,,
BIO 58001,AE,AE,AE,AE,AE,AE,AE,AE,AE,AE,AE,AE,AE,AE,AE,AE,AE,AE,AE,AE,AE,AE,AE,AE,AE,AE,AE,AE,AE,AE,AE,AE,AE,AE,AE,AE,AE,AE,AE,AE,AE,AE,AE,AE,AE,AE,AE,AE,AE,AE,AE,AE,AE,AE,AE,AE,AE,AE,AE,AE,AE,AE,AE,AE,AE,AE,AE,AE,AE,AE,,,,,,,,,,,,
BIO 58002,AE,AE,AE,AE,AE,AE,AE,AE,AE,AE,AE,AE,AE,AE,AE,AE,AE,AE,AE,AE,AE,AE,AE,AE,AE,AE,AE,AE,AE,AE,AE,AE,AE,AE,AE,AE,AE,AE,AE,AE,AE,AE,AE,AE,AE,AE,AE,AE,AE,AE,AE,AE,AE,AE,AE,AE,AE,AE,AE,AE,AE,AE,AE,AE,AE,AE,AE,AE,AE,AE,AE,AE,AE,AE,AE,AE,AE,AE,AE,AE,AE,AE
BIO 58003,AE,AE,AE,AE,AE,AE,AE,AE,AE,AE,AE,AE,AE,AE,AE,AE,AE,AE,AE,AE,AE,AE,AE,AE,AE,AE,AE,AE,AE,AE,AE,AE,AE,AE,AE,AE,AE,AE,AE,AE,AE,AE,AE,AE,AE,AE,AE,AE,AE,AE,AE,AE,AE,AE,AE,AE,AE,AE,AE,AE,AE,AE,AE,AE,AE,AE,AE,AE,AE,AE,,,,,,,,,,,,
BIO 58004,AE,AE,AE,AE,AE,AE,AE,AE,AE,AE,AE,AE,AE,AE,AE,AE,AE,AE,AE,AE,AE,AE,AE,AE,AE,AE,AE,AE,AE,AE,AE,AE,AE,AE,AE,AE,AE,AE,AE,AE,AE,AE,AE,AE,AE,AE,AE,AE,AE,AE,AE,AE,AE,AE,AE,AE,AE,AE,AE,AE,AE,AE,AE,AE,AE,AE,AE,AE,AE,AE,,,,,,,,,,,,
BIO 58005,AE,AE,AE,AE,AE,AE,AE,AE,AE,AE,AE,AE,AE,AE,AE,AE,AE,AE,AE,AE,AE,AE,AE,AE,AE,AE,AE,AE,AE,AE,AE,AE,AE,AE,AE,AE,AE,AE,AE,AE,AE,AE,AE,AE,AE,AE,AE,AE,AE,AE,AE,AE,AE,AE,AE,AE,AE,AE,AE,AE,AE,AE,AE,AE,AE,AE,AE,AE,AE,AE,AE,AE,AE,AE,AE,AE,AE,AE,AE,AE,AE,AE
BIO 58006,AE,AE,AE,AE,AE,AE,AE,AE,AE,AE,AE,AE,AE,AE,AE,AE,AE,AE,AE,AE,AE,AE,AE,AE,AE,AE,AE,AE,AE,AE,AE,AE,AE,AE,AE,AE,AE,AE,AE,AE,AE,AE,AE,AE,AE,AE,AE,AE,AE,AE,AE,AE,AE,AE,AE,AE,AE,AE,AE,AE,AE,AE,AE,AE,AE,AE,AE,AE,AE,AE,AE,,,,,,,,,,,
BIO 58007,AE,AE,AE,AE,AE,AE,AE,AE,AE,AE,AE,AE,AE,AE,AE,AE,AE,AE,AE,AE,AE,AE,AE,AE,AE,AE,AE,AE,AE,AE,AE,AE,AE,AE,AE,AE,AE,AE,AE,AE,AE,AE,AE,AE,AE,AE,AE,AE,AE,AE,AE,AE,AE,AE,AE,AE,AE,AE,AE,AE,AE,AE,AE,AE,AE,AE,AE,AE,AE,AE,AE,,,,,,,,,,,
BIO 581,AE,AE,AE,AE,AE,AE,AE,AE,AE,AE,AE,AE,AE,AE,AE,AE,AE,AE,AE,AE,AE,AE,AE,AE,AE,AE,AE,AE,AE,AE,AE,AE,AE,AE,AE,AE,AE,AE,AE,AE,AE,AE,AE,AE,AE,AE,AE,AE,AE,AE,AE,,,,,,,,,,,,,,,,,,,,,,,,,,,,,,,
BIO 601,AE,AE,AE,AE,AE,AE,AE,AE,AE,AE,AE,AE,AE,AE,AE,AE,AE,AE,AE,AE,AE,AE,AE,AE,AE,AE,AE,AE,AE,AE,AE,AE,AE,AE,AE,AE,AE,AE,AE,AE,AE,AE,AE,AE,AE,AE,AE,AE,AE,AE,AE,AE,AE,AE,AE,AE,AE,AE,AE,AE,AE,AE,AE,AE,AE,AE,AE,AE,AE,,,,,,,,,,,,,
BIO 602,AE,AE,AE,AE,AE,AE,AE,AE,AE,AE,AE,AE,AE,AE,AE,AE,AE,AE,AE,AE,AE,AE,AE,AE,AE,AE,AE,AE,AE,AE,AE,AE,AE,AE,AE,AE,AE,AE,AE,AE,AE,AE,AE,AE,AE,AE,AE,AE,AE,AE,AE,AE,AE,AE,AE,AE,AE,AE,AE,AE,AE,AE,AE,AE,AE,AE,AE,AE,AE,AE,,,,,,,,,,,,
BIO 604,AE,AE,AE,AE,AE,AE,AE,AE,AE,AE,AE,AE,AE,AE,AE,AE,AE,AE,AE,AE,AE,AE,AE,AE,AE,AE,AE,AE,AE,AE,AE,AE,AE,AE,AE,AE,AE,AE,AE,,,,,,,,,,,,,,,,,,,,,,,,,,,,,,,,,,,,,,,,,,,
BIO 606,AE,AE,AE,AE,AE,AE,AE,AE,AE,AE,AE,AE,AE,AE,AE,AE,AE,AE,AE,AE,AE,AE,AE,AE,AE,AE,AE,AE,AE,AE,AE,AE,AE,AE,AE,AE,AE,AE,AE,AE,AE,AE,AE,AE,AE,AE,AE,AE,AE,AE,AE,AE,AE,AE,AE,AE,AE,AE,AE,AE,AE,AE,AE,AE,AE,AE,AE,AE,AE,AE,,,,,,,,,,,,
BIO 610,AE,AE,AE,AE,AE,AE,AE,AE,AE,AE,AE,AE,AE,AE,AE,AE,AE,AE,AE,AE,AE,AE,AE,AE,AE,AE,AE,AE,AE,AE,AE,AE,AE,AE,AE,AE,AE,AE,AE,AE,AE,AE,AE,AE,AE,AE,AE,AE,AE,AE,AE,AE,AE,AE,AE,AE,AE,AE,AE,AE,AE,AE,AE,AE,AE,AE,AE,AE,AE,AE,,,,,,,,,,,,
BIO 631,AE,AE,AE,AE,AE,AE,AE,AE,AE,AE,AE,AE,AE,AE,AE,AE,AE,AE,AE,AE,AE,AE,AE,AE,AE,AE,AE,AE,AE,AE,AE,AE,AE,AE,AE,AE,AE,AE,AE,AE,AE,AE,AE,AE,AE,AE,AE,AE,AE,AE,AE,AE,AE,AE,AE,AE,AE,AE,AE,AE,AE,AE,AE,AE,AE,AE,AE,AE,AE,AE,,,,,,,,,,,,
BIO 633,AE,AE,AE,AE,AE,AE,AE,AE,AE,AE,AE,AE,AE,AE,AE,AE,AE,AE,AE,AE,AE,AE,AE,AE,AE,AE,AE,AE,AE,AE,AE,AE,AE,AE,AE,AE,AE,AE,AE,AE,AE,AE,AE,AE,AE,AE,AE,AE,AE,AE,AE,AE,AE,AE,AE,AE,AE,AE,AE,AE,AE,AE,AE,AE,AE,AE,AE,AE,AE,AE,,,,,,,,,,,,
BIO 634,AE,AE,AE,AE,AE,AE,AE,AE,AE,AE,AE,AE,AE,AE,AE,AE,AE,AE,AE,AE,AE,AE,AE,AE,AE,AE,AE,AE,AE,AE,AE,AE,AE,AE,AE,AE,AE,AE,AE,AE,AE,AE,AE,AE,AE,AE,AE,AE,AE,AE,AE,AE,AE,AE,AE,AE,AE,AE,AE,AE,AE,AE,AE,AE,AE,AE,AE,AE,AE,AE,AE,AE,AE,AE,AE,AE,AE,AE,AE,AE,AE,AE
BIO 635,AE,AE,AE,AE,AE,AE,AE,AE,AE,AE,AE,AE,AE,AE,AE,AE,AE,AE,AE,AE,AE,AE,AE,AE,AE,AE,AE,AE,AE,AE,AE,AE,AE,AE,AE,AE,AE,AE,AE,AE,AE,AE,AE,AE,AE,AE,AE,AE,AE,AE,AE,AE,AE,AE,AE,AE,AE,AE,AE,AE,AE,AE,AE,AE,AE,AE,AE,AE,AE,AE,AE,AE,AE,AE,AE,AE,AE,AE,AE,AE,AE,AE
BIO 636,AE,AE,AE,AE,AE,AE,AE,AE,AE,AE,AE,AE,AE,AE,AE,AE,AE,AE,AE,AE,AE,AE,AE,AE,AE,AE,AE,AE,AE,AE,AE,AE,AE,AE,AE,AE,AE,AE,AE,AE,AE,AE,AE,AE,AE,AE,AE,AE,AE,AE,AE,AE,AE,AE,AE,AE,AE,AE,AE,AE,AE,AE,AE,AE,AE,AE,AE,AE,AE,AE,AE,AE,AE,AE,AE,AE,AE,AE,AE,AE,AE,AE
BIO 641,AE,AE,AE,AE,AE,AE,AE,AE,AE,AE,AE,AE,AE,AE,AE,AE,AE,AE,AE,AE,AE,AE,AE,AE,AE,AE,AE,AE,AE,AE,AE,AE,AE,AE,AE,AE,AE,AE,AE,AE,AE,AE,AE,AE,AE,AE,AE,AE,AE,AE,AE,AE,AE,AE,AE,AE,AE,,,,,,,,,,,,,,,,,,,,,,,,,
BIO 642,AE,AE,AE,AE,AE,AE,AE,AE,AE,AE,AE,AE,AE,AE,AE,AE,AE,AE,AE,AE,AE,AE,AE,AE,AE,AE,AE,AE,AE,AE,AE,AE,AE,AE,AE,AE,AE,AE,AE,AE,AE,AE,AE,AE,AE,AE,AE,AE,AE,AE,AE,AE,AE,AE,AE,AE,AE,AE,AE,AE,AE,AE,AE,AE,AE,AE,AE,AE,AE,AE,,,,,,,,,,,,
BIO 643,AE,AE,AE,AE,AE,AE,AE,AE,AE,AE,AE,AE,AE,AE,AE,AE,AE,AE,AE,AE,AE,AE,AE,AE,AE,AE,AE,AE,AE,AE,AE,AE,AE,AE,AE,AE,AE,AE,AE,AE,AE,AE,AE,AE,AE,AE,AE,AE,AE,AE,AE,AE,AE,AE,AE,AE,AE,AE,AE,AE,AE,AE,AE,AE,AE,AE,AE,AE,AE,AE,,,,,,,,,,,,
BIO 644,AE,AE,AE,AE,AE,AE,AE,AE,AE,AE,AE,AE,AE,AE,AE,AE,AE,AE,AE,AE,AE,AE,AE,AE,AE,AE,AE,AE,AE,AE,AE,AE,AE,AE,AE,AE,AE,AE,AE,AE,AE,AE,AE,AE,AE,AE,AE,AE,AE,AE,AE,AE,AE,AE,AE,AE,AE,AE,AE,AE,AE,AE,AE,AE,AE,AE,AE,AE,AE,AE,,,,,,,,,,,,
BIO 645,AE,AE,AE,AE,AE,AE,AE,AE,AE,AE,AE,AE,AE,AE,AE,AE,AE,AE,AE,AE,AE,AE,AE,AE,AE,AE,AE,AE,AE,AE,AE,AE,AE,AE,AE,AE,AE,AE,AE,AE,AE,AE,AE,AE,AE,AE,AE,AE,AE,AE,AE,AE,AE,AE,AE,AE,AE,AE,AE,AE,AE,AE,AE,AE,AE,AE,AE,AE,AE,AE,,,,,,,,,,,,
BIO 676,AE,AE,AE,AE,AE,AE,AE,AE,AE,AE,AE,AE,AE,AE,AE,AE,AE,AE,AE,AE,AE,AE,AE,AE,AE,AE,AE,AE,AE,AE,AE,AE,AE,AE,AE,AE,AE,AE,AE,AE,AE,AE,AE,AE,AE,AE,AE,AE,AE,AE,AE,AE,AE,AE,AE,AE,AE,AE,AE,AE,AE,AE,AE,AE,AE,AE,AE,AE,AE,AE,,,,,,,,,,,,
BIO 680,AE,AE,AE,AE,AE,AE,AE,AE,AE,AE,AE,AE,AE,AE,AE,AE,AE,AE,AE,AE,AE,AE,AE,AE,AE,AE,AE,AE,AE,AE,AE,AE,AE,AE,AE,AE,AE,AE,AE,AE,AE,AE,AE,AE,AE,AE,AE,AE,AE,AE,AE,,,,,,,,,,,,,,,,,,,,,,,,,,,,,,,
BIO 681,AE,AE,AE,AE,AE,AE,AE,AE,AE,AE,AE,AE,AE,AE,AE,AE,AE,AE,AE,AE,AE,AE,AE,AE,AE,AE,AE,AE,AE,AE,AE,AE,AE,AE,AE,AE,AE,AE,AE,AE,AE,AE,AE,AE,AE,AE,AE,AE,AE,AE,AE,,,,,,,,,,,,,,,,,,,,,,,,,,,,,,,
CHEM 505,AE,AE,AE,AE,AE,AE,AE,AE,AE,AE,AE,AE,AE,AE,AE,AE,AE,AE,AE,AE,AE,AE,AE,AE,AE,AE,AE,AE,AE,AE,AE,AE,AE,AE,AE,AE,AE,AE,AE,AE,AE,AE,AE,AE,AE,AE,AE,AE,AE,AE,AE,AE,AE,AE,AE,AE,AE,AE,AE,AE,AE,AE,AE,AE,AE,AE,AE,AE,AE,AE,AE,AE,AE,AE,AE,AE,AE,AE,AE,AE,AE,AE
CONF 500,AE,AE,AE,AE,AE,AE,AE,AE,AE,AE,AE,AE,AE,AE,AE,AE,AE,AE,AE,AE,AE,AE,AE,AE,AE,AE,AE,AE,AE,AE,AE,AE,AE,AE,AE,AE,AE,AE,AE,AE,AE,AE,AE,AE,AE,AE,AE,AE,AE,AE,AE,AE,AE,AE,AE,AE,AE,AE,AE,AE,AE,AE,AE,AE,AE,AE,AE,AE,AE,AE,AE,AE,AE,AE,AE,AE,AE,AE,AE,AE,AE,AE
CONF 501,AE,AE,AE,AE,AE,AE,AE,AE,AE,AE,AE,AE,AE,AE,AE,AE,AE,AE,AE,AE,AE,AE,AE,AE,AE,AE,AE,AE,AE,AE,AE,AE,AE,AE,AE,AE,AE,AE,AE,AE,AE,AE,AE,AE,AE,AE,AE,AE,AE,AE,AE,AE,AE,AE,AE,AE,AE,AE,AE,AE,AE,,,,,,,,,,,,,,,,,,,,,
CONF 502,AE,AE,AE,AE,AE,AE,AE,AE,AE,AE,AE,AE,AE,AE,AE,AE,AE,AE,AE,AE,AE,AE,AE,AE,AE,AE,AE,AE,AE,AE,AE,AE,AE,AE,AE,AE,AE,AE,AE,AE,AE,AE,AE,AE,AE,AE,AE,AE,AE,AE,AE,AE,AE,AE,AE,AE,AE,AE,AE,AE,,,,,,,,,,,,,,,,,,,,,,
CONF 504,AE,AE,AE,AE,AE,AE,AE,AE,AE,AE,AE,AE,AE,AE,AE,AE,AE,AE,AE,AE,AE,AE,AE,AE,AE,AE,AE,AE,AE,AE,AE,AE,AE,AE,AE,AE,AE,AE,AE,AE,AE,AE,AE,AE,AE,,,,,,,,,,,,,,,,,,,,,,,,,,,,,,,,,,,,,
CONF 508,AE,AE,AE,AE,AE,AE,AE,AE,AE,AE,AE,AE,AE,AE,AE,AE,AE,AE,AE,AE,AE,,,,,,,,,,,,,,,,,,,,,,,,,,,,,,,,,,,,,,,,,,,,,,,,,,,,,,,,,,,,,
CONF 510,AE,AE,AE,AE,AE,AE,AE,AE,AE,AE,AE,AE,AE,AE,AE,AE,AE,AE,AE,AE,AE,AE,AE,AE,AE,AE,AE,AE,AE,AE,AE,AE,AE,AE,AE,AE,AE,AE,AE,AE,AE,AE,AE,AE,AE,AE,,,,,,,,,,,,,,,,,,,,,,,,,,,,,,,,,,,,
CONF 511,AE,AE,AE,AE,AE,AE,AE,AE,AE,AE,AE,AE,AE,AE,AE,AE,AE,AE,AE,AE,AE,AE,AE,AE,AE,AE,AE,AE,AE,AE,AE,AE,AE,AE,AE,AE,AE,AE,AE,AE,AE,AE,AE,AE,AE,AE,AE,AE,AE,AE,AE,AE,AE,AE,AE,AE,AE,AE,AE,AE,AE,AE,AE,AE,AE,AE,AE,AE,AE,AE,AE,AE,AE,AE,AE,AE,AE,AE,AE,AE,AE,AE
CONF 512,AE,AE,AE,AE,AE,AE,AE,AE,AE,AE,AE,AE,AE,AE,AE,AE,AE,AE,AE,AE,AE,AE,AE,AE,AE,AE,AE,AE,AE,AE,AE,AE,AE,AE,AE,AE,AE,AE,AE,AE,AE,AE,AE,AE,AE,AE,AE,AE,AE,AE,AE,AE,AE,AE,AE,AE,AE,AE,AE,AE,AE,AE,AE,AE,AE,AE,AE,AE,AE,AE,AE,AE,AE,AE,AE,AE,AE,AE,AE,AE,AE,AE
CONF 523,AE,AE,AE,AE,AE,AE,AE,AE,AE,AE,AE,AE,AE,AE,AE,AE,AE,AE,AE,AE,AE,AE,AE,AE,AE,AE,AE,AE,AE,AE,AE,AE,AE,AE,AE,AE,AE,AE,AE,AE,AE,AE,AE,AE,AE,AE,AE,AE,AE,AE,AE,AE,AE,AE,AE,AE,AE,AE,AE,AE,AE,AE,AE,AE,AE,AE,AE,AE,AE,AE,AE,AE,AE,AE,AE,AE,AE,AE,AE,AE,AE,AE
CONF 524,AE,AE,AE,AE,AE,AE,AE,AE,AE,AE,AE,AE,AE,AE,AE,AE,AE,AE,AE,AE,AE,AE,AE,AE,AE,AE,AE,AE,AE,AE,AE,AE,AE,AE,AE,AE,AE,AE,AE,AE,AE,AE,AE,AE,AE,AE,AE,AE,AE,AE,AE,AE,AE,AE,AE,AE,AE,AE,AE,AE,AE,AE,AE,AE,AE,AE,AE,AE,AE,AE,AE,AE,AE,AE,AE,AE,AE,AE,AE,AE,AE,AE
CONF 531,AE,AE,AE,AE,AE,AE,AE,AE,AE,AE,AE,AE,AE,AE,AE,AE,AE,AE,AE,AE,AE,AE,AE,AE,AE,AE,AE,AE,AE,AE,AE,AE,AE,AE,AE,AE,AE,AE,AE,AE,AE,AE,AE,AE,AE,AE,AE,AE,AE,AE,AE,AE,AE,AE,AE,AE,AE,AE,AE,AE,AE,AE,AE,AE,AE,AE,AE,AE,AE,AE,AE,AE,AE,AE,AE,AE,AE,AE,AE,AE,AE,AE
CONF 532,AE,AE,AE,AE,AE,AE,AE,AE,AE,AE,AE,AE,AE,AE,AE,AE,AE,AE,AE,AE,AE,AE,AE,AE,AE,AE,AE,AE,AE,AE,AE,AE,AE,,,,,,,,,,,,,,,,,,,,,,,,,,,,,,,,,,,,,,,,,,,,,,,,,
CONF 534,AE,AE,AE,AE,AE,AE,AE,AE,AE,AE,AE,AE,AE,AE,AE,AE,AE,AE,AE,AE,AE,AE,AE,AE,AE,AE,AE,AE,AE,AE,AE,AE,AE,AE,AE,AE,AE,AE,AE,AE,AE,AE,AE,AE,AE,AE,AE,AE,AE,AE,AE,AE,AE,AE,AE,AE,AE,,,,,,,,,,,,,,,,,,,,,,,,,
CONF 536,AE,AE,AE,AE,AE,AE,AE,AE,AE,AE,AE,AE,AE,AE,AE,AE,AE,AE,AE,AE,AE,AE,AE,AE,AE,AE,AE,AE,AE,AE,AE,AE,AE,AE,AE,AE,,,,,,,,,,,,,,,,,,,,,,,,,,,,,,,,,,,,,,,,,,,,,,
CONF 541,AE,AE,AE,AE,AE,AE,AE,AE,AE,AE,AE,AE,AE,AE,AE,AE,AE,AE,AE,AE,AE,AE,AE,AE,AE,AE,AE,AE,AE,AE,AE,AE,AE,AE,AE,AE,AE,AE,AE,AE,AE,AE,AE,,,,,,,,,,,,,,,,,,,,,,,,,,,,,,,,,,,,,,,
CONF 542,AE,AE,AE,AE,AE,AE,AE,AE,AE,AE,AE,AE,AE,AE,AE,AE,AE,AE,AE,AE,AE,AE,AE,AE,,,,,,,,,,,,,,,,,,,,,,,,,,,,,,,,,,,,,,,,,,,,,,,,,,,,,,,,,,
CONF 544,AE,AE,AE,AE,AE,AE,AE,AE,AE,AE,AE,AE,AE,AE,AE,AE,AE,AE,AE,AE,AE,AE,AE,AE,AE,AE,AE,AE,AE,AE,AE,AE,AE,AE,AE,AE,AE,AE,AE,,,,,,,,,,,,,,,,,,,,,,,,,,,,,,,,,,,,,,,,,,,
CONF 552,AE,AE,AE,AE,AE,AE,AE,AE,AE,AE,AE,AE,AE,AE,AE,AE,AE,AE,AE,AE,AE,AE,AE,AE,AE,AE,AE,AE,,,,,,,,,,,,,,,,,,,,,,,,,,,,,,,,,,,,,,,,,,,,,,,,,,,,,,
CONF 561,AE,AE,AE,AE,AE,AE,AE,AE,AE,AE,AE,AE,AE,AE,AE,AE,AE,AE,AE,AE,AE,AE,AE,AE,AE,AE,AE,AE,AE,AE,AE,AE,AE,AE,AE,AE,,,,,,,,,,,,,,,,,,,,,,,,,,,,,,,,,,,,,,,,,,,,,,
CONF 580,AE,AE,AE,AE,AE,AE,AE,AE,AE,AE,AE,AE,AE,AE,AE,AE,AE,AE,AE,AE,AE,AE,AE,AE,AE,AE,AE,AE,AE,AE,AE,AE,AE,AE,AE,AE,,,,,,,,,,,,,,,,,,,,,,,,,,,,,,,,,,,,,,,,,,,,,,
CONF 582,AE,AE,AE,AE,AE,AE,AE,AE,AE,AE,AE,AE,AE,AE,AE,AE,AE,AE,AE,AE,AE,AE,AE,AE,AE,AE,AE,AE,AE,AE,AE,AE,AE,AE,AE,AE,AE,AE,AE,,,,,,,,,,,,,,,,,,,,,,,,,,,,,,,,,,,,,,,,,,,
CONF 585,AE,AE,AE,AE,AE,AE,AE,AE,AE,AE,AE,AE,AE,AE,AE,AE,AE,AE,AE,AE,AE,AE,AE,AE,AE,AE,AE,AE,AE,AE,AE,AE,AE,AE,AE,AE,AE,AE,AE,,,,,,,,,,,,,,,,,,,,,,,,,,,,,,,,,,,,,,,,,,,
CONF 590,AE,AE,AE,AE,AE,AE,AE,AE,AE,AE,AE,AE,AE,AE,AE,AE,AE,AE,AE,AE,AE,AE,AE,AE,AE,AE,AE,AE,AE,AE,AE,AE,AE,AE,AE,AE,AE,AE,AE,AE,AE,AE,AE,AE,AE,AE,AE,AE,AE,AE,AE,AE,AE,AE,AE,AE,AE,AE,AE,AE,AE,AE,AE,,,,,,,,,,,,,,,,,,,
CONF 592,AE,AE,AE,AE,AE,AE,AE,AE,AE,AE,AE,AE,AE,AE,AE,AE,AE,AE,AE,AE,AE,AE,AE,AE,AE,AE,AE,AE,AE,AE,AE,AE,AE,AE,,,,,,,,,,,,,,,,,,,,,,,,,,,,,,,,,,,,,,,,,,,,,,,,
CONF 594,AE,AE,AE,AE,AE,AE,AE,AE,AE,AE,AE,AE,AE,AE,AE,AE,AE,AE,AE,AE,AE,AE,AE,AE,AE,AE,AE,AE,AE,AE,AE,AE,AE,AE,,,,,,,,,,,,,,,,,,,,,,,,,,,,,,,,,,,,,,,,,,,,,,,,
CONF 601,AE,AE,AE,AE,AE,AE,AE,AE,AE,AE,AE,AE,AE,AE,AE,AE,AE,AE,,,,,,,,,,,,,,,,,,,,,,,,,,,,,,,,,,,,,,,,,,,,,,,,,,,,,,,,,,,,,,,,
CONF 602,AE,AE,AE,AE,AE,AE,AE,AE,AE,AE,AE,AE,AE,AE,AE,AE,AE,AE,,,,,,,,,,,,,,,,,,,,,,,,,,,,,,,,,,,,,,,,,,,,,,,,,,,,,,,,,,,,,,,,
CONF 604,AE,AE,AE,AE,AE,AE,AE,AE,AE,AE,AE,AE,AE,AE,AE,AE,AE,AE,,,,,,,,,,,,,,,,,,,,,,,,,,,,,,,,,,,,,,,,,,,,,,,,,,,,,,,,,,,,,,,,
CONF 608,AE,AE,AE,AE,AE,AE,AE,AE,AE,AE,AE,AE,AE,AE,AE,AE,AE,AE,,,,,,,,,,,,,,,,,,,,,,,,,,,,,,,,,,,,,,,,,,,,,,,,,,,,,,,,,,,,,,,,
CONF 610,AE,AE,AE,AE,AE,AE,AE,AE,AE,AE,AE,AE,AE,AE,AE,AE,AE,AE,,,,,,,,,,,,,,,,,,,,,,,,,,,,,,,,,,,,,,,,,,,,,,,,,,,,,,,,,,,,,,,,
CONF 611,AE,AE,AE,AE,AE,AE,AE,AE,AE,AE,AE,AE,AE,AE,AE,AE,AE,AE,,,,,,,,,,,,,,,,,,,,,,,,,,,,,,,,,,,,,,,,,,,,,,,,,,,,,,,,,,,,,,,,
CONF 612,AE,AE,AE,AE,AE,AE,AE,AE,AE,AE,AE,AE,AE,AE,AE,AE,AE,AE,,,,,,,,,,,,,,,,,,,,,,,,,,,,,,,,,,,,,,,,,,,,,,,,,,,,,,,,,,,,,,,,
CONF 623,AE,AE,AE,AE,AE,AE,AE,AE,AE,AE,AE,AE,AE,AE,AE,AE,AE,AE,,,,,,,,,,,,,,,,,,,,,,,,,,,,,,,,,,,,,,,,,,,,,,,,,,,,,,,,,,,,,,,,
CONF 624,AE,AE,AE,AE,AE,AE,AE,AE,AE,AE,AE,AE,AE,AE,AE,AE,AE,AE,,,,,,,,,,,,,,,,,,,,,,,,,,,,,,,,,,,,,,,,,,,,,,,,,,,,,,,,,,,,,,,,
CONF 631,AE,AE,AE,AE,AE,AE,AE,AE,AE,AE,AE,AE,AE,AE,AE,AE,AE,AE,,,,,,,,,,,,,,,,,,,,,,,,,,,,,,,,,,,,,,,,,,,,,,,,,,,,,,,,,,,,,,,,
CONF 634,AE,AE,AE,AE,AE,AE,AE,AE,AE,AE,AE,AE,AE,AE,AE,AE,AE,AE,,,,,,,,,,,,,,,,,,,,,,,,,,,,,,,,,,,,,,,,,,,,,,,,,,,,,,,,,,,,,,,,
CONF 636,AE,AE,AE,AE,AE,AE,AE,AE,AE,AE,AE,AE,AE,AE,AE,AE,AE,AE,,,,,,,,,,,,,,,,,,,,,,,,,,,,,,,,,,,,,,,,,,,,,,,,,,,,,,,,,,,,,,,,
CONF 641,AE,AE,AE,AE,AE,AE,AE,AE,AE,AE,AE,AE,AE,AE,AE,AE,AE,AE,,,,,,,,,,,,,,,,,,,,,,,,,,,,,,,,,,,,,,,,,,,,,,,,,,,,,,,,,,,,,,,,
CONF 644,AE,AE,AE,AE,AE,AE,AE,AE,AE,AE,AE,AE,AE,AE,AE,AE,AE,AE,,,,,,,,,,,,,,,,,,,,,,,,,,,,,,,,,,,,,,,,,,,,,,,,,,,,,,,,,,,,,,,,
CONF 652,AE,AE,AE,AE,AE,AE,AE,AE,AE,AE,AE,AE,AE,AE,AE,AE,AE,AE,,,,,,,,,,,,,,,,,,,,,,,,,,,,,,,,,,,,,,,,,,,,,,,,,,,,,,,,,,,,,,,,
CONF 661,AE,AE,AE,AE,AE,AE,AE,AE,AE,AE,AE,AE,AE,AE,AE,AE,AE,AE,,,,,,,,,,,,,,,,,,,,,,,,,,,,,,,,,,,,,,,,,,,,,,,,,,,,,,,,,,,,,,,,
CONF 682,AE,AE,AE,AE,AE,AE,AE,AE,AE,AE,AE,AE,AE,AE,AE,AE,AE,AE,,,,,,,,,,,,,,,,,,,,,,,,,,,,,,,,,,,,,,,,,,,,,,,,,,,,,,,,,,,,,,,,
CONF 690,AE,AE,AE,AE,AE,AE,AE,AE,AE,AE,AE,AE,AE,AE,AE,AE,AE,AE,,,,,,,,,,,,,,,,,,,,,,,,,,,,,,,,,,,,,,,,,,,,,,,,,,,,,,,,,,,,,,,,
CONF 693,AE,AE,AE,AE,AE,AE,AE,AE,AE,AE,AE,AE,AE,AE,AE,AE,AE,AE,,,,,,,,,,,,,,,,,,,,,,,,,,,,,,,,,,,,,,,,,,,,,,,,,,,,,,,,,,,,,,,,
CONF 697,AE,AE,AE,AE,AE,AE,AE,AE,AE,AE,AE,AE,AE,AE,AE,AE,AE,AE,,,,,,,,,,,,,,,,,,,,,,,,,,,,,,,,,,,,,,,,,,,,,,,,,,,,,,,,,,,,,,,,
CONF 699,AE,AE,AE,AE,AE,AE,AE,AE,AE,AE,AE,AE,AE,AE,AE,AE,AE,AE,,,,,,,,,,,,,,,,,,,,,,,,,,,,,,,,,,,,,,,,,,,,,,,,,,,,,,,,,,,,,,,,
CS 500,AE,AE,AE,AE,AE,AE,AE,AE,AE,AE,AE,AE,AE,AE,AE,AE,AE,AE,AE,AE,AE,AE,AE,AE,AE,AE,AE,AE,AE,AE,AE,AE,AE,AE,AE,AE,AE,AE,AE,AE,AE,AE,AE,AE,AE,AE,AE,AE,AE,AE,AE,AE,AE,AE,AE,AE,AE,AE,AE,AE,AE,AE,AE,AE,AE,AE,AE,AE,AE,AE,AE,AE,AE,AE,AE,AE,AE,AE,AE,AE,AE,AE
CS 501,AE,AE,AE,AE,AE,AE,AE,AE,AE,AE,AE,AE,AE,AE,AE,AE,AE,AE,AE,AE,AE,AE,AE,AE,AE,AE,AE,AE,AE,AE,AE,AE,AE,AE,AE,AE,AE,AE,AE,AE,AE,AE,AE,AE,AE,AE,AE,AE,AE,AE,AE,AE,AE,AE,AE,AE,AE,AE,AE,AE,AE,AE,AE,AE,AE,AE,AE,AE,AE,AE,,,,,,,,,,,,
CS 502,AE,AE,AE,AE,AE,AE,AE,AE,AE,AE,AE,AE,AE,AE,AE,AE,AE,AE,AE,AE,AE,AE,AE,AE,AE,AE,AE,AE,AE,AE,AE,AE,AE,AE,AE,AE,AE,AE,AE,AE,AE,AE,AE,AE,AE,AE,AE,AE,AE,AE,AE,AE,AE,AE,AE,AE,AE,AE,AE,AE,AE,AE,AE,AE,,,,,,,,,,,,,,,,,,
CS 503,AE,AE,AE,AE,AE,AE,AE,AE,AE,AE,AE,AE,AE,AE,AE,AE,AE,AE,AE,AE,AE,AE,AE,AE,AE,AE,AE,AE,AE,AE,AE,AE,AE,AE,AE,AE,AE,AE,AE,AE,AE,AE,AE,AE,AE,AE,AE,AE,AE,AE,AE,AE,AE,AE,AE,AE,AE,AE,AE,AE,AE,AE,AE,AE,AE,AE,AE,AE,AE,AE,AE,AE,AE,AE,AE,AE,AE,AE,AE,AE,AE,AE
CS 504,AE,AE,AE,AE,AE,AE,AE,AE,AE,AE,AE,AE,AE,AE,AE,AE,AE,AE,AE,AE,AE,AE,AE,AE,AE,AE,AE,AE,AE,AE,AE,AE,AE,AE,AE,AE,AE,AE,AE,AE,AE,AE,AE,AE,AE,AE,AE,AE,AE,AE,AE,AE,AE,AE,AE,AE,AE,AE,AE,AE,AE,AE,AE,AE,AE,AE,AE,AE,AE,AE,AE,AE,AE,AE,AE,AE,AE,AE,AE,AE,AE,AE
CS 505,AE,AE,AE,AE,AE,AE,AE,AE,AE,AE,AE,AE,AE,AE,AE,AE,AE,AE,AE,AE,AE,AE,AE,AE,AE,AE,AE,AE,AE,AE,AE,AE,AE,AE,AE,AE,AE,AE,AE,AE,AE,AE,AE,AE,AE,AE,AE,AE,AE,AE,AE,AE,AE,AE,AE,AE,AE,AE,AE,AE,AE,AE,AE,AE,,,,,,,,,,,,,,,,,,
CS 506,AE,AE,AE,AE,AE,AE,AE,AE,AE,AE,AE,AE,AE,AE,AE,AE,AE,AE,AE,AE,AE,AE,AE,AE,AE,AE,AE,AE,AE,AE,AE,AE,AE,AE,AE,AE,AE,AE,AE,AE,AE,AE,AE,AE,AE,AE,AE,AE,AE,AE,AE,AE,,,,,,,,,,,,,,,,,,,,,,,,,,,,,,
CS 507,AE,AE,AE,AE,AE,AE,AE,AE,AE,AE,AE,AE,AE,AE,AE,AE,AE,AE,AE,AE,AE,AE,AE,AE,AE,AE,AE,AE,AE,AE,AE,AE,AE,AE,AE,AE,AE,AE,AE,AE,AE,AE,AE,AE,AE,AE,AE,AE,AE,AE,AE,AE,AE,AE,AE,AE,AE,AE,AE,AE,AE,AE,AE,AE,AE,AE,AE,AE,AE,AE,AE,AE,AE,AE,AE,AE,AE,AE,AE,AE,AE,AE
CS 508,AE,AE,AE,AE,AE,AE,AE,AE,AE,AE,AE,AE,AE,AE,AE,AE,AE,AE,AE,AE,AE,AE,AE,AE,AE,AE,AE,AE,AE,AE,AE,AE,AE,AE,AE,AE,AE,AE,AE,AE,AE,AE,AE,AE,AE,AE,AE,AE,AE,AE,AE,AE,AE,AE,AE,AE,AE,AE,AE,AE,AE,AE,AE,AE,AE,AE,AE,AE,AE,AE,,,,,,,,,,,,
CS 510,AE,AE,AE,AE,AE,AE,AE,AE,AE,AE,AE,AE,AE,AE,AE,AE,AE,AE,AE,AE,AE,AE,AE,AE,AE,AE,AE,AE,AE,AE,AE,AE,AE,AE,AE,AE,AE,AE,AE,AE,AE,AE,AE,AE,AE,AE,AE,AE,AE,AE,AE,AE,AE,AE,AE,AE,AE,AE,AE,AE,AE,AE,AE,AE,AE,AE,AE,AE,AE,AE,AE,AE,AE,AE,AE,AE,AE,AE,AE,AE,AE,AE
CS 512,AE,AE,AE,AE,AE,AE,AE,AE,AE,AE,AE,AE,AE,AE,AE,AE,AE,AE,AE,AE,AE,AE,AE,AE,AE,AE,AE,AE,AE,AE,AE,AE,AE,AE,AE,AE,AE,AE,AE,AE,AE,AE,AE,AE,AE,AE,AE,AE,AE,AE,AE,AE,AE,AE,AE,AE,AE,AE,AE,AE,AE,AE,AE,AE,AE,AE,AE,AE,AE,AE,AE,AE,AE,AE,AE,AE,AE,AE,AE,AE,AE,AE
CS 513,AE,AE,AE,AE,AE,AE,AE,AE,AE,AE,AE,AE,AE,AE,AE,AE,AE,AE,AE,AE,AE,AE,AE,AE,AE,AE,AE,AE,AE,AE,,,,,,,,,,,,,,,,,,,,,,,,,,,,,,,,,,,,,,,,,,,,,,,,,,,,
CS 514,AE,AE,AE,AE,AE,AE,AE,AE,AE,AE,AE,AE,AE,AE,AE,AE,AE,AE,AE,AE,AE,AE,AE,AE,AE,AE,AE,AE,AE,AE,AE,AE,AE,AE,AE,AE,AE,AE,AE,AE,AE,AE,AE,AE,AE,AE,AE,AE,AE,AE,AE,AE,AE,AE,AE,AE,AE,AE,AE,AE,AE,AE,AE,AE,AE,AE,AE,AE,AE,AE,AE,AE,AE,AE,AE,AE,AE,AE,AE,AE,AE,AE
CS 515,AE,AE,AE,AE,AE,AE,AE,AE,AE,AE,AE,AE,AE,AE,AE,AE,AE,AE,AE,AE,AE,AE,AE,AE,AE,AE,AE,AE,AE,AE,AE,AE,AE,AE,AE,AE,AE,AE,AE,AE,AE,AE,AE,AE,AE,AE,AE,AE,AE,AE,AE,AE,AE,AE,AE,AE,AE,AE,AE,AE,AE,AE,AE,AE,AE,AE,AE,AE,AE,AE,AE,AE,AE,AE,AE,AE,AE,AE,AE,AE,AE,AE
CS 516,AE,AE,AE,AE,AE,AE,AE,AE,AE,AE,AE,AE,AE,AE,AE,AE,AE,AE,AE,AE,AE,AE,AE,AE,AE,AE,AE,AE,AE,AE,AE,AE,AE,AE,AE,AE,AE,AE,AE,AE,AE,AE,AE,AE,AE,AE,AE,AE,AE,AE,AE,AE,AE,AE,AE,AE,AE,AE,AE,AE,AE,,,,,,,,,,,,,,,,,,,,,
CS 517,AE,AE,AE,AE,AE,AE,AE,AE,AE,AE,AE,AE,AE,AE,AE,AE,AE,AE,AE,AE,AE,AE,AE,AE,AE,AE,AE,AE,AE,AE,AE,AE,AE,AE,AE,AE,AE,AE,AE,AE,AE,AE,AE,AE,AE,AE,AE,AE,AE,AE,AE,AE,AE,AE,AE,AE,AE,AE,AE,AE,AE,AE,AE,AE,AE,AE,AE,AE,AE,AE,AE,AE,AE,AE,AE,AE,AE,AE,AE,AE,AE,AE
CS 518,AE,AE,AE,AE,AE,AE,AE,AE,AE,AE,AE,AE,AE,AE,AE,AE,AE,AE,AE,AE,AE,AE,AE,AE,AE,AE,AE,AE,AE,AE,AE,AE,AE,AE,AE,AE,AE,AE,AE,AE,AE,AE,AE,AE,AE,AE,AE,AE,AE,AE,AE,AE,AE,AE,AE,AE,AE,AE,AE,AE,AE,AE,AE,AE,AE,AE,AE,AE,AE,AE,,,,,,,,,,,,
CS 522,AE,AE,AE,AE,AE,AE,AE,AE,AE,AE,AE,AE,AE,AE,AE,AE,AE,AE,AE,AE,AE,AE,AE,AE,AE,AE,AE,AE,AE,AE,AE,AE,AE,AE,AE,AE,AE,AE,AE,AE,AE,AE,AE,AE,AE,AE,AE,AE,AE,AE,AE,AE,AE,AE,AE,AE,AE,AE,AE,AE,AE,AE,AE,AE,AE,AE,AE,AE,AE,AE,,,,,,,,,,,,
CS 523,AE,AE,AE,AE,AE,AE,AE,AE,AE,AE,AE,AE,AE,AE,AE,AE,AE,AE,AE,AE,AE,AE,AE,AE,AE,AE,AE,AE,AE,AE,AE,AE,AE,AE,AE,AE,AE,AE,AE,AE,AE,AE,AE,AE,AE,AE,AE,AE,AE,AE,AE,AE,AE,AE,AE,AE,AE,AE,AE,AE,AE,AE,AE,AE,AE,AE,AE,AE,AE,AE,,,,,,,,,,,,
CS 525,AE,AE,AE,AE,AE,AE,AE,AE,AE,AE,AE,AE,AE,AE,AE,AE,AE,AE,AE,AE,AE,AE,AE,AE,AE,AE,AE,AE,AE,AE,AE,AE,AE,AE,AE,AE,AE,AE,AE,AE,AE,AE,AE,AE,AE,AE,AE,AE,AE,AE,AE,AE,AE,AE,AE,AE,AE,AE,AE,AE,AE,AE,AE,AE,AE,AE,AE,AE,AE,AE,AE,AE,AE,AE,AE,AE,AE,AE,AE,AE,AE,AE
CS 526,AE,AE,AE,AE,AE,AE,AE,AE,AE,AE,AE,AE,AE,AE,AE,AE,AE,AE,AE,AE,AE,AE,AE,AE,AE,AE,AE,AE,AE,AE,AE,AE,AE,AE,AE,AE,AE,AE,AE,AE,AE,AE,AE,AE,AE,AE,AE,AE,AE,AE,AE,AE,AE,AE,AE,AE,AE,AE,AE,AE,AE,AE,AE,AE,AE,AE,AE,AE,AE,AE,,,,,,,,,,,,
CS 528,AE,AE,AE,AE,AE,AE,AE,AE,AE,AE,AE,AE,AE,AE,AE,AE,AE,AE,AE,AE,AE,AE,AE,AE,AE,AE,AE,AE,AE,AE,AE,AE,AE,AE,AE,AE,AE,AE,AE,AE,AE,AE,AE,AE,AE,AE,AE,AE,AE,AE,AE,AE,AE,AE,AE,AE,AE,AE,AE,AE,AE,AE,AE,AE,AE,AE,AE,AE,AE,AE,AE,AE,AE,AE,AE,AE,AE,AE,AE,AE,AE,AE
CS 531,AE,AE,AE,AE,AE,AE,AE,AE,AE,AE,AE,AE,AE,AE,AE,AE,AE,AE,AE,AE,AE,AE,AE,AE,AE,AE,AE,AE,AE,AE,AE,AE,AE,AE,AE,AE,AE,AE,AE,AE,AE,AE,AE,AE,AE,AE,AE,AE,AE,AE,AE,AE,AE,AE,AE,AE,AE,AE,AE,AE,AE,AE,AE,AE,AE,AE,AE,AE,AE,AE,AE,AE,AE,AE,AE,AE,AE,AE,AE,AE,AE,AE
CS 532,AE,AE,AE,AE,AE,AE,AE,AE,AE,AE,AE,AE,AE,AE,AE,AE,AE,AE,AE,AE,AE,AE,AE,AE,AE,AE,AE,AE,AE,AE,AE,AE,AE,AE,AE,AE,AE,AE,AE,AE,AE,AE,AE,AE,AE,AE,AE,AE,AE,AE,AE,AE,AE,AE,AE,AE,AE,AE,AE,AE,AE,AE,AE,AE,AE,AE,AE,AE,AE,AE,AE,AE,AE,AE,AE,AE,AE,AE,AE,AE,AE,AE
CS 533,AE,AE,AE,AE,AE,AE,AE,AE,AE,AE,AE,AE,AE,AE,AE,AE,AE,AE,AE,AE,AE,AE,AE,AE,AE,AE,AE,AE,AE,AE,AE,AE,AE,AE,AE,AE,AE,AE,AE,AE,AE,AE,AE,AE,AE,AE,AE,AE,AE,AE,AE,AE,AE,AE,AE,AE,AE,AE,AE,AE,AE,AE,AE,AE,AE,AE,AE,AE,AE,AE,,,,,,,,,,,,
CS 534,AE,AE,AE,AE,AE,AE,AE,AE,AE,AE,AE,AE,AE,AE,AE,AE,AE,AE,AE,AE,AE,AE,AE,AE,AE,AE,AE,AE,AE,AE,AE,AE,AE,AE,AE,AE,AE,AE,AE,AE,AE,AE,AE,AE,AE,AE,AE,AE,AE,AE,AE,AE,AE,AE,AE,AE,AE,AE,AE,AE,AE,AE,AE,AE,AE,AE,AE,AE,AE,AE,AE,AE,AE,AE,AE,AE,AE,AE,AE,AE,AE,AE
CS 535,AE,AE,AE,AE,AE,AE,AE,AE,AE,AE,AE,AE,AE,AE,AE,AE,AE,AE,AE,AE,AE,AE,AE,AE,AE,AE,AE,AE,AE,AE,AE,AE,AE,AE,AE,AE,AE,AE,AE,AE,AE,AE,AE,AE,AE,AE,AE,AE,AE,AE,AE,AE,AE,AE,AE,AE,AE,AE,AE,AE,AE,AE,AE,AE,AE,AE,AE,AE,AE,AE,AE,AE,AE,AE,AE,AE,AE,AE,AE,AE,AE,AE
CS 538,AE,AE,AE,AE,AE,AE,AE,AE,AE,AE,AE,AE,AE,AE,AE,AE,AE,AE,AE,AE,AE,AE,AE,AE,AE,AE,AE,AE,AE,AE,AE,AE,AE,AE,AE,AE,AE,AE,AE,AE,AE,AE,AE,AE,AE,AE,AE,AE,AE,AE,AE,AE,AE,AE,AE,AE,AE,AE,AE,AE,AE,AE,AE,AE,AE,AE,AE,AE,AE,AE,,,,,,,,,,,,
CS 539,AE,AE,AE,AE,AE,AE,AE,AE,AE,AE,AE,AE,AE,AE,AE,AE,AE,AE,AE,AE,AE,AE,AE,AE,AE,AE,AE,AE,AE,AE,AE,AE,AE,AE,AE,AE,AE,AE,AE,AE,AE,AE,AE,AE,AE,AE,AE,AE,AE,AE,AE,AE,AE,AE,AE,AE,AE,AE,AE,AE,AE,AE,AE,AE,AE,AE,,,,,,,,,,,,,,,,
CS 540,AE,AE,AE,AE,AE,AE,AE,AE,AE,AE,AE,AE,AE,AE,AE,AE,AE,AE,AE,AE,AE,AE,AE,AE,AE,AE,AE,AE,AE,AE,AE,AE,AE,AE,AE,AE,AE,AE,AE,AE,AE,AE,AE,AE,AE,AE,AE,AE,AE,AE,AE,AE,AE,AE,AE,AE,AE,AE,AE,AE,AE,AE,AE,AE,AE,AE,AE,AE,AE,AE,AE,AE,AE,AE,AE,AE,AE,AE,AE,AE,AE,AE
CS 541,AE,AE,AE,AE,AE,AE,AE,AE,AE,AE,AE,AE,AE,AE,AE,AE,AE,AE,AE,AE,AE,AE,AE,AE,AE,AE,AE,AE,AE,AE,AE,AE,AE,AE,AE,AE,AE,AE,AE,AE,AE,AE,AE,AE,AE,AE,AE,AE,AE,AE,AE,AE,AE,AE,AE,AE,AE,AE,AE,AE,AE,AE,AE,AE,AE,AE,AE,AE,AE,AE,,,,,,,,,,,,
CS 542,AE,AE,AE,AE,AE,AE,AE,AE,AE,AE,AE,AE,AE,AE,AE,AE,AE,AE,AE,AE,AE,AE,AE,AE,AE,AE,AE,AE,AE,AE,AE,AE,AE,AE,AE,AE,AE,AE,AE,AE,AE,AE,AE,AE,AE,AE,AE,AE,AE,AE,AE,AE,AE,AE,AE,AE,AE,AE,AE,AE,AE,AE,AE,AE,AE,AE,AE,AE,AE,AE,AE,AE,AE,AE,AE,AE,AE,AE,AE,AE,AE,AE
CS 543,AE,AE,AE,AE,AE,AE,AE,AE,AE,AE,AE,AE,AE,AE,AE,AE,AE,AE,AE,AE,AE,AE,AE,AE,AE,AE,AE,AE,AE,AE,AE,AE,AE,AE,AE,AE,AE,AE,AE,AE,AE,AE,AE,AE,AE,AE,AE,AE,AE,AE,AE,AE,AE,AE,AE,AE,AE,AE,AE,AE,AE,AE,AE,AE,AE,AE,AE,AE,AE,AE,AE,AE,AE,AE,AE,AE,AE,AE,AE,AE,AE,AE
CS 545,AE,AE,AE,AE,AE,AE,AE,AE,AE,AE,AE,AE,AE,AE,AE,AE,AE,AE,AE,AE,AE,AE,AE,AE,AE,AE,AE,AE,AE,AE,AE,AE,AE,AE,AE,AE,AE,AE,AE,AE,AE,AE,AE,AE,AE,AE,AE,AE,AE,AE,AE,AE,AE,AE,AE,AE,AE,AE,AE,AE,AE,AE,AE,AE,AE,AE,AE,AE,AE,,,,,,,,,,,,,
CS 546,AE,AE,AE,AE,AE,AE,AE,AE,AE,AE,AE,AE,AE,AE,AE,AE,AE,AE,AE,AE,AE,AE,AE,AE,AE,AE,AE,AE,AE,AE,AE,AE,AE,AE,AE,AE,AE,AE,AE,AE,AE,AE,AE,AE,AE,AE,AE,AE,AE,AE,AE,AE,AE,AE,AE,AE,AE,AE,AE,AE,AE,AE,AE,AE,AE,AE,AE,,,,,,,,,,,,,,,
CS 547,AE,AE,AE,AE,AE,AE,AE,AE,AE,AE,AE,AE,AE,AE,AE,AE,AE,AE,AE,AE,AE,AE,AE,AE,AE,AE,AE,AE,AE,AE,AE,AE,AE,AE,AE,AE,AE,AE,AE,AE,AE,AE,AE,AE,AE,AE,AE,AE,AE,AE,AE,AE,AE,AE,AE,AE,AE,AE,AE,AE,AE,AE,AE,AE,AE,AE,AE,AE,AE,AE,AE,AE,AE,AE,AE,AE,AE,AE,AE,AE,AE,AE
CS 549,AE,AE,AE,AE,AE,AE,AE,AE,AE,AE,AE,AE,AE,AE,AE,AE,AE,AE,AE,AE,AE,AE,AE,AE,AE,AE,AE,AE,AE,AE,AE,AE,AE,AE,AE,AE,AE,AE,AE,AE,AE,AE,AE,AE,AE,AE,AE,AE,AE,AE,AE,AE,AE,AE,AE,AE,AE,AE,AE,AE,AE,AE,AE,AE,AE,AE,AE,AE,AE,AE,AE,AE,AE,AE,AE,AE,AE,AE,AE,AE,AE,AE
CS 555,AE,AE,AE,AE,AE,AE,AE,AE,AE,AE,AE,AE,AE,AE,AE,AE,AE,AE,AE,AE,AE,AE,AE,AE,AE,AE,AE,AE,AE,AE,AE,AE,AE,AE,AE,AE,AE,AE,AE,AE,AE,AE,AE,AE,AE,AE,AE,AE,AE,AE,AE,AE,AE,AE,AE,AE,AE,AE,AE,AE,AE,AE,AE,AE,AE,AE,AE,AE,AE,AE,AE,AE,AE,AE,AE,AE,AE,AE,AE,AE,AE,AE
CS 560,AE,AE,AE,AE,AE,AE,AE,AE,AE,AE,AE,AE,AE,AE,AE,AE,AE,AE,AE,AE,AE,AE,AE,AE,AE,AE,AE,AE,AE,AE,AE,AE,AE,AE,AE,AE,AE,AE,AE,AE,AE,AE,AE,AE,AE,AE,AE,AE,AE,AE,AE,AE,AE,AE,AE,AE,AE,AE,AE,AE,AE,AE,AE,AE,AE,AE,AE,AE,AE,AE,AE,AE,AE,AE,AE,AE,AE,AE,AE,AE,AE,AE
CS 580,AE,AE,AE,AE,AE,AE,AE,AE,AE,AE,AE,AE,AE,AE,AE,AE,AE,AE,AE,AE,AE,AE,AE,AE,AE,AE,AE,AE,AE,AE,AE,AE,AE,AE,AE,AE,AE,AE,AE,AE,AE,AE,AE,AE,AE,AE,AE,AE,AE,AE,AE,,,,,,,,,,,,,,,,,,,,,,,,,,,,,,,
CS 58000,AE,AE,AE,AE,AE,AE,AE,AE,AE,AE,AE,AE,AE,AE,AE,AE,AE,AE,AE,AE,AE,AE,AE,AE,AE,AE,AE,AE,AE,AE,AE,AE,AE,AE,AE,AE,AE,AE,AE,AE,AE,AE,AE,AE,AE,AE,AE,AE,AE,AE,AE,AE,AE,AE,AE,AE,AE,AE,AE,AE,AE,AE,AE,AE,AE,AE,AE,AE,AE,AE,AE,AE,AE,AE,AE,AE,AE,AE,AE,AE,AE,AE
CS 58001,AE,AE,AE,AE,AE,AE,AE,AE,AE,AE,AE,AE,AE,AE,AE,AE,AE,AE,AE,AE,AE,AE,AE,AE,AE,AE,AE,AE,AE,AE,AE,AE,AE,AE,AE,AE,AE,AE,AE,AE,AE,AE,AE,AE,AE,AE,AE,AE,AE,AE,AE,AE,AE,AE,AE,AE,AE,AE,AE,AE,AE,AE,AE,AE,AE,AE,AE,AE,AE,AE,,,,,,,,,,,,
CS 58002,AE,AE,AE,AE,AE,AE,AE,AE,AE,AE,AE,AE,AE,AE,AE,AE,AE,AE,AE,AE,AE,AE,AE,AE,AE,AE,AE,AE,AE,AE,AE,AE,AE,AE,AE,AE,AE,AE,AE,AE,AE,AE,AE,AE,AE,AE,AE,AE,AE,AE,AE,AE,AE,AE,AE,AE,AE,AE,AE,AE,AE,AE,AE,AE,AE,AE,AE,AE,AE,AE,,,,,,,,,,,,
CS 58003,AE,AE,AE,AE,AE,AE,AE,AE,AE,AE,AE,AE,AE,AE,AE,AE,AE,AE,AE,AE,AE,AE,AE,AE,AE,AE,AE,AE,AE,AE,AE,AE,AE,AE,AE,AE,AE,AE,AE,AE,AE,AE,AE,AE,AE,AE,AE,AE,AE,AE,AE,AE,AE,AE,AE,AE,AE,AE,AE,AE,AE,AE,AE,AE,AE,AE,AE,AE,AE,AE,,,,,,,,,,,,
CS 58004,AE,AE,AE,AE,AE,AE,AE,AE,AE,AE,AE,AE,AE,AE,AE,AE,AE,AE,AE,AE,AE,AE,AE,AE,AE,AE,AE,AE,AE,AE,AE,AE,AE,AE,AE,AE,AE,AE,AE,AE,AE,AE,AE,AE,AE,AE,AE,AE,AE,AE,AE,AE,AE,AE,AE,AE,AE,AE,AE,AE,AE,AE,AE,AE,AE,AE,,,,,,,,,,,,,,,,
CS 58005,AE,AE,AE,AE,AE,AE,AE,AE,AE,AE,AE,AE,AE,AE,AE,AE,AE,AE,AE,AE,AE,AE,AE,AE,AE,AE,AE,AE,AE,AE,AE,AE,AE,AE,AE,AE,AE,AE,AE,AE,AE,AE,AE,AE,AE,AE,AE,AE,AE,AE,AE,AE,AE,AE,AE,AE,AE,AE,AE,AE,AE,AE,AE,AE,AE,AE,AE,AE,AE,AE,,,,,,,,,,,,
CS 58007,AE,AE,AE,AE,AE,AE,AE,AE,AE,AE,AE,AE,AE,AE,AE,AE,AE,AE,AE,AE,AE,AE,AE,AE,AE,AE,AE,AE,AE,AE,AE,AE,AE,AE,AE,AE,AE,AE,AE,AE,AE,AE,AE,AE,AE,AE,AE,AE,AE,AE,AE,AE,AE,AE,AE,AE,AE,AE,AE,AE,AE,AE,AE,AE,AE,AE,AE,AE,AE,AE,AE,AE,AE,AE,AE,AE,AE,AE,AE,,,
CS 58008,AE,AE,AE,AE,AE,AE,AE,AE,AE,AE,AE,AE,AE,AE,AE,AE,AE,AE,AE,AE,AE,AE,AE,AE,AE,AE,AE,AE,AE,AE,AE,AE,AE,AE,AE,AE,AE,AE,AE,AE,AE,AE,AE,AE,AE,AE,AE,AE,AE,AE,AE,AE,AE,AE,AE,AE,AE,AE,AE,AE,AE,AE,AE,AE,AE,AE,AE,AE,AE,AE,AE,AE,AE,AE,AE,AE,AE,AE,AE,AE,AE,AE
CS 58009,AE,AE,AE,AE,AE,AE,AE,AE,AE,AE,AE,AE,AE,AE,AE,AE,AE,AE,AE,AE,AE,AE,AE,AE,AE,AE,AE,AE,AE,AE,AE,AE,AE,AE,AE,AE,AE,AE,AE,AE,AE,AE,AE,AE,AE,AE,AE,AE,AE,AE,AE,AE,AE,AE,AE,AE,AE,AE,AE,AE,AE,AE,AE,AE,AE,AE,AE,AE,AE,AE,AE,AE,AE,AE,AE,AE,AE,AE,AE,AE,AE,AE
CS 58010,AE,AE,AE,AE,AE,AE,AE,AE,AE,AE,AE,AE,AE,AE,AE,AE,AE,AE,AE,AE,AE,AE,AE,AE,AE,AE,AE,AE,AE,AE,AE,AE,AE,AE,AE,AE,AE,AE,AE,AE,AE,AE,AE,AE,AE,AE,AE,AE,AE,AE,AE,AE,AE,AE,AE,AE,AE,AE,AE,AE,AE,AE,AE,AE,AE,AE,AE,AE,AE,AE,AE,AE,AE,AE,AE,AE,AE,AE,AE,AE,AE,AE
CS 58011,AE,AE,AE,AE,AE,AE,AE,AE,AE,AE,AE,AE,AE,AE,AE,AE,AE,AE,AE,AE,AE,AE,AE,AE,AE,AE,AE,AE,AE,AE,AE,AE,AE,AE,AE,AE,AE,AE,AE,AE,AE,AE,AE,AE,AE,AE,AE,AE,AE,AE,AE,AE,AE,AE,AE,AE,AE,AE,AE,AE,AE,AE,AE,AE,AE,AE,AE,AE,AE,AE,AE,AE,AE,AE,AE,AE,AE,AE,AE,AE,AE,AE
CS 58012,AE,AE,AE,AE,AE,AE,AE,AE,AE,AE,AE,AE,AE,AE,AE,AE,AE,AE,AE,AE,AE,AE,AE,AE,AE,AE,AE,AE,AE,AE,AE,AE,AE,AE,AE,AE,AE,AE,AE,AE,AE,AE,AE,AE,AE,AE,AE,AE,AE,AE,AE,AE,AE,AE,AE,AE,AE,AE,AE,AE,AE,AE,AE,AE,AE,AE,AE,AE,AE,AE,AE,AE,AE,AE,AE,AE,AE,AE,AE,AE,AE,AE
CS 581,AE,AE,AE,AE,AE,AE,AE,AE,AE,AE,AE,AE,AE,AE,AE,AE,AE,AE,AE,AE,AE,AE,AE,AE,AE,AE,AE,AE,AE,AE,AE,AE,AE,AE,AE,AE,AE,AE,AE,AE,AE,AE,AE,AE,AE,AE,AE,AE,AE,AE,AE,,,,,,,,,,,,,,,,,,,,,,,,,,,,,,,
CS 582,AE,AE,AE,AE,AE,AE,AE,AE,AE,AE,AE,AE,AE,AE,AE,AE,AE,AE,AE,AE,AE,AE,AE,AE,AE,AE,AE,AE,AE,AE,AE,AE,AE,AE,AE,AE,AE,AE,AE,AE,AE,AE,AE,AE,AE,AE,AE,AE,AE,AE,AE,,,,,,,,,,,,,,,,,,,,,,,,,,,,,,,
CS 601,AE,AE,AE,AE,AE,AE,AE,AE,AE,AE,AE,AE,AE,AE,AE,AE,AE,AE,AE,AE,AE,AE,AE,AE,AE,AE,AE,AE,AE,AE,AE,AE,AE,AE,AE,AE,AE,AE,AE,AE,AE,AE,AE,AE,AE,AE,AE,AE,AE,AE,AE,AE,AE,AE,AE,AE,AE,AE,AE,AE,AE,AE,AE,AE,AE,AE,AE,AE,AE,AE,,,,,,,,,,,,
CS 611,AE,AE,AE,AE,AE,AE,AE,AE,AE,AE,AE,AE,AE,AE,AE,AE,AE,AE,AE,AE,AE,AE,AE,AE,AE,AE,AE,AE,AE,AE,AE,AE,AE,AE,AE,AE,AE,AE,AE,AE,AE,AE,AE,AE,AE,AE,AE,AE,AE,AE,AE,AE,AE,AE,AE,AE,AE,AE,AE,AE,AE,AE,AE,AE,AE,AE,AE,AE,AE,AE,AE,AE,AE,AE,AE,AE,AE,AE,AE,AE,AE,AE
CS 680,AE,AE,AE,AE,AE,AE,AE,AE,AE,AE,AE,AE,AE,AE,AE,AE,AE,AE,AE,AE,AE,AE,AE,AE,AE,AE,AE,AE,AE,AE,AE,AE,AE,AE,AE,AE,AE,AE,AE,AE,AE,AE,AE,AE,AE,AE,AE,AE,AE,AE,AE,,,,,,,,,,,,,,,,,,,,,,,,,,,,,,,
CS 68000,AE,AE,AE,AE,AE,AE,AE,AE,AE,AE,AE,AE,AE,AE,AE,AE,AE,AE,AE,AE,AE,AE,AE,AE,AE,AE,AE,AE,AE,AE,AE,AE,AE,AE,AE,AE,AE,AE,AE,AE,AE,AE,AE,AE,AE,AE,AE,AE,AE,AE,AE,AE,AE,AE,AE,AE,AE,AE,AE,AE,AE,AE,AE,AE,AE,AE,AE,AE,AE,AE,,,,,,,,,,,,
CS 68001,AE,AE,AE,AE,AE,AE,AE,AE,AE,AE,AE,AE,AE,AE,AE,AE,AE,AE,AE,AE,AE,AE,AE,AE,AE,AE,AE,AE,AE,AE,AE,AE,AE,AE,AE,AE,AE,AE,AE,AE,AE,AE,AE,AE,AE,AE,AE,AE,AE,AE,AE,AE,AE,AE,AE,AE,AE,AE,AE,AE,AE,AE,AE,AE,AE,AE,AE,AE,AE,AE,,,,,,,,,,,,
CS 681,AE,AE,AE,AE,AE,AE,AE,AE,AE,AE,AE,AE,AE,AE,AE,AE,AE,AE,AE,AE,AE,AE,AE,AE,AE,AE,AE,AE,AE,AE,AE,AE,AE,AE,AE,AE,AE,AE,AE,AE,AE,AE,AE,AE,AE,AE,AE,AE,AE,AE,AE,,,,,,,,,,,,,,,,,,,,,,,,,,,,,,,
CULT 500,AE,AE,AE,AE,AE,AE,AE,AE,AE,AE,AE,AE,AE,AE,AE,AE,AE,AE,AE,AE,AE,AE,AE,AE,AE,AE,AE,AE,AE,AE,AE,AE,AE,AE,AE,AE,AE,AE,AE,AE,AE,AE,AE,AE,AE,AE,AE,AE,AE,AE,AE,AE,AE,AE,AE,AE,AE,AE,AE,AE,AE,AE,AE,AE,AE,AE,AE,AE,AE,AE,AE,AE,AE,AE,AE,AE,AE,AE,AE,AE,AE,AE
CULT 501,AE,AE,AE,AE,AE,AE,AE,AE,AE,AE,AE,AE,AE,AE,AE,AE,AE,AE,AE,AE,AE,AE,AE,AE,AE,AE,AE,AE,AE,AE,AE,AE,AE,AE,AE,AE,AE,AE,AE,AE,AE,AE,AE,AE,AE,AE,AE,AE,AE,AE,AE,AE,AE,AE,AE,AE,AE,AE,AE,AE,AE,AE,AE,AE,AE,AE,AE,AE,AE,AE,AE,AE,AE,AE,AE,AE,AE,AE,AE,AE,AE,AE
CULT 502,AE,AE,AE,AE,AE,AE,AE,AE,AE,AE,AE,AE,AE,AE,AE,AE,AE,AE,AE,AE,AE,AE,AE,AE,AE,AE,AE,AE,AE,AE,AE,AE,AE,AE,AE,AE,AE,AE,AE,AE,AE,AE,AE,AE,AE,AE,AE,AE,AE,AE,AE,AE,AE,AE,AE,AE,AE,AE,AE,AE,AE,AE,AE,AE,AE,AE,AE,AE,AE,AE,AE,AE,AE,AE,AE,AE,AE,AE,AE,AE,AE,AE
CULT 503,AE,AE,AE,AE,AE,AE,AE,AE,AE,AE,AE,AE,AE,AE,AE,AE,AE,AE,AE,AE,AE,AE,AE,AE,AE,AE,AE,AE,AE,AE,AE,AE,AE,AE,AE,AE,AE,AE,AE,AE,AE,AE,AE,AE,AE,AE,AE,AE,AE,AE,AE,AE,AE,AE,AE,AE,AE,AE,AE,AE,AE,AE,AE,AE,AE,AE,AE,AE,AE,AE,AE,AE,AE,AE,AE,AE,AE,AE,AE,AE,AE,AE
CULT 520,AE,AE,AE,AE,AE,AE,AE,AE,AE,AE,AE,AE,AE,AE,AE,AE,AE,AE,AE,AE,AE,AE,,,,,,,,,,,,,,,,,,,,,,,,,,,,,,,,,,,,,,,,,,,,,,,,,,,,,,,,,,,,
CULT 521,AE,AE,AE,AE,AE,AE,AE,AE,AE,AE,AE,AE,AE,AE,AE,AE,AE,AE,AE,AE,AE,AE,AE,AE,AE,AE,AE,AE,AE,AE,AE,AE,AE,AE,AE,AE,AE,AE,AE,AE,AE,AE,AE,AE,AE,AE,AE,AE,AE,AE,AE,AE,AE,AE,AE,AE,AE,AE,AE,AE,AE,AE,AE,AE,AE,AE,AE,AE,AE,AE,,,,,,,,,,,,
CULT 522,AE,AE,AE,AE,AE,AE,AE,AE,AE,AE,AE,AE,AE,AE,AE,AE,AE,AE,AE,AE,AE,AE,AE,AE,AE,AE,AE,AE,AE,AE,AE,AE,AE,AE,AE,AE,AE,AE,AE,AE,AE,AE,AE,AE,AE,AE,AE,AE,AE,AE,AE,AE,AE,AE,AE,AE,AE,AE,AE,AE,AE,AE,AE,AE,AE,AE,AE,AE,AE,AE,AE,AE,AE,AE,AE,AE,AE,AE,AE,AE,AE,AE
CULT 525,AE,AE,AE,AE,AE,AE,AE,AE,AE,AE,AE,AE,AE,AE,AE,AE,AE,AE,AE,AE,AE,AE,AE,AE,AE,AE,AE,AE,AE,AE,AE,AE,AE,AE,AE,AE,AE,AE,AE,,,,,,,,,,,,,,,,,,,,,,,,,,,,,,,,,,,,,,,,,,,
CULT 527,AE,AE,AE,AE,AE,AE,AE,AE,AE,AE,AE,AE,AE,AE,AE,AE,AE,AE,AE,AE,AE,AE,AE,AE,AE,AE,AE,AE,,,,,,,,,,,,,,,,,,,,,,,,,,,,,,,,,,,,,,,,,,,,,,,,,,,,,,
CULT 532,AE,AE,AE,AE,AE,AE,AE,AE,AE,AE,AE,AE,AE,AE,AE,AE,AE,AE,AE,AE,AE,AE,AE,AE,AE,AE,AE,AE,AE,AE,AE,AE,AE,AE,AE,AE,AE,AE,AE,AE,AE,AE,AE,AE,AE,AE,AE,AE,AE,AE,AE,AE,AE,AE,AE,AE,AE,AE,AE,AE,AE,AE,AE,AE,AE,AE,AE,AE,AE,AE,AE,AE,AE,AE,AE,AE,AE,AE,AE,AE,AE,AE
CULT 535,AE,AE,AE,AE,AE,AE,AE,AE,AE,AE,AE,AE,AE,AE,AE,AE,AE,AE,AE,AE,AE,AE,AE,AE,AE,AE,AE,AE,AE,AE,,,,,,,,,,,,,,,,,,,,,,,,,,,,,,,,,,,,,,,,,,,,,,,,,,,,
CULT 537,AE,AE,AE,AE,AE,AE,AE,AE,AE,AE,AE,AE,AE,AE,AE,AE,AE,AE,AE,AE,AE,AE,AE,AE,AE,AE,AE,AE,AE,AE,AE,,,,,,,,,,,,,,,,,,,,,,,,,,,,,,,,,,,,,,,,,,,,,,,,,,,
CULT 541,AE,AE,AE,AE,AE,AE,AE,AE,AE,AE,AE,AE,AE,AE,AE,AE,AE,AE,AE,AE,AE,AE,AE,AE,AE,AE,AE,AE,AE,AE,AE,AE,AE,AE,AE,AE,AE,AE,AE,AE,AE,AE,AE,AE,AE,AE,AE,AE,AE,AE,AE,AE,AE,AE,AE,AE,AE,AE,AE,AE,,,,,,,,,,,,,,,,,,,,,,
CULT 542,AE,AE,AE,AE,AE,AE,AE,AE,AE,AE,AE,AE,AE,AE,AE,AE,AE,AE,AE,AE,AE,AE,AE,AE,AE,AE,AE,AE,AE,AE,AE,AE,AE,AE,AE,AE,AE,AE,AE,AE,AE,AE,AE,AE,AE,AE,AE,AE,AE,AE,AE,AE,AE,AE,AE,AE,AE,AE,AE,AE,,,,,,,,,,,,,,,,,,,,,,
CULT 543,AE,AE,AE,AE,AE,AE,AE,AE,AE,AE,AE,AE,AE,AE,AE,AE,AE,AE,AE,AE,AE,AE,AE,AE,AE,AE,AE,AE,AE,AE,AE,AE,AE,AE,AE,AE,AE,AE,AE,AE,AE,AE,AE,AE,AE,AE,AE,AE,AE,AE,AE,AE,AE,AE,AE,AE,AE,AE,AE,AE,,,,,,,,,,,,,,,,,,,,,,
CULT 544,AE,AE,AE,AE,AE,AE,AE,AE,AE,AE,AE,AE,AE,AE,AE,AE,AE,AE,AE,AE,AE,AE,AE,AE,AE,AE,AE,AE,AE,AE,AE,AE,AE,AE,AE,AE,AE,AE,AE,AE,AE,AE,AE,AE,AE,AE,AE,AE,AE,AE,AE,AE,AE,AE,AE,AE,AE,AE,AE,AE,,,,,,,,,,,,,,,,,,,,,,
CULT 551,AE,AE,AE,AE,AE,AE,AE,AE,AE,AE,AE,AE,AE,AE,AE,AE,AE,AE,AE,AE,AE,AE,AE,AE,AE,AE,AE,AE,AE,AE,AE,AE,AE,AE,AE,AE,AE,AE,AE,AE,AE,AE,AE,AE,AE,AE,AE,AE,AE,AE,AE,AE,AE,AE,AE,AE,AE,AE,AE,AE,AE,AE,AE,AE,AE,AE,AE,AE,AE,AE,AE,AE,,,,,,,,,,
CULT 552,AE,AE,AE,AE,AE,AE,AE,AE,AE,AE,AE,AE,AE,AE,AE,AE,AE,AE,AE,AE,AE,AE,AE,AE,AE,AE,AE,AE,AE,AE,AE,AE,AE,AE,AE,AE,AE,AE,AE,AE,AE,AE,AE,AE,AE,AE,AE,AE,AE,AE,AE,AE,AE,AE,AE,AE,AE,AE,AE,AE,AE,AE,AE,,,,,,,,,,,,,,,,,,,
CULT 553,AE,AE,AE,AE,AE,AE,AE,AE,AE,AE,AE,AE,AE,AE,AE,AE,AE,AE,AE,AE,AE,AE,AE,AE,AE,AE,AE,AE,AE,AE,AE,AE,AE,AE,AE,AE,AE,AE,AE,AE,AE,AE,AE,AE,AE,AE,AE,AE,AE,AE,AE,AE,AE,AE,AE,AE,AE,AE,AE,AE,AE,AE,AE,AE,AE,AE,AE,AE,AE,AE,AE,AE,AE,AE,AE,AE,AE,AE,AE,AE,AE,AE
CULT 554,AE,AE,AE,AE,AE,AE,AE,AE,AE,AE,AE,AE,AE,AE,AE,AE,AE,AE,AE,AE,AE,AE,AE,AE,AE,AE,AE,AE,AE,AE,AE,AE,AE,AE,AE,AE,AE,AE,AE,AE,AE,AE,AE,AE,AE,AE,AE,AE,,,,,,,,,,,,,,,,,,,,,,,,,,,,,,,,,,
CULT 555,AE,AE,AE,AE,AE,AE,AE,AE,AE,AE,AE,AE,AE,AE,AE,AE,AE,AE,AE,AE,AE,AE,AE,AE,AE,AE,AE,AE,AE,AE,AE,AE,AE,AE,AE,AE,AE,AE,AE,AE,AE,AE,AE,AE,AE,AE,AE,AE,AE,AE,AE,AE,AE,AE,AE,AE,AE,AE,AE,AE,AE,AE,AE,AE,AE,AE,AE,AE,AE,AE,AE,AE,AE,AE,AE,AE,AE,AE,AE,AE,AE,AE
CULT 560,AE,AE,AE,AE,AE,AE,AE,AE,AE,AE,AE,AE,AE,AE,AE,AE,AE,AE,AE,,,,,,,,,,,,,,,,,,,,,,,,,,,,,,,,,,,,,,,,,,,,,,,,,,,,,,,,,,,,,,,
CULT 561,AE,AE,AE,AE,AE,AE,AE,AE,AE,AE,AE,AE,AE,AE,AE,AE,AE,AE,AE,AE,AE,AE,AE,AE,AE,AE,AE,AE,AE,AE,AE,AE,AE,AE,AE,AE,AE,AE,AE,AE,AE,AE,AE,AE,AE,AE,AE,AE,AE,AE,AE,AE,AE,AE,AE,AE,AE,AE,AE,AE,AE,AE,AE,AE,AE,AE,AE,AE,AE,AE,AE,AE,,,,,,,,,,
CULT 562,AE,AE,AE,AE,AE,AE,AE,AE,AE,AE,AE,AE,AE,AE,AE,AE,AE,AE,AE,AE,AE,AE,AE,AE,AE,AE,AE,AE,AE,AE,AE,AE,AE,AE,AE,AE,AE,AE,AE,AE,AE,AE,AE,AE,AE,AE,AE,AE,AE,AE,AE,AE,AE,AE,AE,AE,AE,AE,AE,AE,AE,,,,,,,,,,,,,,,,,,,,,
CULT 563,AE,AE,AE,AE,AE,AE,AE,AE,AE,AE,AE,AE,AE,AE,AE,AE,AE,AE,AE,AE,AE,AE,AE,AE,AE,AE,AE,AE,AE,AE,AE,AE,AE,AE,AE,AE,,,,,,,,,,,,,,,,,,,,,,,,,,,,,,,,,,,,,,,,,,,,,,
CULT 568,AE,AE,AE,AE,AE,AE,AE,AE,AE,AE,AE,AE,AE,AE,AE,AE,AE,AE,AE,AE,AE,AE,AE,AE,AE,AE,AE,AE,AE,AE,AE,AE,AE,AE,AE,AE,AE,AE,AE,AE,AE,AE,AE,AE,AE,AE,AE,AE,AE,AE,AE,AE,AE,AE,AE,AE,AE,AE,AE,AE,AE,AE,AE,AE,AE,AE,AE,AE,AE,AE,AE,AE,AE,AE,AE,AE,AE,AE,AE,AE,AE,AE
CULT 570,AE,AE,AE,AE,AE,AE,AE,AE,AE,AE,AE,AE,AE,AE,AE,AE,AE,AE,AE,AE,AE,AE,AE,AE,AE,AE,AE,AE,AE,AE,AE,AE,AE,AE,AE,AE,AE,AE,AE,AE,AE,AE,AE,AE,AE,AE,AE,AE,AE,AE,AE,AE,AE,AE,AE,AE,AE,AE,AE,AE,AE,AE,AE,AE,AE,AE,AE,AE,AE,AE,AE,AE,AE,AE,AE,AE,AE,AE,AE,AE,AE,AE
CULT 584,AE,AE,AE,AE,AE,AE,AE,AE,AE,AE,AE,AE,AE,AE,AE,AE,AE,AE,AE,AE,AE,AE,AE,AE,AE,AE,AE,AE,AE,AE,AE,AE,AE,AE,AE,AE,AE,AE,AE,AE,AE,AE,AE,AE,AE,AE,AE,AE,AE,AE,AE,AE,AE,AE,AE,AE,AE,AE,AE,AE,AE,AE,AE,AE,AE,AE,AE,AE,AE,AE,AE,AE,AE,AE,AE,AE,AE,AE,AE,AE,AE,AE
CULT 591,AE,AE,AE,AE,AE,AE,AE,AE,AE,AE,AE,AE,AE,AE,AE,AE,AE,AE,AE,AE,AE,AE,AE,AE,AE,AE,AE,AE,AE,AE,AE,AE,AE,AE,AE,AE,AE,AE,AE,AE,AE,AE,AE,AE,AE,AE,AE,AE,AE,AE,AE,AE,AE,AE,AE,AE,AE,AE,AE,AE,AE,AE,AE,AE,AE,AE,AE,AE,AE,AE,,,,,,,,,,,,
CULT 592,AE,AE,AE,AE,AE,AE,AE,AE,AE,AE,AE,AE,AE,AE,AE,AE,AE,AE,AE,AE,AE,AE,AE,AE,AE,AE,AE,AE,AE,AE,AE,AE,AE,AE,AE,AE,AE,AE,AE,AE,AE,AE,AE,AE,AE,AE,AE,AE,AE,AE,AE,AE,AE,AE,,,,,,,,,,,,,,,,,,,,,,,,,,,,
CULT 593,AE,AE,AE,AE,AE,AE,AE,AE,AE,AE,AE,AE,AE,AE,AE,AE,AE,AE,AE,AE,AE,AE,AE,AE,AE,AE,AE,AE,AE,AE,AE,AE,AE,AE,AE,AE,AE,AE,AE,AE,AE,AE,AE,AE,AE,AE,AE,AE,AE,AE,AE,AE,AE,AE,AE,AE,AE,,,,,,,,,,,,,,,,,,,,,,,,,
CULT 598,AE,AE,AE,AE,AE,AE,AE,AE,AE,AE,AE,AE,AE,AE,AE,AE,AE,AE,AE,AE,AE,AE,AE,AE,AE,AE,AE,AE,AE,AE,AE,AE,AE,AE,AE,AE,AE,AE,AE,AE,AE,AE,AE,AE,AE,AE,AE,AE,AE,AE,AE,AE,AE,AE,AE,AE,AE,AE,AE,AE,AE,AE,AE,AE,AE,AE,AE,AE,AE,AE,AE,AE,AE,AE,AE,AE,AE,AE,AE,AE,AE,AE
CULT 643,AE,AE,AE,AE,AE,AE,AE,AE,AE,AE,AE,AE,AE,AE,AE,AE,AE,AE,,,,,,,,,,,,,,,,,,,,,,,,,,,,,,,,,,,,,,,,,,,,,,,,,,,,,,,,,,,,,,,,
DS 551,AE,AE,AE,AE,AE,AE,AE,AE,AE,AE,AE,AE,AE,AE,AE,AE,AE,AE,AE,AE,AE,AE,AE,AE,AE,AE,AE,AE,AE,AE,AE,AE,AE,AE,AE,AE,AE,AE,AE,AE,AE,AE,AE,AE,AE,AE,AE,AE,AE,AE,AE,AE,AE,AE,AE,AE,AE,AE,AE,AE,AE,AE,AE,AE,AE,AE,AE,AE,AE,AE,AE,AE,AE,AE,AE,AE,AE,AE,AE,AE,AE,AE
DS 552,AE,AE,AE,AE,AE,AE,AE,AE,AE,AE,AE,AE,AE,AE,AE,AE,AE,AE,AE,AE,AE,AE,AE,AE,AE,AE,AE,AE,AE,AE,AE,AE,AE,AE,AE,AE,AE,AE,AE,AE,AE,AE,AE,AE,AE,AE,AE,AE,AE,AE,AE,AE,AE,AE,AE,AE,AE,AE,AE,AE,AE,AE,AE,AE,AE,AE,AE,AE,AE,AE,AE,AE,AE,AE,AE,AE,AE,AE,AE,AE,AE,AE
DS 590,AE,AE,AE,AE,AE,AE,AE,AE,AE,AE,AE,AE,AE,AE,AE,AE,AE,AE,AE,AE,AE,AE,AE,AE,AE,AE,AE,AE,AE,AE,AE,AE,AE,AE,AE,AE,AE,AE,AE,AE,AE,AE,AE,AE,AE,AE,AE,AE,AE,AE,AE,AE,AE,AE,AE,AE,AE,AE,AE,AE,AE,AE,AE,AE,AE,AE,AE,AE,AE,AE,AE,AE,AE,AE,AE,AE,AE,AE,AE,AE,AE,AE
DT 501,AE,AE,AE,AE,AE,AE,AE,AE,AE,AE,AE,AE,AE,AE,AE,AE,AE,AE,AE,AE,AE,AE,AE,AE,AE,AE,AE,AE,AE,AE,AE,AE,AE,AE,AE,AE,AE,AE,AE,AE,AE,AE,AE,AE,AE,AE,AE,AE,AE,AE,AE,AE,AE,AE,AE,AE,AE,AE,AE,AE,AE,AE,AE,AE,AE,AE,AE,AE,AE,AE,AE,AE,AE,AE,AE,AE,AE,AE,AE,AE,AE,AE
DT 502,AE,AE,AE,AE,AE,AE,AE,AE,AE,AE,AE,AE,AE,AE,AE,AE,AE,AE,AE,AE,AE,AE,AE,AE,AE,AE,AE,AE,AE,AE,AE,AE,AE,AE,AE,AE,AE,AE,AE,AE,AE,AE,AE,AE,AE,AE,AE,AE,AE,AE,AE,AE,AE,AE,AE,AE,AE,AE,AE,AE,AE,AE,AE,AE,AE,AE,AE,AE,AE,AE,AE,AE,AE,AE,AE,AE,AE,AE,AE,AE,AE,AE
DT 503,AE,AE,AE,AE,AE,AE,AE,AE,AE,AE,AE,AE,AE,AE,AE,AE,AE,AE,AE,AE,AE,AE,AE,AE,AE,AE,AE,AE,AE,AE,AE,AE,AE,AE,AE,AE,AE,AE,AE,AE,AE,AE,AE,AE,AE,AE,AE,AE,AE,AE,AE,AE,AE,AE,AE,AE,AE,AE,AE,AE,AE,AE,AE,AE,AE,AE,AE,AE,AE,AE,AE,AE,AE,AE,AE,AE,AE,AE,AE,AE,AE,AE
DT 504,AE,AE,AE,AE,AE,AE,AE,AE,AE,AE,AE,AE,AE,AE,AE,AE,AE,AE,AE,AE,AE,AE,AE,AE,AE,AE,AE,AE,AE,AE,AE,AE,AE,AE,AE,AE,AE,AE,AE,AE,AE,AE,AE,AE,AE,AE,AE,AE,AE,AE,AE,AE,AE,AE,AE,AE,AE,AE,AE,AE,AE,AE,AE,AE,AE,AE,AE,AE,AE,AE,AE,AE,AE,AE,AE,AE,AE,AE,AE,AE,AE,AE
DT 511,AE,AE,AE,AE,AE,AE,AE,AE,AE,AE,AE,AE,AE,AE,AE,AE,AE,AE,AE,AE,AE,AE,AE,AE,AE,AE,AE,AE,AE,AE,AE,AE,AE,AE,AE,AE,AE,AE,AE,AE,AE,AE,AE,AE,AE,AE,AE,AE,AE,AE,AE,AE,AE,AE,AE,AE,AE,AE,AE,AE,AE,AE,AE,AE,AE,AE,AE,AE,AE,AE,AE,AE,AE,AE,AE,AE,AE,AE,AE,AE,AE,AE
DT 512,AE,AE,AE,AE,AE,AE,AE,AE,AE,AE,AE,AE,AE,AE,AE,AE,AE,AE,AE,AE,AE,AE,AE,AE,AE,AE,AE,AE,AE,AE,AE,AE,AE,AE,AE,AE,AE,AE,AE,AE,AE,AE,AE,AE,AE,AE,AE,AE,AE,AE,AE,AE,AE,AE,AE,AE,AE,AE,AE,AE,AE,AE,AE,AE,AE,AE,AE,AE,AE,AE,AE,AE,AE,AE,AE,AE,AE,AE,AE,AE,AE,AE
DT 513,AE,AE,AE,AE,AE,AE,AE,AE,AE,AE,AE,AE,AE,AE,AE,AE,AE,AE,AE,AE,AE,AE,AE,AE,AE,AE,AE,AE,AE,AE,AE,AE,AE,AE,AE,AE,AE,AE,AE,AE,AE,AE,AE,AE,AE,AE,AE,AE,AE,AE,AE,AE,AE,AE,AE,AE,AE,AE,AE,AE,AE,AE,AE,AE,AE,AE,AE,AE,AE,AE,AE,AE,AE,AE,AE,AE,AE,AE,AE,AE,AE,AE
DT 514,AE,AE,AE,AE,AE,AE,AE,AE,AE,AE,AE,AE,AE,AE,AE,AE,AE,AE,AE,AE,AE,AE,AE,AE,AE,AE,AE,AE,AE,AE,AE,AE,AE,AE,AE,AE,AE,AE,AE,AE,AE,AE,AE,AE,AE,AE,AE,AE,AE,AE,AE,AE,AE,AE,AE,AE,AE,AE,AE,AE,AE,AE,AE,AE,AE,AE,AE,AE,AE,AE,AE,AE,AE,AE,AE,AE,AE,AE,AE,AE,AE,AE
DT 521,AE,AE,AE,AE,AE,AE,AE,AE,AE,AE,AE,AE,AE,AE,AE,AE,AE,AE,AE,AE,AE,AE,AE,AE,AE,AE,AE,AE,AE,AE,AE,AE,AE,AE,AE,AE,AE,AE,AE,AE,AE,AE,AE,AE,AE,AE,AE,AE,AE,AE,AE,AE,AE,AE,AE,AE,AE,AE,AE,AE,AE,AE,AE,AE,AE,AE,AE,AE,AE,AE,AE,AE,AE,AE,AE,AE,AE,AE,AE,AE,AE,AE
DT 522,AE,AE,AE,AE,AE,AE,AE,AE,AE,AE,AE,AE,AE,AE,AE,AE,AE,AE,AE,AE,AE,AE,AE,AE,AE,AE,AE,AE,AE,AE,AE,AE,AE,AE,AE,AE,AE,AE,AE,AE,AE,AE,AE,AE,AE,AE,AE,AE,AE,AE,AE,AE,AE,AE,AE,AE,AE,AE,AE,AE,AE,AE,AE,AE,AE,AE,AE,AE,AE,AE,AE,AE,AE,AE,AE,AE,AE,AE,AE,AE,AE,AE
DT 523,AE,AE,AE,AE,AE,AE,AE,AE,AE,AE,AE,AE,AE,AE,AE,AE,AE,AE,AE,AE,AE,AE,AE,AE,AE,AE,AE,AE,AE,AE,AE,AE,AE,AE,AE,AE,AE,AE,AE,AE,AE,AE,AE,AE,AE,AE,AE,AE,AE,AE,AE,AE,AE,AE,AE,AE,AE,AE,AE,AE,AE,AE,AE,AE,AE,AE,AE,AE,AE,AE,AE,AE,AE,AE,AE,AE,AE,AE,AE,AE,AE,AE
DT 524,AE,AE,AE,AE,AE,AE,AE,AE,AE,AE,AE,AE,AE,AE,AE,AE,AE,AE,AE,AE,AE,AE,AE,AE,AE,AE,AE,AE,AE,AE,AE,AE,AE,AE,AE,AE,AE,AE,AE,AE,AE,AE,AE,AE,AE,AE,AE,AE,AE,AE,AE,AE,AE,AE,AE,AE,AE,AE,AE,AE,AE,AE,AE,AE,AE,AE,AE,AE,AE,AE,AE,AE,AE,AE,AE,AE,AE,AE,AE,AE,AE,AE
DT 532,AE,AE,AE,AE,AE,AE,AE,AE,AE,AE,AE,AE,AE,AE,AE,AE,AE,AE,AE,AE,AE,AE,AE,AE,AE,AE,AE,AE,AE,AE,AE,AE,AE,AE,AE,AE,AE,AE,AE,AE,AE,AE,AE,AE,AE,AE,AE,AE,AE,AE,AE,AE,AE,AE,AE,AE,AE,AE,AE,AE,AE,AE,AE,AE,AE,AE,AE,AE,AE,AE,AE,AE,AE,AE,AE,AE,AE,AE,AE,AE,AE,AE
DT 533,AE,AE,AE,AE,AE,AE,AE,AE,AE,AE,AE,AE,AE,AE,AE,AE,AE,AE,AE,AE,AE,AE,AE,AE,AE,AE,AE,AE,AE,AE,AE,AE,AE,AE,AE,AE,AE,AE,AE,AE,AE,AE,AE,AE,AE,AE,AE,AE,AE,AE,AE,AE,AE,AE,AE,AE,AE,AE,AE,AE,AE,AE,AE,AE,AE,AE,AE,AE,AE,AE,AE,AE,AE,AE,AE,AE,AE,AE,AE,AE,AE,AE
DT 541,AE,AE,AE,AE,AE,AE,AE,AE,AE,AE,AE,AE,AE,AE,AE,AE,AE,AE,AE,AE,AE,AE,AE,AE,AE,AE,AE,AE,AE,AE,AE,AE,AE,AE,AE,AE,AE,AE,AE,AE,AE,AE,AE,AE,AE,AE,AE,AE,AE,AE,AE,AE,AE,AE,AE,AE,AE,AE,AE,AE,AE,AE,AE,AE,AE,AE,AE,AE,AE,AE,AE,AE,AE,AE,AE,AE,AE,AE,AE,AE,AE,AE
DT 592,AE,AE,AE,AE,AE,AE,AE,AE,AE,AE,AE,AE,AE,AE,AE,AE,AE,AE,AE,AE,AE,AE,AE,AE,AE,AE,AE,AE,AE,AE,AE,AE,AE,AE,AE,AE,AE,AE,AE,AE,AE,AE,AE,AE,AE,AE,AE,AE,AE,AE,AE,AE,AE,AE,AE,AE,AE,AE,AE,AE,AE,AE,AE,AE,AE,AE,AE,AE,AE,AE,AE,AE,AE,AE,AE,AE,AE,AE,AE,AE,AE,AE
ECON 2002,AE,AE,AE,AE,AE,AE,AE,AE,AE,AE,AE,AE,AE,AE,AE,AE,AE,AE,AE,AE,AE,AE,AE,AE,AE,AE,AE,AE,AE,AE,AE,AE,AE,AE,AE,AE,AE,AE,AE,AE,AE,AE,AE,AE,AE,AE,AE,AE,AE,AE,AE,AE,AE,AE,AE,AE,AE,,,,,,,,,,,,,,,,,,,,,,,,,
ECON 2004,AE,AE,AE,AE,AE,AE,AE,AE,AE,AE,AE,AE,AE,AE,AE,AE,AE,AE,AE,AE,AE,AE,AE,AE,AE,AE,AE,AE,AE,AE,AE,AE,AE,AE,AE,AE,AE,AE,AE,AE,AE,AE,AE,AE,AE,AE,AE,AE,AE,AE,AE,AE,AE,AE,AE,AE,AE,,,,,,,,,,,,,,,,,,,,,,,,,
ECON 501,AE,AE,AE,AE,AE,AE,AE,AE,AE,AE,AE,AE,AE,AE,AE,AE,AE,AE,AE,AE,AE,AE,AE,AE,AE,AE,AE,AE,AE,AE,AE,AE,AE,AE,AE,AE,AE,AE,AE,AE,AE,AE,AE,AE,AE,AE,AE,AE,AE,AE,AE,AE,AE,AE,AE,AE,AE,AE,AE,AE,AE,AE,AE,AE,AE,AE,AE,AE,AE,AE,AE,AE,AE,AE,AE,AE,AE,AE,AE,AE,AE,AE
ECON 502,AE,AE,AE,AE,AE,AE,AE,AE,AE,AE,AE,AE,AE,AE,AE,AE,AE,AE,AE,AE,AE,AE,AE,AE,AE,AE,AE,AE,AE,AE,AE,AE,AE,AE,AE,AE,AE,AE,AE,AE,AE,AE,AE,AE,AE,AE,AE,AE,AE,AE,AE,AE,AE,AE,AE,AE,AE,AE,AE,AE,AE,AE,AE,AE,AE,AE,AE,AE,AE,AE,AE,AE,AE,AE,AE,AE,AE,AE,AE,AE,AE,AE
ECON 503,AE,AE,AE,AE,AE,AE,AE,AE,AE,AE,AE,AE,AE,AE,AE,AE,AE,AE,AE,AE,AE,AE,AE,AE,AE,AE,AE,AE,AE,AE,AE,AE,AE,AE,AE,AE,AE,AE,AE,AE,AE,AE,AE,AE,AE,AE,AE,AE,AE,AE,AE,AE,AE,AE,AE,AE,AE,AE,AE,AE,AE,AE,AE,AE,AE,AE,AE,AE,AE,AE,AE,AE,AE,AE,AE,AE,AE,AE,AE,AE,AE,AE
ECON 504,AE,AE,AE,AE,AE,AE,AE,AE,AE,AE,AE,AE,AE,AE,AE,AE,AE,AE,AE,AE,AE,AE,AE,AE,AE,AE,AE,AE,AE,AE,AE,AE,AE,AE,AE,AE,AE,AE,AE,AE,AE,AE,AE,AE,AE,AE,AE,AE,AE,AE,AE,AE,AE,AE,AE,AE,AE,AE,AE,AE,AE,AE,AE,AE,AE,AE,AE,AE,AE,AE,AE,AE,AE,AE,AE,AE,AE,AE,AE,AE,AE,AE
ECON 505,AE,AE,AE,AE,AE,AE,AE,AE,AE,AE,AE,AE,AE,AE,AE,AE,AE,AE,AE,AE,AE,AE,AE,AE,AE,AE,AE,AE,AE,AE,AE,AE,AE,AE,AE,AE,AE,AE,AE,AE,AE,AE,AE,AE,AE,AE,AE,AE,AE,AE,AE,AE,AE,AE,AE,AE,AE,AE,AE,AE,AE,AE,AE,AE,AE,AE,AE,AE,AE,AE,AE,AE,AE,AE,AE,AE,AE,AE,AE,AE,AE,AE
ECON 506,AE,AE,AE,AE,AE,AE,AE,AE,AE,AE,AE,AE,AE,AE,AE,AE,AE,AE,AE,AE,AE,AE,AE,AE,AE,AE,AE,AE,AE,AE,AE,AE,AE,AE,AE,AE,AE,AE,AE,AE,AE,AE,AE,AE,AE,AE,AE,AE,AE,AE,AE,AE,AE,AE,AE,AE,AE,AE,AE,AE,AE,AE,AE,AE,AE,AE,AE,AE,AE,AE,AE,AE,AE,AE,AE,AE,AE,AE,AE,AE,AE,AE
ECON 520,AE,AE,AE,AE,AE,AE,AE,AE,AE,AE,AE,AE,AE,AE,AE,AE,AE,AE,AE,AE,AE,AE,AE,AE,AE,AE,AE,AE,AE,AE,AE,AE,AE,AE,AE,AE,AE,AE,AE,AE,AE,AE,AE,AE,AE,AE,AE,AE,AE,AE,AE,AE,AE,AE,AE,AE,AE,AE,AE,AE,AE,AE,AE,AE,AE,AE,AE,AE,AE,AE,AE,AE,AE,AE,AE,AE,AE,AE,AE,AE,AE,AE
ECON 521,AE,AE,AE,AE,AE,AE,AE,AE,AE,AE,AE,AE,AE,AE,AE,AE,AE,AE,AE,AE,AE,AE,AE,AE,AE,AE,AE,AE,AE,AE,AE,AE,AE,AE,AE,AE,AE,AE,AE,AE,AE,AE,AE,AE,AE,AE,AE,AE,AE,AE,AE,,,,,,,,,,,,,,,,,,,,,,,,,,,,,,,
ECON 522,AE,AE,AE,AE,AE,AE,AE,AE,AE,AE,AE,AE,AE,AE,AE,AE,AE,AE,AE,AE,AE,AE,AE,AE,AE,AE,AE,AE,AE,AE,AE,AE,AE,AE,AE,AE,AE,AE,AE,AE,AE,AE,AE,AE,AE,AE,AE,AE,AE,AE,AE,AE,AE,AE,AE,AE,AE,AE,AE,AE,AE,AE,AE,AE,AE,AE,AE,AE,AE,AE,AE,AE,AE,AE,AE,AE,AE,AE,AE,AE,AE,AE
ECON 523,AE,AE,AE,AE,AE,AE,AE,AE,AE,AE,AE,AE,AE,AE,AE,AE,AE,AE,AE,AE,AE,AE,AE,AE,AE,AE,AE,AE,AE,AE,AE,AE,AE,AE,AE,AE,AE,AE,AE,AE,AE,AE,AE,AE,AE,AE,AE,AE,AE,AE,AE,AE,AE,AE,AE,,,,,,,,,,,,,,,,,,,,,,,,,,,
ECON 526,AE,AE,AE,AE,AE,AE,AE,AE,AE,AE,AE,AE,AE,AE,AE,AE,AE,AE,AE,AE,AE,AE,AE,AE,AE,AE,AE,AE,AE,AE,AE,AE,AE,AE,AE,AE,AE,AE,AE,AE,AE,AE,AE,AE,AE,AE,AE,AE,AE,AE,AE,AE,AE,AE,AE,AE,AE,AE,AE,AE,AE,AE,AE,AE,AE,AE,AE,AE,AE,AE,AE,AE,AE,AE,AE,AE,AE,AE,,,,
ECON 547,AE,AE,AE,AE,AE,AE,AE,AE,AE,AE,AE,AE,AE,AE,AE,AE,AE,AE,AE,AE,AE,AE,AE,AE,AE,AE,AE,AE,AE,AE,AE,AE,AE,AE,AE,AE,AE,AE,AE,AE,AE,AE,,,,,,,,,,,,,,,,,,,,,,,,,,,,,,,,,,,,,,,,
ECON 571,AE,AE,AE,AE,AE,AE,AE,AE,AE,AE,AE,AE,AE,AE,AE,AE,AE,AE,AE,AE,AE,AE,AE,AE,AE,AE,AE,AE,AE,AE,AE,AE,AE,AE,AE,AE,AE,AE,AE,AE,AE,AE,AE,AE,AE,AE,AE,AE,AE,AE,AE,AE,AE,AE,AE,AE,AE,AE,AE,AE,AE,AE,AE,AE,AE,AE,AE,AE,AE,AE,AE,AE,AE,AE,AE,AE,AE,AE,AE,AE,AE,AE
ECON 591,AE,AE,AE,AE,AE,AE,AE,AE,AE,AE,AE,AE,AE,AE,AE,AE,AE,AE,AE,AE,AE,AE,AE,AE,AE,AE,AE,AE,AE,AE,AE,AE,AE,AE,AE,AE,AE,AE,AE,AE,AE,AE,AE,AE,AE,AE,AE,AE,AE,AE,AE,AE,AE,AE,AE,AE,AE,AE,AE,AE,AE,AE,AE,AE,AE,AE,AE,AE,AE,AE,AE,AE,AE,AE,AE,AE,AE,AE,AE,AE,AE,AE
ECON 592,AE,AE,AE,AE,AE,AE,AE,AE,AE,AE,AE,AE,AE,AE,AE,AE,AE,AE,AE,AE,AE,AE,AE,AE,AE,AE,AE,AE,AE,AE,AE,AE,AE,AE,AE,AE,AE,AE,AE,AE,AE,AE,AE,AE,AE,AE,AE,AE,AE,AE,AE,AE,AE,AE,AE,AE,AE,AE,AE,AE,AE,AE,AE,AE,AE,AE,AE,AE,AE,AE,AE,AE,AE,AE,AE,AE,AE,AE,AE,AE,AE,AE
ECON 601,AE,AE,AE,AE,AE,AE,AE,AE,AE,AE,AE,AE,AE,AE,AE,AE,AE,AE,AE,AE,AE,AE,AE,AE,AE,AE,AE,AE,AE,AE,AE,AE,AE,AE,AE,AE,AE,AE,AE,AE,AE,AE,AE,AE,AE,AE,AE,AE,AE,AE,AE,AE,AE,AE,AE,AE,AE,AE,AE,AE,AE,AE,AE,AE,AE,AE,AE,AE,AE,AE,AE,AE,AE,AE,AE,AE,AE,AE,AE,AE,AE,AE
ECON 602,AE,AE,AE,AE,AE,AE,AE,AE,AE,AE,AE,AE,AE,AE,AE,AE,AE,AE,AE,AE,AE,AE,AE,AE,AE,AE,AE,AE,AE,AE,AE,AE,AE,AE,AE,AE,AE,AE,AE,AE,AE,AE,AE,AE,AE,AE,AE,AE,AE,AE,AE,AE,AE,AE,AE,AE,AE,AE,AE,AE,AE,AE,AE,AE,AE,AE,AE,AE,AE,AE,AE,AE,AE,AE,AE,AE,AE,AE,AE,AE,AE,AE
ECON 603,AE,AE,AE,AE,AE,AE,AE,AE,AE,AE,AE,AE,AE,AE,AE,AE,AE,AE,AE,AE,AE,AE,AE,AE,AE,AE,AE,AE,AE,AE,AE,AE,AE,AE,AE,AE,AE,AE,AE,AE,AE,AE,AE,AE,AE,AE,AE,AE,AE,AE,AE,AE,AE,AE,AE,AE,AE,AE,AE,AE,AE,AE,AE,AE,AE,AE,AE,AE,AE,AE,AE,AE,AE,AE,AE,AE,AE,AE,AE,AE,AE,AE
ECON 604,AE,AE,AE,AE,AE,AE,AE,AE,AE,AE,AE,AE,AE,AE,AE,AE,AE,AE,AE,AE,AE,AE,AE,AE,AE,AE,AE,AE,AE,AE,AE,AE,AE,AE,AE,AE,AE,AE,AE,AE,AE,AE,AE,AE,AE,AE,AE,AE,AE,AE,AE,AE,AE,AE,AE,AE,AE,AE,AE,AE,AE,AE,AE,AE,AE,AE,AE,AE,AE,AE,AE,AE,AE,AE,AE,AE,AE,AE,AE,AE,AE,AE
ECON 605,AE,AE,AE,AE,AE,AE,AE,AE,AE,AE,AE,AE,AE,AE,AE,AE,AE,AE,AE,AE,AE,AE,AE,AE,AE,AE,AE,AE,AE,AE,AE,AE,AE,AE,AE,AE,AE,AE,AE,AE,AE,AE,AE,AE,AE,AE,AE,AE,AE,AE,AE,AE,AE,AE,AE,AE,AE,AE,AE,AE,AE,AE,AE,AE,AE,AE,AE,AE,AE,AE,AE,AE,AE,AE,AE,AE,AE,AE,AE,AE,AE,AE
ECON 606,AE,AE,AE,AE,AE,AE,AE,AE,AE,AE,AE,AE,AE,AE,AE,AE,AE,AE,AE,AE,AE,AE,AE,AE,AE,AE,AE,AE,AE,AE,AE,AE,AE,AE,AE,AE,AE,AE,AE,AE,AE,AE,AE,AE,AE,AE,AE,AE,AE,AE,AE,AE,AE,AE,AE,AE,AE,,,,,,,,,,,,,,,,,,,,,,,,,
ECON 607,AE,AE,AE,AE,AE,AE,AE,AE,AE,AE,AE,AE,AE,AE,AE,AE,AE,AE,AE,AE,AE,AE,AE,AE,AE,AE,AE,AE,AE,AE,AE,AE,AE,AE,AE,AE,AE,AE,AE,AE,AE,AE,AE,AE,AE,AE,AE,AE,AE,AE,AE,AE,AE,AE,AE,AE,AE,AE,AE,AE,AE,AE,AE,AE,AE,AE,AE,AE,AE,AE,AE,AE,AE,AE,AE,AE,AE,AE,AE,AE,AE,AE
ECON 608,AE,AE,AE,AE,AE,AE,AE,AE,AE,AE,AE,AE,AE,AE,AE,AE,AE,AE,AE,AE,AE,AE,AE,AE,AE,AE,AE,AE,AE,AE,AE,AE,AE,AE,AE,AE,,,,,,,,,,,,,,,,,,,,,,,,,,,,,,,,,,,,,,,,,,,,,,
ECON 609,AE,AE,AE,AE,AE,AE,AE,AE,AE,AE,AE,AE,AE,AE,AE,AE,AE,AE,AE,AE,AE,AE,AE,AE,AE,AE,AE,AE,AE,AE,AE,AE,AE,AE,AE,AE,AE,AE,AE,AE,AE,AE,AE,AE,AE,AE,AE,AE,AE,AE,AE,AE,AE,AE,AE,AE,AE,,,,,,,,,,,,,,,,,,,,,,,,,
ECON 610,AE,AE,AE,AE,AE,AE,AE,AE,AE,AE,AE,AE,AE,AE,AE,AE,AE,AE,AE,AE,AE,AE,AE,AE,AE,AE,AE,AE,AE,AE,AE,AE,AE,AE,AE,AE,AE,AE,AE,AE,AE,AE,AE,AE,AE,AE,AE,AE,AE,AE,AE,AE,AE,AE,AE,AE,AE,AE,AE,AE,AE,,,,,,,,,,,,,,,,,,,,,
ECON 611,AE,AE,AE,AE,AE,AE,AE,AE,AE,AE,AE,AE,AE,AE,AE,AE,AE,AE,AE,AE,AE,AE,AE,AE,AE,,,,,,,,,,,,,,,,,,,,,,,,,,,,,,,,,,,,,,,,,,,,,,,,,,,,,,,,,
ECON 612,AE,AE,AE,AE,AE,AE,AE,AE,AE,AE,AE,AE,AE,AE,AE,AE,AE,AE,AE,AE,AE,AE,AE,AE,AE,AE,AE,AE,AE,AE,AE,AE,AE,AE,AE,AE,AE,AE,AE,AE,AE,AE,AE,AE,AE,AE,,,,,,,,,,,,,,,,,,,,,,,,,,,,,,,,,,,,
ECON 624,AE,AE,AE,AE,AE,AE,AE,AE,AE,AE,AE,AE,AE,AE,AE,AE,AE,AE,AE,AE,AE,AE,AE,AE,AE,AE,AE,AE,AE,AE,AE,AE,AE,AE,AE,AE,AE,AE,AE,AE,AE,AE,AE,AE,AE,AE,AE,AE,AE,AE,AE,AE,AE,AE,,,,,,,,,,,,,,,,,,,,,,,,,,,,
ECON 630,AE,AE,AE,AE,AE,AE,AE,AE,AE,AE,AE,AE,AE,AE,AE,AE,AE,AE,AE,AE,AE,AE,AE,AE,AE,AE,AE,AE,AE,AE,AE,AE,AE,AE,AE,AE,AE,AE,AE,AE,AE,AE,AE,AE,AE,AE,AE,AE,AE,AE,AE,AE,AE,AE,AE,AE,AE,AE,AE,AE,AE,AE,AE,AE,AE,AE,AE,AE,AE,AE,AE,AE,AE,AE,AE,AE,AE,AE,AE,AE,AE,AE
ECON 635,AE,AE,AE,AE,AE,AE,AE,AE,AE,AE,AE,AE,AE,AE,AE,AE,AE,AE,AE,AE,AE,AE,AE,AE,AE,AE,AE,AE,AE,AE,AE,AE,AE,AE,AE,AE,AE,AE,AE,AE,AE,AE,AE,AE,AE,AE,AE,AE,AE,AE,AE,AE,AE,AE,AE,AE,AE,AE,AE,AE,AE,AE,AE,AE,AE,AE,AE,AE,AE,AE,AE,AE,AE,AE,AE,AE,AE,AE,AE,AE,AE,AE
ECON 688,AE,AE,AE,AE,AE,AE,AE,AE,AE,AE,AE,AE,AE,AE,AE,AE,AE,AE,AE,AE,AE,AE,AE,AE,AE,AE,AE,AE,AE,AE,AE,AE,AE,AE,AE,AE,AE,AE,AE,AE,AE,AE,AE,AE,AE,AE,AE,AE,AE,AE,AE,AE,AE,AE,AE,AE,AE,AE,AE,AE,AE,AE,AE,AE,AE,AE,AE,AE,AE,AE,AE,AE,AE,AE,AE,AE,AE,AE,AE,AE,AE,AE
ECON 691,AE,AE,AE,AE,AE,AE,AE,AE,AE,AE,AE,AE,AE,AE,AE,AE,AE,AE,AE,AE,AE,AE,AE,AE,AE,AE,AE,AE,AE,AE,AE,AE,AE,AE,AE,AE,AE,AE,AE,AE,AE,AE,AE,AE,AE,AE,AE,AE,AE,AE,AE,AE,AE,AE,AE,AE,AE,AE,AE,AE,AE,AE,AE,AE,AE,AE,AE,AE,AE,AE,AE,AE,AE,AE,AE,AE,AE,AE,AE,AE,AE,AE
ECON 692,AE,AE,AE,AE,AE,AE,AE,AE,AE,AE,AE,AE,AE,AE,AE,AE,AE,AE,AE,AE,AE,AE,AE,AE,AE,AE,AE,AE,AE,AE,AE,AE,AE,AE,AE,AE,AE,AE,AE,AE,AE,AE,AE,AE,AE,AE,AE,AE,AE,AE,AE,AE,AE,AE,AE,AE,AE,AE,AE,AE,AE,AE,AE,AE,AE,AE,AE,AE,AE,AE,AE,AE,AE,AE,AE,AE,AE,AE,AE,AE,AE,AE
ECON 701,AE,AE,AE,AE,AE,AE,AE,AE,AE,AE,AE,AE,AE,AE,AE,AE,AE,AE,AE,AE,AE,AE,AE,AE,AE,AE,AE,AE,AE,AE,AE,AE,AE,AE,AE,AE,,,,,,,,,,,,,,,,,,,,,,,,,,,,,,,,,,,,,,,,,,,,,,
ECON 703,AE,AE,AE,AE,AE,AE,AE,AE,AE,AE,AE,AE,AE,AE,AE,AE,AE,AE,AE,AE,AE,AE,AE,AE,AE,AE,AE,AE,AE,AE,AE,AE,AE,,,,,,,,,,,,,,,,,,,,,,,,,,,,,,,,,,,,,,,,,,,,,,,,,
ECON 704,AE,AE,AE,AE,AE,AE,AE,AE,AE,AE,AE,AE,AE,AE,AE,AE,AE,AE,AE,AE,AE,AE,AE,AE,AE,AE,AE,AE,AE,AE,AE,AE,AE,AE,AE,AE,,,,,,,,,,,,,,,,,,,,,,,,,,,,,,,,,,,,,,,,,,,,,,
ECON 705,AE,AE,AE,AE,AE,AE,AE,AE,AE,AE,AE,AE,AE,AE,AE,AE,AE,AE,AE,AE,AE,AE,AE,AE,AE,AE,AE,AE,AE,AE,AE,AE,AE,AE,AE,AE,,,,,,,,,,,,,,,,,,,,,,,,,,,,,,,,,,,,,,,,,,,,,,
ECON 706,AE,AE,AE,AE,AE,AE,AE,AE,AE,AE,AE,AE,AE,AE,AE,AE,AE,AE,AE,AE,AE,AE,AE,AE,AE,AE,AE,AE,AE,AE,AE,AE,AE,AE,AE,AE,AE,AE,AE,AE,AE,AE,AE,AE,AE,AE,AE,AE,AE,AE,AE,AE,AE,AE,AE,AE,AE,,,,,,,,,,,,,,,,,,,,,,,,,
ECON 711,AE,AE,AE,AE,AE,AE,AE,AE,AE,AE,AE,AE,AE,AE,AE,AE,AE,AE,AE,AE,AE,AE,AE,AE,AE,AE,AE,AE,,,,,,,,,,,,,,,,,,,,,,,,,,,,,,,,,,,,,,,,,,,,,,,,,,,,,,
ECON 712,AE,AE,AE,AE,AE,AE,AE,AE,AE,AE,AE,AE,AE,AE,AE,AE,AE,AE,AE,,,,,,,,,,,,,,,,,,,,,,,,,,,,,,,,,,,,,,,,,,,,,,,,,,,,,,,,,,,,,,,
ECON 731,AE,AE,AE,AE,AE,AE,AE,AE,AE,AE,AE,AE,AE,AE,AE,AE,AE,AE,AE,AE,AE,AE,AE,AE,AE,AE,AE,AE,AE,AE,AE,AE,AE,AE,AE,AE,AE,AE,AE,AE,AE,AE,AE,AE,AE,,,,,,,,,,,,,,,,,,,,,,,,,,,,,,,,,,,,,
ECON 756,AE,AE,AE,AE,AE,AE,AE,AE,AE,AE,AE,AE,AE,AE,AE,AE,AE,AE,AE,AE,AE,AE,AE,AE,AE,,,,,,,,,,,,,,,,,,,,,,,,,,,,,,,,,,,,,,,,,,,,,,,,,,,,,,,,,
EE 516,AE,AE,AE,AE,AE,AE,AE,AE,AE,AE,AE,AE,AE,AE,AE,AE,AE,AE,AE,AE,AE,AE,AE,AE,AE,AE,AE,AE,AE,AE,AE,AE,AE,AE,AE,AE,AE,AE,AE,AE,AE,AE,AE,AE,AE,AE,AE,AE,AE,AE,AE,AE,AE,AE,AE,AE,AE,AE,AE,AE,AE,AE,AE,AE,AE,AE,AE,AE,AE,AE,,,,,,,,,,,,
EE 518,AE,AE,AE,AE,AE,AE,AE,AE,AE,AE,AE,AE,AE,AE,AE,AE,AE,AE,AE,AE,AE,AE,AE,AE,AE,AE,AE,AE,AE,AE,AE,AE,AE,AE,AE,AE,AE,AE,AE,AE,AE,AE,AE,AE,AE,AE,AE,AE,AE,AE,AE,AE,AE,AE,AE,AE,AE,AE,AE,AE,AE,AE,AE,AE,AE,AE,AE,AE,AE,,,,,,,,,,,,,
EE 520,AE,AE,AE,AE,AE,AE,AE,AE,AE,AE,AE,AE,AE,AE,AE,AE,AE,AE,AE,AE,AE,AE,AE,AE,AE,AE,AE,AE,AE,AE,AE,AE,AE,AE,AE,AE,AE,AE,AE,AE,AE,AE,AE,AE,AE,AE,AE,AE,AE,AE,AE,AE,AE,AE,AE,AE,AE,AE,AE,AE,AE,AE,AE,AE,AE,AE,AE,AE,AE,AE,,,,,,,,,,,,
EE 521,AE,AE,AE,AE,AE,AE,AE,AE,AE,AE,AE,AE,AE,AE,AE,AE,AE,AE,AE,AE,AE,AE,AE,AE,AE,AE,AE,AE,AE,AE,AE,AE,AE,AE,AE,AE,AE,AE,AE,AE,AE,AE,AE,AE,AE,AE,AE,AE,AE,AE,AE,AE,AE,AE,AE,AE,AE,AE,AE,AE,AE,AE,AE,AE,AE,AE,AE,AE,AE,AE,AE,AE,AE,AE,AE,AE,AE,AE,AE,AE,AE,AE
EE 522,AE,AE,AE,AE,AE,AE,AE,AE,AE,AE,AE,AE,AE,AE,AE,AE,AE,AE,AE,AE,AE,AE,AE,AE,AE,AE,AE,AE,AE,AE,AE,AE,AE,AE,AE,AE,AE,AE,AE,AE,AE,AE,AE,AE,AE,AE,AE,AE,AE,AE,AE,AE,AE,AE,AE,AE,AE,AE,AE,AE,AE,AE,AE,AE,AE,AE,AE,AE,AE,AE,,,,,,,,,,,,
EE 523,AE,AE,AE,AE,AE,AE,AE,AE,AE,AE,AE,AE,AE,AE,AE,AE,AE,AE,AE,AE,AE,AE,AE,AE,AE,AE,AE,AE,AE,AE,AE,AE,AE,AE,AE,AE,AE,AE,AE,AE,AE,AE,AE,AE,AE,AE,AE,AE,AE,AE,AE,AE,AE,AE,AE,AE,AE,AE,AE,AE,AE,AE,AE,AE,AE,AE,AE,AE,AE,AE,,,,,,,,,,,,
EE 524,AE,AE,AE,AE,AE,AE,AE,AE,AE,AE,AE,AE,AE,AE,AE,AE,AE,AE,AE,AE,AE,AE,AE,AE,AE,AE,AE,AE,AE,AE,AE,AE,AE,AE,AE,AE,AE,AE,AE,AE,AE,AE,AE,AE,AE,AE,AE,AE,AE,AE,AE,AE,AE,AE,AE,AE,AE,AE,AE,AE,AE,AE,AE,AE,AE,AE,AE,AE,AE,AE,AE,AE,AE,AE,AE,AE,AE,AE,AE,AE,AE,AE
EE 525,AE,AE,AE,AE,AE,AE,AE,AE,AE,AE,AE,AE,AE,AE,AE,AE,AE,AE,AE,AE,AE,AE,AE,AE,AE,AE,AE,AE,AE,AE,AE,AE,AE,AE,AE,AE,AE,AE,AE,AE,AE,AE,AE,AE,AE,AE,AE,AE,AE,AE,AE,AE,AE,AE,AE,AE,AE,AE,AE,AE,AE,AE,AE,AE,AE,AE,AE,AE,AE,AE,AE,AE,AE,AE,AE,AE,AE,AE,AE,AE,AE,AE
EE 526,AE,AE,AE,AE,AE,AE,AE,AE,AE,AE,AE,AE,AE,AE,AE,AE,,,,,,,,,,,,,,,,,,,,,,,,,,,,,,,,,,,,,,,,,,,,,,,,,,,,,,,,,,,,,,,,,,
EE 527,AE,AE,AE,AE,AE,AE,AE,AE,AE,AE,AE,AE,AE,AE,AE,AE,AE,AE,AE,AE,AE,AE,AE,AE,AE,AE,AE,AE,AE,AE,AE,AE,AE,AE,AE,AE,AE,AE,AE,,,,,,,,,,,,,,,,,,,,,,,,,,,,,,,,,,,,,,,,,,,
EE 528,AE,AE,AE,AE,AE,AE,AE,AE,AE,AE,AE,AE,AE,AE,AE,AE,AE,AE,AE,AE,AE,AE,AE,AE,AE,AE,AE,AE,AE,AE,AE,AE,AE,AE,AE,AE,AE,AE,AE,AE,AE,AE,AE,AE,AE,AE,AE,AE,AE,AE,AE,AE,AE,AE,AE,,,,,,,,,,,,,,,,,,,,,,,,,,,
EE 529,AE,AE,AE,AE,AE,AE,AE,AE,AE,AE,AE,AE,AE,AE,AE,AE,AE,AE,AE,AE,AE,AE,AE,AE,AE,AE,AE,AE,AE,AE,AE,AE,AE,AE,AE,AE,AE,AE,AE,AE,AE,AE,AE,AE,AE,AE,AE,AE,AE,AE,AE,AE,AE,AE,AE,AE,AE,AE,AE,AE,AE,AE,AE,AE,AE,AE,AE,AE,AE,AE,AE,AE,AE,AE,AE,AE,AE,AE,AE,AE,AE,AE
EE 530,AE,AE,AE,AE,AE,AE,AE,AE,AE,AE,AE,AE,AE,AE,AE,AE,AE,AE,AE,AE,AE,AE,AE,AE,AE,AE,AE,AE,AE,AE,AE,AE,AE,AE,AE,AE,AE,AE,AE,AE,AE,AE,AE,AE,AE,AE,AE,AE,AE,AE,AE,AE,AE,AE,AE,AE,AE,AE,AE,AE,AE,AE,AE,AE,AE,AE,AE,AE,AE,AE,,,,,,,,,,,,
EE 531,AE,AE,AE,AE,AE,AE,AE,AE,AE,AE,AE,AE,AE,AE,AE,AE,AE,AE,AE,AE,AE,AE,AE,AE,AE,AE,AE,AE,AE,AE,AE,AE,AE,AE,AE,AE,AE,AE,AE,AE,AE,AE,AE,AE,AE,AE,AE,AE,AE,AE,AE,AE,AE,AE,AE,AE,AE,AE,AE,AE,AE,AE,AE,AE,AE,AE,AE,AE,AE,AE,,,,,,,,,,,,
EE 532,AE,AE,AE,AE,AE,AE,AE,AE,AE,AE,AE,AE,AE,AE,AE,AE,AE,AE,AE,AE,AE,AE,AE,AE,AE,AE,AE,AE,AE,AE,AE,AE,AE,AE,AE,AE,AE,AE,AE,AE,AE,AE,AE,AE,AE,AE,AE,AE,AE,AE,AE,AE,AE,AE,AE,AE,AE,AE,AE,AE,AE,AE,AE,AE,AE,AE,AE,AE,AE,AE,,,,,,,,,,,,
EE 533,AE,AE,AE,AE,AE,AE,AE,AE,AE,AE,AE,AE,AE,AE,AE,AE,AE,AE,AE,AE,AE,AE,AE,AE,AE,AE,AE,AE,AE,AE,AE,AE,AE,AE,AE,AE,AE,AE,AE,AE,AE,AE,AE,AE,AE,AE,AE,AE,AE,AE,AE,AE,AE,AE,AE,AE,AE,AE,AE,AE,AE,AE,AE,AE,AE,AE,AE,AE,AE,AE,AE,AE,AE,AE,AE,AE,AE,AE,AE,AE,AE,AE
EE 534,AE,AE,AE,AE,AE,AE,AE,AE,AE,AE,AE,AE,AE,AE,AE,AE,AE,AE,AE,AE,AE,AE,AE,AE,AE,AE,AE,AE,AE,AE,AE,AE,AE,AE,AE,AE,AE,AE,AE,AE,AE,AE,AE,AE,AE,AE,AE,AE,AE,AE,AE,AE,AE,AE,AE,AE,AE,AE,AE,AE,AE,AE,AE,AE,AE,AE,AE,AE,AE,AE,AE,AE,AE,AE,AE,AE,AE,AE,AE,AE,AE,AE
EE 535,AE,AE,AE,AE,AE,AE,AE,AE,AE,AE,AE,AE,AE,AE,AE,AE,AE,AE,AE,AE,AE,AE,AE,AE,AE,AE,AE,AE,AE,AE,AE,AE,AE,AE,AE,AE,AE,AE,AE,AE,AE,AE,AE,AE,AE,AE,AE,AE,AE,AE,AE,AE,AE,AE,AE,AE,AE,AE,AE,AE,AE,AE,AE,AE,AE,AE,AE,AE,AE,AE,AE,AE,AE,AE,AE,AE,AE,AE,AE,AE,AE,AE
EE 536,AE,AE,AE,AE,AE,AE,AE,AE,AE,AE,AE,AE,AE,AE,AE,AE,AE,AE,AE,AE,AE,AE,AE,AE,AE,AE,AE,AE,AE,AE,AE,AE,AE,AE,AE,AE,AE,AE,AE,AE,AE,AE,AE,AE,AE,AE,AE,AE,AE,AE,AE,AE,AE,AE,AE,AE,AE,AE,AE,AE,AE,AE,AE,AE,AE,AE,AE,AE,AE,AE,AE,AE,AE,AE,AE,AE,AE,AE,AE,AE,AE,AE
EE 537,AE,AE,AE,AE,AE,AE,AE,AE,AE,AE,AE,AE,AE,AE,AE,AE,AE,AE,AE,AE,AE,AE,AE,AE,AE,AE,AE,AE,AE,AE,AE,AE,AE,AE,AE,AE,AE,AE,AE,AE,AE,AE,AE,AE,AE,AE,AE,AE,AE,AE,AE,AE,AE,AE,AE,AE,AE,AE,AE,AE,AE,AE,AE,AE,AE,AE,AE,AE,AE,AE,AE,AE,AE,AE,AE,AE,AE,AE,AE,AE,AE,AE
EE 539,AE,AE,AE,AE,AE,AE,AE,AE,AE,AE,AE,AE,AE,AE,AE,AE,AE,AE,AE,AE,AE,AE,AE,AE,AE,AE,AE,AE,AE,AE,AE,AE,AE,AE,AE,AE,AE,AE,AE,AE,AE,AE,AE,AE,AE,AE,AE,AE,AE,AE,AE,AE,AE,AE,AE,AE,AE,AE,AE,AE,AE,AE,AE,AE,AE,AE,AE,AE,AE,AE,AE,AE,AE,AE,AE,AE,AE,AE,AE,AE,AE,AE
EE 540,AE,AE,AE,AE,AE,AE,AE,AE,AE,AE,AE,AE,AE,AE,AE,AE,AE,AE,AE,AE,AE,AE,AE,AE,AE,AE,AE,AE,AE,AE,AE,AE,AE,AE,AE,AE,AE,AE,AE,AE,AE,AE,AE,AE,AE,AE,AE,AE,AE,AE,AE,AE,AE,AE,AE,AE,AE,AE,AE,AE,AE,AE,AE,AE,AE,AE,AE,AE,AE,AE,AE,AE,AE,AE,AE,AE,AE,AE,AE,AE,AE,AE
EE 541,AE,AE,AE,AE,AE,AE,AE,AE,AE,AE,AE,AE,AE,AE,AE,AE,AE,AE,AE,AE,AE,AE,AE,AE,AE,AE,AE,AE,AE,AE,AE,AE,AE,AE,AE,AE,AE,AE,AE,AE,AE,AE,AE,AE,AE,AE,AE,AE,AE,AE,AE,AE,AE,AE,AE,AE,AE,AE,AE,AE,AE,AE,AE,AE,AE,AE,AE,AE,AE,AE,AE,AE,AE,AE,AE,AE,AE,AE,AE,AE,AE,AE
EE 542,AE,AE,AE,AE,AE,AE,AE,AE,AE,AE,AE,AE,AE,AE,AE,AE,AE,AE,AE,AE,AE,AE,AE,AE,AE,AE,AE,AE,AE,AE,AE,AE,AE,AE,AE,AE,AE,AE,AE,AE,AE,AE,AE,AE,AE,AE,AE,AE,AE,AE,AE,AE,AE,AE,AE,AE,AE,AE,AE,AE,AE,AE,AE,AE,AE,AE,AE,AE,AE,AE,,,,,,,,,,,,
EE 544,AE,AE,AE,AE,AE,AE,AE,AE,AE,AE,AE,AE,AE,AE,AE,AE,AE,AE,AE,AE,AE,AE,AE,AE,AE,AE,AE,AE,AE,AE,AE,AE,AE,AE,AE,AE,AE,AE,AE,AE,AE,AE,AE,AE,AE,AE,AE,AE,AE,AE,AE,AE,AE,AE,AE,AE,AE,AE,AE,AE,AE,AE,AE,AE,AE,AE,AE,AE,AE,AE,,,,,,,,,,,,
EE 550,AE,AE,AE,AE,AE,AE,AE,AE,AE,AE,AE,AE,AE,AE,AE,AE,AE,AE,AE,AE,AE,AE,AE,AE,AE,AE,AE,AE,AE,AE,AE,AE,AE,AE,AE,AE,AE,AE,AE,AE,AE,AE,AE,AE,AE,AE,AE,AE,AE,AE,AE,AE,AE,AE,AE,AE,AE,AE,AE,AE,AE,AE,AE,AE,AE,AE,AE,AE,AE,AE,AE,AE,AE,AE,AE,AE,AE,AE,AE,AE,AE,AE
EE 553,AE,AE,AE,AE,AE,AE,AE,AE,AE,AE,AE,AE,AE,AE,AE,AE,AE,AE,AE,AE,AE,AE,AE,AE,AE,AE,AE,AE,AE,AE,AE,AE,AE,AE,AE,AE,AE,AE,AE,AE,AE,AE,AE,AE,AE,AE,AE,AE,AE,AE,AE,AE,AE,AE,AE,AE,AE,AE,AE,AE,AE,AE,AE,AE,AE,AE,AE,AE,AE,AE,,,,,,,,,,,,
EE 554,AE,AE,AE,AE,AE,AE,AE,AE,AE,AE,AE,AE,AE,AE,AE,AE,AE,AE,AE,AE,AE,AE,AE,AE,AE,AE,AE,AE,AE,AE,AE,AE,AE,AE,AE,AE,AE,AE,AE,AE,AE,AE,AE,AE,AE,AE,AE,AE,AE,AE,AE,AE,AE,AE,AE,AE,AE,AE,AE,AE,AE,AE,AE,AE,AE,AE,AE,AE,AE,AE,AE,AE,AE,AE,AE,AE,AE,AE,AE,AE,AE,AE
EE 555,AE,AE,AE,AE,AE,AE,AE,AE,AE,AE,AE,AE,AE,AE,AE,AE,AE,AE,AE,AE,AE,AE,AE,AE,AE,AE,AE,AE,AE,AE,AE,AE,AE,AE,AE,AE,AE,AE,AE,AE,AE,AE,AE,AE,AE,AE,AE,AE,AE,AE,AE,AE,AE,AE,AE,AE,AE,AE,AE,AE,AE,AE,AE,AE,AE,AE,AE,AE,AE,AE,AE,AE,AE,AE,AE,AE,AE,AE,AE,AE,AE,AE
EE 556,AE,AE,AE,AE,AE,AE,AE,AE,AE,AE,AE,AE,AE,AE,AE,AE,AE,AE,AE,AE,AE,AE,AE,AE,AE,AE,AE,AE,AE,AE,AE,AE,AE,AE,AE,AE,AE,AE,AE,AE,AE,AE,AE,AE,AE,AE,AE,AE,AE,AE,AE,AE,AE,AE,AE,AE,AE,AE,AE,AE,AE,AE,AE,AE,AE,AE,AE,AE,AE,AE,AE,AE,AE,AE,AE,AE,AE,AE,AE,AE,AE,AE
EE 557,AE,AE,AE,AE,AE,AE,AE,AE,AE,AE,AE,AE,AE,AE,AE,AE,AE,AE,AE,AE,AE,AE,AE,AE,AE,AE,AE,AE,AE,AE,AE,AE,AE,AE,AE,AE,AE,AE,AE,AE,AE,AE,AE,AE,AE,AE,AE,AE,AE,AE,AE,AE,AE,AE,AE,AE,AE,AE,AE,AE,AE,AE,AE,AE,AE,AE,AE,AE,AE,AE,,,,,,,,,,,,
EE 560,AE,AE,AE,AE,AE,AE,AE,AE,AE,AE,AE,AE,AE,AE,AE,AE,AE,AE,AE,AE,AE,AE,AE,AE,AE,AE,AE,AE,AE,AE,AE,AE,AE,AE,AE,AE,AE,AE,AE,AE,AE,AE,AE,AE,AE,AE,AE,AE,AE,AE,AE,AE,AE,AE,AE,AE,AE,AE,AE,AE,AE,AE,AE,AE,AE,AE,AE,AE,AE,AE,,,,,,,,,,,,
EE 561,AE,AE,AE,AE,AE,AE,AE,AE,AE,AE,AE,AE,AE,AE,AE,AE,AE,AE,AE,AE,AE,AE,AE,AE,AE,AE,AE,AE,AE,AE,AE,AE,AE,AE,AE,AE,AE,AE,AE,AE,AE,AE,AE,AE,AE,AE,AE,AE,AE,AE,AE,AE,AE,AE,AE,AE,AE,AE,AE,AE,AE,AE,AE,AE,AE,AE,AE,AE,AE,AE,AE,AE,AE,AE,AE,AE,AE,AE,AE,AE,AE,AE
EE 562,AE,AE,AE,AE,AE,AE,AE,AE,AE,AE,AE,AE,AE,AE,AE,AE,AE,AE,AE,AE,AE,AE,AE,AE,AE,AE,AE,AE,AE,AE,AE,AE,AE,AE,AE,AE,AE,AE,AE,AE,AE,AE,AE,AE,AE,AE,AE,AE,AE,AE,AE,AE,AE,AE,AE,AE,AE,AE,AE,AE,AE,AE,AE,AE,AE,AE,AE,AE,AE,AE,,,,,,,,,,,,
EE 563,AE,AE,AE,AE,AE,AE,AE,AE,AE,AE,AE,AE,AE,AE,AE,AE,AE,AE,AE,AE,AE,AE,AE,AE,AE,AE,AE,AE,AE,AE,AE,AE,AE,AE,AE,AE,AE,AE,AE,AE,AE,AE,AE,AE,AE,AE,AE,AE,AE,AE,AE,AE,AE,AE,AE,AE,AE,AE,AE,AE,AE,AE,AE,AE,AE,AE,AE,AE,AE,AE,AE,AE,AE,AE,AE,AE,AE,AE,AE,AE,AE,AE
EE 565,AE,AE,AE,AE,AE,AE,AE,AE,AE,AE,AE,AE,AE,AE,AE,AE,AE,AE,AE,AE,AE,AE,AE,AE,AE,AE,AE,AE,AE,AE,AE,AE,AE,AE,AE,AE,AE,AE,AE,AE,AE,AE,AE,AE,AE,AE,AE,AE,AE,AE,AE,AE,AE,AE,AE,AE,AE,AE,AE,AE,AE,AE,AE,AE,AE,AE,AE,AE,AE,AE,,,,,,,,,,,,
EE 566,AE,AE,AE,AE,AE,AE,AE,AE,AE,AE,AE,AE,AE,AE,AE,AE,AE,AE,AE,AE,AE,AE,AE,AE,AE,AE,AE,AE,AE,AE,AE,AE,AE,AE,AE,AE,AE,AE,AE,AE,AE,AE,AE,AE,AE,AE,AE,AE,AE,AE,AE,AE,AE,AE,AE,AE,AE,AE,AE,AE,AE,AE,AE,AE,AE,AE,AE,AE,AE,AE,AE,AE,AE,AE,AE,AE,AE,AE,AE,AE,AE,AE
EE 567,AE,AE,AE,AE,AE,AE,AE,AE,AE,AE,AE,AE,AE,AE,AE,AE,AE,AE,AE,AE,AE,AE,AE,AE,AE,AE,AE,AE,AE,AE,AE,AE,AE,AE,AE,AE,AE,AE,AE,AE,AE,AE,AE,AE,AE,AE,AE,AE,AE,AE,AE,AE,AE,AE,AE,AE,AE,AE,AE,AE,AE,AE,AE,AE,AE,AE,AE,AE,AE,AE,AE,AE,AE,AE,AE,AE,AE,AE,AE,AE,AE,AE
EE 568,AE,AE,AE,AE,AE,AE,AE,AE,AE,AE,AE,AE,AE,AE,AE,AE,AE,AE,AE,AE,AE,AE,AE,AE,AE,AE,AE,AE,AE,AE,AE,AE,AE,AE,AE,AE,AE,AE,AE,AE,AE,AE,AE,AE,AE,AE,AE,AE,AE,AE,AE,AE,AE,AE,AE,AE,AE,AE,AE,AE,AE,AE,AE,AE,AE,AE,AE,AE,AE,AE,AE,AE,AE,AE,AE,AE,AE,AE,AE,AE,AE,AE
EE 569,AE,AE,AE,AE,AE,AE,AE,AE,AE,AE,AE,AE,AE,AE,AE,AE,AE,AE,AE,AE,AE,AE,AE,AE,AE,AE,AE,AE,AE,AE,AE,AE,AE,AE,AE,AE,AE,AE,AE,AE,AE,AE,AE,AE,AE,AE,AE,AE,AE,AE,AE,AE,AE,AE,AE,AE,AE,AE,AE,AE,AE,AE,AE,AE,AE,AE,AE,AE,AE,AE,,,,,,,,,,,,
EE 571,AE,AE,AE,AE,AE,AE,AE,AE,AE,AE,AE,AE,AE,AE,AE,AE,AE,AE,AE,AE,AE,AE,AE,AE,AE,AE,AE,AE,AE,AE,AE,AE,AE,AE,AE,AE,AE,AE,AE,AE,AE,AE,AE,AE,AE,AE,AE,AE,AE,AE,AE,AE,AE,AE,AE,AE,AE,AE,AE,AE,AE,AE,AE,AE,AE,AE,AE,AE,AE,AE,AE,AE,AE,AE,AE,AE,AE,AE,AE,AE,AE,AE
EE 572,AE,AE,AE,AE,AE,AE,AE,AE,AE,AE,AE,AE,AE,AE,AE,AE,AE,AE,AE,AE,AE,AE,AE,AE,AE,AE,AE,AE,AE,AE,AE,AE,AE,AE,AE,AE,AE,AE,AE,AE,AE,AE,AE,AE,AE,AE,AE,AE,AE,AE,AE,AE,AE,AE,AE,AE,AE,AE,AE,AE,AE,AE,AE,AE,AE,AE,AE,AE,AE,AE,,,,,,,,,,,,
EE 573,AE,AE,AE,AE,AE,AE,AE,AE,AE,AE,AE,AE,AE,AE,AE,AE,AE,AE,AE,AE,AE,AE,AE,AE,AE,AE,AE,AE,AE,AE,AE,AE,AE,AE,AE,AE,AE,AE,AE,AE,AE,AE,AE,AE,AE,AE,AE,AE,AE,AE,AE,AE,AE,AE,AE,AE,AE,AE,AE,AE,AE,AE,AE,AE,AE,AE,AE,AE,AE,AE,AE,AE,AE,AE,AE,AE,AE,AE,AE,AE,AE,AE
EE 575,AE,AE,AE,AE,AE,AE,AE,AE,AE,AE,AE,AE,AE,AE,AE,AE,AE,AE,AE,AE,AE,AE,AE,AE,AE,AE,AE,AE,AE,AE,AE,AE,AE,AE,AE,AE,AE,AE,AE,AE,AE,AE,AE,AE,AE,AE,AE,AE,AE,AE,AE,AE,AE,AE,AE,AE,AE,AE,AE,AE,AE,AE,AE,AE,AE,AE,AE,AE,AE,AE,,,,,,,,,,,,
EE 580,AE,AE,AE,AE,AE,AE,AE,AE,AE,AE,AE,AE,AE,AE,AE,AE,AE,AE,AE,AE,AE,AE,AE,AE,AE,AE,AE,AE,AE,AE,AE,AE,AE,AE,AE,AE,AE,AE,AE,AE,AE,AE,AE,AE,AE,AE,AE,AE,AE,AE,AE,,,,,,,,,,,,,,,,,,,,,,,,,,,,,,,
EE 58000,AE,AE,AE,AE,AE,AE,AE,AE,AE,AE,AE,AE,AE,AE,AE,AE,AE,AE,AE,AE,AE,AE,AE,AE,AE,AE,AE,AE,AE,AE,AE,AE,AE,AE,AE,AE,AE,AE,AE,AE,AE,AE,AE,AE,AE,AE,AE,AE,AE,AE,AE,AE,AE,AE,AE,AE,AE,AE,AE,AE,AE,AE,AE,AE,AE,AE,AE,AE,AE,,,,,,,,,,,,,
EE 58001,AE,AE,AE,AE,AE,AE,AE,AE,AE,AE,AE,AE,AE,AE,AE,AE,AE,AE,AE,AE,AE,AE,AE,AE,AE,AE,AE,AE,AE,AE,AE,AE,AE,AE,AE,AE,AE,AE,AE,AE,AE,AE,AE,AE,AE,AE,AE,AE,AE,AE,AE,AE,AE,AE,AE,AE,AE,AE,AE,AE,AE,AE,AE,AE,AE,AE,AE,AE,AE,AE,AE,AE,AE,AE,AE,AE,AE,AE,,,,
EE 58002,AE,AE,AE,AE,AE,AE,AE,AE,AE,AE,AE,AE,AE,AE,AE,AE,AE,AE,AE,AE,AE,AE,AE,AE,AE,AE,AE,AE,AE,AE,AE,AE,AE,AE,AE,AE,AE,AE,AE,AE,AE,AE,AE,AE,AE,AE,AE,AE,AE,AE,AE,AE,AE,AE,AE,AE,AE,AE,AE,AE,AE,AE,AE,,,,,,,,,,,,,,,,,,,
EE 58003,AE,AE,AE,AE,AE,AE,AE,AE,AE,AE,AE,AE,AE,AE,AE,AE,AE,AE,AE,AE,AE,AE,AE,AE,AE,AE,AE,AE,AE,AE,AE,AE,AE,AE,AE,AE,AE,AE,AE,AE,AE,AE,AE,AE,AE,AE,AE,AE,AE,AE,AE,AE,AE,AE,AE,AE,AE,AE,AE,AE,AE,AE,AE,AE,AE,AE,AE,AE,AE,AE,AE,AE,AE,AE,AE,AE,AE,AE,AE,AE,AE,AE
EE 58004,AE,AE,AE,AE,AE,AE,AE,AE,AE,AE,AE,AE,AE,AE,AE,AE,AE,AE,AE,AE,AE,AE,AE,AE,AE,AE,AE,AE,AE,AE,AE,AE,AE,AE,AE,AE,AE,AE,AE,AE,AE,AE,AE,AE,AE,AE,AE,AE,AE,AE,AE,AE,AE,AE,AE,AE,AE,AE,AE,AE,AE,AE,AE,,,,,,,,,,,,,,,,,,,
EE 58005,AE,AE,AE,AE,AE,AE,AE,AE,AE,AE,AE,AE,AE,AE,AE,AE,AE,AE,AE,AE,AE,AE,AE,AE,AE,AE,AE,AE,AE,AE,AE,AE,AE,AE,AE,AE,AE,AE,AE,AE,AE,AE,AE,AE,AE,AE,AE,AE,AE,AE,AE,AE,AE,AE,AE,AE,AE,AE,AE,AE,AE,,,,,,,,,,,,,,,,,,,,,
EE 58006,AE,AE,AE,AE,AE,AE,AE,AE,AE,AE,AE,AE,AE,AE,AE,AE,AE,AE,AE,AE,AE,AE,AE,AE,AE,AE,AE,AE,AE,AE,AE,AE,AE,AE,AE,AE,AE,AE,AE,AE,AE,AE,AE,AE,AE,AE,AE,AE,AE,AE,AE,AE,AE,AE,AE,AE,AE,AE,AE,AE,AE,AE,AE,AE,AE,AE,AE,AE,AE,AE,AE,AE,AE,AE,AE,AE,AE,AE,AE,AE,AE,AE
EE 58008,AE,AE,AE,AE,AE,AE,AE,AE,AE,AE,AE,AE,AE,AE,AE,AE,AE,AE,AE,AE,AE,AE,AE,AE,AE,AE,AE,AE,AE,AE,AE,AE,AE,AE,AE,AE,AE,AE,AE,AE,AE,AE,AE,AE,AE,AE,AE,AE,AE,AE,AE,AE,AE,AE,AE,AE,AE,AE,AE,AE,AE,AE,AE,AE,AE,AE,AE,AE,AE,AE,AE,AE,AE,AE,AE,AE,AE,AE,AE,AE,AE,AE
EE 58009,AE,AE,AE,AE,AE,AE,AE,AE,AE,AE,AE,AE,AE,AE,AE,AE,AE,AE,AE,AE,AE,AE,AE,AE,AE,AE,AE,AE,AE,AE,AE,AE,AE,AE,AE,AE,AE,AE,AE,AE,AE,AE,AE,AE,AE,AE,AE,AE,AE,AE,AE,AE,AE,AE,AE,AE,AE,AE,AE,AE,AE,AE,AE,AE,AE,AE,AE,AE,AE,AE,AE,AE,AE,AE,AE,AE,AE,AE,AE,AE,AE,AE
EE 58010,AE,AE,AE,AE,AE,AE,AE,AE,AE,AE,AE,AE,AE,AE,AE,AE,AE,AE,AE,AE,AE,AE,AE,AE,AE,AE,AE,AE,AE,AE,AE,AE,AE,AE,AE,AE,AE,AE,AE,AE,AE,AE,AE,AE,AE,AE,AE,AE,AE,AE,AE,AE,AE,AE,AE,AE,AE,AE,AE,AE,AE,AE,AE,AE,AE,AE,AE,AE,AE,AE,AE,AE,AE,AE,AE,AE,AE,AE,AE,AE,AE,AE
EE 58011,AE,AE,AE,AE,AE,AE,AE,AE,AE,AE,AE,AE,AE,AE,AE,AE,AE,AE,AE,AE,AE,AE,AE,AE,AE,AE,AE,AE,AE,AE,AE,AE,AE,AE,AE,AE,AE,AE,AE,AE,AE,AE,AE,AE,AE,AE,AE,AE,AE,AE,AE,AE,AE,AE,AE,AE,AE,AE,AE,AE,AE,AE,AE,AE,AE,AE,AE,AE,AE,AE,AE,AE,AE,AE,AE,AE,AE,AE,AE,AE,AE,AE
EE 5807,AE,AE,AE,AE,AE,AE,AE,AE,AE,AE,AE,AE,AE,AE,AE,AE,AE,AE,AE,AE,AE,AE,AE,AE,AE,AE,AE,AE,AE,AE,AE,AE,AE,AE,AE,AE,AE,AE,AE,AE,AE,AE,AE,AE,AE,AE,AE,AE,AE,AE,AE,AE,AE,AE,AE,AE,AE,AE,AE,AE,AE,AE,AE,AE,AE,AE,AE,AE,AE,AE,AE,AE,AE,AE,AE,AE,AE,AE,AE,AE,AE,AE
EE 581,AE,AE,AE,AE,AE,AE,AE,AE,AE,AE,AE,AE,AE,AE,AE,AE,AE,AE,AE,AE,AE,AE,AE,AE,AE,AE,AE,AE,AE,AE,AE,AE,AE,AE,AE,AE,AE,AE,AE,AE,AE,AE,AE,AE,AE,AE,AE,AE,AE,AE,AE,,,,,,,,,,,,,,,,,,,,,,,,,,,,,,,
EE 582,AE,AE,AE,AE,AE,AE,AE,AE,AE,AE,AE,AE,AE,AE,AE,AE,AE,AE,AE,AE,AE,AE,AE,AE,AE,AE,AE,AE,AE,AE,AE,AE,AE,AE,AE,AE,AE,AE,AE,,,,,,,,,,,,,,,,,,,,,,,,,,,,,,,,,,,,,,,,,,,
EE 583,AE,AE,AE,AE,AE,AE,AE,AE,AE,AE,AE,AE,AE,AE,AE,AE,AE,AE,AE,AE,AE,AE,AE,AE,AE,AE,AE,AE,AE,AE,AE,AE,AE,AE,AE,AE,AE,AE,AE,,,,,,,,,,,,,,,,,,,,,,,,,,,,,,,,,,,,,,,,,,,
EE 584,AE,AE,AE,AE,AE,AE,AE,AE,AE,AE,AE,AE,AE,AE,AE,AE,AE,AE,AE,AE,AE,AE,AE,AE,AE,AE,AE,AE,AE,AE,AE,AE,AE,AE,AE,AE,AE,AE,AE,AE,AE,AE,AE,AE,AE,AE,AE,AE,AE,AE,AE,,,,,,,,,,,,,,,,,,,,,,,,,,,,,,,
EE 585,AE,AE,AE,AE,AE,AE,AE,AE,AE,AE,AE,AE,AE,AE,AE,AE,AE,AE,AE,AE,AE,AE,AE,AE,AE,AE,AE,AE,AE,AE,AE,AE,AE,AE,AE,AE,AE,AE,AE,AE,AE,AE,AE,AE,AE,AE,AE,AE,AE,AE,AE,,,,,,,,,,,,,,,,,,,,,,,,,,,,,,,
EE 606,AE,AE,AE,AE,AE,AE,AE,AE,AE,AE,AE,AE,AE,AE,AE,AE,AE,AE,AE,AE,AE,AE,AE,AE,AE,AE,AE,AE,AE,AE,AE,AE,AE,AE,AE,AE,AE,AE,AE,AE,AE,AE,AE,AE,AE,AE,AE,AE,AE,AE,AE,AE,AE,AE,AE,AE,AE,AE,AE,AE,AE,AE,AE,AE,AE,AE,AE,AE,AE,AE,AE,AE,AE,AE,AE,AE,AE,AE,AE,AE,AE,AE
EE 620,AE,AE,AE,AE,AE,AE,AE,AE,AE,AE,AE,AE,AE,AE,AE,AE,AE,AE,AE,AE,AE,AE,AE,AE,AE,AE,AE,AE,AE,AE,AE,AE,AE,AE,AE,AE,AE,AE,AE,AE,AE,AE,AE,AE,AE,AE,AE,AE,AE,AE,AE,AE,AE,AE,AE,AE,AE,AE,AE,AE,AE,AE,AE,AE,AE,AE,AE,AE,AE,AE,,,,,,,,,,,,
EE 621,AE,AE,AE,AE,AE,AE,AE,AE,AE,AE,AE,AE,AE,AE,AE,AE,AE,AE,AE,AE,AE,AE,AE,AE,AE,AE,AE,AE,AE,AE,AE,AE,AE,AE,AE,AE,AE,AE,AE,AE,AE,AE,AE,AE,AE,AE,AE,AE,AE,AE,AE,AE,AE,AE,AE,AE,AE,AE,AE,AE,AE,AE,AE,AE,AE,AE,AE,AE,AE,AE,,,,,,,,,,,,
EE 622,AE,AE,AE,AE,AE,AE,AE,AE,AE,AE,AE,AE,AE,AE,AE,AE,AE,AE,AE,AE,AE,AE,AE,AE,AE,AE,AE,AE,AE,AE,AE,AE,AE,AE,AE,AE,AE,AE,AE,,,,,,,,,,,,,,,,,,,,,,,,,,,,,,,,,,,,,,,,,,,
EE 623,AE,AE,AE,AE,AE,AE,AE,AE,AE,AE,AE,AE,AE,AE,AE,AE,AE,AE,AE,AE,AE,AE,AE,AE,AE,AE,AE,AE,AE,AE,AE,AE,AE,AE,AE,AE,AE,AE,AE,,,,,,,,,,,,,,,,,,,,,,,,,,,,,,,,,,,,,,,,,,,
EE 624,AE,AE,AE,AE,AE,AE,AE,AE,AE,AE,AE,AE,AE,AE,AE,AE,AE,AE,AE,AE,AE,AE,AE,AE,AE,AE,AE,AE,AE,AE,AE,AE,AE,AE,AE,AE,AE,AE,AE,,,,,,,,,,,,,,,,,,,,,,,,,,,,,,,,,,,,,,,,,,,
EE 625,AE,AE,AE,AE,AE,AE,AE,AE,AE,AE,AE,AE,AE,AE,AE,AE,AE,AE,AE,AE,AE,AE,AE,AE,AE,AE,AE,AE,AE,AE,AE,AE,AE,AE,AE,AE,AE,AE,AE,AE,AE,AE,AE,AE,AE,AE,AE,AE,AE,AE,AE,AE,AE,AE,AE,AE,AE,AE,AE,AE,AE,AE,AE,AE,AE,AE,AE,AE,AE,AE,,,,,,,,,,,,
EE 626,AE,AE,AE,AE,AE,AE,AE,AE,AE,AE,AE,AE,AE,AE,AE,AE,AE,AE,AE,AE,AE,AE,AE,AE,AE,AE,AE,AE,AE,AE,AE,AE,AE,AE,AE,AE,AE,AE,AE,AE,AE,AE,AE,AE,AE,AE,AE,AE,AE,AE,AE,AE,AE,AE,AE,AE,AE,AE,AE,AE,AE,AE,AE,AE,AE,AE,AE,AE,AE,AE,AE,AE,AE,AE,AE,AE,AE,AE,AE,AE,AE,AE
EE 627,AE,AE,AE,AE,AE,AE,AE,AE,AE,AE,AE,AE,AE,AE,AE,AE,AE,AE,AE,AE,AE,AE,AE,AE,AE,AE,AE,AE,AE,AE,AE,AE,AE,AE,AE,AE,AE,AE,AE,AE,AE,AE,AE,AE,AE,AE,AE,AE,AE,AE,AE,AE,AE,AE,AE,AE,AE,AE,AE,AE,AE,AE,AE,AE,AE,AE,AE,AE,AE,AE,,,,,,,,,,,,
EE 628,AE,AE,AE,AE,AE,AE,AE,AE,AE,AE,AE,AE,AE,AE,AE,AE,AE,AE,AE,AE,AE,AE,AE,AE,AE,AE,AE,AE,AE,AE,AE,AE,AE,AE,AE,AE,AE,AE,AE,AE,AE,AE,AE,AE,AE,AE,AE,AE,AE,AE,AE,AE,AE,AE,AE,AE,AE,AE,AE,AE,AE,AE,AE,AE,AE,AE,AE,AE,AE,AE,AE,AE,AE,AE,AE,AE,AE,AE,AE,AE,AE,AE
EE 629,AE,AE,AE,AE,AE,AE,AE,AE,AE,AE,AE,AE,AE,AE,AE,AE,AE,AE,AE,AE,AE,AE,AE,AE,AE,AE,AE,AE,AE,AE,AE,AE,AE,AE,AE,AE,AE,AE,AE,AE,AE,AE,AE,AE,AE,AE,AE,AE,AE,AE,AE,AE,AE,AE,AE,AE,AE,AE,AE,AE,AE,AE,AE,AE,AE,AE,AE,AE,AE,AE,,,,,,,,,,,,
EE 630,AE,AE,AE,AE,AE,AE,AE,AE,AE,AE,AE,AE,AE,AE,AE,AE,AE,AE,AE,AE,AE,AE,AE,AE,AE,AE,AE,AE,AE,AE,AE,AE,AE,AE,AE,AE,AE,AE,AE,AE,AE,AE,AE,AE,AE,AE,AE,AE,AE,AE,AE,AE,AE,AE,AE,AE,AE,AE,AE,AE,AE,AE,AE,AE,AE,AE,AE,AE,AE,AE,,,,,,,,,,,,
EE 631,AE,AE,AE,AE,AE,AE,AE,AE,AE,AE,AE,AE,AE,AE,AE,AE,AE,AE,AE,AE,AE,AE,AE,AE,AE,AE,AE,AE,AE,AE,AE,AE,AE,AE,AE,AE,AE,AE,AE,AE,AE,AE,AE,AE,AE,AE,AE,AE,AE,AE,AE,AE,AE,AE,AE,AE,AE,AE,AE,AE,AE,AE,AE,AE,AE,AE,AE,AE,AE,AE,,,,,,,,,,,,
EE 632,AE,AE,AE,AE,AE,AE,AE,AE,AE,AE,AE,AE,AE,AE,AE,AE,AE,AE,AE,AE,AE,AE,AE,AE,AE,AE,AE,AE,AE,AE,AE,AE,AE,AE,AE,AE,AE,AE,AE,AE,AE,AE,AE,AE,AE,AE,AE,AE,AE,AE,AE,AE,AE,AE,AE,AE,AE,AE,AE,AE,AE,AE,AE,AE,AE,AE,AE,AE,AE,AE,AE,AE,AE,AE,AE,AE,AE,AE,AE,AE,AE,AE
EE 633,AE,AE,AE,AE,AE,AE,AE,AE,AE,AE,AE,AE,AE,AE,AE,AE,AE,AE,AE,AE,AE,AE,AE,AE,AE,AE,AE,AE,AE,AE,AE,AE,AE,AE,AE,AE,AE,AE,AE,AE,AE,AE,AE,AE,AE,AE,AE,AE,AE,AE,AE,AE,AE,AE,AE,AE,AE,AE,AE,AE,AE,AE,AE,AE,AE,AE,AE,AE,AE,AE,AE,AE,AE,AE,AE,AE,AE,AE,AE,AE,AE,AE
EE 634,AE,AE,AE,AE,AE,AE,AE,AE,AE,AE,AE,AE,AE,AE,AE,AE,AE,AE,AE,AE,AE,AE,AE,AE,AE,AE,AE,AE,AE,AE,AE,AE,AE,AE,AE,AE,AE,AE,AE,AE,AE,AE,AE,AE,AE,AE,AE,AE,AE,AE,AE,AE,AE,AE,AE,AE,AE,AE,AE,AE,AE,AE,AE,AE,AE,AE,AE,AE,AE,AE,AE,AE,AE,AE,AE,AE,AE,AE,AE,AE,AE,AE
EE 635,AE,AE,AE,AE,AE,AE,AE,AE,AE,AE,AE,AE,AE,AE,AE,AE,AE,AE,AE,AE,AE,AE,AE,AE,AE,AE,AE,AE,AE,AE,AE,AE,AE,AE,AE,AE,AE,AE,AE,AE,AE,AE,AE,AE,AE,AE,AE,AE,AE,AE,AE,AE,AE,AE,AE,AE,AE,AE,AE,AE,AE,AE,AE,AE,AE,AE,AE,AE,AE,AE,,,,,,,,,,,,
EE 636,AE,AE,AE,AE,AE,AE,AE,AE,AE,AE,AE,AE,AE,AE,AE,AE,AE,AE,AE,AE,AE,AE,AE,AE,AE,AE,AE,AE,AE,AE,AE,AE,AE,AE,AE,AE,AE,AE,AE,AE,AE,AE,AE,AE,AE,AE,AE,AE,AE,AE,AE,AE,AE,AE,AE,AE,AE,AE,AE,AE,AE,AE,AE,AE,AE,AE,AE,AE,AE,AE,AE,AE,AE,AE,AE,AE,AE,AE,AE,AE,AE,AE
EE 637,AE,AE,AE,AE,AE,AE,AE,AE,AE,AE,AE,AE,AE,AE,AE,AE,AE,AE,AE,AE,AE,AE,AE,AE,AE,AE,AE,AE,AE,AE,AE,AE,AE,AE,AE,AE,AE,AE,AE,AE,AE,AE,AE,AE,AE,AE,AE,AE,AE,AE,AE,AE,AE,AE,AE,AE,AE,AE,AE,AE,AE,AE,AE,AE,AE,AE,AE,AE,AE,AE,,,,,,,,,,,,
EE 638,AE,AE,AE,AE,AE,AE,AE,AE,AE,AE,AE,AE,AE,AE,AE,AE,AE,AE,AE,AE,AE,AE,AE,AE,AE,AE,AE,AE,AE,AE,AE,AE,AE,AE,AE,AE,AE,AE,AE,AE,AE,AE,AE,AE,AE,AE,AE,AE,AE,AE,AE,AE,AE,AE,AE,AE,AE,AE,AE,AE,AE,AE,AE,AE,AE,AE,AE,AE,AE,AE,,,,,,,,,,,,
EE 639,AE,AE,AE,AE,AE,AE,AE,AE,AE,AE,AE,AE,AE,AE,AE,AE,AE,AE,AE,AE,AE,AE,AE,AE,AE,AE,AE,AE,AE,AE,AE,AE,AE,AE,AE,AE,AE,AE,AE,AE,AE,AE,AE,AE,AE,AE,AE,AE,AE,AE,AE,,,,,,,,,,,,,,,,,,,,,,,,,,,,,,,
EE 651,AE,AE,AE,AE,AE,AE,AE,AE,AE,AE,AE,AE,AE,AE,AE,AE,AE,AE,AE,AE,AE,AE,AE,AE,AE,AE,AE,AE,AE,AE,AE,AE,AE,AE,AE,AE,AE,AE,AE,AE,AE,AE,AE,AE,AE,AE,AE,AE,AE,AE,AE,AE,AE,AE,AE,AE,AE,AE,AE,AE,AE,AE,AE,AE,AE,AE,AE,AE,AE,AE,,,,,,,,,,,,
EE 652,AE,AE,AE,AE,AE,AE,AE,AE,AE,AE,AE,AE,AE,AE,AE,AE,AE,AE,AE,AE,AE,AE,AE,AE,AE,AE,AE,AE,AE,AE,AE,AE,AE,AE,AE,AE,AE,AE,AE,AE,AE,AE,AE,AE,AE,AE,AE,AE,AE,AE,AE,AE,AE,AE,AE,AE,AE,AE,AE,AE,AE,AE,AE,AE,AE,AE,AE,AE,AE,AE,,,,,,,,,,,,
EE 653,AE,AE,AE,AE,AE,AE,AE,AE,AE,AE,AE,AE,AE,AE,AE,AE,AE,AE,AE,AE,AE,AE,AE,AE,AE,AE,AE,AE,AE,AE,AE,AE,AE,AE,AE,AE,AE,AE,AE,AE,AE,AE,AE,AE,AE,AE,AE,AE,AE,AE,AE,AE,AE,AE,AE,AE,AE,AE,AE,AE,AE,AE,AE,AE,AE,AE,AE,AE,AE,AE,AE,AE,AE,AE,AE,AE,AE,AE,AE,AE,AE,AE
EE 654,AE,AE,AE,AE,AE,AE,AE,AE,AE,AE,AE,AE,AE,AE,AE,AE,AE,AE,AE,AE,AE,AE,AE,AE,AE,AE,AE,AE,AE,AE,AE,AE,AE,AE,AE,AE,AE,AE,AE,AE,AE,AE,AE,AE,AE,AE,AE,AE,AE,AE,AE,AE,AE,AE,AE,AE,AE,AE,AE,AE,AE,AE,AE,AE,AE,AE,AE,AE,AE,AE,AE,AE,AE,AE,AE,AE,AE,AE,AE,AE,AE,AE
EE 661,AE,AE,AE,AE,AE,AE,AE,AE,AE,AE,AE,AE,AE,AE,AE,AE,AE,AE,AE,AE,AE,AE,AE,AE,AE,AE,AE,AE,AE,AE,AE,AE,AE,AE,AE,AE,AE,AE,AE,AE,AE,AE,AE,AE,AE,AE,AE,AE,AE,AE,AE,AE,AE,AE,AE,AE,AE,AE,AE,AE,AE,AE,AE,AE,AE,AE,AE,AE,AE,AE,,,,,,,,,,,,
EE 662,AE,AE,AE,AE,AE,AE,AE,AE,AE,AE,AE,AE,AE,AE,AE,AE,AE,AE,AE,AE,AE,AE,AE,AE,AE,AE,AE,AE,AE,AE,AE,AE,AE,AE,AE,AE,AE,AE,AE,AE,AE,AE,AE,AE,AE,AE,AE,AE,AE,AE,AE,AE,AE,AE,AE,AE,AE,AE,AE,AE,AE,AE,AE,AE,AE,AE,AE,AE,AE,AE,,,,,,,,,,,,
EE 665,AE,AE,AE,AE,AE,AE,AE,AE,AE,AE,AE,AE,AE,AE,AE,AE,AE,AE,AE,AE,AE,AE,AE,AE,AE,AE,AE,AE,AE,AE,AE,AE,AE,AE,AE,AE,AE,AE,AE,AE,AE,AE,AE,AE,AE,AE,AE,AE,AE,AE,AE,AE,AE,AE,AE,AE,AE,AE,AE,AE,AE,AE,AE,AE,AE,AE,AE,AE,AE,AE,,,,,,,,,,,,
EE 672,AE,AE,AE,AE,AE,AE,AE,AE,AE,AE,AE,AE,AE,AE,AE,AE,AE,AE,AE,AE,AE,AE,AE,AE,AE,AE,AE,AE,AE,AE,AE,AE,AE,AE,AE,AE,AE,AE,AE,AE,AE,AE,AE,AE,AE,AE,AE,AE,AE,AE,AE,AE,AE,AE,AE,AE,AE,AE,AE,AE,AE,AE,AE,AE,AE,AE,AE,AE,AE,AE,AE,AE,AE,AE,AE,AE,AE,AE,AE,AE,AE,AE
EE 680,AE,AE,AE,AE,AE,AE,AE,AE,AE,AE,AE,AE,AE,AE,AE,AE,AE,AE,AE,AE,AE,AE,AE,AE,AE,AE,AE,AE,AE,AE,AE,AE,AE,AE,AE,AE,AE,AE,AE,AE,AE,AE,AE,AE,AE,AE,AE,AE,AE,AE,AE,,,,,,,,,,,,,,,,,,,,,,,,,,,,,,,
EE 68000,AE,AE,AE,AE,AE,AE,AE,AE,AE,AE,AE,AE,AE,AE,AE,AE,AE,AE,AE,AE,AE,AE,AE,AE,AE,AE,AE,AE,AE,AE,AE,AE,AE,AE,AE,AE,AE,AE,AE,AE,AE,AE,AE,AE,AE,AE,AE,AE,AE,AE,AE,AE,,,,,,,,,,,,,,,,,,,,,,,,,,,,,,
EE 681,AE,AE,AE,AE,AE,AE,AE,AE,AE,AE,AE,AE,AE,AE,AE,AE,AE,AE,AE,AE,AE,AE,AE,AE,AE,AE,AE,AE,AE,AE,AE,AE,AE,AE,AE,AE,AE,AE,AE,AE,AE,AE,AE,AE,AE,AE,AE,AE,AE,AE,AE,,,,,,,,,,,,,,,,,,,,,,,,,,,,,,,
EE 682,AE,AE,AE,AE,AE,AE,AE,AE,AE,AE,AE,AE,AE,AE,AE,AE,AE,AE,AE,AE,AE,AE,AE,AE,AE,AE,AE,AE,AE,AE,AE,AE,AE,AE,AE,AE,AE,AE,AE,,,,,,,,,,,,,,,,,,,,,,,,,,,,,,,,,,,,,,,,,,,
EE 683,AE,AE,AE,AE,AE,AE,AE,AE,AE,AE,AE,AE,AE,AE,AE,AE,AE,AE,AE,AE,AE,AE,AE,AE,AE,AE,AE,AE,AE,AE,AE,AE,AE,AE,AE,AE,AE,AE,AE,,,,,,,,,,,,,,,,,,,,,,,,,,,,,,,,,,,,,,,,,,,
EE 684,AE,AE,AE,AE,AE,AE,AE,AE,AE,AE,AE,AE,AE,AE,AE,AE,AE,AE,AE,AE,AE,AE,AE,AE,AE,AE,AE,AE,AE,AE,AE,AE,AE,AE,AE,AE,AE,AE,AE,AE,AE,AE,AE,AE,AE,AE,AE,AE,AE,AE,AE,,,,,,,,,,,,,,,,,,,,,,,,,,,,,,,
EE 685,AE,AE,AE,AE,AE,AE,AE,AE,AE,AE,AE,AE,AE,AE,AE,AE,AE,AE,AE,AE,AE,AE,AE,AE,AE,AE,AE,AE,AE,AE,AE,AE,AE,AE,AE,AE,AE,AE,AE,AE,AE,AE,AE,AE,AE,AE,AE,AE,AE,AE,AE,,,,,,,,,,,,,,,,,,,,,,,,,,,,,,,
ENRG 520,AE,AE,AE,AE,AE,AE,AE,AE,AE,AE,AE,AE,AE,AE,AE,AE,AE,AE,AE,AE,AE,AE,AE,AE,AE,AE,AE,AE,AE,AE,AE,AE,AE,AE,AE,AE,AE,AE,AE,AE,AE,AE,AE,AE,AE,AE,AE,AE,AE,AE,AE,AE,AE,AE,AE,AE,AE,AE,AE,AE,AE,AE,AE,AE,AE,AE,AE,AE,AE,AE,AE,AE,AE,AE,AE,AE,AE,AE,AE,AE,AE,AE
ENRG 521,AE,AE,AE,AE,AE,AE,AE,AE,AE,AE,AE,AE,AE,AE,AE,AE,AE,AE,AE,AE,AE,AE,AE,AE,AE,AE,AE,AE,AE,AE,AE,AE,AE,AE,AE,AE,AE,AE,AE,AE,AE,AE,AE,AE,AE,AE,AE,AE,AE,AE,AE,AE,AE,AE,AE,AE,AE,AE,AE,AE,AE,AE,AE,AE,AE,AE,AE,AE,AE,AE,AE,AE,AE,AE,AE,AE,AE,AE,AE,AE,AE,AE
ENRG 522,AE,AE,AE,AE,AE,AE,AE,AE,AE,AE,AE,AE,AE,AE,AE,AE,AE,AE,AE,AE,AE,AE,AE,AE,AE,AE,AE,AE,AE,AE,AE,AE,AE,AE,AE,AE,AE,AE,AE,AE,AE,AE,AE,AE,AE,AE,AE,AE,AE,AE,AE,AE,AE,AE,AE,AE,AE,AE,AE,AE,AE,AE,AE,AE,AE,AE,AE,AE,AE,AE,AE,AE,AE,AE,AE,AE,AE,AE,AE,AE,AE,AE
ENRG 523,AE,AE,AE,AE,AE,AE,AE,AE,AE,AE,AE,AE,AE,AE,AE,AE,AE,AE,AE,AE,AE,AE,AE,AE,AE,AE,AE,AE,AE,AE,AE,AE,AE,AE,AE,AE,AE,AE,AE,AE,AE,AE,AE,AE,AE,AE,AE,AE,AE,AE,AE,AE,AE,AE,AE,AE,AE,AE,AE,AE,AE,AE,AE,AE,AE,AE,AE,AE,AE,AE,AE,AE,AE,AE,AE,AE,AE,AE,AE,AE,AE,AE
ENRG 524,AE,AE,AE,AE,AE,AE,AE,AE,AE,AE,AE,AE,AE,AE,AE,AE,AE,AE,AE,AE,AE,AE,AE,AE,AE,AE,AE,AE,AE,AE,AE,AE,AE,AE,AE,AE,AE,AE,AE,AE,AE,AE,AE,AE,AE,AE,AE,AE,AE,AE,AE,AE,AE,AE,AE,AE,AE,AE,AE,AE,AE,AE,AE,AE,AE,AE,AE,AE,AE,AE,AE,AE,AE,AE,AE,AE,AE,AE,AE,AE,AE,AE
ENRG 526,AE,AE,AE,AE,AE,AE,AE,AE,AE,AE,AE,AE,AE,AE,AE,AE,AE,AE,AE,AE,AE,AE,AE,AE,AE,AE,AE,AE,AE,AE,AE,AE,AE,AE,AE,AE,AE,AE,AE,AE,AE,AE,AE,AE,AE,AE,AE,AE,AE,AE,AE,AE,AE,AE,AE,AE,AE,AE,AE,AE,AE,AE,AE,AE,AE,AE,AE,AE,AE,AE,AE,AE,AE,AE,AE,AE,AE,AE,AE,AE,AE,AE
ENS 505,AE,AE,AE,AE,AE,AE,AE,AE,AE,AE,AE,AE,AE,AE,AE,AE,AE,AE,AE,AE,AE,AE,AE,AE,AE,AE,AE,CE,CE,CE,CE,CE,CE,CE,CE,CE,CE,CE,CE,CE,CE,CE,CE,CE,CE,CE,CE,CE,CE,CE,CE,CE,CE,CE,CE,CE,CE,CE,CE,CE,CE,CE,CE,CE,CE,CE,CE,CE,CE,CE,CE,CE,CE,CE,CE,CE,CE,CE,CE,CE,CE,CE
ENS 509,AE,AE,AE,AE,AE,AE,AE,AE,AE,AE,AE,AE,AE,AE,AE,AE,AE,AE,AE,AE,AE,AE,AE,AE,AE,AE,AE,AE,AE,AE,AE,AE,AE,AE,AE,AE,AE,AE,AE,AE,AE,AE,AE,AE,AE,AE,AE,AE,AE,AE,AE,AE,AE,AE,AE,AE,AE,AE,AE,AE,AE,AE,AE,AE,AE,,,,,,,,,,,,,,,,,
ENS 511,AE,AE,AE,AE,AE,AE,AE,AE,AE,AE,AE,AE,AE,AE,AE,AE,AE,AE,AE,AE,AE,AE,AE,AE,AE,AE,AE,AE,AE,AE,AE,AE,AE,AE,AE,AE,AE,AE,AE,AE,AE,AE,AE,AE,AE,AE,AE,AE,AE,AE,AE,AE,AE,AE,AE,AE,AE,AE,AE,AE,AE,AE,AE,AE,AE,AE,AE,AE,AE,AE,AE,AE,AE,AE,AE,AE,AE,AE,AE,AE,AE,AE
ENS 512,AE,AE,AE,AE,AE,AE,AE,AE,AE,AE,AE,AE,AE,AE,AE,AE,AE,AE,AE,AE,AE,AE,AE,AE,AE,AE,AE,AE,AE,AE,AE,AE,AE,AE,AE,AE,AE,AE,AE,AE,AE,AE,AE,AE,AE,AE,AE,AE,AE,AE,AE,AE,AE,AE,,,,,,,,,,,,,,,,,,,,,,,,,,,,
ENS 513,AE,AE,AE,AE,AE,AE,AE,AE,AE,AE,AE,AE,AE,AE,AE,AE,AE,AE,AE,AE,AE,AE,AE,AE,AE,AE,AE,AE,AE,AE,AE,AE,AE,AE,AE,AE,AE,AE,AE,AE,AE,AE,AE,AE,AE,AE,AE,AE,AE,AE,AE,AE,AE,AE,AE,AE,AE,AE,AE,AE,AE,AE,AE,AE,AE,AE,AE,AE,AE,AE,AE,AE,AE,AE,AE,AE,AE,AE,AE,AE,AE,AE
ENS 514,AE,AE,AE,AE,AE,AE,AE,AE,AE,AE,AE,AE,AE,AE,AE,AE,AE,AE,AE,AE,AE,AE,AE,AE,AE,AE,AE,AE,AE,AE,AE,AE,AE,AE,AE,AE,AE,AE,AE,AE,AE,AE,AE,AE,AE,AE,AE,AE,AE,AE,AE,AE,AE,AE,AE,AE,AE,AE,AE,AE,AE,AE,AE,AE,AE,AE,AE,AE,AE,AE,AE,AE,AE,AE,AE,AE,AE,AE,AE,AE,AE,AE
ENS 516,AE,AE,AE,AE,AE,AE,AE,AE,AE,AE,AE,AE,AE,AE,AE,AE,AE,AE,AE,AE,AE,AE,AE,AE,AE,AE,AE,AE,AE,AE,AE,AE,AE,AE,AE,AE,AE,AE,AE,AE,AE,AE,AE,AE,AE,AE,AE,AE,AE,AE,AE,AE,AE,AE,AE,,,,,,,,,,,,,,,,,,,,,,,,,,,
ENS 521,AE,AE,AE,AE,AE,AE,AE,AE,AE,AE,AE,AE,AE,AE,AE,AE,AE,AE,AE,AE,AE,AE,AE,AE,AE,AE,AE,AE,AE,AE,AE,AE,AE,AE,AE,AE,AE,AE,AE,AE,AE,AE,AE,AE,AE,AE,AE,AE,AE,AE,AE,AE,AE,AE,AE,AE,AE,AE,AE,AE,AE,AE,AE,AE,AE,AE,AE,AE,AE,AE,AE,AE,,,,,,,,,,
ENS 525,AE,AE,AE,AE,AE,AE,AE,AE,AE,AE,AE,AE,AE,AE,AE,AE,AE,AE,AE,AE,AE,AE,AE,AE,AE,AE,AE,AE,AE,AE,AE,AE,AE,AE,AE,AE,AE,AE,AE,AE,AE,AE,AE,AE,AE,AE,AE,AE,AE,AE,AE,AE,AE,AE,AE,AE,AE,AE,AE,AE,AE,AE,AE,AE,AE,AE,AE,AE,AE,AE,AE,AE,AE,AE,AE,AE,AE,AE,AE,AE,AE,AE
ENS 526,AE,AE,AE,AE,AE,AE,AE,AE,AE,AE,AE,AE,AE,AE,AE,AE,AE,AE,AE,AE,AE,AE,AE,AE,AE,AE,AE,AE,AE,AE,AE,AE,AE,AE,AE,AE,AE,AE,AE,AE,AE,AE,AE,AE,AE,AE,AE,AE,,,,,,,,,,,,,,,,,,,,,,,,,,,,,,,,,,
ENS 555,AE,AE,AE,AE,AE,AE,AE,AE,AE,AE,AE,AE,AE,AE,AE,AE,AE,AE,AE,AE,AE,AE,AE,AE,AE,AE,AE,AE,AE,AE,AE,AE,AE,AE,AE,AE,AE,AE,AE,AE,AE,AE,AE,AE,AE,AE,AE,AE,,,,,,,,,,,,,,,,,,,,,,,,,,,,,,,,,,
ENS 580,AE,AE,AE,AE,AE,AE,AE,AE,AE,AE,AE,AE,AE,AE,AE,AE,AE,AE,AE,AE,AE,AE,AE,AE,AE,AE,AE,AE,AE,AE,AE,AE,AE,AE,AE,AE,AE,AE,AE,AE,AE,AE,AE,AE,AE,AE,AE,AE,AE,AE,AE,,,,,,,,,,,,,,,,,,,,,,,,,,,,,,,
ENS 5803,AE,AE,AE,AE,AE,AE,AE,AE,AE,AE,AE,AE,AE,AE,AE,AE,AE,AE,AE,AE,AE,AE,AE,AE,AE,AE,AE,AE,AE,AE,AE,AE,AE,AE,AE,AE,AE,AE,AE,AE,AE,AE,AE,AE,AE,AE,AE,AE,AE,AE,AE,AE,AE,AE,AE,AE,AE,AE,AE,AE,AE,AE,AE,AE,AE,AE,AE,AE,AE,AE,AE,,,,,,,,,,,
ENS 581,AE,AE,AE,AE,AE,AE,AE,AE,AE,AE,AE,AE,AE,AE,AE,AE,AE,AE,AE,AE,AE,AE,AE,AE,AE,AE,AE,AE,AE,AE,AE,AE,AE,AE,AE,AE,AE,AE,AE,AE,AE,AE,AE,AE,AE,AE,AE,AE,AE,AE,AE,,,,,,,,,,,,,,,,,,,,,,,,,,,,,,,
ENS 596,AE,AE,AE,AE,AE,AE,AE,AE,AE,AE,AE,AE,AE,AE,AE,AE,AE,AE,AE,AE,AE,AE,AE,AE,AE,AE,AE,AE,AE,AE,AE,AE,AE,AE,AE,AE,,,,,,,,,,,,,,,,,,,,,,,,,,,,,,,,,,,,,,,,,,,,,,
ES 501,AE,AE,AE,AE,AE,AE,AE,AE,AE,AE,AE,AE,AE,AE,AE,AE,AE,AE,AE,AE,AE,AE,AE,AE,AE,AE,AE,AE,AE,AE,AE,AE,AE,AE,AE,AE,AE,AE,AE,AE,AE,AE,AE,AE,AE,AE,AE,AE,AE,,,,,,,,,,,,,,,,,,,,,,,,,,,,,,,,,
ES 502,AE,AE,AE,AE,AE,AE,AE,AE,AE,AE,AE,AE,AE,AE,AE,AE,AE,AE,AE,AE,AE,AE,AE,AE,AE,AE,AE,AE,AE,AE,AE,AE,AE,AE,AE,AE,AE,AE,AE,AE,AE,AE,AE,AE,AE,AE,AE,AE,AE,AE,AE,AE,AE,AE,AE,AE,AE,AE,AE,AE,AE,AE,AE,AE,AE,AE,AE,AE,AE,AE,AE,AE,AE,AE,AE,AE,AE,AE,AE,AE,AE,AE
ES 504,AE,AE,AE,AE,AE,AE,AE,AE,AE,AE,AE,AE,AE,AE,AE,AE,AE,AE,AE,AE,AE,AE,AE,AE,AE,AE,AE,AE,AE,AE,AE,AE,AE,AE,AE,AE,AE,AE,AE,AE,AE,AE,AE,AE,AE,AE,AE,AE,AE,AE,AE,AE,AE,AE,AE,AE,AE,AE,AE,AE,AE,AE,AE,AE,AE,AE,,,,,,,,,,,,,,,,
ES 505,AE,AE,AE,AE,AE,AE,AE,AE,AE,AE,AE,AE,AE,AE,AE,AE,AE,AE,AE,AE,AE,AE,AE,AE,AE,AE,AE,AE,AE,AE,AE,AE,AE,AE,AE,AE,AE,AE,AE,AE,AE,AE,AE,AE,AE,AE,AE,AE,AE,AE,AE,AE,AE,AE,AE,AE,AE,AE,AE,AE,AE,AE,AE,AE,AE,AE,AE,AE,AE,AE,AE,AE,AE,AE,AE,AE,AE,AE,AE,AE,AE,AE
ES 506,AE,AE,AE,AE,AE,AE,AE,AE,AE,AE,AE,AE,AE,AE,AE,AE,,,,,,,,,,,,,,,,,,,,,,,,,,,,,,,,,,,,,,,,,,,,,,,,,,,,,,,,,,,,,,,,,,
ES 507,AE,AE,AE,AE,AE,AE,AE,AE,AE,AE,AE,AE,AE,AE,AE,AE,AE,AE,AE,AE,AE,AE,AE,AE,AE,AE,AE,AE,AE,AE,AE,AE,AE,AE,AE,AE,AE,AE,AE,AE,AE,AE,AE,AE,AE,AE,AE,AE,AE,AE,AE,AE,AE,AE,AE,AE,AE,AE,AE,AE,AE,,,,,,,,,,,,,,,,,,,,,
ES 508,AE,AE,AE,AE,AE,AE,AE,AE,AE,AE,AE,AE,AE,AE,AE,AE,,,,,,,,,,,,,,,,,,,,,,,,,,,,,,,,,,,,,,,,,,,,,,,,,,,,,,,,,,,,,,,,,,
ES 510,AE,AE,AE,AE,AE,AE,AE,AE,AE,AE,AE,AE,AE,AE,AE,AE,,,,,,,,,,,,,,,,,,,,,,,,,,,,,,,,,,,,,,,,,,,,,,,,,,,,,,,,,,,,,,,,,,
ES 512,AE,AE,AE,AE,AE,AE,AE,AE,AE,AE,AE,AE,AE,AE,AE,AE,,,,,,,,,,,,,,,,,,,,,,,,,,,,,,,,,,,,,,,,,,,,,,,,,,,,,,,,,,,,,,,,,,
ES 514,AE,AE,AE,AE,AE,AE,AE,AE,AE,AE,AE,AE,AE,AE,AE,AE,,,,,,,,,,,,,,,,,,,,,,,,,,,,,,,,,,,,,,,,,,,,,,,,,,,,,,,,,,,,,,,,,,
ES 516,AE,AE,AE,AE,AE,AE,AE,AE,AE,AE,AE,AE,AE,AE,AE,AE,,,,,,,,,,,,,,,,,,,,,,,,,,,,,,,,,,,,,,,,,,,,,,,,,,,,,,,,,,,,,,,,,,
ES 518,AE,AE,AE,AE,AE,AE,AE,AE,AE,AE,AE,AE,AE,AE,AE,AE,,,,,,,,,,,,,,,,,,,,,,,,,,,,,,,,,,,,,,,,,,,,,,,,,,,,,,,,,,,,,,,,,,
ES 519,AE,AE,AE,AE,AE,AE,AE,AE,AE,AE,AE,AE,AE,AE,AE,AE,,,,,,,,,,,,,,,,,,,,,,,,,,,,,,,,,,,,,,,,,,,,,,,,,,,,,,,,,,,,,,,,,,
ES 522,AE,AE,AE,AE,AE,AE,AE,AE,AE,AE,AE,AE,AE,AE,AE,AE,AE,AE,,,,,,,,,,,,,,,,,,,,,,,,,,,,,,,,,,,,,,,,,,,,,,,,,,,,,,,,,,,,,,,,
ES 523,AE,AE,AE,AE,AE,AE,AE,AE,AE,AE,AE,AE,AE,AE,AE,AE,AE,AE,AE,AE,AE,AE,AE,AE,AE,AE,AE,AE,AE,AE,AE,AE,AE,AE,AE,AE,AE,AE,AE,AE,AE,AE,AE,AE,AE,AE,AE,AE,AE,AE,AE,,,,,,,,,,,,,,,,,,,,,,,,,,,,,,,
ES 524,AE,AE,AE,AE,AE,AE,AE,AE,AE,AE,AE,AE,AE,AE,AE,AE,AE,AE,AE,AE,AE,AE,AE,AE,AE,AE,AE,AE,AE,AE,AE,AE,AE,AE,AE,AE,AE,AE,AE,AE,AE,AE,AE,AE,AE,AE,AE,AE,AE,AE,AE,AE,AE,AE,AE,AE,AE,AE,AE,AE,AE,AE,AE,AE,AE,AE,AE,AE,AE,AE,AE,AE,AE,AE,AE,AE,AE,AE,AE,AE,AE,AE
ES 554,AE,AE,AE,AE,AE,AE,AE,AE,AE,AE,AE,AE,AE,AE,AE,AE,AE,AE,AE,AE,AE,AE,AE,AE,AE,AE,AE,AE,AE,AE,AE,AE,AE,AE,AE,AE,AE,AE,AE,AE,AE,AE,AE,AE,AE,AE,AE,AE,AE,AE,AE,AE,AE,AE,AE,AE,AE,AE,AE,AE,AE,AE,AE,AE,AE,AE,AE,AE,AE,AE,AE,AE,AE,AE,AE,AE,AE,AE,AE,AE,AE,AE
ES 592,AE,AE,AE,AE,AE,AE,AE,AE,AE,AE,AE,AE,AE,AE,AE,AE,AE,AE,AE,AE,AE,AE,AE,AE,AE,AE,AE,AE,AE,AE,AE,AE,AE,AE,AE,AE,AE,AE,AE,AE,AE,AE,AE,AE,AE,AE,AE,AE,AE,AE,AE,AE,AE,AE,AE,AE,AE,AE,AE,AE,AE,AE,AE,AE,AE,AE,AE,AE,AE,AE,AE,AE,AE,AE,AE,AE,AE,AE,AE,AE,AE,AE
ETM 551,AE,AE,AE,AE,AE,AE,AE,AE,AE,AE,AE,AE,AE,AE,AE,AE,AE,AE,AE,AE,AE,AE,AE,AE,AE,AE,AE,AE,AE,AE,AE,AE,AE,AE,AE,AE,AE,AE,AE,AE,AE,AE,AE,AE,AE,AE,AE,AE,AE,AE,AE,AE,AE,AE,AE,AE,AE,AE,AE,AE,AE,AE,AE,AE,AE,AE,AE,AE,AE,AE,AE,AE,AE,AE,AE,AE,AE,AE,AE,AE,AE,AE
ETM 580,AE,AE,AE,AE,AE,AE,AE,AE,AE,AE,AE,AE,AE,AE,AE,AE,AE,AE,AE,AE,AE,AE,AE,AE,AE,AE,AE,AE,AE,AE,AE,AE,AE,AE,AE,AE,AE,AE,AE,AE,AE,AE,AE,AE,AE,AE,AE,AE,AE,AE,AE,AE,AE,AE,AE,AE,AE,AE,AE,AE,AE,AE,AE,AE,AE,AE,AE,AE,AE,AE,,,,,,,,,,,,
ETM 590,AE,AE,AE,AE,AE,AE,AE,AE,AE,AE,AE,AE,AE,AE,AE,AE,AE,AE,AE,AE,AE,AE,AE,AE,AE,AE,AE,AE,AE,AE,AE,AE,AE,AE,AE,AE,AE,AE,AE,AE,AE,AE,AE,AE,AE,AE,AE,AE,AE,AE,AE,AE,AE,AE,AE,AE,AE,AE,AE,AE,AE,AE,AE,AE,AE,AE,AE,AE,AE,AE,AE,AE,AE,AE,AE,AE,AE,AE,AE,AE,AE,AE
FILM 524,AE,AE,AE,AE,AE,AE,AE,AE,AE,AE,AE,AE,AE,AE,AE,AE,AE,AE,AE,AE,AE,AE,AE,AE,AE,AE,AE,AE,AE,AE,AE,AE,AE,AE,AE,AE,AE,AE,AE,AE,AE,AE,AE,AE,AE,AE,AE,AE,AE,AE,AE,AE,AE,AE,AE,AE,AE,AE,AE,AE,AE,AE,AE,AE,AE,AE,AE,AE,AE,AE,AE,AE,AE,AE,,,,,,,,
FILM 535,AE,AE,AE,AE,AE,AE,AE,AE,AE,AE,AE,AE,AE,AE,AE,AE,AE,AE,AE,AE,AE,AE,AE,AE,AE,AE,AE,AE,AE,AE,AE,AE,AE,AE,AE,AE,AE,AE,AE,AE,AE,AE,AE,AE,AE,AE,AE,AE,AE,AE,AE,AE,AE,AE,AE,AE,AE,AE,AE,AE,AE,AE,AE,AE,AE,AE,AE,AE,AE,AE,AE,AE,AE,AE,,,,,,,,
FILM 536,AE,AE,AE,AE,AE,AE,AE,AE,AE,AE,AE,AE,AE,AE,AE,AE,AE,AE,AE,AE,AE,AE,AE,AE,AE,AE,AE,AE,AE,AE,AE,AE,AE,AE,AE,AE,AE,AE,AE,AE,AE,AE,AE,AE,AE,AE,AE,AE,AE,AE,AE,AE,AE,AE,AE,AE,AE,AE,AE,AE,AE,AE,AE,AE,AE,AE,AE,AE,AE,AE,AE,AE,AE,AE,,,,,,,,
GEN 540,AE,AE,AE,AE,AE,AE,AE,AE,AE,AE,AE,AE,AE,AE,AE,AE,AE,AE,AE,AE,AE,AE,AE,AE,AE,AE,AE,AE,AE,AE,AE,AE,AE,AE,AE,AE,AE,AE,AE,AE,AE,AE,AE,AE,AE,AE,AE,AE,AE,AE,AE,AE,AE,AE,AE,AE,AE,AE,AE,AE,AE,AE,AE,AE,AE,AE,AE,AE,AE,AE,AE,AE,AE,AE,AE,AE,AE,AE,AE,AE,AE,AE
GEN 541,AE,AE,AE,AE,AE,AE,AE,AE,AE,AE,AE,AE,AE,AE,AE,AE,AE,AE,AE,AE,AE,AE,AE,AE,AE,AE,AE,AE,AE,AE,AE,AE,AE,AE,AE,AE,AE,AE,AE,AE,AE,AE,AE,AE,AE,AE,AE,AE,AE,AE,AE,AE,AE,AE,AE,AE,AE,AE,AE,AE,AE,AE,AE,AE,AE,AE,AE,,,,,,,,,,,,,,,
GEN 542,AE,AE,AE,AE,AE,AE,AE,AE,AE,AE,AE,AE,AE,AE,AE,AE,AE,AE,AE,AE,AE,AE,AE,AE,AE,AE,AE,AE,AE,AE,AE,AE,AE,AE,AE,AE,AE,AE,AE,AE,AE,AE,AE,AE,AE,AE,AE,AE,AE,AE,AE,AE,AE,AE,AE,AE,AE,AE,AE,AE,AE,AE,AE,AE,AE,AE,AE,AE,AE,AE,AE,AE,AE,AE,AE,AE,AE,AE,AE,AE,AE,AE
GEN 544,AE,AE,AE,AE,AE,AE,AE,AE,AE,AE,AE,AE,AE,AE,AE,AE,AE,AE,AE,AE,AE,AE,AE,AE,AE,AE,AE,AE,AE,AE,AE,AE,AE,AE,AE,AE,AE,AE,AE,AE,AE,AE,AE,AE,AE,AE,AE,AE,AE,AE,AE,AE,AE,AE,AE,AE,AE,AE,AE,AE,AE,AE,AE,AE,AE,AE,AE,AE,AE,AE,AE,AE,AE,AE,AE,AE,AE,AE,AE,AE,AE,AE
GEN 585,AE,AE,AE,AE,AE,AE,AE,AE,AE,AE,AE,AE,AE,AE,AE,AE,AE,AE,AE,AE,AE,AE,AE,AE,AE,AE,AE,AE,AE,AE,AE,AE,AE,AE,AE,AE,AE,AE,AE,AE,AE,AE,AE,AE,AE,AE,AE,AE,AE,AE,AE,AE,AE,AE,AE,AE,AE,AE,AE,AE,AE,AE,AE,AE,AE,AE,AE,AE,AE,AE,AE,AE,AE,AE,AE,AE,AE,AE,AE,AE,AE,AE
GEN 600,AE,AE,AE,AE,AE,AE,AE,AE,AE,AE,AE,AE,AE,AE,AE,AE,AE,AE,AE,AE,AE,AE,AE,AE,AE,AE,AE,AE,AE,AE,AE,AE,AE,AE,AE,AE,AE,AE,AE,AE,AE,AE,AE,AE,AE,AE,AE,AE,AE,AE,AE,AE,AE,AE,AE,AE,AE,AE,AE,AE,AE,AE,AE,AE,AE,AE,AE,AE,AE,AE,AE,AE,AE,AE,AE,AE,AE,AE,AE,AE,AE,AE
GEN 601,AE,AE,AE,AE,AE,AE,AE,AE,AE,AE,AE,AE,AE,AE,AE,AE,AE,AE,AE,AE,AE,AE,AE,AE,AE,AE,AE,AE,AE,AE,AE,AE,AE,AE,AE,AE,AE,AE,AE,AE,AE,AE,AE,AE,AE,AE,AE,AE,AE,AE,AE,AE,AE,AE,AE,AE,AE,AE,AE,AE,AE,AE,AE,AE,AE,AE,AE,AE,AE,AE,AE,AE,AE,AE,AE,AE,AE,AE,AE,AE,AE,AE
GEN 605,AE,AE,AE,AE,AE,AE,AE,AE,AE,AE,AE,AE,AE,AE,AE,AE,AE,AE,AE,AE,AE,AE,AE,AE,AE,AE,AE,AE,AE,AE,AE,AE,AE,AE,AE,AE,AE,AE,AE,AE,AE,AE,AE,AE,AE,AE,AE,AE,AE,AE,AE,AE,AE,AE,AE,AE,AE,AE,AE,AE,AE,AE,AE,AE,AE,AE,AE,AE,AE,AE,AE,AE,AE,AE,AE,AE,AE,AE,AE,AE,AE,AE
GEN 610,AE,AE,AE,AE,AE,AE,AE,AE,AE,AE,AE,AE,AE,AE,AE,AE,AE,AE,AE,AE,AE,AE,AE,AE,AE,AE,AE,AE,AE,AE,AE,AE,AE,AE,AE,AE,AE,AE,AE,AE,AE,AE,AE,AE,AE,AE,AE,AE,AE,AE,AE,AE,AE,AE,AE,AE,AE,AE,AE,AE,AE,AE,AE,AE,AE,AE,AE,AE,AE,AE,AE,AE,AE,AE,AE,AE,AE,AE,AE,AE,AE,AE
GEN 680,AE,AE,AE,AE,AE,AE,AE,AE,AE,AE,AE,AE,AE,AE,AE,AE,AE,AE,AE,AE,AE,AE,AE,AE,AE,AE,AE,AE,AE,AE,AE,AE,AE,AE,AE,AE,AE,AE,AE,AE,AE,AE,AE,AE,AE,AE,AE,AE,AE,AE,AE,AE,AE,AE,AE,AE,AE,AE,AE,AE,AE,AE,AE,AE,AE,AE,AE,AE,AE,AE,AE,AE,AE,AE,AE,AE,AE,AE,AE,AE,AE,AE
GEN 690,AE,AE,AE,AE,AE,AE,AE,AE,AE,AE,AE,AE,AE,AE,AE,AE,AE,AE,AE,AE,AE,AE,AE,AE,AE,AE,AE,AE,AE,AE,AE,AE,AE,AE,AE,AE,AE,AE,AE,AE,AE,AE,AE,AE,AE,AE,AE,AE,AE,AE,AE,AE,AE,AE,AE,AE,AE,AE,AE,AE,AE,AE,AE,AE,AE,AE,AE,AE,AE,AE,AE,AE,AE,AE,AE,AE,AE,AE,AE,AE,AE,AE
GEN 699,AE,AE,AE,AE,AE,AE,AE,AE,AE,AE,AE,AE,AE,AE,AE,AE,AE,AE,AE,AE,AE,AE,AE,AE,AE,AE,AE,AE,AE,AE,AE,AE,AE,AE,AE,AE,AE,AE,AE,AE,AE,AE,AE,AE,AE,AE,AE,AE,AE,AE,AE,AE,AE,AE,AE,AE,AE,AE,AE,AE,AE,AE,AE,AE,AE,AE,AE,AE,AE,AE,AE,AE,AE,AE,AE,AE,AE,AE,AE,AE,AE,AE
GEN 700,AE,AE,AE,AE,AE,AE,AE,AE,AE,AE,AE,AE,AE,AE,AE,AE,AE,AE,AE,AE,AE,AE,AE,AE,AE,AE,AE,AE,AE,AE,AE,AE,AE,AE,AE,AE,AE,AE,AE,AE,AE,AE,AE,AE,AE,AE,AE,AE,AE,AE,AE,AE,AE,AE,AE,AE,AE,AE,AE,AE,AE,AE,AE,AE,AE,AE,AE,AE,AE,AE,AE,AE,AE,AE,AE,AE,AE,AE,AE,AE,AE,AE
GR 500E,AE,AE,AE,AE,AE,AE,AE,AE,AE,AE,AE,AE,AE,AE,AE,AE,AE,AE,AE,AE,AE,AE,AE,AE,AE,AE,AE,AE,AE,AE,AE,AE,AE,AE,AE,AE,AE,AE,AE,AE,AE,AE,AE,AE,AE,AE,AE,AE,AE,AE,AE,AE,AE,AE,AE,AE,AE,AE,AE,AE,AE,AE,AE,AE,AE,AE,AE,AE,AE,AE,AE,AE,AE,AE,AE,AE,AE,AE,AE,AE,AE,AE
GR 501E,AE,AE,AE,AE,AE,AE,AE,AE,AE,AE,AE,AE,AE,AE,AE,AE,AE,AE,AE,AE,AE,AE,AE,AE,AE,AE,AE,AE,AE,AE,AE,AE,AE,AE,AE,AE,AE,AE,AE,AE,AE,AE,AE,AE,AE,AE,AE,AE,AE,AE,AE,AE,AE,AE,AE,AE,AE,AE,AE,AE,AE,AE,AE,AE,AE,AE,AE,AE,AE,AE,AE,AE,AE,AE,AE,AE,AE,AE,AE,AE,AE,AE
GR 502E,AE,AE,AE,AE,AE,AE,AE,AE,AE,AE,AE,AE,AE,AE,AE,AE,AE,AE,AE,AE,AE,AE,AE,AE,AE,AE,AE,AE,AE,AE,AE,AE,AE,AE,AE,AE,AE,AE,AE,AE,AE,AE,AE,AE,AE,AE,AE,AE,AE,AE,AE,AE,AE,AE,AE,AE,AE,AE,AE,AE,AE,AE,AE,AE,AE,AE,AE,AE,AE,AE,AE,AE,AE,AE,AE,AE,AE,AE,AE,AE,AE,AE
GR 503E,AE,AE,AE,AE,AE,AE,AE,AE,AE,AE,AE,AE,AE,AE,AE,AE,AE,AE,AE,AE,AE,AE,AE,AE,AE,AE,AE,AE,AE,AE,AE,AE,AE,AE,AE,AE,AE,AE,AE,AE,AE,AE,AE,AE,AE,AE,AE,AE,AE,AE,AE,AE,AE,AE,AE,AE,AE,AE,AE,AE,AE,AE,AE,AE,AE,AE,AE,AE,AE,AE,AE,AE,AE,AE,AE,AE,AE,AE,AE,AE,AE,AE
GR 555E,AE,AE,AE,AE,AE,AE,AE,AE,AE,AE,AE,AE,AE,AE,AE,AE,AE,AE,AE,AE,AE,AE,AE,AE,AE,AE,AE,AE,AE,AE,AE,AE,AE,AE,AE,AE,AE,AE,AE,AE,AE,AE,AE,AE,AE,AE,AE,AE,AE,AE,AE,AE,AE,AE,AE,AE,AE,AE,AE,AE,AE,AE,AE,AE,AE,AE,AE,AE,AE,AE,AE,AE,AE,AE,AE,AE,AE,AE,AE,AE,AE,AE
HART 511,AE,AE,AE,AE,AE,AE,AE,AE,AE,AE,AE,AE,AE,AE,AE,AE,AE,AE,AE,AE,AE,AE,AE,AE,AE,AE,AE,AE,AE,AE,AE,AE,AE,AE,AE,AE,AE,AE,AE,AE,AE,AE,AE,AE,AE,AE,AE,AE,AE,AE,AE,AE,AE,AE,AE,AE,AE,AE,AE,AE,AE,AE,AE,AE,AE,AE,AE,AE,AE,AE,,,,,,,,,,,,
HART 513,AE,AE,AE,AE,AE,AE,AE,AE,AE,AE,AE,AE,AE,AE,AE,AE,AE,AE,AE,AE,AE,AE,AE,AE,AE,AE,AE,AE,AE,AE,AE,AE,AE,AE,AE,AE,AE,AE,AE,AE,AE,AE,AE,AE,AE,AE,AE,AE,AE,AE,AE,AE,AE,AE,AE,AE,AE,AE,AE,AE,AE,AE,AE,AE,AE,AE,AE,AE,AE,AE,AE,AE,AE,AE,AE,AE,AE,AE,AE,AE,AE,AE
HART 514,AE,AE,AE,AE,AE,AE,AE,AE,AE,AE,AE,AE,AE,AE,AE,AE,AE,AE,AE,AE,AE,AE,AE,AE,AE,AE,AE,AE,AE,AE,AE,AE,AE,AE,AE,AE,AE,AE,AE,AE,AE,AE,AE,AE,AE,AE,AE,AE,AE,AE,AE,AE,AE,AE,AE,AE,AE,AE,AE,AE,AE,AE,AE,AE,AE,AE,AE,AE,AE,AE,AE,AE,AE,AE,,,,,,,,
HART 520,AE,AE,AE,AE,AE,AE,AE,AE,AE,AE,AE,AE,AE,AE,AE,AE,AE,AE,AE,AE,AE,AE,AE,AE,AE,AE,AE,AE,AE,AE,AE,AE,AE,AE,AE,AE,AE,AE,AE,AE,AE,AE,AE,AE,AE,AE,AE,AE,AE,AE,AE,AE,AE,AE,AE,AE,AE,AE,AE,AE,AE,AE,AE,AE,AE,AE,AE,AE,AE,AE,AE,AE,AE,AE,AE,AE,AE,AE,AE,AE,AE,AE
HART 521,AE,AE,AE,AE,AE,AE,AE,AE,AE,AE,AE,AE,AE,AE,AE,AE,AE,AE,AE,AE,AE,AE,AE,AE,AE,AE,AE,AE,AE,AE,AE,AE,AE,AE,AE,AE,AE,AE,AE,AE,AE,AE,AE,AE,AE,AE,AE,AE,AE,AE,AE,AE,AE,AE,AE,AE,AE,AE,AE,AE,AE,AE,AE,AE,AE,AE,AE,AE,AE,AE,AE,AE,AE,AE,,,,,,,,
HART 523,AE,AE,AE,AE,AE,AE,AE,AE,AE,AE,AE,AE,AE,AE,AE,AE,AE,AE,AE,AE,AE,AE,AE,,,,,,,,,,,,,,,,,,,,,,,,,,,,,,,,,,,,,,,,,,,,,,,,,,,,,,,,,,,
HART 524,AE,AE,AE,AE,AE,AE,AE,AE,AE,AE,AE,AE,AE,AE,AE,AE,AE,AE,AE,AE,AE,AE,AE,AE,,,,,,,,,,,,,,,,,,,,,,,,,,,,,,,,,,,,,,,,,,,,,,,,,,,,,,,,,,
HART 525,AE,AE,AE,AE,AE,AE,AE,AE,AE,AE,AE,AE,AE,AE,AE,AE,AE,AE,AE,AE,AE,AE,AE,AE,AE,AE,AE,AE,AE,AE,AE,AE,AE,AE,AE,AE,AE,AE,AE,AE,AE,AE,AE,AE,AE,AE,AE,AE,AE,AE,AE,AE,AE,AE,AE,AE,AE,AE,AE,AE,AE,AE,AE,AE,AE,AE,AE,AE,AE,AE,AE,AE,AE,AE,AE,AE,AE,AE,AE,AE,AE,AE
HART 531,AE,AE,AE,AE,AE,AE,AE,AE,AE,AE,AE,AE,AE,AE,AE,AE,AE,AE,AE,AE,AE,AE,AE,AE,AE,AE,AE,AE,AE,AE,AE,AE,AE,AE,AE,AE,AE,,,,,,,,,,,,,,,,,,,,,,,,,,,,,,,,,,,,,,,,,,,,,
HART 532,AE,AE,AE,AE,AE,AE,AE,AE,AE,AE,AE,AE,AE,AE,AE,AE,AE,AE,AE,AE,AE,AE,AE,AE,AE,AE,AE,AE,AE,AE,AE,AE,AE,AE,AE,AE,AE,AE,AE,AE,AE,AE,AE,AE,AE,AE,AE,AE,AE,AE,AE,AE,AE,AE,AE,AE,AE,AE,AE,AE,AE,AE,AE,AE,AE,AE,AE,AE,AE,AE,AE,AE,AE,AE,AE,AE,AE,AE,AE,AE,AE,AE
HART 533,AE,AE,AE,AE,AE,AE,AE,AE,AE,AE,AE,AE,AE,AE,AE,AE,AE,AE,,,,,,,,,,,,,,,,,,,,,,,,,,,,,,,,,,,,,,,,,,,,,,,,,,,,,,,,,,,,,,,,
HART 550,AE,AE,AE,AE,AE,AE,AE,AE,AE,AE,AE,AE,AE,AE,AE,AE,AE,AE,AE,AE,AE,AE,AE,AE,AE,AE,AE,AE,AE,AE,AE,AE,AE,AE,AE,AE,AE,AE,AE,AE,AE,AE,AE,AE,AE,AE,AE,AE,AE,AE,AE,AE,AE,AE,AE,AE,AE,AE,AE,AE,AE,AE,AE,AE,AE,AE,AE,,,,,,,,,,,,,,,
HART 580,AE,AE,AE,AE,AE,AE,AE,AE,AE,AE,AE,AE,AE,AE,AE,AE,AE,AE,AE,AE,AE,AE,AE,AE,AE,AE,AE,AE,AE,AE,AE,AE,AE,AE,AE,AE,AE,AE,AE,AE,AE,AE,AE,AE,AE,AE,AE,AE,AE,AE,AE,AE,AE,AE,AE,AE,AE,AE,AE,AE,AE,AE,AE,AE,AE,AE,AE,AE,AE,AE,,,,,,,,,,,,
HART 623,AE,AE,AE,AE,AE,AE,AE,AE,AE,AE,AE,AE,AE,AE,AE,AE,AE,AE,AE,AE,AE,AE,AE,AE,AE,AE,AE,AE,AE,AE,AE,AE,AE,AE,AE,AE,AE,AE,AE,AE,AE,AE,AE,AE,AE,AE,AE,AE,AE,AE,AE,AE,AE,AE,,,,,,,,,,,,,,,,,,,,,,,,,,,,
HART 624,AE,AE,AE,AE,AE,AE,AE,AE,AE,AE,AE,AE,AE,AE,AE,AE,AE,AE,AE,AE,AE,AE,AE,,,,,,,,,,,,,,,,,,,,,,,,,,,,,,,,,,,,,,,,,,,,,,,,,,,,,,,,,,,
HART 626,AE,AE,AE,AE,AE,AE,AE,AE,AE,AE,AE,AE,AE,AE,AE,AE,AE,AE,AE,AE,AE,AE,AE,AE,AE,AE,AE,AE,AE,AE,AE,AE,AE,AE,AE,AE,AE,AE,AE,AE,AE,AE,AE,AE,AE,AE,AE,AE,AE,AE,AE,AE,AE,AE,,,,,,,,,,,,,,,,,,,,,,,,,,,,
HART 633,AE,AE,AE,AE,AE,AE,AE,AE,AE,AE,AE,AE,AE,AE,AE,AE,AE,AE,AE,AE,AE,AE,AE,AE,AE,AE,AE,AE,AE,AE,AE,AE,AE,AE,AE,AE,AE,,,,,,,,,,,,,,,,,,,,,,,,,,,,,,,,,,,,,,,,,,,,,
HART 635,AE,AE,AE,AE,AE,AE,AE,AE,AE,AE,AE,AE,AE,AE,AE,AE,AE,AE,AE,AE,AE,AE,AE,AE,AE,AE,AE,AE,AE,AE,AE,AE,AE,AE,AE,AE,AE,AE,AE,,,,,,,,,,,,,,,,,,,,,,,,,,,,,,,,,,,,,,,,,,,
HART 644,AE,AE,AE,AE,AE,AE,AE,AE,AE,AE,AE,AE,AE,AE,AE,AE,AE,AE,AE,AE,AE,AE,AE,AE,AE,AE,AE,AE,AE,AE,AE,AE,AE,AE,,,,,,,,,,,,,,,,,,,,,,,,,,,,,,,,,,,,,,,,,,,,,,,,
HIST 501,AE,AE,AE,AE,AE,AE,AE,AE,AE,AE,AE,AE,AE,AE,AE,AE,AE,AE,AE,AE,AE,AE,AE,AE,AE,AE,AE,AE,AE,AE,AE,AE,AE,AE,AE,AE,AE,AE,AE,AE,AE,AE,AE,AE,AE,AE,AE,AE,AE,AE,AE,AE,AE,AE,AE,AE,AE,AE,AE,AE,AE,AE,AE,AE,AE,AE,AE,AE,AE,AE,AE,AE,AE,AE,AE,AE,AE,AE,AE,AE,AE,AE
HIST 502,AE,AE,AE,AE,AE,AE,AE,AE,AE,AE,AE,AE,AE,AE,AE,AE,AE,AE,AE,AE,AE,AE,AE,AE,AE,AE,AE,AE,AE,AE,AE,AE,AE,AE,AE,AE,AE,AE,AE,AE,AE,AE,AE,AE,AE,AE,AE,AE,AE,AE,AE,AE,AE,AE,AE,AE,AE,AE,AE,AE,AE,AE,AE,AE,AE,AE,AE,AE,AE,AE,AE,AE,AE,AE,AE,AE,AE,AE,AE,AE,AE,AE
HIST 503,AE,AE,AE,AE,AE,AE,AE,AE,AE,AE,AE,AE,AE,AE,AE,AE,AE,AE,AE,AE,AE,AE,AE,AE,AE,AE,AE,AE,AE,AE,AE,AE,AE,AE,AE,AE,AE,AE,AE,AE,AE,AE,AE,AE,AE,AE,AE,AE,AE,AE,AE,AE,AE,AE,AE,AE,AE,AE,AE,AE,AE,AE,AE,AE,AE,AE,AE,AE,AE,AE,,,,,,,,,,,,
HIST 504,AE,AE,AE,AE,AE,AE,AE,AE,AE,AE,AE,AE,AE,AE,AE,AE,AE,AE,AE,AE,AE,AE,AE,AE,AE,AE,AE,AE,AE,AE,AE,AE,AE,AE,AE,AE,AE,AE,AE,AE,AE,AE,AE,AE,AE,AE,AE,AE,AE,AE,AE,AE,AE,AE,AE,AE,AE,AE,AE,AE,AE,AE,AE,AE,AE,AE,AE,AE,AE,AE,AE,AE,AE,AE,AE,AE,AE,AE,AE,AE,AE,AE
HIST 506,AE,AE,AE,AE,AE,AE,AE,AE,AE,AE,AE,AE,AE,AE,AE,AE,AE,AE,AE,AE,AE,AE,AE,AE,AE,AE,AE,AE,AE,AE,AE,AE,AE,AE,AE,AE,AE,AE,AE,AE,AE,AE,AE,AE,AE,AE,AE,AE,AE,AE,AE,AE,AE,AE,AE,AE,AE,AE,AE,AE,AE,AE,AE,AE,AE,AE,AE,AE,AE,AE,,,,,,,,,,,,
HIST 511,AE,AE,AE,AE,AE,AE,AE,AE,AE,AE,AE,AE,AE,AE,AE,AE,AE,AE,AE,AE,AE,AE,AE,AE,AE,AE,AE,AE,AE,AE,AE,AE,AE,AE,AE,AE,AE,AE,AE,AE,AE,AE,AE,AE,AE,AE,AE,AE,AE,AE,AE,AE,AE,AE,AE,AE,AE,AE,AE,AE,AE,AE,AE,AE,AE,AE,AE,AE,AE,AE,AE,AE,AE,AE,AE,AE,AE,AE,AE,AE,AE,AE
HIST 512,AE,AE,AE,AE,AE,AE,AE,AE,AE,AE,AE,AE,AE,AE,AE,AE,AE,AE,AE,AE,AE,AE,AE,AE,AE,AE,AE,AE,AE,AE,AE,AE,AE,AE,AE,AE,AE,AE,AE,AE,AE,AE,AE,AE,AE,AE,AE,AE,AE,AE,AE,AE,AE,AE,AE,AE,AE,AE,AE,AE,AE,AE,AE,AE,AE,AE,AE,AE,AE,AE,AE,AE,AE,AE,AE,AE,AE,AE,AE,AE,AE,AE
HIST 513,AE,AE,AE,AE,AE,AE,AE,AE,AE,AE,AE,AE,AE,AE,AE,AE,AE,AE,AE,AE,AE,AE,AE,AE,AE,AE,AE,AE,AE,AE,AE,AE,AE,AE,AE,AE,AE,AE,AE,AE,AE,AE,AE,AE,AE,AE,AE,AE,AE,AE,AE,AE,AE,AE,AE,AE,AE,AE,AE,AE,AE,AE,AE,AE,AE,AE,AE,AE,AE,AE,,,,,,,,,,,,
HIST 514,AE,AE,AE,AE,AE,AE,AE,AE,AE,AE,AE,AE,AE,AE,AE,AE,AE,AE,AE,AE,AE,AE,AE,AE,AE,AE,AE,AE,AE,AE,AE,AE,AE,AE,AE,AE,AE,AE,AE,AE,AE,AE,AE,AE,AE,AE,AE,AE,AE,AE,AE,AE,AE,AE,AE,AE,AE,AE,AE,AE,AE,AE,AE,AE,AE,AE,AE,AE,AE,AE,,,,,,,,,,,,
HIST 515,AE,AE,AE,AE,AE,AE,AE,AE,AE,AE,AE,AE,AE,AE,AE,AE,AE,AE,AE,AE,AE,AE,AE,AE,AE,AE,AE,AE,AE,AE,AE,AE,AE,AE,AE,AE,AE,AE,AE,AE,AE,AE,AE,AE,AE,AE,AE,AE,AE,AE,AE,AE,AE,AE,AE,AE,AE,AE,AE,AE,AE,AE,AE,AE,AE,AE,AE,AE,AE,,,,,,,,,,,,,
HIST 516,AE,AE,AE,AE,AE,AE,AE,AE,AE,AE,AE,AE,AE,AE,AE,AE,AE,AE,AE,AE,AE,AE,AE,AE,AE,AE,AE,AE,AE,AE,AE,AE,AE,AE,AE,AE,AE,AE,AE,AE,AE,AE,AE,AE,AE,AE,AE,AE,AE,AE,AE,AE,AE,AE,AE,AE,AE,AE,AE,AE,AE,AE,AE,AE,AE,AE,AE,AE,AE,AE,,,,,,,,,,,,
HIST 517,AE,AE,AE,AE,AE,AE,AE,AE,AE,AE,AE,AE,AE,AE,AE,AE,AE,AE,AE,AE,AE,AE,AE,AE,AE,AE,AE,AE,AE,AE,AE,AE,AE,AE,AE,AE,AE,AE,AE,AE,AE,AE,AE,AE,AE,AE,AE,AE,AE,AE,AE,AE,AE,AE,AE,AE,AE,AE,AE,AE,AE,AE,AE,AE,AE,AE,AE,AE,AE,,,,,,,,,,,,,
HIST 519,AE,AE,AE,AE,AE,AE,AE,AE,AE,AE,AE,AE,AE,AE,AE,AE,AE,AE,AE,AE,AE,AE,AE,AE,AE,AE,AE,AE,AE,AE,AE,AE,AE,AE,AE,AE,AE,AE,AE,AE,AE,AE,AE,AE,AE,AE,AE,AE,AE,AE,AE,AE,AE,AE,AE,AE,AE,AE,AE,AE,AE,AE,AE,AE,AE,AE,AE,AE,AE,AE,,,,,,,,,,,,
HIST 521,AE,AE,AE,AE,AE,AE,AE,AE,AE,AE,AE,AE,AE,AE,AE,AE,AE,AE,AE,AE,AE,AE,AE,AE,AE,AE,AE,AE,AE,AE,AE,AE,AE,AE,AE,AE,AE,AE,AE,AE,AE,AE,AE,AE,AE,AE,AE,AE,AE,AE,AE,AE,AE,AE,AE,AE,AE,AE,AE,AE,AE,AE,AE,AE,AE,AE,AE,AE,AE,AE,AE,AE,AE,AE,AE,AE,AE,AE,AE,AE,AE,AE
HIST 524,AE,AE,AE,AE,AE,AE,AE,AE,AE,AE,AE,AE,AE,AE,AE,AE,AE,AE,AE,AE,AE,AE,AE,AE,AE,AE,AE,AE,AE,AE,AE,AE,AE,AE,AE,AE,AE,AE,AE,AE,AE,AE,AE,AE,AE,AE,AE,AE,AE,AE,AE,AE,AE,AE,AE,AE,AE,AE,AE,AE,AE,AE,AE,AE,AE,AE,AE,AE,AE,AE,AE,AE,AE,AE,AE,AE,AE,AE,AE,AE,AE,AE
HIST 525,AE,AE,AE,AE,AE,AE,AE,AE,AE,AE,AE,AE,AE,AE,AE,AE,AE,AE,AE,AE,AE,AE,AE,AE,AE,AE,AE,AE,AE,AE,AE,AE,AE,AE,AE,AE,AE,AE,AE,AE,AE,AE,AE,AE,AE,AE,AE,AE,AE,AE,AE,AE,AE,AE,AE,AE,AE,AE,AE,AE,AE,AE,AE,AE,AE,AE,AE,AE,AE,AE,AE,AE,AE,AE,AE,AE,AE,AE,AE,AE,AE,AE
HIST 526,AE,AE,AE,AE,AE,AE,AE,,,,,,,,,,,,,,,,,,,,,,,,,,,,,,,,,,,,,,,,,,,,,,,,,,,,,,,,,,,,,,,,,,,,,,,,,,,
HIST 527,AE,AE,AE,AE,AE,AE,AE,AE,AE,AE,AE,AE,AE,AE,AE,AE,AE,AE,AE,AE,AE,AE,AE,AE,AE,AE,AE,AE,AE,AE,AE,AE,AE,AE,AE,AE,AE,AE,AE,AE,AE,AE,AE,AE,AE,AE,AE,AE,AE,AE,AE,AE,AE,AE,AE,AE,AE,AE,AE,AE,AE,AE,AE,AE,AE,AE,AE,AE,AE,AE,,,,,,,,,,,,
HIST 531,AE,AE,AE,AE,AE,AE,AE,AE,AE,AE,AE,AE,AE,AE,AE,AE,AE,AE,AE,AE,AE,AE,AE,AE,AE,AE,AE,AE,AE,AE,AE,AE,AE,AE,AE,AE,AE,AE,AE,AE,AE,AE,AE,AE,AE,AE,AE,AE,AE,AE,AE,AE,AE,AE,AE,AE,AE,AE,AE,AE,AE,AE,AE,AE,AE,AE,AE,AE,AE,,,,,,,,,,,,,
HIST 532,AE,AE,AE,AE,AE,AE,AE,AE,AE,AE,AE,AE,AE,AE,AE,AE,AE,AE,AE,AE,AE,AE,AE,AE,AE,AE,AE,AE,AE,AE,AE,AE,AE,AE,AE,AE,AE,AE,AE,AE,AE,AE,AE,AE,AE,AE,AE,AE,AE,AE,AE,AE,AE,AE,AE,AE,AE,AE,AE,AE,AE,AE,AE,,,,,,,,,,,,,,,,,,,
HIST 533,AE,AE,AE,AE,AE,AE,AE,AE,AE,AE,AE,AE,AE,AE,AE,AE,AE,AE,AE,AE,AE,AE,AE,AE,AE,AE,AE,AE,AE,AE,AE,AE,AE,AE,AE,AE,AE,AE,AE,AE,AE,AE,AE,AE,AE,AE,AE,AE,AE,AE,AE,AE,AE,AE,AE,AE,AE,AE,AE,AE,AE,AE,AE,AE,AE,AE,AE,AE,AE,AE,,,,,,,,,,,,
HIST 534,AE,AE,AE,AE,AE,AE,AE,AE,AE,AE,AE,AE,AE,AE,AE,AE,AE,AE,AE,AE,AE,AE,AE,AE,AE,AE,AE,AE,AE,AE,AE,AE,AE,AE,AE,AE,AE,AE,AE,AE,AE,AE,AE,AE,AE,AE,AE,AE,AE,,,,,,,,,,,,,,,,,,,,,,,,,,,,,,,,,
HIST 535,AE,AE,AE,AE,AE,AE,AE,AE,AE,AE,AE,AE,AE,AE,AE,AE,AE,AE,AE,AE,AE,AE,AE,AE,AE,AE,AE,AE,AE,AE,AE,AE,AE,AE,AE,AE,AE,AE,AE,AE,AE,AE,AE,AE,AE,AE,AE,AE,AE,AE,AE,AE,AE,AE,AE,AE,AE,AE,AE,AE,AE,AE,AE,AE,AE,AE,AE,AE,AE,AE,AE,AE,AE,AE,AE,AE,AE,AE,AE,AE,AE,AE
HIST 536,AE,AE,AE,AE,AE,AE,AE,AE,AE,AE,AE,AE,AE,AE,AE,AE,AE,AE,AE,AE,AE,AE,AE,AE,AE,AE,AE,AE,AE,AE,AE,AE,AE,AE,AE,AE,AE,AE,AE,AE,AE,AE,AE,AE,AE,AE,AE,AE,AE,AE,AE,AE,AE,AE,AE,AE,AE,AE,AE,AE,AE,AE,AE,AE,AE,AE,,,,,,,,,,,,,,,,
HIST 538,AE,AE,AE,AE,AE,AE,AE,AE,AE,AE,AE,AE,AE,AE,AE,AE,AE,AE,AE,AE,AE,AE,AE,AE,AE,AE,AE,AE,AE,AE,AE,AE,AE,AE,AE,AE,AE,AE,AE,AE,AE,AE,AE,AE,AE,AE,AE,AE,AE,AE,AE,AE,AE,AE,AE,AE,AE,AE,AE,AE,AE,AE,AE,AE,AE,AE,AE,AE,AE,AE,,,,,,,,,,,,
HIST 539,AE,AE,AE,AE,AE,AE,AE,AE,AE,AE,AE,AE,AE,AE,AE,AE,AE,AE,AE,AE,AE,AE,AE,AE,AE,AE,AE,AE,AE,AE,AE,AE,AE,AE,AE,AE,AE,AE,AE,AE,AE,AE,AE,AE,AE,AE,AE,AE,AE,AE,AE,AE,AE,AE,AE,AE,AE,AE,AE,AE,AE,AE,AE,AE,AE,AE,AE,AE,AE,AE,AE,AE,AE,AE,AE,AE,AE,AE,AE,AE,AE,AE
HIST 541,AE,AE,AE,AE,AE,AE,AE,AE,AE,AE,AE,AE,AE,AE,AE,AE,AE,AE,AE,AE,AE,AE,AE,AE,AE,AE,AE,AE,AE,AE,AE,AE,AE,AE,AE,AE,AE,AE,AE,AE,AE,AE,,,,,,,,,,,,,,,,,,,,,,,,,,,,,,,,,,,,,,,,
HIST 547,AE,AE,AE,AE,AE,AE,AE,AE,AE,AE,AE,AE,AE,AE,AE,AE,AE,AE,AE,AE,AE,AE,AE,AE,AE,AE,AE,AE,AE,AE,AE,AE,AE,AE,AE,AE,AE,AE,AE,AE,AE,AE,AE,AE,AE,AE,AE,AE,AE,AE,AE,AE,AE,AE,AE,AE,AE,AE,AE,AE,AE,AE,AE,AE,AE,AE,AE,AE,AE,AE,,,,,,,,,,,,
HIST 549,AE,AE,AE,AE,AE,AE,AE,AE,AE,AE,AE,AE,AE,AE,AE,AE,AE,AE,AE,AE,AE,AE,AE,AE,AE,AE,AE,AE,AE,AE,AE,AE,AE,AE,AE,AE,AE,AE,AE,AE,AE,AE,AE,AE,AE,AE,AE,AE,AE,AE,AE,AE,AE,AE,,,,,,,,,,,,,,,,,,,,,,,,,,,,
HIST 550,AE,AE,AE,AE,AE,AE,AE,AE,AE,AE,AE,AE,AE,AE,AE,AE,AE,AE,AE,AE,AE,AE,AE,AE,AE,AE,AE,AE,AE,AE,AE,AE,AE,AE,AE,AE,AE,AE,AE,AE,AE,AE,AE,AE,AE,AE,AE,AE,AE,AE,AE,AE,AE,AE,AE,AE,AE,AE,AE,AE,AE,AE,AE,AE,AE,AE,AE,AE,AE,AE,,,,,,,,,,,,
HIST 553,AE,AE,AE,AE,AE,AE,AE,AE,AE,AE,AE,AE,AE,AE,AE,AE,AE,AE,AE,AE,AE,AE,AE,AE,AE,AE,AE,AE,AE,AE,AE,AE,AE,AE,AE,AE,AE,AE,AE,AE,AE,AE,AE,AE,AE,AE,AE,AE,AE,AE,AE,AE,AE,AE,AE,AE,AE,AE,AE,AE,AE,AE,AE,AE,AE,AE,AE,AE,AE,AE,,,,,,,,,,,,
HIST 555,AE,AE,AE,AE,AE,AE,AE,AE,AE,AE,AE,AE,AE,AE,AE,AE,AE,AE,AE,AE,AE,AE,AE,AE,AE,AE,AE,AE,AE,AE,AE,AE,AE,AE,AE,AE,AE,AE,AE,AE,AE,AE,AE,AE,AE,AE,AE,AE,AE,AE,AE,AE,AE,AE,AE,AE,AE,AE,AE,AE,AE,AE,AE,AE,AE,AE,AE,AE,AE,AE,,,,,,,,,,,,
HIST 556,AE,AE,AE,AE,AE,AE,AE,AE,AE,AE,AE,AE,AE,AE,AE,AE,AE,AE,AE,AE,AE,AE,AE,AE,AE,AE,AE,AE,AE,AE,AE,AE,AE,AE,AE,AE,AE,AE,AE,AE,AE,AE,AE,AE,AE,AE,AE,AE,AE,AE,AE,AE,AE,AE,AE,AE,AE,AE,AE,AE,AE,AE,AE,AE,AE,AE,AE,AE,AE,AE,,,,,,,,,,,,
HIST 561,AE,AE,AE,AE,AE,AE,AE,AE,AE,AE,AE,AE,AE,AE,AE,AE,AE,AE,AE,AE,AE,AE,AE,AE,AE,AE,AE,AE,AE,AE,AE,AE,AE,AE,AE,AE,AE,AE,AE,AE,AE,AE,AE,AE,AE,AE,AE,AE,AE,AE,AE,AE,AE,AE,AE,AE,AE,AE,AE,AE,AE,AE,AE,AE,AE,AE,AE,AE,AE,AE,AE,AE,AE,AE,AE,AE,AE,AE,AE,AE,AE,AE
HIST 562,AE,AE,AE,AE,AE,AE,AE,AE,AE,AE,AE,AE,AE,AE,AE,AE,AE,AE,AE,AE,AE,AE,AE,AE,AE,,,,,,,,,,,,,,,,,,,,,,,,,,,,,,,,,,,,,,,,,,,,,,,,,,,,,,,,,
HIST 563,AE,AE,AE,AE,AE,AE,AE,AE,AE,AE,AE,AE,AE,AE,AE,AE,AE,AE,AE,AE,AE,AE,AE,AE,AE,AE,AE,AE,AE,AE,AE,AE,AE,AE,AE,AE,AE,AE,AE,AE,AE,AE,AE,AE,AE,AE,AE,AE,AE,AE,AE,AE,AE,AE,AE,AE,AE,AE,AE,AE,AE,AE,AE,AE,AE,AE,AE,AE,AE,AE,,,,,,,,,,,,
HIST 564,AE,AE,AE,AE,AE,AE,AE,AE,AE,AE,AE,AE,AE,AE,AE,AE,AE,AE,AE,AE,AE,AE,AE,AE,AE,AE,AE,AE,AE,AE,AE,AE,AE,AE,AE,AE,AE,AE,AE,AE,AE,AE,AE,AE,AE,AE,AE,AE,AE,AE,AE,AE,AE,AE,AE,AE,AE,AE,AE,AE,AE,AE,AE,AE,AE,AE,AE,AE,AE,AE,,,,,,,,,,,,
HIST 565,AE,AE,AE,AE,AE,AE,AE,AE,AE,AE,AE,AE,AE,AE,AE,AE,AE,AE,AE,AE,AE,AE,AE,AE,AE,AE,AE,AE,AE,AE,AE,AE,AE,AE,AE,AE,AE,AE,AE,AE,AE,AE,AE,AE,AE,AE,AE,AE,AE,AE,AE,AE,AE,AE,AE,AE,AE,AE,AE,AE,AE,AE,AE,AE,AE,AE,AE,AE,AE,AE,,,,,,,,,,,,
HIST 570,AE,AE,AE,AE,AE,AE,AE,AE,AE,AE,AE,AE,AE,AE,AE,AE,AE,AE,AE,AE,AE,AE,AE,AE,AE,AE,AE,AE,AE,AE,AE,AE,AE,AE,AE,AE,AE,AE,AE,AE,AE,AE,AE,AE,AE,AE,AE,AE,AE,AE,AE,AE,AE,AE,AE,AE,AE,AE,AE,AE,AE,AE,AE,AE,AE,AE,AE,AE,AE,AE,,,,,,,,,,,,
HIST 571,AE,AE,AE,AE,AE,AE,AE,AE,AE,AE,AE,AE,AE,AE,AE,AE,AE,AE,AE,AE,AE,AE,AE,AE,AE,AE,AE,AE,AE,AE,AE,AE,AE,AE,AE,AE,AE,AE,AE,AE,AE,AE,AE,AE,AE,AE,AE,AE,AE,AE,AE,AE,AE,AE,AE,AE,AE,AE,AE,AE,AE,AE,AE,AE,AE,AE,AE,AE,AE,AE,AE,AE,AE,AE,AE,AE,AE,AE,AE,AE,AE,AE
HIST 572,AE,AE,AE,AE,AE,AE,AE,AE,AE,AE,AE,AE,AE,AE,AE,AE,AE,AE,AE,AE,AE,AE,AE,AE,AE,AE,AE,AE,AE,AE,AE,AE,AE,AE,AE,AE,AE,AE,AE,AE,AE,AE,AE,AE,AE,AE,AE,AE,AE,AE,AE,AE,AE,AE,AE,AE,AE,AE,AE,AE,AE,AE,AE,AE,AE,AE,AE,AE,AE,AE,AE,AE,AE,AE,AE,AE,AE,AE,AE,AE,AE,AE
HIST 573,AE,AE,AE,AE,AE,AE,AE,AE,AE,AE,AE,AE,AE,AE,AE,AE,AE,AE,AE,AE,AE,AE,AE,AE,AE,AE,AE,AE,AE,AE,AE,AE,AE,AE,AE,AE,AE,AE,AE,AE,AE,AE,AE,AE,AE,AE,AE,AE,AE,AE,AE,AE,AE,AE,AE,AE,AE,AE,AE,AE,AE,AE,AE,AE,AE,AE,AE,AE,AE,AE,AE,AE,AE,AE,AE,AE,AE,AE,AE,AE,AE,AE
HIST 575,AE,AE,AE,AE,AE,AE,AE,AE,AE,AE,AE,AE,AE,AE,AE,AE,AE,AE,AE,AE,AE,AE,AE,AE,AE,AE,AE,AE,AE,AE,AE,AE,AE,AE,AE,AE,AE,AE,AE,AE,AE,AE,AE,AE,AE,AE,AE,AE,AE,AE,AE,AE,AE,AE,AE,AE,AE,AE,AE,AE,AE,AE,AE,AE,AE,AE,AE,AE,AE,AE,,,,,,,,,,,,
HIST 576,AE,AE,AE,AE,AE,AE,AE,AE,AE,AE,AE,AE,AE,AE,AE,AE,AE,AE,AE,AE,AE,AE,AE,AE,AE,AE,AE,AE,AE,AE,AE,AE,AE,AE,AE,AE,AE,AE,AE,AE,AE,AE,AE,AE,AE,AE,AE,AE,AE,AE,AE,AE,AE,AE,AE,AE,AE,AE,AE,AE,AE,AE,AE,AE,AE,AE,AE,AE,AE,AE,,,,,,,,,,,,
HIST 581,AE,AE,AE,AE,AE,AE,AE,AE,AE,AE,AE,AE,AE,AE,AE,AE,AE,AE,AE,AE,AE,AE,AE,AE,AE,AE,AE,AE,AE,AE,AE,AE,AE,AE,AE,AE,AE,AE,AE,AE,AE,AE,AE,AE,AE,AE,AE,AE,AE,AE,AE,AE,AE,AE,AE,AE,AE,AE,AE,AE,AE,AE,AE,AE,AE,AE,AE,AE,AE,AE,AE,AE,AE,AE,AE,AE,AE,AE,AE,AE,AE,AE
HIST 583,AE,AE,AE,AE,AE,AE,AE,,,,,,,,,,,,,,,,,,,,,,,,,,,,,,,,,,,,,,,,,,,,,,,,,,,,,,,,,,,,,,,,,,,,,,,,,,,
HIST 585,AE,AE,AE,AE,AE,AE,AE,AE,AE,AE,AE,AE,AE,AE,AE,AE,AE,AE,AE,AE,AE,AE,AE,AE,AE,AE,AE,AE,AE,AE,AE,AE,AE,AE,AE,AE,AE,AE,AE,AE,AE,AE,AE,AE,AE,AE,AE,AE,AE,AE,AE,AE,AE,AE,AE,AE,AE,AE,AE,AE,,,,,,,,,,,,,,,,,,,,,,
HIST 586,AE,AE,AE,AE,AE,AE,AE,AE,AE,AE,AE,AE,AE,AE,AE,AE,AE,AE,AE,AE,AE,AE,AE,AE,AE,AE,AE,AE,AE,AE,AE,AE,AE,AE,AE,AE,AE,AE,AE,AE,AE,AE,AE,AE,AE,AE,AE,AE,AE,AE,AE,AE,AE,AE,AE,AE,AE,AE,AE,AE,AE,AE,AE,AE,AE,AE,AE,AE,AE,AE,,,,,,,,,,,,
HIST 587,AE,AE,AE,AE,AE,AE,AE,AE,AE,AE,AE,AE,AE,AE,AE,AE,AE,AE,AE,AE,AE,AE,AE,AE,AE,AE,AE,AE,AE,AE,AE,AE,AE,AE,AE,AE,AE,AE,AE,AE,AE,AE,AE,AE,AE,AE,AE,AE,AE,AE,AE,AE,AE,AE,AE,AE,AE,AE,AE,AE,AE,AE,AE,AE,AE,AE,AE,AE,AE,AE,,,,,,,,,,,,
HIST 588,AE,AE,AE,AE,AE,AE,AE,AE,AE,AE,AE,AE,AE,AE,AE,AE,AE,AE,AE,AE,AE,AE,AE,AE,AE,AE,AE,AE,AE,AE,AE,AE,AE,AE,AE,AE,AE,AE,AE,AE,AE,AE,AE,AE,AE,AE,AE,AE,AE,AE,AE,AE,AE,AE,AE,AE,AE,AE,AE,AE,AE,AE,AE,AE,AE,AE,AE,AE,AE,AE,,,,,,,,,,,,
HIST 589,AE,AE,AE,AE,AE,AE,AE,AE,AE,AE,AE,AE,AE,AE,AE,AE,AE,AE,AE,AE,AE,AE,AE,AE,AE,AE,AE,AE,AE,AE,AE,AE,AE,AE,AE,AE,AE,AE,AE,AE,AE,AE,AE,AE,AE,AE,AE,AE,AE,AE,AE,AE,AE,AE,AE,AE,AE,AE,AE,AE,AE,AE,AE,AE,AE,AE,AE,AE,AE,AE,AE,AE,AE,AE,AE,AE,AE,AE,AE,AE,AE,AE
HIST 591,AE,AE,AE,AE,AE,AE,AE,AE,AE,AE,AE,AE,AE,AE,AE,AE,AE,AE,AE,AE,AE,AE,AE,AE,AE,AE,AE,AE,AE,AE,AE,AE,AE,AE,AE,AE,AE,AE,AE,AE,AE,AE,AE,AE,AE,AE,AE,AE,AE,AE,AE,AE,AE,AE,AE,AE,AE,AE,AE,AE,AE,AE,AE,AE,AE,AE,AE,AE,AE,AE,AE,AE,AE,AE,AE,AE,AE,AE,AE,AE,AE,AE
HIST 592,AE,AE,AE,AE,AE,AE,AE,AE,AE,AE,AE,AE,AE,AE,AE,AE,AE,AE,AE,AE,AE,AE,AE,AE,AE,AE,AE,AE,AE,AE,AE,AE,AE,AE,AE,AE,AE,AE,AE,AE,AE,AE,AE,AE,AE,AE,AE,AE,AE,AE,AE,AE,AE,AE,AE,AE,AE,AE,AE,AE,AE,AE,AE,AE,AE,AE,AE,AE,AE,AE,AE,AE,AE,AE,AE,,,,,,,
HIST 593,AE,AE,AE,AE,AE,AE,AE,AE,AE,AE,AE,AE,AE,AE,AE,AE,AE,AE,AE,AE,AE,AE,AE,AE,AE,AE,AE,AE,AE,AE,AE,AE,AE,AE,AE,AE,AE,AE,AE,AE,AE,AE,AE,AE,AE,AE,AE,AE,AE,AE,AE,AE,AE,AE,AE,AE,AE,AE,AE,AE,AE,AE,AE,AE,AE,AE,AE,AE,AE,AE,,,,,,,,,,,,
HIST 594,AE,AE,AE,AE,AE,AE,AE,,,,,,,,,,,,,,,,,,,,,,,,,,,,,,,,,,,,,,,,,,,,,,,,,,,,,,,,,,,,,,,,,,,,,,,,,,,
HIST 596,AE,AE,AE,AE,AE,AE,AE,AE,AE,AE,AE,AE,AE,AE,AE,AE,AE,AE,AE,AE,AE,AE,AE,AE,AE,AE,AE,AE,AE,AE,AE,AE,AE,AE,AE,AE,AE,AE,AE,AE,AE,AE,AE,AE,AE,AE,AE,AE,AE,AE,AE,AE,AE,AE,AE,AE,AE,AE,AE,AE,AE,AE,AE,AE,AE,AE,AE,AE,AE,AE,,,,,,,,,,,,
HIST 597,AE,AE,AE,AE,AE,AE,AE,AE,AE,AE,AE,AE,AE,AE,AE,AE,AE,AE,AE,AE,AE,AE,AE,AE,AE,AE,AE,AE,AE,AE,AE,AE,AE,AE,AE,AE,AE,AE,AE,AE,AE,AE,AE,AE,AE,AE,AE,AE,AE,AE,AE,AE,AE,AE,AE,AE,AE,AE,AE,AE,AE,AE,AE,AE,AE,AE,AE,AE,AE,AE,,,,,,,,,,,,
HIST 598,AE,AE,AE,AE,AE,AE,AE,AE,AE,AE,AE,AE,AE,AE,AE,AE,AE,AE,AE,AE,AE,AE,AE,AE,AE,AE,AE,AE,AE,AE,AE,AE,AE,AE,AE,AE,,,,,,,,,,,,,,,,,,,,,,,,,,,,,,,,,,,,,,,,,,,,,,
HIST 601,AE,AE,AE,AE,AE,AE,AE,AE,AE,AE,AE,AE,AE,AE,AE,AE,AE,AE,AE,AE,AE,AE,AE,AE,AE,AE,AE,AE,AE,AE,AE,AE,AE,AE,AE,AE,AE,AE,AE,AE,AE,AE,AE,AE,AE,AE,AE,AE,AE,AE,AE,AE,AE,AE,AE,AE,AE,AE,AE,AE,AE,AE,AE,AE,AE,AE,AE,AE,AE,AE,AE,AE,AE,AE,AE,AE,AE,AE,AE,AE,AE,AE
HIST 602,AE,AE,AE,AE,AE,AE,AE,AE,AE,AE,AE,AE,AE,AE,AE,AE,AE,AE,AE,AE,AE,AE,AE,AE,AE,AE,AE,AE,AE,AE,AE,AE,AE,AE,AE,AE,AE,AE,AE,AE,AE,AE,AE,AE,AE,AE,AE,AE,AE,AE,AE,AE,AE,AE,AE,AE,AE,AE,AE,AE,AE,AE,AE,AE,AE,AE,AE,AE,AE,AE,AE,AE,AE,AE,AE,AE,AE,AE,AE,AE,AE,AE
HIST 609,AE,AE,AE,AE,AE,AE,AE,AE,AE,AE,AE,AE,AE,AE,AE,AE,AE,AE,AE,AE,AE,AE,AE,AE,AE,AE,AE,AE,AE,AE,AE,AE,AE,AE,AE,AE,AE,AE,AE,AE,AE,AE,AE,AE,AE,AE,AE,AE,AE,AE,AE,AE,AE,AE,AE,AE,AE,AE,AE,AE,AE,AE,AE,AE,AE,AE,AE,AE,AE,AE,AE,AE,AE,AE,AE,AE,AE,AE,AE,AE,AE,AE
HIST 610,AE,AE,AE,AE,AE,AE,AE,AE,AE,AE,AE,AE,AE,AE,AE,AE,AE,AE,AE,AE,AE,AE,AE,AE,AE,AE,AE,AE,AE,AE,AE,AE,AE,AE,AE,AE,AE,AE,AE,AE,AE,AE,AE,AE,AE,AE,AE,AE,AE,AE,AE,AE,AE,AE,AE,AE,AE,AE,AE,AE,AE,AE,AE,AE,AE,AE,AE,AE,AE,AE,AE,AE,AE,AE,AE,AE,AE,AE,AE,AE,AE,AE
HIST 611,AE,AE,AE,AE,AE,AE,AE,AE,AE,AE,AE,AE,AE,AE,AE,AE,AE,AE,AE,AE,AE,AE,AE,AE,AE,AE,AE,AE,AE,AE,AE,AE,AE,AE,AE,AE,AE,AE,AE,AE,AE,AE,AE,AE,AE,AE,AE,AE,AE,AE,AE,AE,AE,AE,,,,,,,,,,,,,,,,,,,,,,,,,,,,
HIST 613,AE,AE,AE,AE,AE,AE,AE,AE,AE,AE,AE,AE,AE,AE,AE,AE,AE,AE,AE,AE,AE,AE,AE,AE,AE,AE,AE,AE,AE,AE,AE,AE,AE,AE,AE,AE,AE,AE,AE,AE,AE,AE,AE,AE,AE,AE,AE,AE,AE,AE,AE,AE,AE,AE,AE,AE,AE,AE,AE,AE,AE,AE,AE,AE,AE,AE,AE,AE,AE,AE,AE,AE,AE,AE,AE,AE,AE,AE,AE,AE,AE,AE
HIST 621,AE,AE,AE,AE,AE,AE,AE,AE,AE,AE,AE,AE,AE,AE,AE,AE,AE,AE,AE,AE,AE,AE,AE,AE,AE,AE,AE,AE,AE,AE,AE,AE,AE,AE,AE,AE,AE,AE,AE,AE,AE,AE,AE,AE,AE,AE,AE,AE,AE,AE,AE,AE,AE,AE,,,,,,,,,,,,,,,,,,,,,,,,,,,,
HIST 622,AE,AE,AE,AE,AE,AE,AE,AE,AE,AE,AE,AE,AE,AE,AE,AE,AE,AE,AE,AE,AE,AE,AE,AE,AE,AE,AE,AE,AE,AE,AE,AE,AE,AE,AE,AE,AE,AE,AE,AE,AE,AE,AE,AE,AE,AE,AE,AE,AE,AE,AE,AE,AE,AE,,,,,,,,,,,,,,,,,,,,,,,,,,,,
HIST 623,AE,AE,AE,AE,AE,AE,AE,AE,AE,AE,AE,AE,AE,AE,AE,AE,AE,AE,AE,AE,AE,AE,AE,AE,AE,AE,AE,AE,AE,AE,AE,AE,AE,AE,AE,AE,AE,AE,AE,AE,AE,AE,AE,AE,AE,AE,AE,AE,AE,AE,AE,AE,AE,AE,AE,AE,AE,AE,AE,AE,AE,AE,AE,AE,AE,AE,AE,AE,AE,AE,,,,,,,,,,,,
HIST 625,AE,AE,AE,AE,AE,AE,AE,AE,AE,AE,AE,AE,AE,AE,AE,AE,AE,AE,AE,AE,AE,AE,AE,AE,AE,AE,AE,AE,AE,AE,AE,AE,AE,AE,AE,AE,AE,AE,AE,AE,AE,AE,AE,AE,AE,AE,AE,AE,AE,AE,AE,AE,AE,AE,AE,AE,AE,AE,AE,AE,AE,AE,AE,AE,AE,AE,AE,AE,AE,AE,AE,AE,AE,AE,AE,AE,AE,AE,AE,AE,AE,AE
HIST 631,AE,AE,AE,AE,AE,AE,AE,AE,AE,AE,AE,AE,AE,AE,AE,AE,AE,AE,AE,AE,AE,AE,AE,AE,AE,AE,AE,AE,AE,AE,AE,AE,AE,AE,AE,AE,AE,AE,AE,AE,AE,AE,AE,AE,AE,AE,AE,AE,AE,AE,AE,AE,AE,AE,AE,AE,AE,AE,AE,AE,AE,AE,AE,AE,AE,AE,AE,AE,AE,AE,,,,,,,,,,,,
HIST 632,AE,AE,AE,AE,AE,AE,AE,AE,AE,AE,AE,AE,AE,AE,AE,AE,AE,AE,AE,AE,AE,AE,AE,AE,AE,AE,AE,AE,AE,AE,AE,AE,AE,AE,AE,AE,AE,AE,AE,AE,AE,AE,AE,AE,AE,AE,AE,AE,AE,AE,AE,AE,AE,AE,AE,AE,AE,AE,AE,AE,AE,AE,AE,AE,AE,AE,AE,AE,AE,AE,,,,,,,,,,,,
HIST 633,AE,AE,AE,AE,AE,AE,AE,AE,AE,AE,AE,AE,AE,AE,AE,AE,AE,AE,AE,AE,AE,AE,AE,AE,AE,AE,AE,AE,AE,AE,AE,AE,AE,AE,AE,AE,AE,AE,AE,AE,AE,AE,AE,AE,AE,AE,AE,AE,AE,AE,AE,AE,AE,AE,AE,AE,AE,AE,AE,AE,AE,AE,AE,AE,AE,AE,AE,AE,AE,AE,,,,,,,,,,,,
HIST 634,AE,AE,AE,AE,AE,AE,AE,AE,AE,AE,AE,AE,AE,AE,AE,AE,AE,AE,AE,AE,AE,AE,AE,AE,AE,AE,AE,AE,AE,AE,AE,AE,AE,AE,AE,AE,AE,AE,AE,AE,AE,AE,AE,AE,AE,AE,AE,AE,AE,AE,AE,AE,AE,AE,AE,AE,AE,AE,AE,AE,AE,AE,AE,AE,AE,AE,AE,AE,AE,AE,,,,,,,,,,,,
HIST 635,AE,AE,AE,AE,AE,AE,AE,AE,AE,AE,AE,AE,AE,AE,AE,AE,AE,AE,AE,AE,AE,AE,AE,AE,AE,AE,AE,AE,AE,AE,AE,AE,AE,AE,AE,AE,AE,AE,AE,AE,AE,AE,AE,AE,AE,AE,AE,AE,AE,AE,AE,AE,AE,AE,AE,AE,AE,AE,AE,AE,AE,AE,AE,AE,AE,AE,AE,AE,AE,AE,,,,,,,,,,,,
HIST 636,AE,AE,AE,AE,AE,AE,AE,AE,AE,AE,AE,AE,AE,AE,AE,AE,AE,AE,AE,AE,AE,AE,AE,AE,AE,AE,AE,AE,AE,AE,AE,AE,AE,AE,AE,AE,AE,AE,AE,AE,AE,AE,AE,AE,AE,AE,AE,AE,AE,AE,AE,AE,AE,AE,AE,AE,AE,AE,AE,AE,AE,AE,AE,AE,AE,AE,AE,AE,AE,AE,,,,,,,,,,,,
HIST 637,AE,AE,AE,AE,AE,AE,AE,AE,AE,AE,AE,AE,AE,AE,AE,AE,AE,AE,AE,AE,AE,AE,AE,AE,AE,AE,AE,AE,AE,AE,AE,AE,AE,AE,AE,AE,AE,AE,AE,AE,AE,AE,AE,AE,AE,AE,AE,AE,AE,AE,AE,AE,AE,AE,AE,AE,AE,AE,AE,AE,AE,AE,AE,AE,AE,AE,AE,AE,AE,AE,,,,,,,,,,,,
HIST 638,AE,AE,AE,AE,AE,AE,AE,AE,AE,AE,AE,AE,AE,AE,AE,AE,AE,AE,AE,AE,AE,AE,AE,AE,AE,AE,AE,AE,AE,AE,AE,AE,AE,AE,AE,AE,AE,AE,AE,AE,AE,AE,AE,AE,AE,AE,AE,AE,AE,AE,AE,AE,AE,AE,AE,AE,AE,AE,AE,AE,AE,AE,AE,AE,AE,AE,AE,AE,AE,AE,,,,,,,,,,,,
HIST 647,AE,AE,AE,AE,AE,AE,AE,AE,AE,AE,AE,AE,AE,AE,AE,AE,AE,AE,AE,AE,AE,AE,AE,AE,AE,AE,AE,AE,AE,AE,AE,AE,AE,AE,AE,AE,AE,AE,AE,AE,AE,AE,AE,AE,AE,AE,AE,AE,AE,AE,AE,AE,AE,AE,,,,,,,,,,,,,,,,,,,,,,,,,,,,
HIST 650,AE,AE,AE,AE,AE,AE,AE,AE,AE,AE,AE,AE,AE,AE,AE,AE,AE,AE,AE,AE,AE,AE,AE,AE,AE,AE,AE,AE,AE,AE,AE,AE,AE,AE,AE,AE,AE,AE,AE,AE,AE,AE,AE,AE,AE,AE,AE,AE,AE,AE,AE,AE,AE,AE,AE,AE,AE,AE,AE,AE,AE,AE,AE,AE,AE,AE,AE,AE,AE,AE,,,,,,,,,,,,
HIST 652,AE,AE,AE,AE,AE,AE,AE,AE,AE,AE,AE,AE,AE,AE,AE,AE,AE,AE,AE,AE,AE,AE,AE,AE,AE,AE,AE,AE,AE,AE,AE,AE,AE,AE,AE,AE,AE,AE,AE,AE,AE,AE,AE,AE,AE,AE,AE,AE,AE,AE,AE,AE,AE,AE,,,,,,,,,,,,,,,,,,,,,,,,,,,,
HIST 653,AE,AE,AE,AE,AE,AE,AE,AE,AE,AE,AE,AE,AE,AE,AE,AE,AE,AE,AE,AE,AE,AE,AE,AE,AE,AE,AE,AE,AE,AE,AE,AE,AE,AE,AE,AE,AE,AE,AE,AE,AE,AE,AE,AE,AE,AE,AE,AE,AE,AE,AE,AE,AE,AE,,,,,,,,,,,,,,,,,,,,,,,,,,,,
HIST 664,AE,AE,AE,AE,AE,AE,AE,AE,AE,AE,AE,AE,AE,AE,AE,AE,AE,AE,AE,AE,AE,AE,AE,AE,AE,AE,AE,AE,AE,AE,AE,AE,AE,AE,AE,AE,AE,AE,AE,AE,AE,AE,AE,AE,AE,AE,AE,AE,AE,AE,AE,AE,AE,AE,AE,AE,AE,AE,AE,AE,AE,AE,AE,AE,AE,AE,AE,AE,AE,AE,,,,,,,,,,,,
HIST 669,AE,AE,AE,AE,AE,AE,AE,AE,AE,AE,AE,AE,AE,AE,AE,AE,AE,AE,AE,AE,AE,AE,AE,AE,AE,AE,AE,AE,AE,AE,AE,AE,AE,AE,AE,AE,AE,AE,AE,AE,AE,AE,AE,AE,AE,AE,AE,AE,AE,AE,AE,AE,AE,AE,AE,AE,AE,AE,AE,AE,AE,AE,AE,AE,AE,AE,AE,AE,AE,AE,,,,,,,,,,,,
HIST 671,AE,AE,AE,AE,AE,AE,AE,AE,AE,AE,AE,AE,AE,AE,AE,AE,AE,AE,AE,AE,AE,AE,AE,AE,AE,AE,AE,AE,AE,AE,AE,AE,AE,AE,AE,AE,AE,AE,AE,AE,AE,AE,AE,AE,AE,AE,AE,AE,AE,AE,AE,AE,AE,AE,AE,AE,AE,AE,AE,AE,AE,AE,AE,AE,AE,AE,AE,AE,AE,AE,,,,,,,,,,,,
HIST 672,AE,AE,AE,AE,AE,AE,AE,AE,AE,AE,AE,AE,AE,AE,AE,AE,AE,AE,AE,AE,AE,AE,AE,AE,AE,AE,AE,AE,AE,AE,AE,AE,AE,AE,AE,AE,AE,AE,AE,AE,AE,AE,AE,AE,AE,AE,AE,AE,AE,AE,AE,AE,AE,AE,AE,AE,AE,AE,AE,AE,AE,AE,AE,AE,AE,AE,AE,AE,AE,AE,AE,AE,AE,AE,AE,AE,AE,AE,AE,AE,AE,AE
HIST 681,AE,AE,AE,AE,AE,AE,AE,AE,AE,AE,AE,AE,AE,AE,AE,AE,AE,AE,AE,AE,AE,AE,AE,AE,AE,AE,AE,AE,AE,AE,AE,AE,AE,AE,AE,AE,AE,AE,AE,AE,AE,AE,AE,AE,AE,AE,AE,AE,AE,AE,AE,AE,AE,AE,AE,AE,AE,AE,AE,AE,AE,AE,AE,AE,AE,AE,AE,AE,AE,AE,AE,AE,AE,AE,AE,AE,AE,AE,AE,AE,AE,AE
HIST 682,AE,AE,AE,AE,AE,AE,AE,AE,AE,AE,AE,AE,AE,AE,AE,AE,AE,AE,AE,AE,AE,AE,AE,AE,AE,AE,AE,AE,AE,AE,AE,AE,AE,AE,AE,AE,AE,AE,AE,AE,AE,AE,AE,AE,AE,AE,AE,AE,AE,AE,AE,AE,AE,AE,AE,AE,AE,AE,AE,AE,AE,AE,AE,AE,AE,AE,AE,AE,AE,AE,AE,AE,AE,AE,AE,AE,AE,AE,AE,AE,AE,AE
HIST 689,AE,AE,AE,AE,AE,AE,AE,AE,AE,AE,AE,AE,AE,AE,AE,AE,AE,AE,AE,AE,AE,AE,AE,AE,AE,AE,AE,AE,AE,AE,AE,AE,AE,AE,AE,AE,AE,AE,AE,AE,AE,AE,AE,AE,AE,AE,AE,AE,AE,AE,AE,AE,AE,AE,AE,AE,AE,AE,AE,AE,AE,AE,AE,AE,AE,AE,AE,AE,AE,AE,,,,,,,,,,,,
HIST 690,AE,AE,AE,AE,AE,AE,AE,AE,AE,AE,AE,AE,AE,AE,AE,AE,AE,AE,AE,AE,AE,AE,AE,AE,AE,AE,AE,AE,AE,AE,AE,AE,AE,AE,AE,AE,AE,AE,AE,AE,AE,AE,AE,AE,AE,AE,AE,AE,AE,AE,AE,AE,AE,AE,AE,AE,AE,AE,AE,AE,AE,AE,AE,AE,AE,AE,AE,AE,AE,AE,,,,,,,,,,,,
HIST 692,AE,AE,AE,AE,AE,AE,AE,AE,AE,AE,AE,AE,AE,AE,AE,AE,AE,AE,AE,AE,AE,AE,AE,AE,AE,AE,AE,AE,AE,AE,AE,AE,AE,AE,AE,AE,AE,AE,AE,AE,AE,AE,AE,AE,AE,AE,AE,AE,AE,AE,AE,AE,AE,AE,AE,AE,AE,AE,AE,AE,AE,AE,AE,AE,AE,AE,AE,AE,AE,AE,AE,AE,AE,AE,AE,AE,AE,AE,AE,AE,AE,AE
HIST 694,AE,AE,AE,AE,AE,AE,AE,AE,AE,AE,AE,AE,AE,AE,AE,AE,AE,AE,AE,AE,AE,AE,AE,AE,AE,AE,AE,AE,AE,AE,AE,AE,AE,AE,AE,AE,AE,AE,AE,AE,AE,AE,AE,AE,AE,AE,AE,AE,AE,AE,AE,AE,AE,AE,,,,,,,,,,,,,,,,,,,,,,,,,,,,
HIST 695,AE,AE,AE,AE,AE,AE,AE,AE,AE,AE,AE,AE,AE,AE,AE,AE,AE,AE,AE,AE,AE,AE,AE,AE,AE,AE,AE,AE,AE,AE,AE,AE,AE,AE,AE,AE,AE,AE,AE,AE,AE,AE,AE,AE,AE,AE,AE,AE,AE,AE,AE,AE,AE,AE,AE,AE,AE,AE,AE,AE,AE,AE,AE,AE,AE,AE,AE,AE,AE,AE,,,,,,,,,,,,
HIST 696,AE,AE,AE,AE,AE,AE,AE,AE,AE,AE,AE,AE,AE,AE,AE,AE,AE,AE,AE,AE,AE,AE,AE,AE,AE,AE,AE,AE,AE,AE,AE,AE,AE,AE,AE,AE,AE,AE,AE,AE,AE,AE,AE,AE,AE,AE,AE,AE,AE,AE,AE,AE,AE,AE,AE,AE,AE,AE,AE,AE,AE,AE,AE,AE,AE,AE,AE,AE,AE,AE,,,,,,,,,,,,
HIST 697,AE,AE,AE,AE,AE,AE,AE,AE,AE,AE,AE,AE,AE,AE,AE,AE,AE,AE,AE,AE,AE,AE,AE,AE,AE,AE,AE,AE,AE,AE,AE,AE,AE,AE,AE,AE,AE,AE,AE,AE,AE,AE,AE,AE,AE,AE,AE,AE,AE,AE,AE,AE,AE,AE,AE,AE,AE,AE,AE,AE,AE,AE,AE,AE,AE,AE,AE,AE,AE,AE,,,,,,,,,,,,
HIST 698,AE,AE,AE,AE,,,,,,,,,,,,,,,,,,,,,,,,,,,,,,,,,,,,,,,,,,,,,,,,,,,,,,,,,,,,,,,,,,,,,,,,,,,,,,
HIST 702,AE,AE,AE,AE,AE,AE,AE,AE,AE,AE,AE,AE,AE,AE,AE,AE,AE,AE,AE,AE,AE,AE,AE,AE,AE,AE,AE,AE,AE,AE,AE,AE,AE,AE,AE,AE,AE,AE,AE,AE,AE,AE,AE,AE,AE,AE,AE,AE,AE,AE,AE,AE,AE,AE,AE,AE,AE,AE,AE,AE,AE,AE,AE,AE,AE,AE,AE,AE,AE,AE,AE,AE,AE,AE,AE,AE,AE,AE,AE,AE,AE,AE
HIST 712,AE,AE,AE,AE,AE,AE,AE,AE,AE,AE,AE,AE,AE,AE,AE,AE,AE,AE,AE,AE,AE,AE,AE,AE,AE,AE,AE,AE,AE,AE,AE,AE,AE,AE,AE,AE,AE,AE,AE,AE,AE,AE,AE,AE,AE,AE,AE,AE,AE,AE,AE,AE,AE,AE,AE,AE,AE,AE,AE,AE,AE,AE,AE,AE,AE,AE,AE,AE,AE,AE,AE,AE,AE,AE,AE,AE,AE,AE,AE,AE,AE,AE
HIST 714,AE,AE,AE,AE,AE,AE,AE,AE,AE,AE,AE,AE,AE,AE,AE,AE,AE,AE,AE,AE,AE,AE,AE,AE,AE,AE,AE,AE,AE,AE,AE,AE,AE,AE,AE,AE,AE,AE,AE,AE,AE,AE,AE,AE,AE,AE,AE,AE,AE,AE,AE,AE,AE,AE,AE,AE,AE,AE,AE,AE,AE,AE,AE,AE,AE,AE,AE,AE,AE,AE,AE,AE,AE,AE,AE,AE,AE,AE,AE,AE,AE,AE
HIST 715,AE,AE,AE,AE,AE,AE,AE,AE,AE,AE,AE,AE,AE,AE,AE,AE,AE,AE,AE,AE,AE,AE,AE,AE,AE,AE,AE,AE,AE,AE,AE,AE,AE,AE,AE,AE,AE,AE,AE,AE,AE,AE,AE,AE,AE,AE,AE,AE,AE,AE,AE,AE,AE,AE,AE,AE,AE,AE,AE,AE,AE,AE,AE,AE,AE,AE,AE,AE,AE,AE,AE,AE,AE,AE,AE,AE,AE,AE,AE,AE,AE,AE
HIST 742,AE,AE,AE,AE,AE,AE,AE,AE,AE,AE,AE,AE,AE,AE,AE,AE,AE,AE,AE,AE,AE,AE,AE,AE,AE,AE,AE,AE,AE,AE,AE,AE,AE,AE,AE,AE,AE,AE,AE,AE,AE,AE,AE,AE,AE,AE,AE,AE,AE,AE,AE,AE,AE,AE,AE,AE,AE,AE,AE,AE,AE,AE,AE,AE,AE,AE,AE,AE,AE,AE,AE,AE,AE,AE,AE,AE,AE,AE,AE,AE,AE,AE
HIST 751,AE,AE,AE,AE,AE,AE,AE,AE,AE,AE,AE,AE,AE,AE,AE,AE,AE,AE,AE,AE,AE,AE,AE,AE,AE,AE,AE,AE,AE,AE,AE,AE,AE,AE,AE,AE,AE,AE,AE,AE,AE,AE,AE,AE,AE,AE,AE,AE,AE,AE,AE,AE,AE,AE,AE,AE,AE,AE,AE,AE,AE,AE,AE,AE,AE,AE,AE,AE,AE,AE,AE,AE,AE,AE,AE,AE,AE,AE,AE,AE,AE,AE
HIST 762,AE,AE,AE,AE,AE,AE,AE,AE,AE,AE,AE,AE,AE,AE,AE,AE,AE,AE,AE,AE,AE,AE,AE,AE,AE,AE,AE,AE,AE,AE,AE,AE,AE,AE,AE,AE,AE,AE,AE,AE,AE,AE,AE,AE,AE,AE,AE,AE,AE,AE,AE,AE,AE,AE,AE,AE,AE,AE,AE,AE,AE,AE,AE,AE,AE,AE,AE,AE,AE,AE,AE,AE,AE,AE,AE,AE,AE,AE,AE,AE,AE,AE
HIST 771,AE,AE,AE,AE,AE,AE,AE,AE,AE,AE,AE,AE,AE,AE,AE,AE,AE,AE,AE,AE,AE,AE,AE,AE,AE,AE,AE,AE,AE,AE,AE,AE,AE,AE,AE,AE,AE,AE,AE,AE,AE,AE,AE,AE,AE,AE,AE,AE,AE,AE,AE,AE,AE,AE,AE,AE,AE,AE,AE,AE,AE,AE,AE,AE,AE,AE,AE,AE,AE,AE,AE,AE,AE,AE,AE,AE,AE,AE,AE,AE,AE,AE
HIST 781,AE,AE,AE,AE,AE,AE,AE,AE,AE,AE,AE,AE,AE,AE,AE,AE,AE,AE,AE,AE,AE,AE,AE,AE,AE,AE,AE,AE,AE,AE,AE,AE,AE,AE,AE,AE,AE,AE,AE,AE,AE,AE,AE,AE,AE,AE,AE,AE,AE,AE,AE,AE,AE,AE,AE,AE,AE,AE,AE,AE,AE,AE,AE,AE,AE,AE,AE,AE,AE,AE,AE,AE,AE,AE,AE,AE,AE,AE,AE,AE,AE,AE
HIST 791,AE,AE,AE,AE,AE,AE,AE,AE,AE,AE,AE,AE,AE,AE,AE,AE,AE,AE,AE,AE,AE,AE,AE,AE,AE,AE,AE,AE,AE,AE,AE,AE,AE,AE,AE,AE,AE,AE,AE,AE,AE,AE,AE,AE,AE,AE,AE,AE,AE,AE,AE,AE,AE,AE,AE,AE,AE,AE,AE,AE,AE,AE,AE,AE,AE,AE,AE,AE,AE,AE,AE,AE,AE,AE,AE,AE,AE,AE,AE,AE,AE,AE
HIST 799,AE,AE,AE,AE,AE,AE,AE,AE,AE,AE,AE,AE,AE,AE,AE,AE,AE,AE,AE,AE,AE,AE,AE,AE,AE,AE,AE,AE,AE,AE,AE,AE,AE,AE,AE,AE,AE,AE,AE,AE,AE,AE,AE,AE,AE,AE,AE,AE,AE,AE,AE,AE,AE,AE,AE,AE,AE,AE,AE,AE,AE,AE,AE,AE,AE,AE,AE,AE,AE,AE,AE,AE,AE,AE,AE,AE,AE,AE,AE,AE,AE,AE
HUM 371,AE,AE,AE,AE,AE,AE,AE,AE,AE,AE,AE,AE,AE,AE,AE,AE,AE,AE,AE,AE,AE,AE,AE,AE,AE,AE,AE,AE,AE,AE,AE,AE,AE,AE,AE,AE,AE,AE,AE,AE,AE,AE,AE,AE,AE,AE,AE,AE,AE,AE,AE,AE,AE,AE,AE,AE,AE,AE,AE,AE,AE,AE,AE,AE,AE,AE,AE,AE,AE,AE,AE,AE,AE,AE,AE,AE,AE,AE,AE,AE,AE,AE
IE 515,AE,AE,AE,AE,AE,AE,AE,AE,AE,AE,AE,AE,AE,AE,AE,AE,AE,AE,AE,AE,AE,AE,AE,AE,AE,AE,AE,AE,AE,AE,AE,AE,AE,AE,AE,AE,AE,AE,AE,AE,AE,AE,AE,AE,AE,AE,AE,AE,AE,AE,AE,AE,AE,AE,AE,AE,AE,AE,AE,AE,AE,AE,AE,AE,AE,AE,AE,AE,AE,AE,AE,AE,AE,AE,AE,AE,AE,AE,AE,AE,AE,AE
IE 516,AE,AE,AE,AE,AE,AE,AE,AE,AE,AE,AE,AE,AE,AE,AE,AE,AE,AE,AE,AE,AE,AE,AE,AE,AE,AE,AE,AE,AE,AE,AE,AE,AE,AE,AE,AE,AE,AE,AE,AE,AE,AE,AE,AE,AE,AE,AE,AE,AE,AE,AE,AE,AE,AE,AE,AE,AE,,,,,,,,,,,,,,,,,,,,,,,,,
IE 525,AE,AE,AE,AE,AE,AE,AE,AE,AE,AE,AE,AE,AE,AE,AE,AE,AE,AE,AE,AE,AE,AE,AE,AE,AE,AE,AE,AE,AE,AE,AE,AE,AE,AE,AE,AE,AE,AE,AE,AE,AE,AE,AE,AE,AE,AE,AE,AE,AE,AE,AE,AE,AE,AE,AE,AE,AE,AE,AE,AE,AE,AE,AE,AE,AE,AE,AE,AE,AE,AE,AE,AE,AE,AE,AE,AE,AE,AE,AE,AE,AE,AE
IE 527,AE,AE,AE,AE,AE,AE,AE,AE,AE,AE,AE,AE,AE,AE,AE,AE,AE,AE,AE,AE,AE,AE,AE,AE,AE,AE,AE,CE,CE,CE,CE,CE,CE,CE,CE,CE,CE,CE,CE,CE,CE,CE,CE,CE,CE,CE,CE,CE,CE,CE,CE,CE,CE,CE,CE,CE,CE,CE,CE,CE,CE,,,,,,,,,,,,,,,,,,,,,
IE 530,AE,AE,AE,AE,AE,AE,AE,AE,AE,AE,AE,AE,AE,AE,AE,AE,AE,AE,AE,AE,AE,AE,AE,AE,AE,AE,AE,AE,AE,AE,AE,AE,AE,AE,AE,AE,AE,AE,AE,AE,AE,AE,AE,AE,AE,AE,AE,AE,AE,AE,AE,AE,AE,AE,AE,AE,AE,AE,AE,AE,AE,AE,AE,AE,AE,AE,AE,AE,AE,AE,AE,AE,AE,AE,AE,AE,AE,AE,AE,AE,AE,AE
IE 532,AE,AE,AE,AE,AE,AE,AE,AE,AE,AE,AE,AE,AE,AE,AE,AE,AE,AE,AE,AE,AE,AE,AE,AE,AE,AE,AE,AE,AE,AE,AE,AE,AE,AE,AE,AE,AE,AE,AE,AE,AE,AE,AE,AE,AE,AE,AE,AE,AE,AE,AE,AE,AE,AE,AE,AE,AE,AE,AE,AE,AE,AE,AE,AE,AE,AE,AE,AE,AE,AE,AE,AE,AE,AE,AE,AE,AE,AE,AE,AE,AE,AE
IE 536,AE,AE,AE,AE,AE,AE,AE,AE,AE,AE,AE,AE,AE,AE,AE,AE,AE,AE,AE,AE,AE,AE,AE,AE,AE,AE,AE,AE,AE,AE,AE,AE,AE,AE,AE,AE,AE,AE,AE,AE,AE,AE,AE,AE,AE,AE,AE,AE,AE,AE,AE,AE,AE,AE,AE,AE,AE,AE,AE,AE,AE,AE,AE,AE,AE,AE,AE,AE,AE,AE,AE,AE,AE,AE,AE,AE,AE,AE,AE,AE,AE,AE
IE 555,AE,AE,AE,AE,AE,AE,AE,AE,AE,AE,AE,AE,AE,AE,AE,AE,AE,AE,AE,AE,AE,AE,AE,AE,AE,AE,AE,AE,AE,AE,AE,AE,AE,AE,AE,AE,AE,AE,AE,AE,AE,AE,AE,AE,AE,AE,AE,AE,AE,AE,AE,AE,AE,AE,AE,AE,AE,AE,AE,AE,AE,AE,AE,AE,AE,AE,AE,AE,AE,AE,,,,,,,,,,,,
IE 556,AE,AE,AE,AE,AE,AE,AE,AE,AE,AE,AE,AE,AE,AE,AE,AE,AE,AE,AE,AE,AE,AE,AE,AE,AE,AE,AE,CE,CE,CE,CE,CE,CE,CE,CE,CE,CE,CE,CE,CE,CE,CE,CE,CE,CE,CE,CE,CE,CE,CE,CE,CE,CE,CE,CE,CE,CE,CE,CE,CE,CE,CE,CE,CE,CE,CE,CE,CE,CE,CE,,,,,,,,,,,,
IE 566,AE,AE,AE,AE,AE,AE,AE,AE,AE,AE,AE,AE,AE,AE,AE,AE,AE,AE,AE,AE,AE,AE,AE,AE,AE,AE,AE,AE,AE,AE,AE,AE,AE,AE,AE,AE,AE,AE,AE,AE,AE,AE,AE,AE,AE,AE,AE,AE,AE,AE,AE,AE,AE,AE,AE,AE,AE,,,,,,,,,,,,,,,,,,,,,,,,,
IE 573,AE,AE,AE,AE,AE,AE,AE,AE,AE,AE,AE,AE,AE,AE,AE,AE,AE,AE,AE,AE,AE,AE,AE,AE,AE,AE,AE,AE,AE,AE,AE,AE,AE,AE,AE,AE,AE,AE,AE,AE,AE,AE,AE,AE,AE,AE,AE,AE,AE,AE,AE,AE,AE,AE,AE,AE,AE,AE,AE,AE,AE,AE,AE,AE,AE,AE,AE,AE,AE,AE,AE,AE,AE,AE,AE,AE,AE,AE,AE,AE,AE,AE
IE 58000,AE,AE,AE,AE,AE,AE,AE,AE,AE,AE,AE,AE,AE,AE,AE,AE,AE,AE,AE,AE,AE,AE,AE,AE,AE,AE,AE,AE,AE,AE,AE,AE,AE,AE,AE,AE,AE,AE,AE,AE,AE,AE,AE,AE,AE,AE,AE,AE,AE,AE,AE,AE,AE,AE,AE,AE,AE,AE,AE,AE,AE,AE,AE,AE,AE,AE,AE,AE,AE,AE,AE,AE,AE,AE,AE,AE,,,,,,
IE 58001,AE,AE,AE,AE,AE,AE,AE,AE,AE,AE,AE,AE,AE,AE,AE,AE,AE,AE,AE,AE,AE,AE,AE,AE,AE,AE,AE,AE,AE,AE,AE,AE,AE,AE,AE,AE,AE,AE,AE,AE,AE,AE,AE,AE,AE,AE,AE,AE,AE,AE,AE,AE,,,,,,,,,,,,,,,,,,,,,,,,,,,,,,
IE 58002,AE,AE,AE,AE,AE,AE,AE,AE,AE,AE,AE,AE,AE,AE,AE,AE,AE,AE,AE,AE,AE,AE,AE,AE,AE,AE,AE,AE,AE,AE,AE,AE,AE,AE,AE,AE,AE,AE,AE,AE,AE,AE,AE,AE,AE,AE,AE,AE,AE,AE,AE,AE,AE,AE,AE,AE,AE,AE,,,,,,,,,,,,,,,,,,,,,,,,
IE 58003,AE,AE,AE,AE,AE,AE,AE,AE,AE,AE,AE,AE,AE,AE,AE,AE,AE,AE,AE,AE,AE,AE,AE,AE,AE,AE,AE,AE,AE,AE,AE,AE,AE,AE,AE,AE,AE,AE,AE,AE,AE,AE,AE,AE,AE,AE,AE,AE,AE,AE,AE,AE,AE,AE,AE,AE,AE,AE,AE,AE,AE,AE,AE,AE,AE,AE,AE,AE,AE,AE,,,,,,,,,,,,
IE 58004,AE,AE,AE,AE,AE,AE,AE,AE,AE,AE,AE,AE,AE,AE,AE,AE,AE,AE,AE,AE,AE,AE,AE,AE,AE,AE,AE,AE,AE,AE,AE,AE,AE,AE,AE,AE,AE,AE,AE,AE,AE,AE,AE,AE,AE,AE,AE,AE,AE,AE,AE,AE,AE,AE,AE,AE,AE,AE,AE,AE,AE,AE,AE,AE,AE,AE,AE,AE,AE,AE,AE,AE,AE,AE,AE,AE,AE,AE,AE,AE,AE,AE
IE 58005,AE,AE,AE,AE,AE,AE,AE,AE,AE,AE,AE,AE,AE,AE,AE,AE,AE,AE,AE,AE,AE,AE,AE,AE,AE,AE,AE,AE,AE,AE,AE,AE,AE,AE,AE,AE,AE,AE,AE,AE,AE,AE,AE,AE,AE,AE,AE,AE,AE,AE,AE,AE,AE,AE,AE,AE,AE,AE,AE,AE,AE,AE,AE,AE,AE,AE,AE,AE,AE,AE,,,,,,,,,,,,
IE 58006,AE,AE,AE,AE,AE,AE,AE,AE,AE,AE,AE,AE,AE,AE,AE,AE,AE,AE,AE,AE,AE,AE,AE,AE,AE,AE,AE,AE,AE,AE,AE,AE,AE,AE,AE,AE,AE,AE,AE,AE,AE,AE,AE,AE,AE,AE,AE,AE,AE,AE,AE,AE,AE,AE,AE,AE,AE,AE,AE,AE,AE,AE,AE,AE,AE,AE,AE,AE,AE,AE,AE,AE,AE,AE,AE,AE,AE,AE,AE,AE,AE,AE
IE 582,AE,AE,AE,AE,AE,AE,AE,AE,AE,AE,AE,AE,AE,AE,AE,AE,AE,AE,AE,AE,AE,AE,AE,AE,AE,AE,AE,AE,AE,AE,AE,AE,AE,AE,AE,AE,AE,AE,AE,AE,AE,AE,AE,AE,AE,AE,AE,AE,AE,AE,AE,,,,,,,,,,,,,,,,,,,,,,,,,,,,,,,
IE 602,AE,AE,AE,AE,AE,AE,AE,AE,AE,AE,AE,AE,AE,AE,AE,AE,AE,AE,AE,AE,AE,AE,AE,AE,AE,AE,AE,AE,AE,AE,AE,AE,AE,AE,AE,AE,AE,AE,AE,AE,AE,AE,AE,AE,AE,AE,AE,AE,AE,AE,AE,AE,AE,,,,,,,,,,,,,,,,,,,,,,,,,,,,,
IE 604,AE,AE,AE,AE,AE,AE,AE,AE,AE,AE,AE,AE,AE,AE,AE,AE,AE,AE,AE,AE,AE,AE,AE,AE,AE,AE,AE,AE,AE,AE,AE,AE,AE,AE,AE,AE,AE,AE,AE,AE,AE,AE,AE,AE,AE,AE,AE,AE,AE,AE,AE,AE,AE,AE,AE,AE,AE,AE,AE,AE,AE,AE,AE,AE,AE,AE,AE,AE,AE,AE,AE,AE,AE,AE,AE,AE,AE,AE,AE,AE,AE,AE
IE 640,AE,AE,AE,AE,AE,AE,AE,AE,AE,AE,AE,AE,AE,AE,AE,AE,AE,AE,AE,AE,AE,AE,AE,AE,AE,AE,AE,AE,AE,AE,AE,AE,AE,AE,AE,AE,AE,AE,AE,AE,AE,AE,AE,AE,AE,AE,AE,AE,AE,AE,AE,AE,AE,AE,AE,AE,AE,AE,AE,AE,AE,AE,AE,AE,AE,AE,AE,AE,AE,AE,AE,AE,AE,AE,AE,AE,AE,AE,AE,AE,AE,AE
IE 682,AE,AE,AE,AE,AE,AE,AE,AE,AE,AE,AE,AE,AE,AE,AE,AE,AE,AE,AE,AE,AE,AE,AE,AE,AE,AE,AE,AE,AE,AE,AE,AE,AE,AE,AE,AE,AE,AE,AE,AE,AE,AE,AE,AE,AE,AE,AE,AE,AE,AE,AE,AE,AE,AE,AE,AE,AE,AE,AE,AE,AE,AE,AE,AE,AE,AE,AE,AE,AE,AE,,,,,,,,,,,,
IF 501,AE,AE,AE,AE,AE,AE,AE,AE,AE,AE,AE,AE,AE,AE,AE,AE,AE,AE,AE,AE,AE,AE,AE,AE,AE,AE,AE,AE,AE,AE,AE,AE,AE,AE,AE,AE,AE,AE,AE,AE,AE,AE,AE,AE,AE,AE,AE,AE,AE,AE,AE,AE,AE,AE,AE,AE,AE,AE,AE,AE,AE,AE,AE,AE,AE,AE,,,,,,,,,,,,,,,,
IR 501,AE,AE,AE,AE,AE,AE,AE,AE,AE,AE,AE,AE,AE,AE,AE,AE,AE,AE,AE,AE,AE,AE,AE,AE,AE,AE,AE,AE,AE,AE,AE,AE,AE,AE,AE,AE,AE,AE,AE,AE,AE,AE,AE,AE,AE,AE,AE,AE,AE,AE,AE,AE,AE,AE,AE,AE,AE,AE,AE,AE,AE,AE,AE,AE,AE,AE,AE,AE,AE,AE,AE,AE,AE,AE,AE,AE,AE,AE,AE,AE,AE,AE
IR 510,AE,AE,AE,AE,AE,AE,AE,AE,AE,AE,AE,AE,AE,AE,AE,AE,AE,AE,AE,AE,AE,AE,AE,AE,AE,AE,AE,AE,AE,AE,AE,AE,AE,AE,AE,AE,AE,AE,AE,AE,AE,AE,AE,AE,AE,AE,AE,AE,AE,AE,AE,AE,AE,AE,AE,AE,AE,AE,AE,AE,AE,AE,AE,AE,AE,AE,AE,AE,AE,AE,AE,AE,AE,AE,AE,AE,AE,AE,AE,AE,AE,AE
IR 532,AE,AE,AE,AE,AE,AE,AE,,,,,,,,,,,,,,,,,,,,,,,,,,,,,,,,,,,,,,,,,,,,,,,,,,,,,,,,,,,,,,,,,,,,,,,,,,,
IR 537,AE,AE,AE,AE,AE,AE,AE,AE,AE,AE,AE,AE,AE,AE,AE,AE,AE,AE,AE,AE,AE,AE,AE,AE,AE,AE,AE,AE,AE,AE,AE,AE,AE,AE,AE,AE,AE,AE,AE,AE,AE,AE,AE,AE,AE,AE,AE,AE,,,,,,,,,,,,,,,,,,,,,,,,,,,,,,,,,,
IR 592,AE,AE,AE,AE,AE,AE,AE,AE,AE,AE,AE,AE,AE,AE,AE,AE,AE,AE,AE,AE,AE,AE,AE,AE,AE,AE,AE,AE,AE,AE,AE,AE,AE,AE,AE,AE,AE,AE,AE,AE,AE,AE,AE,AE,AE,AE,AE,AE,AE,AE,AE,AE,AE,AE,AE,AE,AE,AE,AE,AE,AE,AE,AE,AE,AE,AE,AE,AE,AE,AE,AE,AE,AE,AE,AE,AE,AE,AE,AE,AE,AE,AE
IR 597,AE,AE,AE,AE,AE,AE,AE,AE,AE,AE,AE,AE,AE,AE,AE,AE,AE,AE,AE,AE,AE,AE,AE,AE,AE,AE,AE,AE,AE,AE,AE,AE,AE,AE,AE,AE,AE,AE,AE,AE,AE,AE,AE,AE,AE,AE,AE,AE,AE,AE,AE,AE,AE,AE,AE,AE,AE,AE,AE,AE,AE,AE,AE,AE,AE,AE,AE,AE,AE,AE,AE,AE,AE,AE,AE,AE,AE,AE,AE,AE,AE,AE
LAW 501,AE,AE,AE,AE,AE,AE,AE,AE,AE,AE,AE,AE,AE,AE,AE,AE,AE,AE,AE,AE,AE,AE,AE,AE,AE,AE,AE,AE,AE,AE,AE,AE,AE,AE,AE,AE,AE,AE,AE,AE,AE,AE,,,,,,,,,,,,,,,,,,,,,,,,,,,,,,,,,,,,,,,,
LAW 504,AE,AE,AE,AE,AE,AE,AE,AE,AE,AE,AE,AE,AE,AE,AE,AE,AE,AE,AE,AE,AE,AE,AE,AE,AE,AE,AE,AE,AE,AE,AE,AE,AE,AE,AE,AE,AE,AE,AE,AE,AE,AE,AE,AE,AE,AE,AE,AE,,,,,,,,,,,,,,,,,,,,,,,,,,,,,,,,,,
LAW 511,AE,AE,AE,AE,AE,AE,AE,AE,AE,AE,AE,AE,AE,AE,AE,AE,AE,AE,AE,AE,AE,AE,AE,AE,AE,AE,AE,AE,AE,AE,AE,AE,AE,AE,AE,AE,AE,AE,AE,AE,AE,AE,AE,AE,AE,AE,AE,AE,AE,AE,AE,AE,AE,AE,AE,AE,AE,AE,AE,AE,AE,AE,AE,AE,AE,AE,AE,AE,AE,AE,AE,AE,AE,AE,AE,AE,AE,AE,AE,AE,AE,AE
LAW 512,AE,AE,AE,AE,AE,AE,AE,AE,AE,AE,AE,AE,AE,AE,AE,AE,AE,AE,AE,AE,AE,AE,AE,AE,AE,AE,AE,AE,AE,AE,AE,AE,AE,AE,AE,AE,AE,AE,AE,AE,AE,AE,AE,AE,AE,AE,AE,AE,AE,AE,AE,AE,AE,AE,AE,AE,AE,AE,AE,AE,AE,AE,AE,AE,AE,AE,AE,AE,AE,AE,AE,AE,AE,AE,AE,AE,AE,AE,AE,AE,AE,AE
LIT 524,AE,AE,AE,AE,AE,AE,AE,AE,AE,AE,AE,AE,AE,AE,AE,AE,AE,AE,AE,AE,AE,AE,AE,AE,AE,AE,AE,AE,AE,AE,,,,,,,,,,,,,,,,,,,,,,,,,,,,,,,,,,,,,,,,,,,,,,,,,,,,
LIT 530,AE,AE,AE,AE,AE,AE,AE,AE,AE,AE,AE,AE,AE,AE,AE,AE,AE,AE,AE,AE,AE,AE,AE,AE,AE,AE,AE,AE,AE,AE,AE,AE,AE,AE,AE,AE,AE,AE,AE,AE,AE,AE,AE,AE,AE,,,,,,,,,,,,,,,,,,,,,,,,,,,,,,,,,,,,,
LIT 534,AE,AE,AE,AE,AE,AE,AE,AE,AE,AE,AE,AE,AE,AE,AE,AE,AE,AE,AE,AE,AE,AE,AE,AE,AE,AE,AE,AE,AE,AE,AE,AE,AE,AE,AE,AE,AE,AE,AE,AE,AE,AE,AE,AE,AE,AE,AE,AE,AE,AE,AE,AE,AE,AE,AE,AE,AE,,,,,,,,,,,,,,,,,,,,,,,,,
LIT 540,AE,AE,AE,AE,AE,AE,AE,AE,AE,AE,AE,AE,AE,AE,AE,AE,AE,AE,AE,AE,AE,AE,AE,AE,AE,AE,AE,AE,AE,AE,AE,AE,AE,AE,AE,AE,AE,AE,AE,AE,AE,AE,AE,AE,AE,AE,AE,AE,AE,AE,AE,AE,AE,AE,AE,AE,AE,AE,AE,AE,AE,AE,AE,AE,AE,AE,AE,AE,AE,AE,AE,AE,AE,AE,AE,AE,AE,AE,AE,AE,AE,AE
LIT 545,AE,AE,AE,AE,AE,AE,AE,AE,AE,AE,AE,AE,AE,AE,AE,AE,AE,AE,AE,AE,AE,AE,AE,AE,AE,AE,AE,AE,AE,AE,AE,AE,AE,AE,AE,AE,AE,AE,AE,AE,AE,AE,AE,AE,AE,AE,AE,AE,AE,AE,AE,AE,AE,AE,AE,AE,AE,AE,AE,AE,AE,AE,AE,AE,AE,AE,AE,AE,AE,AE,AE,AE,AE,AE,AE,AE,AE,AE,AE,AE,AE,AE
LIT 552,AE,AE,AE,AE,AE,AE,AE,AE,AE,AE,AE,AE,AE,AE,AE,AE,AE,AE,AE,AE,AE,AE,AE,AE,AE,AE,AE,AE,AE,AE,AE,AE,AE,AE,AE,AE,AE,AE,AE,AE,AE,AE,,,,,,,,,,,,,,,,,,,,,,,,,,,,,,,,,,,,,,,,
LIT 554,AE,AE,AE,AE,AE,AE,AE,AE,AE,AE,AE,AE,AE,AE,AE,AE,AE,AE,AE,AE,AE,AE,AE,AE,AE,,,,,,,,,,,,,,,,,,,,,,,,,,,,,,,,,,,,,,,,,,,,,,,,,,,,,,,,,
LIT 559,AE,AE,AE,AE,AE,AE,AE,AE,AE,AE,AE,AE,AE,AE,AE,AE,AE,AE,AE,AE,AE,AE,AE,AE,AE,AE,AE,AE,AE,AE,AE,AE,AE,AE,AE,AE,AE,AE,AE,AE,AE,AE,AE,AE,AE,AE,AE,AE,AE,AE,AE,AE,AE,AE,AE,AE,AE,AE,AE,AE,AE,AE,AE,AE,AE,AE,AE,AE,AE,AE,AE,AE,AE,AE,AE,AE,AE,AE,AE,AE,AE,AE
LIT 570,AE,AE,AE,AE,AE,AE,AE,AE,AE,AE,AE,AE,AE,AE,AE,AE,AE,AE,AE,AE,AE,AE,AE,AE,AE,AE,AE,AE,AE,AE,AE,,,,,,,,,,,,,,,,,,,,,,,,,,,,,,,,,,,,,,,,,,,,,,,,,,,
LIT 594,AE,AE,AE,AE,AE,AE,AE,AE,AE,AE,AE,AE,AE,AE,AE,AE,AE,AE,AE,AE,AE,AE,AE,AE,AE,AE,AE,AE,AE,AE,AE,AE,AE,AE,AE,AE,AE,AE,AE,AE,AE,AE,AE,AE,AE,AE,AE,AE,AE,AE,AE,AE,AE,AE,AE,AE,AE,AE,AE,AE,AE,AE,AE,AE,AE,AE,AE,AE,AE,AE,AE,AE,AE,AE,AE,AE,AE,AE,AE,AE,AE,AE
LIT 624,AE,AE,AE,AE,AE,AE,AE,AE,AE,AE,AE,AE,AE,AE,AE,AE,AE,AE,AE,,,,,,,,,,,,,,,,,,,,,,,,,,,,,,,,,,,,,,,,,,,,,,,,,,,,,,,,,,,,,,,
LIT 692,AE,AE,AE,AE,AE,AE,AE,AE,AE,AE,AE,AE,AE,AE,AE,AE,AE,AE,AE,AE,AE,AE,AE,AE,AE,AE,AE,AE,AE,AE,AE,AE,AE,AE,AE,AE,AE,AE,AE,AE,AE,AE,AE,AE,AE,AE,AE,AE,AE,AE,AE,AE,AE,AE,AE,AE,AE,AE,AE,AE,AE,,,,,,,,,,,,,,,,,,,,,
MATH 501,AE,AE,AE,AE,AE,AE,AE,AE,AE,AE,AE,AE,AE,AE,AE,AE,AE,AE,AE,AE,AE,AE,AE,AE,AE,AE,AE,AE,AE,AE,AE,AE,AE,AE,AE,AE,AE,AE,AE,AE,AE,AE,AE,AE,AE,AE,AE,AE,AE,AE,AE,AE,AE,AE,AE,AE,AE,AE,AE,AE,AE,AE,AE,AE,AE,AE,AE,AE,AE,AE,AE,AE,AE,AE,AE,AE,AE,AE,AE,AE,AE,AE
MATH 502,AE,AE,AE,AE,AE,AE,AE,AE,AE,AE,AE,AE,AE,AE,AE,AE,AE,AE,AE,AE,AE,AE,AE,AE,AE,AE,AE,AE,AE,AE,AE,AE,AE,AE,AE,AE,AE,AE,AE,AE,AE,AE,AE,AE,AE,AE,AE,AE,AE,AE,AE,AE,AE,AE,AE,AE,AE,AE,AE,AE,AE,AE,AE,AE,AE,AE,AE,AE,AE,AE,AE,AE,AE,AE,AE,AE,AE,AE,AE,AE,AE,AE
MATH 503,AE,AE,AE,AE,AE,AE,AE,AE,AE,AE,AE,AE,AE,AE,AE,AE,AE,AE,AE,AE,AE,AE,AE,AE,AE,AE,AE,,,,,,,,,,,,,,,,,,,,,,,,,,,,,,,,,,,,,,,,,,,,,,,,,,,,,,,
MATH 504,AE,AE,AE,AE,AE,AE,AE,AE,AE,AE,AE,AE,AE,AE,AE,AE,AE,AE,AE,AE,AE,AE,AE,AE,AE,AE,AE,AE,AE,AE,AE,AE,AE,AE,,,,,,,,,,,,,,,,,,,,,,,,,,,,,,,,,,,,,,,,,,,,,,,,
MATH 505,AE,AE,AE,AE,AE,AE,AE,AE,AE,AE,AE,AE,AE,AE,AE,AE,AE,AE,AE,AE,AE,AE,AE,AE,AE,AE,AE,AE,AE,AE,AE,AE,AE,AE,AE,AE,AE,AE,AE,AE,AE,AE,AE,AE,AE,AE,AE,AE,AE,AE,AE,AE,AE,AE,AE,AE,AE,AE,AE,AE,AE,AE,AE,AE,AE,AE,AE,AE,AE,AE,AE,AE,AE,AE,AE,AE,AE,AE,AE,AE,AE,AE
MATH 506,AE,AE,AE,AE,AE,AE,AE,AE,AE,AE,AE,AE,AE,AE,AE,AE,AE,AE,AE,AE,AE,AE,AE,AE,AE,AE,AE,AE,,,,,,,,,,,,,,,,,,,,,,,,,,,,,,,,,,,,,,,,,,,,,,,,,,,,,,
MATH 507,AE,AE,AE,AE,AE,AE,AE,AE,AE,AE,AE,AE,AE,AE,AE,AE,AE,AE,AE,AE,AE,AE,AE,AE,AE,,,,,,,,,,,,,,,,,,,,,,,,,,,,,,,,,,,,,,,,,,,,,,,,,,,,,,,,,
MATH 508,AE,AE,AE,AE,AE,AE,AE,AE,AE,AE,AE,AE,AE,AE,AE,AE,AE,AE,AE,AE,AE,AE,AE,AE,AE,AE,AE,,,,,,,,,,,,,,,,,,,,,,,,,,,,,,,,,,,,,,,,,,,,,,,,,,,,,,,
MATH 509,AE,AE,AE,AE,AE,AE,AE,AE,AE,AE,AE,AE,AE,AE,AE,AE,AE,AE,AE,AE,AE,AE,AE,AE,AE,AE,AE,AE,AE,AE,AE,AE,AE,AE,AE,AE,AE,AE,AE,AE,AE,AE,AE,,,,,,,,,,,,,,,,,,,,,,,,,,,,,,,,,,,,,,,
MATH 510,AE,AE,AE,AE,AE,AE,AE,AE,AE,AE,AE,AE,AE,AE,AE,AE,AE,AE,AE,AE,AE,AE,AE,AE,AE,AE,AE,AE,AE,AE,,,,,,,,,,,,,,,,,,,,,,,,,,,,,,,,,,,,,,,,,,,,,,,,,,,,
MATH 511,AE,AE,AE,AE,AE,AE,AE,AE,AE,AE,AE,AE,AE,AE,AE,AE,AE,AE,AE,AE,AE,AE,AE,AE,AE,AE,AE,AE,AE,AE,AE,AE,AE,AE,AE,AE,AE,AE,AE,AE,AE,AE,AE,AE,AE,AE,AE,AE,AE,AE,AE,AE,AE,AE,AE,AE,AE,AE,AE,AE,AE,AE,AE,AE,AE,AE,AE,AE,AE,AE,AE,AE,AE,AE,AE,AE,AE,AE,AE,AE,AE,AE
MATH 512,AE,AE,AE,AE,AE,AE,AE,AE,AE,AE,AE,AE,AE,AE,AE,AE,AE,AE,AE,AE,AE,AE,AE,AE,AE,AE,AE,AE,AE,AE,AE,AE,AE,AE,AE,AE,AE,AE,AE,AE,AE,AE,AE,AE,AE,AE,AE,AE,AE,AE,AE,AE,AE,AE,AE,AE,AE,AE,AE,AE,AE,AE,AE,AE,AE,AE,AE,AE,AE,AE,AE,AE,AE,AE,AE,AE,AE,AE,AE,AE,AE,AE
MATH 513,AE,AE,AE,AE,AE,AE,AE,AE,AE,AE,AE,AE,AE,AE,AE,AE,AE,AE,AE,AE,AE,AE,AE,AE,AE,AE,AE,AE,AE,AE,,,,,,,,,,,,,,,,,,,,,,,,,,,,,,,,,,,,,,,,,,,,,,,,,,,,
MATH 514,AE,AE,AE,AE,AE,AE,AE,AE,AE,AE,AE,AE,AE,AE,AE,AE,AE,AE,AE,AE,AE,AE,AE,AE,AE,AE,AE,AE,AE,AE,AE,AE,AE,AE,AE,AE,AE,AE,AE,AE,AE,AE,AE,AE,AE,AE,AE,AE,AE,AE,AE,AE,AE,AE,AE,AE,AE,AE,AE,AE,AE,AE,AE,AE,AE,AE,AE,AE,AE,AE,AE,AE,AE,AE,AE,AE,AE,AE,AE,AE,AE,AE
MATH 515,AE,AE,AE,AE,AE,AE,AE,,,,,,,,,,,,,,,,,,,,,,,,,,,,,,,,,,,,,,,,,,,,,,,,,,,,,,,,,,,,,,,,,,,,,,,,,,,
MATH 516,AE,AE,AE,AE,AE,AE,AE,AE,AE,AE,AE,AE,AE,AE,AE,AE,AE,AE,AE,AE,AE,AE,AE,AE,AE,AE,AE,AE,AE,AE,AE,AE,AE,AE,AE,AE,AE,AE,AE,AE,AE,AE,AE,AE,AE,AE,AE,AE,AE,AE,AE,AE,AE,AE,AE,AE,AE,AE,AE,AE,AE,AE,AE,AE,AE,AE,AE,AE,AE,AE,,,,,,,,,,,,
MATH 517,AE,AE,AE,AE,AE,AE,AE,AE,AE,AE,AE,AE,AE,AE,AE,AE,AE,AE,AE,AE,AE,AE,AE,AE,AE,AE,AE,AE,AE,AE,AE,AE,AE,AE,AE,AE,AE,AE,AE,AE,AE,AE,AE,AE,AE,AE,AE,AE,AE,AE,AE,AE,AE,AE,AE,AE,AE,AE,AE,AE,AE,AE,AE,AE,AE,AE,AE,AE,AE,AE,,,,,,,,,,,,
MATH 518,AE,AE,AE,AE,AE,AE,AE,AE,AE,AE,AE,AE,AE,AE,AE,AE,AE,AE,AE,AE,AE,AE,AE,AE,AE,AE,AE,AE,AE,AE,AE,AE,AE,AE,AE,AE,AE,AE,AE,AE,AE,AE,AE,AE,AE,AE,AE,AE,AE,AE,AE,AE,AE,AE,AE,AE,AE,AE,AE,AE,AE,AE,AE,AE,AE,AE,AE,AE,AE,AE,,,,,,,,,,,,
MATH 519,AE,AE,AE,AE,AE,AE,AE,AE,AE,AE,AE,AE,AE,AE,AE,AE,AE,AE,AE,AE,AE,AE,AE,AE,AE,AE,AE,AE,AE,AE,AE,AE,AE,AE,AE,AE,AE,AE,AE,AE,AE,AE,AE,AE,AE,AE,AE,AE,AE,AE,AE,AE,AE,AE,AE,AE,AE,AE,AE,AE,AE,AE,AE,AE,AE,AE,AE,AE,AE,AE,AE,AE,AE,AE,AE,AE,AE,AE,AE,AE,AE,AE
MATH 520,AE,AE,AE,AE,AE,AE,AE,AE,AE,AE,AE,AE,AE,AE,AE,AE,AE,AE,AE,AE,AE,AE,AE,AE,AE,AE,AE,AE,AE,AE,AE,AE,AE,AE,AE,AE,AE,AE,AE,AE,AE,AE,AE,AE,AE,AE,AE,AE,AE,AE,AE,AE,AE,AE,AE,AE,AE,AE,AE,AE,AE,AE,AE,AE,AE,AE,AE,AE,AE,AE,,,,,,,,,,,,
MATH 521,AE,AE,AE,AE,AE,AE,AE,AE,AE,AE,AE,AE,AE,AE,AE,AE,AE,AE,AE,AE,AE,AE,AE,AE,AE,AE,AE,AE,AE,AE,AE,AE,AE,AE,AE,AE,AE,AE,AE,,,,,,,,,,,,,,,,,,,,,,,,,,,,,,,,,,,,,,,,,,,
MATH 522,AE,AE,AE,AE,AE,AE,AE,AE,AE,AE,AE,AE,AE,AE,AE,AE,AE,AE,AE,AE,AE,AE,AE,AE,AE,AE,AE,AE,AE,AE,AE,AE,AE,AE,AE,AE,AE,AE,AE,AE,AE,AE,AE,AE,AE,AE,AE,AE,AE,AE,AE,AE,AE,AE,AE,AE,AE,AE,AE,AE,AE,AE,AE,AE,AE,AE,AE,AE,AE,,,,,,,,,,,,,
MATH 523,AE,AE,AE,AE,AE,AE,AE,AE,AE,AE,AE,AE,AE,AE,AE,AE,AE,AE,AE,AE,AE,AE,AE,AE,AE,AE,AE,AE,AE,AE,AE,AE,AE,AE,AE,AE,AE,AE,AE,AE,AE,AE,AE,AE,AE,AE,AE,AE,AE,AE,AE,AE,AE,AE,AE,AE,AE,AE,AE,AE,AE,AE,AE,,,,,,,,,,,,,,,,,,,
MATH 524,AE,AE,AE,AE,AE,AE,AE,AE,AE,AE,AE,AE,AE,AE,AE,AE,AE,AE,AE,AE,AE,AE,AE,AE,AE,AE,AE,AE,AE,AE,AE,AE,AE,AE,AE,AE,AE,AE,AE,AE,AE,AE,AE,AE,AE,AE,AE,AE,AE,AE,AE,AE,AE,AE,AE,AE,AE,AE,AE,AE,AE,AE,AE,AE,AE,AE,AE,AE,AE,AE,AE,AE,AE,AE,AE,AE,AE,AE,AE,AE,AE,AE
MATH 525,AE,AE,AE,AE,AE,AE,AE,AE,AE,AE,AE,AE,AE,AE,AE,AE,AE,AE,AE,AE,AE,AE,AE,AE,AE,AE,AE,AE,AE,AE,AE,AE,AE,AE,AE,AE,AE,AE,AE,AE,AE,AE,AE,AE,AE,,,,,,,,,,,,,,,,,,,,,,,,,,,,,,,,,,,,,
MATH 526,AE,AE,AE,AE,AE,AE,AE,AE,AE,AE,AE,AE,AE,AE,AE,AE,AE,AE,AE,AE,AE,AE,AE,AE,AE,AE,AE,AE,AE,AE,AE,AE,AE,AE,AE,AE,AE,AE,AE,AE,AE,AE,AE,AE,AE,AE,AE,AE,AE,AE,AE,AE,AE,AE,AE,AE,AE,AE,AE,AE,AE,AE,AE,AE,AE,AE,AE,AE,AE,,,,,,,,,,,,,
MATH 527,AE,AE,AE,AE,AE,AE,AE,AE,AE,AE,AE,AE,AE,AE,AE,AE,AE,AE,AE,AE,AE,AE,AE,AE,AE,AE,AE,AE,AE,AE,AE,AE,AE,AE,AE,AE,AE,AE,AE,AE,AE,AE,AE,AE,AE,AE,AE,AE,AE,AE,AE,AE,AE,AE,AE,AE,AE,AE,AE,AE,AE,AE,AE,,,,,,,,,,,,,,,,,,,
MATH 528,AE,AE,AE,AE,AE,AE,AE,AE,AE,AE,AE,AE,AE,AE,AE,AE,AE,AE,AE,AE,AE,AE,AE,AE,AE,AE,AE,AE,AE,AE,AE,AE,AE,AE,AE,AE,AE,AE,AE,AE,AE,AE,AE,AE,AE,AE,AE,AE,AE,AE,AE,AE,AE,AE,AE,AE,AE,AE,AE,AE,AE,AE,AE,AE,AE,AE,AE,AE,AE,AE,AE,AE,AE,AE,AE,AE,AE,AE,AE,AE,AE,AE
MATH 531,AE,AE,AE,AE,AE,AE,AE,AE,AE,AE,AE,AE,AE,AE,AE,AE,AE,AE,AE,AE,AE,AE,AE,AE,AE,AE,AE,AE,AE,AE,AE,AE,AE,AE,AE,AE,AE,AE,AE,AE,AE,AE,AE,,,,,,,,,,,,,,,,,,,,,,,,,,,,,,,,,,,,,,,
MATH 532,AE,AE,AE,AE,AE,AE,AE,AE,AE,AE,AE,AE,AE,AE,AE,AE,AE,AE,AE,AE,AE,AE,AE,AE,AE,AE,AE,AE,AE,AE,AE,AE,AE,AE,AE,AE,AE,AE,AE,AE,AE,AE,AE,AE,AE,AE,AE,AE,AE,AE,AE,AE,AE,AE,AE,AE,AE,AE,AE,AE,AE,AE,AE,AE,AE,AE,,,,,,,,,,,,,,,,
MATH 533,AE,AE,AE,AE,AE,AE,AE,AE,AE,AE,AE,AE,AE,AE,AE,AE,AE,AE,AE,AE,AE,AE,AE,AE,AE,AE,AE,AE,AE,AE,AE,AE,AE,AE,AE,AE,AE,AE,AE,,,,,,,,,,,,,,,,,,,,,,,,,,,,,,,,,,,,,,,,,,,
MATH 541,AE,AE,AE,AE,AE,AE,AE,AE,AE,AE,AE,AE,AE,AE,AE,AE,AE,AE,AE,AE,AE,AE,AE,AE,AE,AE,AE,AE,AE,AE,AE,AE,AE,AE,AE,AE,AE,AE,AE,AE,AE,AE,AE,AE,AE,AE,AE,AE,AE,AE,AE,AE,AE,AE,AE,AE,AE,AE,,,,,,,,,,,,,,,,,,,,,,,,
MATH 542,AE,AE,AE,AE,AE,AE,AE,AE,AE,AE,AE,AE,AE,AE,AE,AE,AE,AE,AE,AE,AE,AE,AE,AE,AE,AE,AE,AE,AE,AE,AE,AE,AE,AE,AE,AE,AE,AE,AE,AE,AE,AE,AE,AE,AE,AE,AE,AE,AE,AE,AE,AE,AE,AE,AE,AE,AE,AE,AE,AE,AE,AE,AE,AE,AE,AE,AE,AE,AE,,,,,,,,,,,,,
MATH 543,AE,AE,AE,AE,AE,AE,AE,AE,AE,AE,AE,AE,AE,AE,AE,AE,AE,AE,AE,AE,AE,AE,AE,AE,AE,AE,AE,AE,AE,AE,AE,AE,AE,AE,AE,AE,AE,AE,AE,AE,AE,AE,AE,AE,AE,AE,AE,AE,AE,AE,AE,AE,AE,AE,AE,AE,AE,AE,AE,AE,AE,AE,AE,AE,AE,AE,AE,AE,AE,AE,AE,AE,AE,AE,AE,AE,AE,AE,AE,AE,AE,AE
MATH 544,AE,AE,AE,AE,AE,AE,AE,AE,AE,,,,,,,,,,,,,,,,,,,,,,,,,,,,,,,,,,,,,,,,,,,,,,,,,,,,,,,,,,,,,,,,,,,,,,,,,
MATH 545,AE,AE,AE,AE,AE,AE,AE,AE,AE,AE,AE,AE,AE,AE,AE,AE,AE,AE,AE,AE,AE,AE,AE,AE,AE,AE,AE,AE,,,,,,,,,,,,,,,,,,,,,,,,,,,,,,,,,,,,,,,,,,,,,,,,,,,,,,
MATH 546,AE,AE,AE,AE,AE,AE,AE,AE,AE,AE,AE,AE,AE,AE,AE,AE,AE,AE,AE,AE,AE,AE,AE,AE,AE,AE,AE,AE,AE,AE,AE,AE,AE,AE,AE,AE,AE,AE,AE,AE,AE,AE,AE,AE,AE,AE,AE,AE,AE,AE,AE,AE,AE,AE,AE,AE,AE,AE,AE,AE,AE,AE,AE,AE,AE,AE,AE,AE,AE,AE,AE,AE,AE,AE,AE,AE,AE,AE,AE,AE,AE,AE
MATH 547,AE,AE,AE,AE,AE,AE,AE,AE,AE,AE,AE,AE,AE,AE,AE,AE,AE,AE,AE,AE,AE,AE,AE,AE,AE,AE,AE,AE,AE,AE,AE,AE,AE,AE,AE,AE,AE,AE,AE,AE,AE,AE,AE,AE,AE,AE,AE,AE,AE,AE,AE,AE,AE,AE,AE,AE,AE,AE,AE,AE,AE,AE,AE,AE,AE,AE,AE,AE,AE,AE,AE,AE,AE,AE,AE,AE,AE,AE,AE,AE,AE,AE
MATH 555,AE,AE,AE,AE,AE,AE,AE,AE,AE,AE,AE,AE,AE,AE,AE,AE,AE,AE,AE,AE,AE,AE,AE,AE,AE,AE,AE,AE,AE,AE,AE,AE,AE,AE,AE,AE,AE,AE,AE,AE,AE,AE,AE,AE,AE,AE,AE,AE,AE,AE,AE,AE,AE,AE,AE,AE,AE,AE,AE,AE,AE,AE,AE,AE,AE,AE,AE,AE,AE,AE,AE,AE,AE,AE,AE,AE,AE,AE,AE,AE,AE,AE
MATH 561,AE,AE,AE,AE,AE,AE,AE,AE,AE,AE,AE,AE,AE,AE,AE,AE,AE,AE,AE,AE,AE,AE,AE,AE,AE,AE,AE,AE,AE,AE,AE,AE,AE,AE,AE,AE,AE,AE,AE,AE,AE,AE,AE,AE,AE,AE,AE,AE,AE,AE,AE,AE,AE,AE,AE,AE,AE,AE,AE,AE,AE,AE,AE,AE,AE,AE,AE,AE,AE,AE,AE,AE,AE,AE,AE,AE,AE,AE,AE,AE,AE,AE
MATH 571,AE,AE,AE,AE,AE,AE,AE,AE,AE,AE,AE,AE,AE,AE,AE,AE,AE,AE,AE,AE,AE,AE,AE,AE,AE,AE,AE,AE,AE,AE,AE,AE,AE,AE,AE,AE,AE,AE,AE,AE,AE,AE,AE,AE,AE,AE,AE,AE,AE,AE,AE,AE,AE,AE,AE,AE,AE,AE,AE,AE,AE,AE,AE,AE,AE,AE,AE,AE,AE,AE,AE,AE,AE,AE,AE,AE,AE,AE,AE,AE,AE,AE
MATH 572,AE,AE,AE,AE,AE,AE,AE,AE,AE,AE,AE,AE,AE,AE,AE,AE,AE,AE,AE,AE,AE,AE,AE,AE,AE,AE,AE,AE,AE,AE,AE,AE,AE,AE,AE,AE,AE,AE,AE,AE,AE,AE,AE,AE,AE,AE,AE,AE,AE,AE,AE,AE,AE,AE,AE,AE,AE,AE,AE,AE,AE,AE,AE,AE,AE,AE,AE,AE,AE,AE,AE,AE,AE,AE,AE,AE,AE,AE,AE,AE,AE,AE
MATH 573,AE,AE,AE,AE,AE,AE,AE,AE,AE,AE,AE,AE,AE,AE,AE,AE,AE,AE,AE,AE,AE,AE,AE,AE,AE,AE,AE,AE,AE,AE,AE,AE,AE,AE,AE,AE,AE,AE,AE,AE,AE,AE,AE,AE,AE,AE,AE,AE,AE,AE,AE,AE,AE,AE,AE,AE,AE,AE,AE,AE,AE,AE,AE,AE,AE,AE,AE,AE,AE,AE,AE,AE,AE,AE,AE,AE,AE,AE,AE,AE,AE,AE
MATH 574,AE,AE,AE,AE,AE,AE,AE,AE,AE,AE,AE,AE,AE,AE,AE,AE,AE,AE,AE,AE,AE,AE,AE,AE,AE,AE,AE,AE,AE,AE,AE,AE,AE,AE,AE,AE,AE,AE,AE,AE,AE,AE,AE,AE,AE,AE,AE,AE,AE,AE,AE,AE,AE,AE,AE,AE,AE,AE,AE,AE,AE,AE,AE,AE,AE,AE,AE,AE,AE,AE,AE,AE,AE,AE,AE,AE,AE,AE,AE,AE,AE,AE
MATH 575,AE,AE,AE,AE,AE,AE,AE,AE,AE,AE,AE,AE,AE,AE,AE,AE,AE,AE,AE,AE,AE,AE,AE,AE,AE,AE,AE,AE,AE,AE,AE,AE,AE,AE,AE,AE,AE,AE,AE,AE,AE,AE,AE,AE,AE,AE,AE,AE,AE,,,,,,,,,,,,,,,,,,,,,,,,,,,,,,,,,
MATH 576,AE,AE,AE,AE,AE,AE,AE,AE,AE,AE,AE,AE,AE,AE,AE,AE,AE,AE,AE,AE,AE,AE,AE,AE,AE,AE,AE,AE,AE,AE,AE,AE,AE,AE,AE,AE,AE,AE,AE,AE,AE,AE,AE,AE,AE,,,,,,,,,,,,,,,,,,,,,,,,,,,,,,,,,,,,,
MATH 577,AE,AE,AE,AE,AE,AE,AE,AE,AE,AE,AE,AE,AE,AE,AE,AE,AE,AE,AE,AE,AE,AE,AE,AE,AE,AE,AE,AE,AE,AE,AE,AE,AE,AE,AE,AE,,,,,,,,,,,,,,,,,,,,,,,,,,,,,,,,,,,,,,,,,,,,,,
MATH 578,AE,AE,AE,AE,AE,AE,AE,AE,AE,AE,AE,AE,AE,AE,AE,AE,AE,AE,AE,AE,AE,AE,AE,AE,AE,AE,AE,AE,AE,AE,AE,AE,AE,AE,AE,AE,AE,AE,AE,AE,AE,AE,AE,AE,AE,AE,AE,AE,AE,AE,AE,AE,AE,AE,AE,AE,AE,AE,AE,AE,AE,AE,AE,AE,AE,AE,AE,AE,AE,AE,AE,AE,AE,AE,AE,AE,AE,AE,AE,AE,AE,AE
MATH 579,AE,AE,AE,AE,AE,AE,AE,AE,AE,AE,AE,AE,AE,AE,AE,AE,AE,AE,AE,AE,AE,AE,AE,AE,AE,AE,AE,AE,AE,AE,AE,AE,AE,AE,AE,AE,AE,AE,AE,AE,AE,AE,AE,AE,AE,AE,AE,AE,AE,AE,AE,AE,AE,AE,AE,AE,AE,AE,AE,AE,AE,AE,AE,AE,AE,AE,AE,AE,AE,AE,,,,,,,,,,,,
MATH 58000,AE,AE,AE,AE,AE,AE,AE,AE,AE,AE,AE,AE,AE,AE,AE,AE,AE,AE,AE,AE,AE,AE,AE,AE,AE,AE,AE,AE,AE,AE,AE,AE,AE,AE,AE,AE,AE,AE,AE,AE,AE,AE,AE,AE,AE,AE,AE,AE,AE,AE,AE,AE,AE,AE,AE,AE,AE,AE,AE,AE,AE,AE,AE,AE,AE,AE,,,,,,,,,,,,,,,,
MATH 58001,AE,AE,AE,AE,AE,AE,AE,AE,AE,AE,AE,AE,AE,AE,AE,AE,AE,AE,AE,AE,AE,AE,AE,AE,AE,AE,AE,AE,AE,AE,AE,AE,AE,AE,AE,AE,AE,AE,AE,AE,AE,AE,AE,AE,AE,AE,AE,AE,AE,AE,AE,AE,AE,AE,AE,AE,AE,AE,AE,AE,AE,AE,AE,AE,AE,AE,AE,AE,AE,AE,AE,AE,AE,AE,AE,AE,AE,AE,AE,AE,AE,AE
MATH 58002,AE,AE,AE,AE,AE,AE,AE,AE,AE,AE,AE,AE,AE,AE,AE,AE,AE,AE,AE,AE,AE,AE,AE,AE,AE,AE,AE,AE,AE,AE,AE,AE,AE,AE,AE,AE,AE,AE,AE,AE,AE,AE,AE,AE,AE,AE,AE,AE,AE,AE,AE,AE,AE,AE,AE,AE,AE,AE,AE,AE,AE,AE,AE,AE,AE,AE,AE,AE,AE,AE,AE,AE,AE,AE,AE,AE,AE,AE,AE,AE,AE,AE
MATH 58003,AE,AE,AE,AE,AE,AE,AE,AE,AE,AE,AE,AE,AE,AE,AE,AE,AE,AE,AE,AE,AE,AE,AE,AE,AE,AE,AE,AE,AE,AE,AE,AE,AE,AE,AE,AE,AE,AE,AE,AE,AE,AE,AE,AE,AE,AE,AE,AE,AE,AE,AE,AE,AE,AE,AE,AE,AE,AE,AE,AE,AE,AE,AE,AE,AE,AE,AE,AE,AE,AE,AE,AE,AE,AE,AE,AE,AE,AE,AE,AE,AE,AE
MATH 58004,AE,AE,AE,AE,AE,AE,AE,AE,AE,AE,AE,AE,AE,AE,AE,AE,AE,AE,AE,AE,AE,AE,AE,AE,AE,AE,AE,AE,AE,AE,AE,AE,AE,AE,AE,AE,AE,AE,AE,AE,AE,AE,AE,AE,AE,AE,AE,AE,AE,AE,AE,AE,AE,AE,AE,AE,AE,AE,AE,AE,AE,AE,AE,AE,AE,AE,AE,AE,AE,AE,,,,,,,,,,,,
MATH 58005,AE,AE,AE,AE,AE,AE,AE,AE,AE,AE,AE,AE,AE,AE,AE,AE,AE,AE,AE,AE,AE,AE,AE,AE,AE,AE,AE,AE,AE,AE,AE,AE,AE,AE,AE,AE,AE,AE,AE,AE,AE,AE,AE,AE,AE,AE,AE,AE,AE,AE,AE,AE,AE,AE,AE,AE,AE,AE,AE,AE,AE,AE,AE,,,,,,,,,,,,,,,,,,,
MATH 58006,AE,AE,AE,AE,AE,AE,AE,AE,AE,AE,AE,AE,AE,AE,AE,AE,AE,AE,AE,AE,AE,AE,AE,AE,AE,AE,AE,AE,AE,AE,AE,AE,AE,AE,AE,AE,AE,AE,AE,AE,AE,AE,AE,AE,AE,AE,AE,AE,AE,AE,AE,AE,AE,AE,AE,AE,AE,AE,AE,AE,AE,AE,AE,,,,,,,,,,,,,,,,,,,
MATH 581,AE,AE,AE,AE,AE,AE,AE,AE,AE,AE,AE,AE,AE,AE,AE,AE,AE,AE,AE,AE,AE,AE,AE,AE,AE,AE,AE,AE,AE,AE,AE,AE,AE,AE,AE,AE,AE,AE,AE,AE,AE,AE,AE,AE,AE,AE,AE,AE,AE,AE,AE,,,,,,,,,,,,,,,,,,,,,,,,,,,,,,,
MATH 584,AE,AE,AE,AE,AE,AE,AE,AE,AE,AE,AE,AE,AE,AE,AE,AE,AE,AE,AE,AE,AE,AE,AE,AE,AE,AE,AE,AE,AE,AE,AE,AE,AE,AE,AE,AE,AE,AE,AE,AE,AE,AE,AE,AE,AE,AE,AE,AE,AE,AE,AE,AE,AE,AE,AE,AE,AE,AE,AE,AE,AE,AE,AE,AE,AE,AE,AE,AE,AE,AE,AE,AE,AE,AE,AE,AE,AE,AE,AE,AE,AE,AE
MATH 601,AE,AE,AE,AE,AE,AE,AE,AE,AE,AE,AE,AE,AE,AE,AE,AE,AE,AE,AE,AE,AE,AE,AE,AE,AE,AE,AE,AE,AE,AE,AE,AE,AE,AE,AE,AE,AE,AE,AE,AE,AE,AE,AE,AE,AE,AE,AE,AE,AE,AE,AE,,,,,,,,,,,,,,,,,,,,,,,,,,,,,,,
MATH 602,AE,AE,AE,AE,AE,AE,AE,AE,AE,AE,AE,AE,AE,AE,AE,AE,AE,AE,AE,AE,AE,AE,AE,AE,AE,AE,AE,AE,AE,AE,AE,AE,AE,AE,AE,AE,AE,AE,AE,AE,AE,AE,AE,AE,AE,AE,AE,AE,AE,AE,AE,,,,,,,,,,,,,,,,,,,,,,,,,,,,,,,
MATH 603,AE,AE,AE,AE,AE,AE,AE,AE,AE,AE,AE,AE,AE,AE,AE,AE,AE,AE,AE,AE,AE,AE,AE,AE,AE,AE,AE,AE,AE,AE,AE,AE,AE,AE,AE,AE,AE,AE,AE,AE,AE,AE,AE,AE,AE,AE,AE,AE,AE,AE,AE,AE,AE,AE,AE,AE,AE,AE,AE,AE,AE,AE,AE,AE,AE,AE,AE,AE,AE,AE,AE,AE,AE,AE,AE,AE,AE,AE,AE,AE,AE,AE
MATH 604,AE,AE,AE,AE,AE,AE,AE,AE,AE,AE,AE,AE,AE,AE,AE,AE,AE,AE,AE,AE,AE,AE,AE,AE,AE,AE,AE,AE,AE,AE,AE,AE,AE,AE,AE,AE,AE,AE,AE,AE,AE,AE,AE,AE,AE,AE,AE,AE,AE,AE,AE,AE,AE,AE,AE,AE,AE,AE,AE,AE,AE,AE,AE,AE,AE,AE,AE,AE,AE,AE,AE,AE,AE,AE,AE,AE,AE,AE,AE,AE,AE,AE
MATH 610,AE,AE,AE,AE,AE,AE,AE,AE,AE,AE,AE,AE,AE,AE,AE,AE,AE,AE,AE,AE,AE,AE,AE,AE,AE,AE,AE,AE,AE,AE,AE,AE,AE,AE,AE,AE,AE,AE,AE,AE,,,,,,,,,,,,,,,,,,,,,,,,,,,,,,,,,,,,,,,,,,
MATH 612,AE,AE,AE,AE,AE,AE,AE,AE,AE,AE,AE,AE,AE,AE,AE,AE,AE,AE,AE,AE,AE,AE,AE,AE,AE,AE,AE,AE,AE,AE,AE,AE,AE,AE,AE,AE,AE,AE,AE,AE,AE,AE,AE,AE,AE,AE,AE,AE,AE,AE,AE,,,,,,,,,,,,,,,,,,,,,,,,,,,,,,,
MATH 613,AE,AE,AE,AE,AE,AE,AE,AE,AE,AE,AE,AE,AE,AE,AE,AE,AE,AE,AE,AE,AE,AE,AE,AE,AE,AE,AE,AE,AE,AE,AE,AE,AE,AE,AE,AE,AE,AE,AE,AE,AE,AE,AE,AE,AE,AE,AE,AE,AE,AE,AE,,,,,,,,,,,,,,,,,,,,,,,,,,,,,,,
MATH 615,AE,AE,AE,AE,AE,AE,AE,AE,AE,AE,AE,AE,AE,AE,AE,AE,AE,AE,AE,AE,AE,AE,AE,AE,AE,AE,AE,AE,AE,AE,AE,AE,AE,AE,AE,AE,AE,AE,AE,AE,AE,AE,AE,AE,AE,AE,AE,AE,AE,AE,AE,,,,,,,,,,,,,,,,,,,,,,,,,,,,,,,
MATH 616,AE,AE,AE,AE,AE,AE,AE,AE,AE,AE,AE,AE,AE,AE,AE,AE,AE,AE,AE,AE,AE,AE,AE,AE,AE,AE,AE,AE,AE,AE,AE,AE,AE,AE,AE,AE,AE,AE,AE,AE,AE,AE,AE,AE,AE,AE,AE,AE,AE,AE,AE,,,,,,,,,,,,,,,,,,,,,,,,,,,,,,,
MATH 617,AE,AE,AE,AE,AE,AE,AE,AE,AE,AE,AE,AE,AE,AE,AE,AE,AE,AE,AE,AE,AE,AE,AE,AE,AE,AE,AE,AE,AE,AE,AE,AE,AE,AE,AE,AE,AE,AE,AE,AE,AE,AE,AE,AE,AE,AE,AE,AE,AE,AE,AE,,,,,,,,,,,,,,,,,,,,,,,,,,,,,,,
MATH 618,AE,AE,AE,AE,AE,AE,AE,AE,AE,AE,AE,AE,AE,AE,AE,AE,AE,AE,AE,AE,AE,AE,AE,AE,AE,AE,AE,AE,AE,AE,AE,AE,AE,AE,AE,AE,AE,AE,AE,AE,AE,AE,AE,AE,AE,AE,AE,AE,AE,AE,AE,,,,,,,,,,,,,,,,,,,,,,,,,,,,,,,
MATH 621,AE,AE,AE,AE,AE,AE,AE,AE,AE,AE,AE,AE,AE,AE,AE,AE,AE,AE,AE,AE,AE,AE,AE,AE,AE,AE,AE,AE,AE,AE,AE,AE,AE,AE,AE,AE,AE,AE,AE,AE,AE,AE,AE,AE,AE,AE,AE,AE,AE,AE,AE,,,,,,,,,,,,,,,,,,,,,,,,,,,,,,,
MATH 622,AE,AE,AE,AE,AE,AE,AE,AE,AE,AE,AE,AE,AE,AE,AE,AE,AE,AE,AE,AE,AE,AE,AE,AE,AE,AE,AE,AE,AE,AE,AE,AE,AE,AE,AE,AE,AE,AE,AE,AE,AE,AE,AE,AE,AE,AE,AE,AE,AE,AE,AE,,,,,,,,,,,,,,,,,,,,,,,,,,,,,,,
MATH 631,AE,AE,AE,AE,AE,AE,AE,AE,AE,AE,AE,AE,AE,AE,AE,AE,AE,AE,AE,AE,AE,AE,AE,AE,AE,AE,AE,AE,AE,AE,AE,AE,AE,AE,AE,AE,AE,AE,AE,AE,AE,AE,AE,AE,AE,AE,AE,AE,AE,AE,AE,,,,,,,,,,,,,,,,,,,,,,,,,,,,,,,
MATH 632,AE,AE,AE,AE,AE,AE,AE,AE,AE,AE,AE,AE,AE,AE,AE,AE,AE,AE,AE,AE,AE,AE,AE,AE,AE,AE,AE,AE,AE,AE,AE,AE,AE,AE,AE,AE,AE,AE,AE,AE,AE,AE,AE,AE,AE,AE,AE,AE,AE,AE,AE,,,,,,,,,,,,,,,,,,,,,,,,,,,,,,,
MATH 636,AE,AE,AE,AE,AE,AE,AE,AE,AE,AE,AE,AE,AE,AE,AE,AE,AE,AE,AE,AE,AE,AE,AE,AE,AE,AE,AE,AE,AE,AE,AE,AE,AE,AE,AE,AE,AE,AE,AE,AE,AE,AE,AE,AE,AE,AE,AE,AE,AE,AE,AE,AE,AE,AE,AE,AE,AE,AE,AE,AE,AE,AE,AE,AE,AE,AE,AE,AE,AE,AE,,,,,,,,,,,,
MATH 637,AE,AE,AE,AE,AE,AE,AE,AE,AE,AE,AE,AE,AE,AE,AE,AE,AE,AE,AE,AE,AE,AE,AE,AE,AE,AE,AE,AE,AE,AE,AE,AE,AE,AE,AE,AE,AE,AE,AE,AE,AE,AE,AE,AE,AE,AE,AE,AE,AE,AE,AE,,,,,,,,,,,,,,,,,,,,,,,,,,,,,,,
MATH 638,AE,AE,AE,AE,AE,AE,AE,AE,AE,AE,AE,AE,AE,AE,AE,AE,AE,AE,AE,AE,AE,AE,AE,AE,AE,AE,AE,AE,AE,AE,AE,AE,AE,AE,AE,AE,AE,AE,AE,AE,AE,AE,AE,AE,AE,AE,AE,AE,AE,AE,AE,,,,,,,,,,,,,,,,,,,,,,,,,,,,,,,
MATH 639,AE,AE,AE,AE,AE,AE,AE,AE,AE,AE,AE,AE,AE,AE,AE,AE,AE,AE,AE,AE,AE,AE,AE,AE,AE,AE,AE,AE,AE,AE,AE,AE,AE,AE,AE,AE,AE,AE,AE,AE,AE,AE,AE,AE,AE,AE,AE,AE,AE,AE,AE,AE,AE,AE,AE,AE,AE,AE,AE,AE,AE,AE,AE,AE,,,,,,,,,,,,,,,,,,
MATH 664,AE,AE,AE,AE,AE,AE,AE,AE,AE,AE,AE,AE,AE,AE,AE,AE,AE,AE,AE,AE,AE,AE,AE,AE,AE,AE,AE,AE,AE,AE,AE,AE,AE,AE,AE,AE,AE,AE,AE,AE,AE,AE,,,,,,,,,,,,,,,,,,,,,,,,,,,,,,,,,,,,,,,,
MATH 68001,AE,AE,AE,AE,AE,AE,AE,AE,AE,AE,AE,AE,AE,AE,AE,AE,AE,AE,AE,AE,AE,AE,AE,AE,AE,AE,AE,AE,AE,AE,AE,AE,AE,AE,AE,AE,AE,AE,AE,AE,AE,AE,AE,AE,AE,AE,AE,AE,AE,AE,AE,AE,,,,,,,,,,,,,,,,,,,,,,,,,,,,,,
MATH 68002,AE,AE,AE,AE,AE,AE,AE,AE,AE,AE,AE,AE,AE,AE,AE,AE,AE,AE,AE,AE,AE,AE,AE,AE,AE,AE,AE,AE,AE,AE,AE,AE,AE,AE,AE,AE,AE,AE,AE,AE,AE,AE,AE,AE,AE,AE,AE,AE,AE,AE,AE,AE,AE,AE,AE,AE,AE,AE,AE,AE,AE,AE,AE,AE,AE,AE,AE,AE,AE,,,,,,,,,,,,,
MATH 68003,AE,AE,AE,AE,AE,AE,AE,AE,AE,AE,AE,AE,AE,AE,AE,AE,AE,AE,AE,AE,AE,AE,AE,AE,AE,AE,AE,AE,AE,AE,AE,AE,AE,AE,AE,AE,AE,AE,AE,AE,AE,AE,AE,AE,AE,AE,AE,AE,AE,AE,AE,AE,AE,AE,AE,AE,AE,AE,AE,AE,AE,AE,AE,,,,,,,,,,,,,,,,,,,
MATH 68004,AE,AE,AE,AE,AE,AE,AE,AE,AE,AE,AE,AE,AE,AE,AE,AE,AE,AE,AE,AE,AE,AE,AE,AE,AE,AE,AE,AE,AE,AE,AE,AE,AE,AE,AE,AE,AE,AE,AE,AE,AE,AE,AE,AE,AE,AE,AE,AE,AE,AE,AE,AE,AE,AE,AE,AE,AE,AE,AE,AE,AE,AE,AE,AE,AE,AE,AE,AE,AE,AE,AE,AE,AE,AE,AE,AE,AE,AE,AE,AE,AE,AE
MATH 68005,AE,AE,AE,AE,AE,AE,AE,AE,AE,AE,AE,AE,AE,AE,AE,AE,AE,AE,AE,AE,AE,AE,AE,AE,AE,AE,AE,AE,AE,AE,AE,AE,AE,AE,AE,AE,AE,AE,AE,AE,AE,AE,AE,AE,AE,AE,AE,AE,AE,AE,AE,AE,AE,AE,AE,AE,AE,AE,AE,AE,AE,AE,AE,AE,AE,AE,AE,AE,AE,AE,AE,AE,AE,AE,AE,AE,AE,AE,AE,AE,AE,AE
MATH 68006,AE,AE,AE,AE,AE,AE,AE,AE,AE,AE,AE,AE,AE,AE,AE,AE,AE,AE,AE,AE,AE,AE,AE,AE,AE,AE,AE,AE,AE,AE,AE,AE,AE,AE,AE,AE,AE,AE,AE,AE,AE,AE,AE,AE,AE,AE,AE,AE,AE,AE,AE,AE,AE,AE,AE,AE,AE,AE,AE,AE,AE,AE,AE,AE,AE,AE,,,,,,,,,,,,,,,,
MATH 68007,AE,AE,AE,AE,AE,AE,AE,AE,AE,AE,AE,AE,AE,AE,AE,AE,AE,AE,AE,AE,AE,AE,AE,AE,AE,AE,AE,AE,AE,AE,AE,AE,AE,AE,AE,AE,AE,AE,AE,AE,AE,AE,AE,AE,AE,AE,AE,AE,AE,AE,AE,AE,AE,AE,AE,AE,AE,AE,AE,AE,AE,AE,AE,AE,AE,AE,AE,AE,AE,AE,AE,AE,AE,AE,AE,AE,AE,AE,AE,AE,AE,AE
MATH 68008,AE,AE,AE,AE,AE,AE,AE,AE,AE,AE,AE,AE,AE,AE,AE,AE,AE,AE,AE,AE,AE,AE,AE,AE,AE,AE,AE,AE,AE,AE,AE,AE,AE,AE,AE,AE,AE,AE,AE,AE,AE,AE,AE,AE,AE,AE,AE,AE,AE,AE,AE,AE,AE,AE,AE,AE,AE,AE,AE,AE,AE,AE,AE,AE,AE,AE,AE,AE,AE,AE,AE,AE,AE,AE,AE,AE,AE,AE,AE,AE,AE,AE
MAT 501,AE,AE,AE,AE,AE,AE,AE,AE,AE,AE,AE,AE,AE,AE,AE,AE,AE,AE,AE,AE,AE,AE,AE,AE,AE,AE,AE,AE,AE,AE,AE,AE,AE,AE,AE,AE,AE,AE,AE,AE,AE,AE,AE,AE,AE,AE,AE,AE,AE,AE,AE,AE,AE,AE,AE,AE,AE,AE,AE,AE,AE,AE,AE,AE,AE,AE,AE,AE,AE,AE,AE,AE,AE,AE,AE,AE,AE,AE,AE,AE,AE,AE
MAT 502,AE,AE,AE,AE,AE,AE,AE,AE,AE,AE,AE,AE,AE,AE,AE,AE,AE,AE,AE,AE,AE,AE,AE,AE,AE,AE,AE,AE,AE,AE,AE,AE,AE,AE,AE,AE,AE,AE,AE,AE,AE,AE,AE,AE,AE,AE,AE,AE,AE,AE,AE,AE,AE,AE,AE,AE,AE,AE,AE,AE,AE,AE,AE,AE,AE,AE,AE,AE,AE,AE,AE,AE,AE,AE,AE,AE,AE,AE,AE,AE,AE,AE
MAT 503,AE,AE,AE,AE,AE,AE,AE,AE,AE,AE,AE,AE,AE,AE,AE,AE,AE,AE,AE,AE,AE,AE,AE,AE,AE,AE,AE,AE,AE,AE,AE,AE,AE,AE,AE,AE,AE,AE,AE,,,,,,,,,,,,,,,,,,,,,,,,,,,,,,,,,,,,,,,,,,,
MAT 504,AE,AE,AE,AE,AE,AE,AE,AE,AE,AE,AE,AE,AE,AE,AE,AE,AE,AE,AE,AE,AE,AE,AE,AE,AE,AE,AE,AE,AE,AE,AE,AE,AE,AE,AE,AE,AE,AE,AE,AE,AE,AE,AE,AE,AE,AE,AE,AE,AE,AE,AE,AE,AE,AE,AE,AE,AE,AE,AE,AE,AE,AE,AE,AE,AE,AE,AE,AE,AE,AE,AE,AE,AE,AE,AE,AE,AE,AE,AE,AE,AE,AE
MAT 505,AE,AE,AE,AE,AE,AE,AE,AE,AE,AE,AE,AE,AE,AE,AE,AE,AE,AE,AE,AE,AE,AE,AE,AE,AE,AE,AE,AE,AE,AE,AE,AE,AE,AE,AE,AE,AE,AE,AE,AE,AE,AE,AE,AE,AE,AE,AE,AE,AE,AE,AE,AE,AE,AE,AE,AE,AE,AE,AE,AE,AE,AE,AE,AE,AE,AE,AE,AE,AE,AE,AE,AE,AE,AE,AE,AE,AE,AE,AE,AE,AE,AE
MAT 506,AE,AE,AE,AE,AE,AE,AE,AE,AE,AE,AE,AE,AE,AE,AE,AE,AE,AE,AE,AE,AE,AE,AE,AE,AE,AE,AE,AE,AE,AE,AE,AE,AE,AE,AE,AE,AE,AE,AE,,,,,,,,,,,,,,,,,,,,,,,,,,,,,,,,,,,,,,,,,,,
MAT 507,AE,AE,AE,AE,AE,AE,AE,AE,AE,AE,AE,AE,AE,AE,AE,AE,AE,AE,AE,AE,AE,AE,AE,AE,AE,AE,AE,AE,AE,AE,AE,AE,AE,AE,AE,AE,AE,AE,AE,AE,AE,AE,AE,,,,,,,,,,,,,,,,,,,,,,,,,,,,,,,,,,,,,,,
MAT 508,AE,AE,AE,AE,AE,AE,AE,AE,AE,AE,AE,AE,AE,AE,AE,AE,AE,AE,AE,AE,AE,AE,AE,AE,AE,AE,AE,AE,AE,AE,AE,AE,AE,AE,AE,AE,AE,AE,AE,,,,,,,,,,,,,,,,,,,,,,,,,,,,,,,,,,,,,,,,,,,
MAT 509,AE,AE,AE,AE,AE,AE,AE,AE,AE,AE,AE,AE,AE,AE,AE,AE,AE,AE,AE,AE,AE,AE,AE,AE,AE,AE,AE,AE,AE,AE,AE,AE,AE,AE,AE,AE,AE,AE,AE,AE,AE,AE,AE,AE,AE,AE,AE,AE,AE,AE,AE,AE,AE,AE,AE,AE,AE,AE,AE,AE,AE,AE,AE,AE,AE,AE,AE,AE,AE,AE,AE,AE,AE,AE,AE,AE,AE,AE,AE,AE,AE,AE
MAT 510,AE,AE,AE,AE,AE,AE,AE,AE,AE,AE,AE,AE,AE,AE,AE,AE,AE,AE,AE,AE,AE,AE,AE,AE,AE,AE,AE,AE,AE,AE,AE,AE,AE,AE,AE,AE,AE,AE,AE,AE,AE,AE,AE,AE,AE,AE,AE,AE,,,,,,,,,,,,,,,,,,,,,,,,,,,,,,,,,,
MAT 511,AE,AE,AE,AE,AE,AE,AE,AE,AE,AE,AE,AE,AE,AE,AE,AE,AE,AE,AE,AE,AE,AE,AE,AE,AE,AE,AE,AE,AE,AE,AE,AE,AE,AE,AE,AE,AE,AE,AE,AE,AE,AE,AE,AE,AE,AE,AE,AE,AE,AE,AE,AE,AE,AE,AE,AE,AE,AE,AE,AE,AE,AE,AE,AE,AE,AE,AE,AE,AE,AE,AE,AE,AE,AE,AE,AE,AE,AE,AE,AE,AE,AE
MAT 512,AE,AE,AE,AE,AE,AE,AE,AE,AE,AE,AE,AE,AE,AE,AE,AE,AE,AE,AE,AE,AE,AE,AE,AE,AE,AE,AE,AE,AE,AE,AE,AE,AE,AE,AE,AE,AE,AE,AE,,,,,,,,,,,,,,,,,,,,,,,,,,,,,,,,,,,,,,,,,,,
MAT 514,AE,AE,AE,AE,AE,AE,AE,AE,AE,AE,AE,AE,AE,AE,AE,AE,AE,AE,AE,AE,AE,AE,AE,AE,AE,AE,AE,AE,AE,AE,AE,AE,AE,AE,AE,AE,AE,AE,AE,AE,AE,AE,AE,AE,AE,AE,AE,AE,AE,AE,AE,AE,AE,AE,AE,AE,AE,AE,AE,AE,AE,AE,AE,AE,AE,AE,AE,AE,AE,AE,AE,AE,AE,AE,AE,AE,AE,AE,AE,AE,AE,AE
MAT 516,AE,AE,AE,AE,AE,AE,AE,AE,AE,AE,AE,AE,AE,AE,AE,AE,AE,AE,AE,AE,AE,AE,AE,AE,AE,AE,AE,AE,AE,AE,AE,AE,AE,AE,AE,AE,AE,AE,AE,AE,AE,AE,AE,AE,AE,AE,AE,AE,AE,AE,AE,AE,AE,AE,AE,AE,AE,AE,AE,AE,AE,AE,AE,AE,AE,AE,AE,AE,AE,AE,AE,AE,AE,AE,AE,AE,AE,AE,AE,AE,AE,AE
MAT 518,AE,AE,AE,AE,AE,AE,AE,AE,AE,AE,AE,AE,AE,AE,AE,AE,AE,AE,AE,AE,AE,AE,AE,AE,AE,AE,AE,AE,AE,AE,AE,AE,AE,AE,AE,AE,AE,AE,AE,AE,AE,AE,AE,AE,AE,AE,AE,AE,AE,AE,AE,AE,AE,AE,AE,AE,AE,AE,AE,AE,AE,AE,AE,AE,AE,AE,,,,,,,,,,,,,,,,
MAT 520,AE,AE,AE,AE,AE,AE,AE,AE,AE,AE,AE,AE,AE,AE,AE,AE,AE,AE,AE,AE,AE,AE,AE,AE,AE,AE,AE,AE,AE,AE,AE,AE,AE,AE,AE,AE,AE,AE,AE,AE,AE,AE,AE,AE,AE,AE,AE,AE,AE,AE,AE,AE,AE,AE,AE,AE,AE,AE,AE,AE,AE,AE,AE,AE,AE,AE,AE,AE,AE,AE,AE,AE,AE,AE,AE,AE,AE,AE,AE,AE,AE,AE
MAT 521,AE,AE,AE,AE,AE,AE,AE,AE,AE,AE,AE,AE,AE,AE,AE,AE,AE,AE,AE,AE,AE,AE,AE,AE,AE,AE,AE,AE,AE,AE,AE,AE,AE,AE,AE,AE,AE,AE,AE,AE,AE,AE,AE,AE,AE,AE,AE,AE,AE,AE,AE,AE,AE,AE,AE,AE,AE,AE,AE,AE,AE,AE,AE,AE,AE,AE,AE,AE,AE,AE,AE,AE,AE,AE,AE,AE,AE,AE,AE,AE,AE,AE
MAT 522,AE,AE,AE,AE,AE,AE,AE,AE,AE,AE,AE,AE,AE,AE,AE,AE,AE,AE,AE,AE,AE,AE,AE,AE,AE,AE,AE,AE,AE,AE,AE,AE,AE,AE,AE,AE,AE,AE,AE,AE,AE,AE,AE,AE,AE,AE,AE,AE,AE,AE,AE,AE,AE,AE,AE,AE,AE,AE,AE,AE,AE,AE,AE,AE,AE,AE,AE,AE,AE,AE,AE,AE,AE,AE,AE,AE,AE,AE,AE,AE,AE,AE
MAT 523,AE,AE,AE,AE,AE,AE,AE,AE,AE,AE,AE,AE,AE,AE,AE,AE,AE,AE,AE,AE,AE,AE,AE,AE,AE,AE,AE,AE,AE,AE,AE,AE,AE,AE,AE,AE,AE,AE,AE,AE,AE,AE,AE,AE,AE,AE,AE,AE,AE,AE,AE,AE,AE,AE,AE,AE,AE,AE,AE,AE,AE,AE,AE,AE,AE,AE,AE,AE,AE,AE,AE,AE,AE,AE,AE,AE,AE,AE,AE,AE,AE,AE
MAT 524,AE,AE,AE,AE,AE,AE,AE,AE,AE,AE,AE,AE,AE,AE,AE,AE,AE,AE,AE,AE,AE,AE,AE,AE,AE,AE,AE,AE,AE,AE,AE,AE,AE,AE,AE,AE,AE,AE,AE,AE,AE,AE,AE,AE,AE,AE,AE,AE,AE,AE,AE,AE,AE,AE,AE,AE,AE,AE,AE,AE,AE,AE,AE,AE,AE,AE,AE,AE,AE,AE,,,,,,,,,,,,
MAT 525,AE,AE,AE,AE,AE,AE,AE,AE,AE,AE,AE,AE,AE,AE,AE,AE,AE,AE,AE,AE,AE,AE,AE,AE,AE,AE,AE,AE,AE,AE,AE,AE,AE,AE,AE,AE,AE,AE,AE,AE,AE,AE,AE,AE,AE,AE,AE,AE,AE,AE,AE,AE,AE,AE,AE,AE,AE,AE,AE,AE,AE,AE,AE,AE,AE,AE,AE,AE,AE,AE,AE,AE,AE,AE,AE,AE,AE,AE,AE,AE,AE,AE
MAT 526,AE,AE,AE,AE,AE,AE,AE,AE,AE,AE,AE,AE,AE,AE,AE,AE,AE,AE,AE,AE,AE,AE,AE,AE,AE,AE,AE,AE,AE,AE,AE,AE,AE,AE,AE,AE,AE,AE,AE,AE,AE,AE,AE,AE,AE,AE,AE,AE,AE,AE,AE,AE,AE,AE,AE,AE,AE,AE,AE,AE,AE,AE,AE,AE,AE,AE,AE,AE,AE,AE,AE,AE,AE,AE,AE,AE,AE,AE,AE,AE,AE,AE
MAT 528,AE,AE,AE,AE,AE,AE,AE,AE,AE,AE,AE,AE,AE,AE,AE,AE,AE,AE,AE,AE,AE,AE,AE,AE,AE,AE,AE,AE,AE,AE,AE,AE,AE,AE,AE,AE,AE,AE,AE,AE,AE,AE,AE,AE,AE,AE,AE,AE,AE,AE,AE,AE,AE,AE,AE,AE,AE,AE,AE,AE,AE,AE,AE,AE,AE,AE,AE,AE,AE,AE,AE,AE,AE,AE,AE,AE,AE,AE,AE,AE,AE,AE
MAT 532,AE,AE,AE,AE,,,,,,,,,,,,,,,,,,,,,,,,,,,,,,,,,,,,,,,,,,,,,,,,,,,,,,,,,,,,,,,,,,,,,,,,,,,,,,
MAT 540,AE,AE,AE,AE,,,,,,,,,,,,,,,,,,,,,,,,,,,,,,,,,,,,,,,,,,,,,,,,,,,,,,,,,,,,,,,,,,,,,,,,,,,,,,
MAT 542,AE,AE,AE,AE,AE,AE,AE,AE,AE,AE,AE,AE,AE,AE,AE,AE,AE,AE,AE,AE,AE,AE,AE,AE,AE,AE,AE,AE,AE,AE,AE,AE,AE,AE,AE,AE,AE,AE,AE,AE,AE,AE,AE,AE,AE,AE,AE,AE,AE,AE,AE,AE,AE,AE,AE,AE,AE,AE,AE,AE,AE,AE,AE,AE,AE,AE,AE,AE,AE,AE,AE,AE,AE,AE,AE,AE,AE,AE,AE,AE,AE,AE
MAT 555,AE,AE,AE,AE,AE,AE,AE,AE,AE,AE,AE,AE,AE,AE,AE,AE,AE,AE,AE,AE,AE,AE,AE,AE,AE,AE,AE,AE,AE,AE,AE,AE,AE,AE,AE,AE,AE,AE,AE,,,,,,,,,,,,,,,,,,,,,,,,,,,,,,,,,,,,,,,,,,,
MAT 560,AE,AE,AE,AE,AE,AE,AE,AE,AE,AE,AE,AE,AE,AE,AE,AE,AE,AE,AE,AE,AE,AE,AE,AE,AE,AE,AE,AE,AE,AE,AE,AE,AE,AE,AE,AE,AE,AE,AE,AE,AE,AE,AE,AE,AE,AE,AE,AE,AE,AE,AE,AE,AE,AE,AE,AE,AE,AE,AE,AE,AE,AE,AE,AE,AE,AE,AE,AE,AE,AE,,,,,,,,,,,,
MAT 563,AE,AE,AE,AE,AE,AE,AE,AE,AE,AE,AE,AE,AE,AE,AE,AE,AE,AE,AE,AE,AE,AE,AE,AE,AE,AE,AE,AE,AE,AE,AE,AE,AE,AE,AE,AE,AE,AE,AE,,,,,,,,,,,,,,,,,,,,,,,,,,,,,,,,,,,,,,,,,,,
MAT 570,AE,AE,AE,AE,AE,AE,AE,AE,AE,AE,AE,AE,AE,AE,AE,AE,AE,AE,AE,AE,AE,AE,AE,AE,AE,AE,AE,AE,AE,AE,AE,AE,AE,AE,AE,AE,AE,AE,AE,AE,AE,AE,AE,AE,AE,AE,AE,AE,AE,AE,AE,AE,AE,AE,AE,AE,AE,AE,AE,AE,AE,AE,AE,AE,AE,AE,AE,AE,AE,AE,,,,,,,,,,,,
MAT 571,AE,AE,AE,AE,AE,AE,AE,AE,AE,AE,AE,AE,AE,AE,AE,AE,AE,AE,AE,AE,AE,AE,AE,AE,AE,AE,AE,AE,AE,AE,AE,AE,AE,AE,AE,AE,AE,AE,AE,AE,AE,AE,AE,AE,AE,AE,AE,AE,AE,AE,AE,AE,AE,AE,AE,AE,AE,AE,AE,AE,AE,AE,AE,AE,AE,AE,AE,AE,AE,AE,AE,AE,AE,AE,AE,AE,AE,AE,AE,AE,AE,AE
MAT 580,AE,AE,AE,AE,AE,AE,AE,AE,AE,AE,AE,AE,AE,AE,AE,AE,AE,AE,AE,AE,AE,AE,AE,AE,AE,AE,AE,AE,AE,AE,AE,AE,AE,AE,AE,AE,AE,AE,AE,AE,AE,AE,AE,AE,AE,AE,AE,AE,AE,AE,AE,,,,,,,,,,,,,,,,,,,,,,,,,,,,,,,
MAT 58000,AE,AE,AE,AE,AE,AE,AE,AE,AE,AE,AE,AE,AE,AE,AE,AE,AE,AE,AE,AE,AE,AE,AE,AE,AE,AE,AE,AE,AE,AE,AE,AE,AE,AE,AE,AE,AE,AE,AE,AE,AE,AE,AE,AE,AE,AE,AE,AE,AE,AE,AE,AE,AE,AE,AE,AE,AE,AE,AE,AE,AE,AE,AE,AE,AE,AE,AE,AE,AE,AE,AE,AE,AE,AE,AE,AE,AE,AE,AE,AE,AE,AE
MAT 58001,AE,AE,AE,AE,AE,AE,AE,AE,AE,AE,AE,AE,AE,AE,AE,AE,AE,AE,AE,AE,AE,AE,AE,AE,AE,AE,AE,AE,AE,AE,AE,AE,AE,AE,AE,AE,AE,AE,AE,AE,AE,AE,AE,AE,AE,AE,AE,AE,AE,AE,AE,AE,AE,AE,AE,AE,AE,AE,AE,AE,AE,AE,AE,AE,AE,AE,AE,AE,AE,AE,AE,AE,AE,AE,AE,,,,,,,
MAT 58005,AE,AE,AE,AE,AE,AE,AE,AE,AE,AE,AE,AE,AE,AE,AE,AE,AE,AE,AE,AE,AE,AE,AE,AE,AE,AE,AE,AE,AE,AE,AE,AE,AE,AE,AE,AE,AE,AE,AE,AE,AE,AE,AE,AE,AE,AE,AE,AE,AE,AE,AE,AE,AE,AE,AE,AE,AE,AE,AE,AE,AE,AE,AE,AE,AE,AE,AE,AE,AE,AE,AE,AE,AE,AE,AE,AE,AE,,,,,
MAT 581,AE,AE,AE,AE,AE,AE,AE,AE,AE,AE,AE,AE,AE,AE,AE,AE,AE,AE,AE,AE,AE,AE,AE,AE,AE,AE,AE,AE,AE,AE,AE,AE,AE,AE,AE,AE,AE,AE,AE,AE,AE,AE,AE,AE,AE,AE,AE,AE,AE,AE,AE,,,,,,,,,,,,,,,,,,,,,,,,,,,,,,,
MAT 601,AE,AE,AE,AE,AE,AE,AE,AE,AE,AE,AE,AE,AE,AE,AE,AE,AE,AE,AE,AE,AE,AE,AE,AE,AE,AE,AE,AE,AE,AE,AE,AE,AE,AE,AE,AE,AE,AE,AE,,,,,,,,,,,,,,,,,,,,,,,,,,,,,,,,,,,,,,,,,,,
MAT 602,AE,AE,AE,AE,AE,AE,AE,AE,AE,AE,AE,AE,AE,AE,AE,AE,AE,AE,AE,AE,AE,AE,AE,AE,AE,AE,AE,AE,AE,AE,AE,AE,AE,AE,AE,AE,AE,AE,AE,,,,,,,,,,,,,,,,,,,,,,,,,,,,,,,,,,,,,,,,,,,
MAT 611,AE,AE,AE,AE,AE,AE,AE,AE,AE,AE,AE,AE,AE,AE,AE,AE,AE,AE,AE,AE,AE,AE,AE,AE,AE,AE,AE,AE,AE,AE,AE,AE,AE,AE,AE,AE,AE,AE,AE,,,,,,,,,,,,,,,,,,,,,,,,,,,,,,,,,,,,,,,,,,,
MAT 620,AE,AE,AE,AE,AE,AE,AE,AE,AE,AE,AE,AE,AE,AE,AE,AE,AE,AE,AE,AE,AE,AE,AE,AE,AE,AE,AE,AE,AE,AE,AE,AE,AE,AE,AE,AE,AE,AE,AE,,,,,,,,,,,,,,,,,,,,,,,,,,,,,,,,,,,,,,,,,,,
MAT 621,AE,AE,AE,AE,AE,AE,AE,AE,AE,AE,AE,AE,AE,AE,AE,AE,AE,AE,AE,AE,AE,AE,AE,AE,AE,AE,AE,AE,AE,AE,AE,AE,AE,AE,AE,AE,AE,AE,AE,,,,,,,,,,,,,,,,,,,,,,,,,,,,,,,,,,,,,,,,,,,
MAT 622,AE,AE,AE,AE,AE,AE,AE,AE,AE,AE,AE,AE,AE,AE,AE,AE,AE,AE,AE,AE,AE,AE,AE,AE,AE,AE,AE,AE,AE,AE,AE,AE,AE,AE,AE,AE,AE,AE,AE,,,,,,,,,,,,,,,,,,,,,,,,,,,,,,,,,,,,,,,,,,,
MAT 630,AE,AE,AE,AE,AE,AE,AE,AE,AE,AE,AE,AE,AE,AE,AE,AE,AE,AE,AE,AE,AE,AE,AE,AE,AE,AE,AE,AE,AE,AE,AE,AE,AE,AE,AE,AE,AE,AE,AE,AE,AE,AE,AE,AE,AE,AE,AE,AE,AE,AE,AE,AE,AE,AE,AE,AE,AE,AE,AE,AE,AE,AE,AE,AE,AE,AE,AE,AE,AE,AE,AE,AE,AE,AE,AE,AE,AE,AE,AE,AE,AE,AE
MAT 632,AE,AE,AE,AE,AE,AE,AE,AE,AE,AE,AE,AE,AE,AE,AE,AE,AE,AE,AE,AE,AE,AE,AE,AE,AE,AE,AE,AE,AE,AE,AE,AE,AE,AE,AE,AE,AE,AE,AE,AE,AE,AE,AE,AE,AE,AE,AE,AE,AE,AE,AE,AE,AE,AE,AE,AE,AE,AE,AE,AE,AE,AE,AE,AE,AE,AE,AE,AE,AE,AE,,,,,,,,,,,,
MAT 671,AE,AE,AE,AE,AE,AE,AE,AE,AE,AE,AE,AE,AE,AE,AE,AE,AE,AE,AE,AE,AE,AE,AE,AE,AE,AE,AE,AE,AE,AE,AE,AE,AE,AE,AE,AE,AE,AE,AE,AE,AE,AE,AE,AE,AE,AE,AE,AE,AE,AE,AE,AE,AE,AE,AE,AE,AE,AE,AE,AE,AE,AE,AE,AE,AE,AE,AE,AE,AE,AE,AE,AE,AE,AE,AE,AE,AE,AE,AE,AE,AE,AE
MAT 672,AE,AE,AE,AE,AE,AE,AE,AE,AE,AE,AE,AE,AE,AE,AE,AE,AE,AE,AE,AE,AE,AE,AE,AE,AE,AE,AE,AE,AE,AE,AE,AE,AE,AE,AE,AE,AE,AE,AE,AE,AE,AE,AE,AE,AE,AE,AE,AE,AE,AE,AE,AE,AE,AE,AE,AE,AE,AE,AE,AE,AE,AE,AE,AE,AE,AE,AE,AE,AE,,,,,,,,,,,,,
MAT 680,AE,AE,AE,AE,AE,AE,AE,AE,AE,AE,AE,AE,AE,AE,AE,AE,AE,AE,AE,AE,AE,AE,AE,AE,AE,AE,AE,AE,AE,AE,AE,AE,AE,AE,AE,AE,AE,AE,AE,AE,AE,AE,AE,AE,AE,AE,AE,AE,AE,AE,AE,,,,,,,,,,,,,,,,,,,,,,,,,,,,,,,
MAT 68000,AE,AE,AE,AE,AE,AE,AE,AE,AE,AE,AE,AE,AE,AE,AE,AE,AE,AE,AE,AE,AE,AE,AE,AE,AE,AE,AE,AE,AE,AE,AE,AE,AE,AE,AE,AE,AE,AE,AE,AE,AE,AE,AE,AE,AE,AE,AE,AE,AE,AE,AE,AE,AE,AE,AE,AE,AE,AE,AE,AE,AE,AE,AE,AE,AE,AE,AE,AE,AE,AE,AE,AE,AE,AE,AE,AE,AE,AE,AE,AE,AE,AE
MAT 68001,AE,AE,AE,AE,AE,AE,AE,AE,AE,AE,AE,AE,AE,AE,AE,AE,AE,AE,AE,AE,AE,AE,AE,AE,AE,AE,AE,AE,AE,AE,AE,AE,AE,AE,AE,AE,AE,AE,AE,AE,AE,AE,AE,AE,AE,AE,AE,AE,AE,AE,AE,AE,AE,AE,AE,AE,AE,AE,AE,AE,AE,AE,AE,AE,AE,AE,AE,AE,AE,AE,,,,,,,,,,,,
MAT 68002,AE,AE,AE,AE,AE,AE,AE,AE,AE,AE,AE,AE,AE,AE,AE,AE,AE,AE,AE,AE,AE,AE,AE,AE,AE,AE,AE,AE,AE,AE,AE,AE,AE,AE,AE,AE,AE,AE,AE,AE,AE,AE,AE,AE,AE,AE,AE,AE,AE,AE,AE,AE,AE,AE,AE,AE,AE,AE,AE,AE,AE,AE,AE,AE,AE,AE,AE,AE,AE,AE,,,,,,,,,,,,
MAT 68003,AE,AE,AE,AE,AE,AE,AE,AE,AE,AE,AE,AE,AE,AE,AE,AE,AE,AE,AE,AE,AE,AE,AE,AE,AE,AE,AE,AE,AE,AE,AE,AE,AE,AE,AE,AE,AE,AE,AE,AE,AE,AE,AE,AE,AE,AE,AE,AE,AE,AE,AE,AE,AE,AE,AE,AE,AE,AE,AE,AE,AE,AE,AE,AE,AE,AE,AE,AE,AE,AE,AE,AE,AE,AE,AE,AE,AE,AE,AE,AE,AE,AE
MAT 68004,AE,AE,AE,AE,AE,AE,AE,AE,AE,AE,AE,AE,AE,AE,AE,AE,AE,AE,AE,AE,AE,AE,AE,AE,AE,AE,AE,AE,AE,AE,AE,AE,AE,AE,AE,AE,AE,AE,AE,AE,AE,AE,AE,AE,AE,AE,AE,AE,AE,AE,AE,AE,AE,AE,AE,AE,AE,AE,AE,AE,AE,AE,AE,AE,AE,AE,AE,AE,AE,AE,AE,AE,AE,AE,AE,AE,AE,AE,AE,AE,AE,AE
MAT 68005,AE,AE,AE,AE,AE,AE,AE,AE,AE,AE,AE,AE,AE,AE,AE,AE,AE,AE,AE,AE,AE,AE,AE,AE,AE,AE,AE,AE,AE,AE,AE,AE,AE,AE,AE,AE,AE,AE,AE,AE,AE,AE,AE,AE,AE,AE,AE,AE,AE,AE,AE,AE,AE,AE,AE,AE,AE,AE,AE,AE,AE,AE,AE,AE,AE,AE,AE,AE,AE,AE,AE,AE,AE,AE,AE,AE,AE,AE,AE,AE,AE,AE
MAT 681,AE,AE,AE,AE,AE,AE,AE,AE,AE,AE,AE,AE,AE,AE,AE,AE,AE,AE,AE,AE,AE,AE,AE,AE,AE,AE,AE,AE,AE,AE,AE,AE,AE,AE,AE,AE,AE,AE,AE,AE,AE,AE,AE,AE,AE,AE,AE,AE,AE,AE,AE,,,,,,,,,,,,,,,,,,,,,,,,,,,,,,,
ME 501,AE,AE,AE,AE,AE,AE,AE,AE,AE,AE,AE,AE,AE,AE,AE,AE,AE,AE,AE,AE,AE,AE,AE,AE,AE,AE,AE,AE,AE,AE,AE,AE,AE,AE,AE,AE,AE,AE,AE,AE,AE,AE,AE,AE,AE,AE,AE,AE,AE,AE,AE,AE,AE,AE,AE,AE,AE,AE,AE,AE,AE,AE,AE,AE,AE,AE,AE,AE,AE,AE,,,,,,,,,,,,
ME 502,AE,AE,AE,AE,AE,AE,AE,AE,AE,AE,AE,AE,AE,AE,AE,AE,AE,AE,AE,AE,AE,AE,AE,AE,AE,AE,AE,AE,AE,AE,AE,AE,AE,AE,AE,AE,AE,AE,AE,AE,AE,AE,AE,AE,AE,AE,AE,AE,AE,AE,AE,AE,AE,AE,AE,AE,AE,AE,AE,AE,AE,AE,AE,AE,AE,AE,AE,AE,AE,AE,AE,AE,AE,AE,AE,AE,AE,AE,AE,AE,AE,AE
ME 503,AE,AE,AE,AE,AE,AE,AE,AE,AE,AE,AE,AE,AE,AE,AE,AE,AE,AE,AE,AE,AE,AE,AE,AE,AE,AE,AE,AE,AE,AE,AE,AE,AE,AE,AE,AE,AE,AE,AE,AE,AE,AE,AE,AE,AE,AE,AE,AE,AE,AE,AE,AE,AE,AE,AE,AE,AE,AE,AE,AE,AE,AE,AE,AE,AE,AE,AE,AE,AE,AE,AE,AE,AE,AE,AE,AE,AE,AE,AE,AE,AE,AE
ME 505,AE,AE,AE,AE,AE,AE,AE,AE,AE,AE,AE,AE,AE,AE,AE,AE,AE,AE,AE,AE,AE,AE,AE,AE,AE,AE,AE,AE,AE,AE,AE,AE,AE,AE,AE,AE,AE,AE,AE,AE,AE,AE,AE,AE,AE,AE,AE,AE,AE,AE,AE,AE,AE,AE,AE,AE,AE,AE,AE,AE,AE,AE,AE,AE,AE,AE,AE,AE,AE,AE,AE,AE,AE,AE,AE,AE,AE,AE,AE,AE,AE,AE
ME 507,AE,AE,AE,AE,AE,AE,AE,AE,AE,AE,AE,AE,AE,AE,AE,AE,AE,AE,AE,AE,AE,AE,AE,AE,AE,AE,AE,AE,AE,AE,AE,AE,AE,AE,AE,AE,AE,AE,AE,AE,AE,AE,AE,AE,AE,AE,AE,AE,AE,AE,AE,AE,AE,AE,AE,AE,AE,AE,AE,AE,AE,AE,AE,AE,AE,AE,AE,AE,AE,AE,AE,AE,AE,AE,AE,AE,AE,AE,AE,AE,AE,AE
ME 508,AE,AE,AE,AE,AE,AE,AE,AE,AE,AE,AE,AE,AE,AE,AE,AE,AE,AE,AE,AE,AE,AE,AE,AE,AE,AE,AE,AE,AE,AE,AE,AE,AE,AE,AE,AE,AE,AE,AE,AE,AE,AE,AE,AE,AE,AE,AE,AE,AE,AE,AE,AE,AE,AE,AE,AE,AE,AE,AE,AE,AE,AE,AE,AE,AE,AE,AE,AE,AE,AE,AE,AE,AE,AE,AE,AE,AE,AE,AE,AE,AE,AE
ME 509,AE,AE,AE,AE,AE,AE,AE,AE,AE,AE,AE,AE,AE,AE,AE,AE,AE,AE,AE,AE,AE,AE,AE,AE,AE,AE,AE,AE,AE,AE,AE,AE,AE,AE,AE,AE,AE,AE,AE,AE,AE,AE,AE,AE,AE,AE,AE,AE,AE,AE,AE,AE,AE,AE,AE,AE,AE,AE,AE,AE,AE,AE,AE,AE,AE,AE,AE,AE,AE,AE,,,,,,,,,,,,
ME 512,AE,AE,AE,AE,AE,AE,AE,AE,AE,AE,AE,AE,AE,AE,AE,AE,AE,AE,AE,AE,AE,AE,AE,AE,AE,AE,AE,AE,AE,AE,AE,AE,AE,AE,AE,AE,AE,AE,AE,AE,AE,AE,AE,AE,AE,AE,AE,AE,AE,AE,AE,AE,AE,AE,AE,AE,AE,AE,AE,AE,AE,AE,AE,AE,AE,AE,AE,AE,AE,AE,AE,AE,AE,AE,AE,AE,AE,AE,AE,AE,AE,AE
ME 514,AE,AE,AE,AE,AE,AE,AE,AE,AE,AE,AE,AE,AE,AE,AE,AE,AE,AE,AE,AE,AE,AE,AE,AE,AE,AE,AE,AE,AE,AE,AE,AE,AE,AE,AE,AE,AE,AE,AE,AE,AE,AE,AE,AE,AE,AE,AE,AE,AE,AE,AE,AE,AE,AE,AE,AE,AE,AE,AE,AE,AE,AE,AE,AE,AE,AE,AE,AE,AE,AE,,,,,,,,,,,,
ME 515,AE,AE,AE,AE,AE,AE,AE,AE,AE,AE,AE,AE,AE,AE,AE,AE,AE,AE,AE,AE,AE,AE,AE,AE,AE,AE,AE,AE,AE,AE,AE,AE,AE,AE,AE,AE,AE,AE,AE,AE,AE,AE,AE,AE,AE,AE,AE,AE,AE,AE,AE,AE,AE,AE,AE,AE,AE,AE,AE,AE,AE,AE,AE,AE,AE,AE,AE,AE,AE,AE,AE,AE,AE,AE,AE,AE,AE,AE,AE,AE,AE,AE
ME 518,AE,AE,AE,AE,AE,AE,AE,AE,AE,AE,AE,AE,AE,AE,AE,AE,AE,AE,AE,AE,AE,AE,AE,AE,AE,AE,AE,AE,AE,AE,AE,AE,AE,AE,AE,AE,AE,AE,AE,AE,AE,AE,AE,AE,AE,AE,AE,AE,AE,AE,AE,AE,AE,AE,AE,AE,AE,AE,AE,AE,AE,AE,AE,AE,AE,AE,AE,AE,AE,AE,AE,AE,AE,AE,AE,AE,AE,AE,AE,AE,AE,AE
ME 520,AE,AE,AE,AE,AE,AE,AE,AE,AE,AE,AE,AE,AE,AE,AE,AE,AE,AE,AE,AE,AE,AE,AE,AE,AE,AE,AE,AE,AE,AE,AE,AE,AE,AE,AE,AE,AE,AE,AE,AE,AE,AE,AE,AE,AE,AE,AE,AE,AE,AE,AE,AE,AE,AE,AE,AE,AE,AE,AE,AE,AE,AE,AE,AE,AE,AE,AE,AE,AE,AE,AE,AE,AE,AE,AE,AE,AE,AE,AE,AE,AE,AE
ME 525,AE,AE,AE,AE,AE,AE,AE,AE,AE,AE,AE,AE,AE,AE,AE,AE,AE,AE,AE,AE,AE,AE,AE,AE,AE,AE,AE,AE,AE,AE,AE,AE,AE,AE,AE,AE,AE,AE,AE,AE,AE,AE,AE,AE,AE,AE,AE,AE,AE,AE,AE,AE,AE,AE,AE,AE,AE,AE,AE,AE,AE,AE,AE,AE,AE,AE,AE,AE,AE,AE,AE,AE,AE,AE,AE,AE,AE,AE,AE,AE,AE,AE
ME 530,AE,AE,AE,AE,AE,AE,AE,AE,AE,AE,AE,AE,AE,AE,AE,AE,AE,AE,AE,AE,AE,AE,AE,AE,AE,AE,AE,AE,AE,AE,AE,AE,AE,AE,AE,AE,AE,AE,AE,AE,AE,AE,AE,AE,AE,AE,AE,AE,AE,AE,AE,AE,AE,AE,AE,AE,AE,AE,AE,AE,AE,AE,AE,AE,AE,AE,AE,AE,AE,AE,AE,AE,AE,AE,AE,AE,AE,AE,AE,AE,AE,AE
ME 535,AE,AE,AE,AE,AE,AE,AE,AE,AE,AE,AE,AE,AE,AE,AE,AE,AE,AE,AE,AE,AE,AE,AE,AE,AE,AE,AE,AE,AE,AE,AE,AE,AE,AE,AE,AE,AE,AE,AE,AE,AE,AE,AE,AE,AE,AE,AE,AE,AE,AE,AE,AE,AE,AE,AE,AE,AE,AE,AE,AE,AE,AE,AE,AE,AE,AE,AE,AE,AE,AE,AE,AE,AE,AE,AE,AE,AE,AE,AE,AE,AE,AE
ME 537,AE,AE,AE,AE,AE,AE,AE,AE,AE,AE,AE,AE,AE,AE,AE,AE,AE,AE,AE,AE,AE,AE,AE,AE,AE,AE,AE,AE,AE,AE,AE,AE,AE,AE,AE,AE,AE,AE,AE,AE,AE,AE,AE,AE,AE,AE,AE,AE,AE,AE,AE,AE,AE,AE,AE,AE,AE,AE,AE,AE,AE,AE,AE,AE,AE,AE,AE,AE,AE,AE,AE,AE,AE,AE,AE,AE,AE,AE,AE,AE,AE,AE
ME 540,AE,AE,AE,AE,AE,AE,AE,AE,AE,AE,AE,AE,AE,AE,AE,AE,AE,AE,AE,AE,AE,AE,AE,AE,AE,AE,AE,AE,AE,AE,AE,AE,AE,AE,AE,AE,AE,AE,AE,AE,AE,AE,AE,AE,AE,AE,AE,AE,AE,AE,AE,AE,AE,AE,AE,AE,AE,AE,AE,AE,AE,AE,AE,AE,AE,AE,AE,AE,AE,AE,AE,AE,AE,AE,AE,AE,AE,AE,AE,AE,AE,AE
ME 541,AE,AE,AE,AE,AE,AE,AE,AE,AE,AE,AE,AE,AE,AE,AE,AE,AE,AE,AE,AE,AE,AE,AE,AE,AE,AE,AE,AE,AE,AE,AE,AE,AE,AE,AE,AE,AE,AE,AE,AE,AE,AE,AE,AE,AE,AE,AE,AE,AE,AE,AE,AE,AE,AE,AE,AE,AE,AE,AE,AE,AE,AE,AE,AE,AE,AE,AE,AE,AE,AE,AE,AE,AE,AE,AE,AE,AE,AE,AE,AE,AE,AE
ME 560,AE,AE,AE,AE,AE,AE,AE,AE,AE,AE,AE,AE,AE,AE,AE,AE,AE,AE,AE,AE,AE,AE,AE,AE,AE,AE,AE,AE,AE,AE,AE,AE,AE,AE,AE,AE,AE,AE,AE,AE,AE,AE,AE,AE,AE,AE,AE,AE,AE,AE,AE,AE,AE,AE,AE,AE,AE,AE,AE,AE,AE,AE,AE,AE,AE,AE,AE,AE,AE,AE,,,,,,,,,,,,
ME 561,AE,AE,AE,AE,AE,AE,AE,AE,AE,AE,AE,AE,AE,AE,AE,AE,AE,AE,AE,AE,AE,AE,AE,AE,AE,AE,AE,AE,AE,AE,AE,AE,AE,AE,AE,AE,AE,AE,AE,AE,AE,AE,AE,AE,AE,AE,AE,AE,AE,AE,AE,AE,AE,AE,AE,AE,AE,AE,AE,AE,AE,AE,AE,AE,AE,AE,AE,AE,AE,AE,AE,AE,AE,AE,AE,AE,AE,AE,AE,AE,AE,AE
ME 562,AE,AE,AE,AE,AE,AE,AE,AE,AE,AE,AE,AE,AE,AE,AE,AE,AE,AE,AE,AE,AE,AE,AE,AE,AE,AE,AE,AE,AE,AE,AE,AE,AE,AE,AE,AE,AE,AE,AE,AE,AE,AE,AE,AE,AE,AE,AE,AE,AE,AE,AE,AE,AE,AE,AE,AE,AE,AE,AE,AE,AE,AE,AE,,,,,,,,,,,,,,,,,,,
ME 58000,AE,AE,AE,AE,AE,AE,AE,AE,AE,AE,AE,AE,AE,AE,AE,AE,AE,AE,AE,AE,AE,AE,AE,AE,AE,AE,AE,AE,AE,AE,AE,AE,AE,AE,AE,AE,AE,AE,AE,AE,AE,AE,AE,AE,AE,AE,AE,AE,AE,AE,AE,AE,AE,AE,,,,,,,,,,,,,,,,,,,,,,,,,,,,
ME 58001,AE,AE,AE,AE,AE,AE,AE,AE,AE,AE,AE,AE,AE,AE,AE,AE,AE,AE,AE,AE,AE,AE,AE,AE,AE,AE,AE,AE,AE,AE,AE,AE,AE,AE,AE,AE,AE,AE,AE,AE,AE,AE,AE,AE,AE,AE,AE,AE,AE,AE,AE,AE,AE,AE,AE,AE,AE,AE,AE,AE,AE,AE,AE,AE,AE,AE,AE,AE,AE,AE,,,,,,,,,,,,
ME 58002,AE,AE,AE,AE,AE,AE,AE,AE,AE,AE,AE,AE,AE,AE,AE,AE,AE,AE,AE,AE,AE,AE,AE,AE,AE,AE,AE,AE,AE,AE,AE,AE,AE,AE,AE,AE,AE,AE,AE,AE,AE,AE,AE,AE,AE,AE,AE,AE,AE,AE,AE,AE,AE,AE,AE,AE,AE,AE,AE,AE,AE,AE,AE,AE,AE,AE,AE,AE,AE,AE,AE,AE,AE,AE,AE,AE,AE,AE,AE,AE,AE,AE
ME 58003,AE,AE,AE,AE,AE,AE,AE,AE,AE,AE,AE,AE,AE,AE,AE,AE,AE,AE,AE,AE,AE,AE,AE,AE,AE,AE,AE,AE,AE,AE,AE,AE,AE,AE,AE,AE,AE,AE,AE,AE,AE,AE,AE,AE,AE,AE,AE,AE,AE,AE,AE,AE,AE,AE,AE,AE,AE,AE,AE,AE,AE,AE,AE,AE,AE,AE,AE,AE,AE,AE,,,,,,,,,,,,
ME 58004,AE,AE,AE,AE,AE,AE,AE,AE,AE,AE,AE,AE,AE,AE,AE,AE,AE,AE,AE,AE,AE,AE,AE,AE,AE,AE,AE,AE,AE,AE,AE,AE,AE,AE,AE,AE,AE,AE,AE,AE,AE,AE,AE,AE,AE,AE,AE,AE,AE,AE,AE,AE,AE,AE,AE,AE,AE,AE,AE,AE,,,,,,,,,,,,,,,,,,,,,,
ME 58005,AE,AE,AE,AE,AE,AE,AE,AE,AE,AE,AE,AE,AE,AE,AE,AE,AE,AE,AE,AE,AE,AE,AE,AE,AE,AE,AE,AE,AE,AE,AE,AE,AE,AE,AE,AE,AE,AE,AE,AE,AE,AE,AE,AE,AE,AE,AE,AE,AE,AE,AE,AE,AE,AE,AE,AE,AE,AE,AE,AE,AE,AE,AE,AE,AE,AE,AE,AE,AE,AE,,,,,,,,,,,,
ME 58006,AE,AE,AE,AE,AE,AE,AE,AE,AE,AE,AE,AE,AE,AE,AE,AE,AE,AE,AE,AE,AE,AE,AE,AE,AE,AE,AE,AE,AE,AE,AE,AE,AE,AE,AE,AE,AE,AE,AE,AE,AE,AE,AE,AE,AE,AE,AE,AE,AE,AE,AE,AE,AE,AE,AE,AE,AE,AE,AE,AE,AE,AE,AE,AE,AE,AE,AE,AE,AE,AE,AE,AE,AE,AE,AE,AE,AE,AE,AE,AE,AE,AE
ME 58007,AE,AE,AE,AE,AE,AE,AE,AE,AE,AE,AE,AE,AE,AE,AE,AE,AE,AE,AE,AE,AE,AE,AE,AE,AE,AE,AE,AE,AE,AE,AE,AE,AE,AE,AE,AE,AE,AE,AE,AE,AE,AE,AE,AE,AE,AE,AE,AE,AE,AE,AE,AE,AE,AE,AE,AE,AE,AE,AE,AE,AE,AE,AE,AE,AE,AE,AE,AE,AE,AE,AE,AE,AE,AE,AE,AE,AE,AE,AE,AE,AE,AE
ME 58008,AE,AE,AE,AE,AE,AE,AE,AE,AE,AE,AE,AE,AE,AE,AE,AE,AE,AE,AE,AE,AE,AE,AE,AE,AE,AE,AE,AE,AE,AE,AE,AE,AE,AE,AE,AE,AE,AE,AE,AE,AE,AE,AE,AE,AE,AE,AE,AE,AE,AE,AE,AE,AE,AE,AE,AE,AE,AE,AE,AE,AE,AE,AE,AE,AE,AE,AE,AE,AE,AE,AE,AE,AE,AE,AE,AE,AE,AE,AE,AE,AE,AE
ME 582,AE,AE,AE,AE,AE,AE,AE,AE,AE,AE,AE,AE,AE,AE,AE,AE,AE,AE,AE,AE,AE,AE,AE,AE,AE,AE,AE,AE,AE,AE,AE,AE,AE,AE,AE,AE,AE,AE,AE,AE,AE,AE,AE,AE,AE,AE,AE,AE,AE,AE,AE,,,,,,,,,,,,,,,,,,,,,,,,,,,,,,,
ME 583,AE,AE,AE,AE,AE,AE,AE,AE,AE,AE,AE,AE,AE,AE,AE,AE,AE,AE,AE,AE,AE,AE,AE,AE,AE,AE,AE,AE,AE,AE,AE,AE,AE,AE,AE,AE,AE,AE,AE,AE,AE,AE,AE,AE,AE,AE,AE,AE,AE,AE,AE,,,,,,,,,,,,,,,,,,,,,,,,,,,,,,,
ME 601,AE,AE,AE,AE,AE,AE,AE,AE,AE,AE,AE,AE,AE,AE,AE,AE,AE,AE,AE,AE,AE,AE,AE,AE,AE,AE,AE,AE,AE,AE,AE,AE,AE,AE,AE,AE,AE,,,,,,,,,,,,,,,,,,,,,,,,,,,,,,,,,,,,,,,,,,,,,
ME 609,AE,AE,AE,AE,AE,AE,AE,AE,AE,AE,AE,AE,AE,AE,AE,AE,AE,AE,AE,AE,AE,AE,AE,AE,AE,AE,AE,AE,AE,AE,AE,AE,AE,AE,AE,AE,AE,AE,AE,AE,AE,AE,AE,AE,AE,AE,AE,AE,AE,AE,AE,AE,AE,AE,AE,AE,AE,AE,AE,AE,AE,AE,AE,AE,AE,AE,AE,AE,AE,AE,,,,,,,,,,,,
ME 68000,AE,AE,AE,AE,AE,AE,AE,AE,AE,AE,AE,AE,AE,AE,AE,AE,AE,AE,AE,AE,AE,AE,AE,AE,AE,AE,AE,AE,AE,AE,AE,AE,AE,AE,AE,AE,AE,AE,AE,AE,AE,AE,AE,AE,AE,AE,AE,AE,AE,AE,AE,AE,AE,AE,AE,AE,AE,AE,AE,AE,AE,AE,AE,AE,AE,AE,AE,AE,AE,AE,,,,,,,,,,,,
ME 68001,AE,AE,AE,AE,AE,AE,AE,AE,AE,AE,AE,AE,AE,AE,AE,AE,AE,AE,AE,AE,AE,AE,AE,AE,AE,AE,AE,AE,AE,AE,AE,AE,AE,AE,AE,AE,AE,AE,AE,AE,AE,AE,AE,AE,AE,AE,AE,AE,AE,AE,AE,AE,AE,AE,AE,AE,AE,AE,AE,AE,AE,AE,AE,AE,AE,AE,AE,AE,AE,AE,,,,,,,,,,,,
ME 682,AE,AE,AE,AE,AE,AE,AE,AE,AE,AE,AE,AE,AE,AE,AE,AE,AE,AE,AE,AE,AE,AE,AE,AE,AE,AE,AE,AE,AE,AE,AE,AE,AE,AE,AE,AE,AE,AE,AE,AE,AE,AE,AE,AE,AE,AE,AE,AE,AE,AE,AE,,,,,,,,,,,,,,,,,,,,,,,,,,,,,,,
ME 683,AE,AE,AE,AE,AE,AE,AE,AE,AE,AE,AE,AE,AE,AE,AE,AE,AE,AE,AE,AE,AE,AE,AE,AE,AE,AE,AE,AE,AE,AE,AE,AE,AE,AE,AE,AE,AE,AE,AE,AE,AE,AE,AE,AE,AE,AE,AE,AE,AE,AE,AE,,,,,,,,,,,,,,,,,,,,,,,,,,,,,,,
ME 684,AE,AE,AE,AE,AE,AE,AE,AE,AE,AE,AE,AE,AE,AE,AE,AE,AE,AE,AE,AE,AE,AE,AE,AE,AE,AE,AE,AE,AE,AE,AE,AE,AE,AE,AE,AE,AE,AE,AE,AE,AE,AE,AE,AE,AE,AE,AE,AE,AE,AE,AE,AE,AE,AE,AE,AE,AE,AE,AE,AE,AE,AE,AE,AE,AE,AE,AE,AE,AE,AE,,,,,,,,,,,,
MFG 511,AE,AE,AE,AE,AE,AE,AE,AE,AE,AE,AE,AE,AE,AE,AE,AE,AE,AE,AE,AE,AE,AE,AE,AE,AE,AE,AE,AE,AE,AE,AE,AE,AE,AE,AE,AE,AE,AE,AE,AE,AE,AE,AE,AE,AE,AE,AE,AE,AE,AE,AE,AE,AE,AE,AE,AE,AE,AE,AE,AE,AE,AE,AE,AE,AE,AE,AE,AE,AE,AE,AE,AE,AE,AE,AE,AE,AE,AE,AE,AE,AE,AE
MFG 512,AE,AE,AE,AE,AE,AE,AE,AE,AE,AE,AE,AE,AE,AE,AE,AE,AE,AE,AE,AE,AE,AE,AE,AE,AE,AE,AE,AE,AE,AE,AE,AE,AE,AE,AE,AE,AE,AE,AE,AE,AE,AE,AE,AE,AE,AE,AE,AE,AE,AE,AE,AE,AE,AE,AE,AE,AE,AE,AE,AE,AE,AE,AE,AE,AE,AE,AE,AE,AE,AE,AE,AE,AE,AE,AE,AE,AE,AE,AE,AE,AE,AE
MFG 513,AE,AE,AE,AE,AE,AE,AE,AE,AE,AE,AE,AE,AE,AE,AE,AE,AE,AE,AE,AE,AE,AE,AE,AE,AE,AE,AE,AE,AE,AE,AE,AE,AE,AE,AE,AE,AE,AE,AE,AE,AE,AE,AE,AE,AE,AE,AE,AE,AE,AE,AE,AE,AE,AE,AE,AE,AE,AE,AE,AE,AE,AE,AE,AE,AE,AE,AE,AE,AE,AE,AE,AE,AE,AE,AE,AE,AE,AE,AE,AE,AE,AE
MFG 516,AE,AE,AE,AE,AE,AE,AE,AE,AE,AE,AE,AE,AE,AE,AE,AE,AE,AE,AE,AE,AE,AE,AE,AE,AE,AE,AE,AE,AE,AE,AE,AE,AE,AE,AE,AE,AE,AE,AE,AE,AE,AE,AE,AE,AE,AE,AE,AE,AE,AE,AE,AE,AE,AE,AE,AE,AE,AE,AE,AE,AE,AE,AE,AE,AE,AE,AE,AE,AE,AE,AE,AE,AE,AE,AE,AE,AE,AE,AE,AE,AE,AE
MFG 563,AE,AE,AE,AE,AE,AE,AE,AE,AE,AE,AE,AE,AE,AE,AE,AE,AE,AE,AE,AE,AE,AE,AE,AE,AE,AE,AE,AE,AE,AE,AE,AE,AE,AE,AE,AE,AE,AE,AE,AE,AE,AE,AE,AE,AE,AE,AE,AE,AE,AE,AE,AE,AE,AE,AE,AE,AE,AE,AE,AE,AE,AE,AE,AE,AE,AE,AE,AE,AE,AE,AE,AE,AE,AE,AE,AE,AE,AE,AE,AE,AE,AE
MFG 565,AE,AE,AE,AE,AE,AE,AE,AE,AE,AE,AE,AE,AE,AE,AE,AE,AE,AE,AE,AE,AE,AE,AE,AE,AE,AE,AE,AE,AE,AE,AE,AE,AE,AE,AE,AE,AE,AE,AE,AE,AE,AE,AE,AE,AE,AE,AE,AE,AE,AE,AE,AE,AE,AE,AE,AE,AE,AE,AE,AE,AE,AE,AE,AE,AE,AE,AE,AE,AE,AE,AE,AE,AE,AE,AE,AE,AE,AE,AE,AE,AE,AE
MFG 566,AE,AE,AE,AE,AE,AE,AE,AE,AE,AE,AE,AE,AE,AE,AE,AE,AE,AE,AE,AE,AE,AE,AE,AE,AE,AE,AE,AE,AE,AE,AE,AE,AE,AE,AE,AE,AE,AE,AE,AE,AE,AE,AE,AE,AE,AE,AE,AE,AE,AE,AE,AE,AE,AE,AE,AE,AE,AE,AE,AE,AE,AE,AE,AE,AE,AE,AE,AE,AE,AE,AE,AE,AE,AE,AE,AE,AE,AE,AE,AE,AE,AE
MFG 568,AE,AE,AE,AE,AE,AE,AE,AE,AE,AE,AE,AE,AE,AE,AE,AE,AE,AE,AE,AE,AE,AE,AE,AE,AE,AE,AE,AE,AE,AE,AE,AE,AE,AE,AE,AE,AE,AE,AE,AE,AE,AE,AE,AE,AE,AE,AE,AE,AE,AE,AE,AE,AE,AE,AE,AE,AE,AE,AE,AE,AE,AE,AE,AE,AE,AE,AE,AE,AE,AE,AE,AE,AE,AE,AE,AE,AE,AE,AE,AE,AE,AE
MFG 58000,AE,AE,AE,AE,AE,AE,AE,AE,AE,AE,AE,AE,AE,AE,AE,AE,AE,AE,AE,AE,AE,AE,AE,AE,AE,AE,AE,AE,AE,AE,AE,AE,AE,AE,AE,AE,AE,AE,AE,AE,AE,AE,AE,AE,AE,AE,AE,AE,AE,AE,AE,AE,AE,AE,AE,AE,AE,AE,AE,AE,AE,AE,AE,AE,AE,AE,AE,,,,,,,,,,,,,,,
MFG 58002,AE,AE,AE,AE,AE,AE,AE,AE,AE,AE,AE,AE,AE,AE,AE,AE,AE,AE,AE,AE,AE,AE,AE,AE,AE,AE,AE,AE,AE,AE,AE,AE,AE,AE,AE,AE,AE,AE,AE,AE,AE,AE,AE,AE,AE,AE,AE,AE,AE,AE,AE,AE,AE,AE,AE,AE,AE,AE,AE,AE,AE,AE,AE,AE,AE,AE,AE,AE,AE,AE,AE,AE,AE,AE,AE,AE,AE,AE,AE,AE,AE,AE
MFG 5801,AE,AE,AE,AE,AE,AE,AE,AE,AE,AE,AE,AE,AE,AE,AE,AE,AE,AE,AE,AE,AE,AE,AE,AE,AE,AE,AE,AE,AE,AE,AE,AE,AE,AE,AE,AE,AE,AE,AE,AE,AE,AE,AE,AE,AE,AE,AE,AE,AE,AE,AE,AE,AE,AE,AE,AE,AE,,,,,,,,,,,,,,,,,,,,,,,,,
NS 501,AE,AE,AE,AE,AE,AE,AE,AE,AE,AE,AE,AE,AE,AE,AE,AE,AE,AE,AE,AE,AE,AE,AE,AE,AE,AE,AE,AE,AE,AE,AE,AE,AE,AE,AE,AE,AE,AE,AE,AE,AE,AE,AE,,,,,,,,,,,,,,,,,,,,,,,,,,,,,,,,,,,,,,,
NS 502,AE,AE,AE,AE,AE,AE,AE,AE,AE,AE,AE,AE,AE,AE,AE,AE,AE,AE,AE,AE,AE,AE,AE,AE,AE,AE,AE,AE,AE,AE,AE,AE,AE,,,,,,,,,,,,,,,,,,,,,,,,,,,,,,,,,,,,,,,,,,,,,,,,,
NS 566,AE,AE,AE,AE,AE,AE,AE,AE,AE,AE,AE,AE,AE,AE,AE,AE,AE,AE,AE,AE,AE,AE,AE,AE,AE,AE,AE,AE,AE,AE,AE,AE,AE,AE,AE,AE,AE,AE,AE,AE,AE,AE,AE,AE,AE,AE,AE,AE,AE,AE,AE,AE,AE,AE,AE,,,,,,,,,,,,,,,,,,,,,,,,,,,
NT 546,AE,AE,AE,AE,AE,AE,AE,AE,AE,AE,AE,AE,AE,AE,AE,AE,AE,AE,AE,AE,AE,AE,AE,AE,AE,AE,AE,AE,AE,AE,AE,AE,AE,AE,AE,AE,AE,AE,AE,AE,AE,AE,AE,AE,AE,,,,,,,,,,,,,,,,,,,,,,,,,,,,,,,,,,,,,
PERS 501,AE,AE,AE,AE,AE,AE,AE,AE,AE,AE,AE,AE,AE,AE,AE,AE,AE,AE,AE,AE,AE,AE,AE,AE,AE,AE,AE,AE,AE,AE,AE,AE,AE,AE,AE,AE,AE,AE,AE,AE,AE,AE,,,,,,,,,,,,,,,,,,,,,,,,,,,,,,,,,,,,,,,,
PERS 502,AE,AE,AE,AE,AE,AE,AE,AE,AE,AE,AE,AE,AE,AE,AE,AE,AE,AE,AE,AE,AE,AE,AE,AE,AE,AE,AE,AE,AE,AE,AE,AE,AE,AE,AE,AE,AE,AE,AE,AE,AE,AE,,,,,,,,,,,,,,,,,,,,,,,,,,,,,,,,,,,,,,,,
PERS 503,AE,AE,AE,AE,AE,AE,AE,AE,AE,AE,AE,AE,AE,AE,AE,AE,AE,AE,AE,AE,AE,AE,AE,AE,AE,AE,AE,AE,AE,AE,AE,AE,AE,AE,AE,AE,AE,AE,AE,AE,AE,AE,,,,,,,,,,,,,,,,,,,,,,,,,,,,,,,,,,,,,,,,
PERS 504,AE,AE,AE,AE,AE,AE,AE,AE,AE,AE,AE,AE,AE,AE,AE,AE,AE,AE,AE,AE,AE,AE,AE,AE,AE,AE,AE,AE,AE,AE,AE,AE,AE,AE,AE,AE,AE,AE,AE,AE,AE,AE,,,,,,,,,,,,,,,,,,,,,,,,,,,,,,,,,,,,,,,,
PHIL 501,AE,AE,AE,AE,AE,AE,AE,AE,AE,AE,AE,AE,AE,AE,AE,AE,AE,AE,AE,AE,AE,AE,AE,AE,AE,AE,AE,AE,AE,AE,AE,AE,AE,AE,AE,AE,AE,AE,AE,AE,AE,AE,AE,AE,AE,AE,AE,AE,AE,AE,AE,AE,AE,AE,AE,AE,AE,AE,AE,AE,AE,AE,AE,AE,AE,AE,AE,AE,AE,AE,AE,AE,AE,AE,AE,AE,AE,AE,AE,AE,AE,AE
PHIL 521,AE,AE,AE,AE,AE,AE,AE,AE,AE,AE,AE,AE,AE,AE,AE,AE,AE,AE,AE,AE,AE,AE,AE,AE,AE,AE,AE,AE,AE,AE,AE,AE,AE,AE,AE,AE,AE,AE,AE,AE,AE,AE,,,,,,,,,,,,,,,,,,,,,,,,,,,,,,,,,,,,,,,,
PHIL 522,AE,AE,AE,AE,AE,AE,AE,AE,AE,AE,AE,AE,AE,AE,AE,AE,AE,AE,AE,AE,AE,AE,AE,AE,AE,AE,AE,AE,AE,AE,AE,AE,AE,AE,AE,AE,AE,AE,AE,AE,AE,AE,AE,AE,AE,AE,AE,AE,AE,AE,AE,AE,AE,AE,AE,AE,AE,AE,AE,AE,AE,AE,AE,AE,AE,AE,AE,AE,AE,AE,AE,AE,AE,AE,AE,AE,AE,AE,AE,AE,AE,AE
PHIL 525,AE,AE,AE,AE,AE,AE,AE,AE,AE,AE,AE,AE,AE,AE,AE,AE,AE,AE,AE,AE,AE,AE,AE,AE,AE,AE,AE,AE,AE,AE,AE,AE,AE,AE,AE,AE,AE,AE,AE,AE,AE,AE,AE,,,,,,,,,,,,,,,,,,,,,,,,,,,,,,,,,,,,,,,
PHIL 550,AE,AE,AE,AE,AE,AE,AE,AE,AE,AE,AE,AE,AE,AE,AE,AE,AE,AE,AE,AE,AE,AE,AE,AE,AE,AE,AE,AE,AE,AE,AE,AE,AE,AE,AE,AE,AE,AE,AE,AE,AE,AE,AE,AE,AE,AE,AE,AE,AE,AE,AE,AE,AE,AE,AE,AE,AE,AE,AE,AE,AE,AE,AE,AE,AE,AE,AE,AE,AE,AE,AE,AE,AE,AE,AE,AE,AE,AE,AE,AE,AE,AE
PHIL 560,AE,AE,AE,AE,AE,AE,AE,AE,AE,AE,AE,AE,AE,AE,AE,AE,AE,AE,AE,AE,AE,AE,AE,AE,AE,AE,AE,AE,AE,AE,AE,AE,AE,AE,AE,AE,AE,AE,AE,AE,AE,AE,AE,AE,AE,AE,AE,AE,AE,AE,AE,AE,AE,AE,AE,AE,AE,AE,AE,AE,AE,AE,AE,AE,AE,AE,AE,AE,AE,AE,AE,AE,AE,AE,AE,AE,AE,AE,AE,AE,AE,AE
PHIL 570,AE,AE,AE,AE,AE,AE,AE,AE,AE,AE,AE,AE,AE,AE,AE,AE,AE,AE,AE,AE,AE,AE,AE,AE,AE,AE,AE,AE,AE,AE,AE,AE,AE,AE,AE,AE,AE,AE,AE,AE,AE,AE,AE,AE,AE,AE,AE,AE,AE,AE,AE,AE,AE,AE,AE,AE,AE,AE,AE,AE,AE,AE,AE,AE,AE,AE,AE,AE,AE,AE,AE,AE,AE,AE,AE,AE,AE,AE,AE,AE,AE,AE
PHYS 501,AE,AE,AE,AE,AE,AE,AE,AE,AE,AE,AE,AE,AE,AE,AE,AE,AE,AE,AE,AE,AE,AE,AE,AE,AE,AE,AE,AE,AE,AE,AE,AE,AE,AE,AE,AE,AE,AE,AE,AE,AE,AE,AE,AE,AE,AE,AE,AE,AE,AE,AE,AE,AE,AE,AE,AE,AE,AE,AE,AE,AE,AE,AE,AE,AE,AE,AE,AE,AE,AE,AE,AE,AE,AE,AE,AE,AE,AE,AE,AE,AE,AE
PHYS 511,AE,AE,AE,AE,AE,AE,AE,AE,AE,AE,AE,AE,AE,AE,AE,AE,AE,AE,AE,AE,AE,AE,AE,AE,AE,AE,AE,AE,AE,AE,AE,AE,AE,AE,AE,AE,AE,AE,AE,AE,AE,AE,AE,AE,AE,AE,AE,AE,AE,AE,AE,AE,AE,AE,AE,AE,AE,AE,AE,AE,AE,AE,AE,AE,AE,AE,AE,AE,AE,AE,AE,AE,AE,AE,AE,AE,AE,AE,AE,AE,AE,AE
PHYS 512,AE,AE,AE,AE,AE,AE,AE,AE,AE,AE,AE,AE,AE,AE,AE,AE,AE,AE,AE,AE,AE,AE,AE,AE,AE,AE,AE,AE,AE,AE,AE,AE,AE,AE,AE,AE,AE,AE,AE,AE,AE,AE,AE,AE,AE,AE,AE,AE,AE,AE,AE,AE,AE,AE,AE,AE,AE,AE,AE,AE,AE,AE,AE,AE,AE,AE,,,,,,,,,,,,,,,,
PHYS 531,AE,AE,AE,AE,AE,AE,AE,AE,AE,AE,AE,AE,AE,AE,AE,AE,AE,AE,AE,AE,AE,AE,AE,AE,AE,AE,AE,AE,AE,AE,AE,AE,AE,AE,AE,AE,AE,AE,AE,AE,AE,AE,AE,AE,AE,AE,AE,AE,AE,AE,AE,AE,AE,AE,AE,AE,AE,AE,AE,AE,AE,AE,AE,AE,AE,AE,AE,AE,AE,AE,AE,AE,AE,AE,AE,AE,AE,AE,AE,AE,AE,AE
PHYS 532,AE,AE,AE,AE,AE,AE,AE,AE,AE,AE,AE,AE,AE,AE,AE,AE,AE,AE,AE,AE,AE,AE,AE,AE,AE,AE,AE,AE,AE,AE,AE,AE,AE,AE,AE,AE,AE,AE,AE,AE,AE,AE,AE,AE,AE,AE,AE,AE,AE,AE,AE,AE,AE,AE,AE,AE,AE,AE,AE,AE,AE,AE,AE,AE,AE,AE,AE,AE,AE,AE,AE,AE,AE,AE,AE,AE,AE,AE,AE,AE,AE,AE
PHYS 533,AE,AE,AE,AE,AE,AE,AE,AE,AE,AE,AE,AE,AE,AE,AE,AE,AE,AE,AE,AE,AE,AE,AE,AE,AE,AE,AE,,,,,,,,,,,,,,,,,,,,,,,,,,,,,,,,,,,,,,,,,,,,,,,,,,,,,,,
PHYS 538,AE,AE,AE,AE,AE,AE,AE,AE,AE,AE,AE,AE,AE,AE,AE,AE,AE,AE,AE,AE,AE,AE,AE,AE,AE,AE,AE,AE,AE,AE,AE,AE,AE,AE,AE,AE,AE,AE,AE,AE,AE,AE,AE,AE,AE,AE,AE,AE,AE,AE,AE,AE,,,,,,,,,,,,,,,,,,,,,,,,,,,,,,
PHYS 541,AE,AE,AE,AE,AE,AE,AE,AE,AE,AE,AE,AE,AE,AE,AE,AE,AE,AE,AE,AE,AE,AE,AE,AE,AE,AE,AE,AE,AE,AE,AE,AE,AE,AE,AE,AE,AE,AE,AE,AE,AE,AE,AE,AE,AE,AE,AE,AE,AE,AE,AE,AE,AE,AE,AE,AE,AE,AE,AE,AE,AE,AE,AE,AE,AE,AE,AE,AE,AE,AE,AE,AE,AE,AE,AE,AE,AE,AE,AE,AE,AE,AE
PHYS 542,AE,AE,AE,AE,AE,AE,AE,AE,AE,AE,AE,AE,AE,AE,AE,AE,AE,AE,AE,AE,AE,AE,AE,AE,AE,AE,AE,AE,AE,AE,AE,AE,AE,AE,AE,AE,AE,AE,AE,AE,AE,AE,AE,,,,,,,,,,,,,,,,,,,,,,,,,,,,,,,,,,,,,,,
PHYS 545,AE,AE,AE,AE,AE,AE,AE,AE,AE,AE,AE,AE,AE,AE,AE,AE,AE,AE,AE,AE,AE,AE,AE,AE,AE,AE,AE,,,,,,,,,,,,,,,,,,,,,,,,,,,,,,,,,,,,,,,,,,,,,,,,,,,,,,,
PHYS 546,AE,AE,AE,AE,AE,AE,AE,AE,AE,AE,AE,AE,AE,AE,AE,AE,AE,AE,AE,AE,AE,AE,AE,AE,AE,AE,AE,,,,,,,,,,,,,,,,,,,,,,,,,,,,,,,,,,,,,,,,,,,,,,,,,,,,,,,
PHYS 548,AE,AE,AE,AE,AE,AE,AE,AE,AE,AE,AE,AE,AE,AE,AE,AE,AE,AE,AE,AE,AE,AE,AE,AE,AE,AE,AE,AE,AE,AE,AE,AE,AE,AE,AE,AE,AE,AE,AE,AE,AE,AE,AE,AE,AE,AE,AE,AE,AE,AE,AE,AE,AE,AE,AE,AE,AE,AE,AE,AE,AE,AE,AE,AE,AE,AE,AE,AE,AE,AE,AE,AE,AE,AE,AE,AE,AE,AE,AE,AE,AE,AE
PHYS 550,AE,AE,AE,AE,AE,AE,AE,AE,AE,AE,AE,AE,AE,AE,AE,AE,AE,AE,AE,AE,AE,AE,AE,AE,AE,AE,AE,AE,AE,AE,AE,AE,AE,AE,AE,AE,AE,AE,AE,AE,AE,AE,AE,AE,AE,AE,AE,AE,AE,AE,AE,AE,AE,AE,AE,AE,AE,AE,AE,AE,AE,AE,AE,AE,AE,AE,AE,AE,AE,AE,AE,AE,AE,AE,AE,AE,AE,AE,AE,AE,AE,AE
PHYS 553,AE,AE,AE,AE,AE,AE,AE,AE,AE,AE,AE,AE,AE,AE,AE,AE,AE,AE,AE,AE,AE,AE,AE,AE,AE,AE,AE,,,,,,,,,,,,,,,,,,,,,,,,,,,,,,,,,,,,,,,,,,,,,,,,,,,,,,,
PHYS 555,AE,AE,AE,AE,AE,AE,AE,AE,AE,AE,AE,AE,AE,AE,AE,AE,AE,AE,AE,AE,AE,AE,AE,AE,AE,AE,AE,AE,AE,AE,AE,AE,AE,AE,AE,AE,AE,AE,AE,AE,AE,AE,AE,AE,AE,AE,AE,AE,AE,AE,AE,AE,AE,AE,AE,AE,AE,AE,AE,AE,AE,AE,AE,AE,AE,AE,AE,AE,AE,AE,AE,AE,AE,AE,AE,AE,AE,AE,AE,AE,AE,AE
PHYS 556,AE,AE,AE,AE,AE,AE,AE,AE,AE,AE,AE,AE,AE,AE,AE,AE,AE,AE,AE,AE,AE,AE,AE,AE,AE,AE,AE,AE,AE,AE,AE,AE,AE,AE,AE,AE,,,,,,,,,,,,,,,,,,,,,,,,,,,,,,,,,,,,,,,,,,,,,,
PHYS 561,AE,AE,AE,AE,AE,AE,AE,AE,AE,AE,AE,AE,AE,AE,AE,AE,AE,AE,AE,AE,AE,AE,AE,AE,AE,AE,AE,AE,AE,AE,AE,AE,AE,AE,AE,AE,AE,AE,AE,AE,AE,AE,AE,AE,AE,AE,AE,AE,AE,AE,AE,AE,AE,AE,AE,AE,AE,AE,AE,AE,AE,AE,AE,AE,AE,AE,AE,AE,AE,AE,AE,AE,AE,AE,AE,AE,AE,AE,AE,AE,AE,AE
PHYS 562,AE,AE,AE,AE,AE,AE,AE,AE,AE,AE,AE,AE,AE,AE,AE,AE,AE,AE,AE,AE,AE,AE,AE,AE,AE,AE,AE,AE,AE,AE,AE,AE,AE,AE,AE,AE,,,,,,,,,,,,,,,,,,,,,,,,,,,,,,,,,,,,,,,,,,,,,,
PHYS 565,AE,AE,AE,AE,AE,AE,AE,AE,AE,AE,AE,AE,AE,AE,AE,AE,AE,AE,AE,AE,AE,AE,AE,AE,AE,AE,AE,AE,AE,AE,,,,,,,,,,,,,,,,,,,,,,,,,,,,,,,,,,,,,,,,,,,,,,,,,,,,
PHYS 566,AE,AE,AE,AE,AE,AE,AE,AE,AE,AE,AE,AE,AE,AE,AE,AE,AE,AE,AE,AE,AE,AE,AE,AE,AE,AE,AE,AE,AE,AE,AE,AE,AE,AE,AE,AE,AE,AE,AE,AE,AE,AE,AE,AE,AE,AE,AE,AE,AE,AE,AE,AE,AE,AE,AE,AE,AE,AE,AE,AE,AE,AE,AE,AE,AE,AE,AE,AE,AE,AE,AE,AE,AE,AE,AE,AE,AE,AE,AE,AE,AE,AE
PHYS 576,AE,AE,AE,AE,AE,AE,AE,AE,AE,AE,AE,AE,AE,AE,AE,AE,AE,AE,AE,AE,AE,AE,AE,AE,AE,AE,AE,,,,,,,,,,,,,,,,,,,,,,,,,,,,,,,,,,,,,,,,,,,,,,,,,,,,,,,
PHYS 580,AE,AE,AE,AE,AE,AE,AE,AE,AE,AE,AE,AE,AE,AE,AE,AE,AE,AE,AE,AE,AE,AE,AE,AE,AE,AE,AE,AE,AE,AE,AE,AE,AE,AE,AE,AE,AE,AE,AE,AE,AE,AE,,,,,,,,,,,,,,,,,,,,,,,,,,,,,,,,,,,,,,,,
PHYS 581,AE,AE,AE,AE,AE,AE,AE,AE,AE,AE,AE,AE,AE,AE,AE,AE,AE,AE,AE,AE,AE,AE,AE,AE,AE,AE,AE,AE,AE,AE,AE,AE,AE,AE,AE,AE,AE,AE,AE,AE,AE,AE,AE,AE,AE,AE,AE,AE,AE,AE,AE,,,,,,,,,,,,,,,,,,,,,,,,,,,,,,,
PHYS 584,AE,AE,AE,AE,AE,AE,AE,AE,AE,AE,AE,AE,AE,AE,AE,AE,AE,AE,AE,AE,AE,AE,AE,AE,AE,AE,AE,AE,AE,AE,AE,AE,AE,AE,AE,AE,AE,AE,AE,AE,AE,AE,AE,AE,AE,AE,AE,AE,AE,AE,AE,AE,AE,AE,AE,AE,AE,AE,AE,AE,AE,AE,AE,AE,AE,AE,AE,AE,AE,AE,AE,AE,AE,AE,AE,AE,AE,AE,AE,AE,AE,AE
PHYS 591,AE,AE,AE,AE,AE,AE,AE,AE,AE,AE,AE,AE,AE,AE,AE,AE,AE,AE,AE,AE,AE,AE,AE,AE,AE,AE,AE,AE,AE,AE,AE,AE,AE,AE,AE,AE,AE,AE,AE,AE,AE,AE,AE,AE,AE,AE,AE,AE,AE,AE,AE,AE,AE,AE,AE,AE,AE,AE,AE,AE,AE,AE,AE,AE,AE,AE,AE,AE,AE,AE,AE,AE,AE,AE,AE,AE,AE,AE,AE,AE,AE,AE
PHYS 592,AE,AE,AE,AE,AE,AE,AE,AE,AE,AE,AE,AE,AE,AE,AE,AE,AE,AE,AE,AE,AE,AE,AE,AE,AE,AE,AE,AE,AE,AE,AE,AE,AE,AE,AE,AE,AE,AE,AE,AE,AE,AE,AE,AE,AE,AE,AE,AE,AE,AE,AE,AE,AE,AE,,,,,,,,,,,,,,,,,,,,,,,,,,,,
PHYS 611,AE,AE,AE,AE,AE,AE,AE,AE,AE,AE,AE,AE,AE,AE,AE,AE,AE,AE,AE,AE,AE,AE,AE,AE,AE,AE,AE,AE,AE,AE,AE,AE,AE,AE,AE,AE,AE,AE,AE,AE,AE,AE,AE,AE,AE,AE,AE,AE,AE,AE,AE,AE,AE,AE,AE,AE,AE,AE,AE,AE,AE,AE,AE,AE,AE,AE,AE,AE,AE,AE,AE,,,,,,,,,,,
PHYS 612,AE,AE,AE,AE,AE,AE,AE,AE,AE,AE,AE,AE,AE,AE,AE,AE,AE,AE,AE,AE,AE,AE,AE,AE,AE,AE,AE,AE,AE,AE,AE,AE,AE,,,,,,,,,,,,,,,,,,,,,,,,,,,,,,,,,,,,,,,,,,,,,,,,,
PHYS 613,AE,AE,AE,AE,AE,AE,AE,AE,AE,AE,AE,AE,AE,AE,AE,AE,AE,AE,AE,AE,AE,AE,AE,AE,AE,AE,AE,,,,,,,,,,,,,,,,,,,,,,,,,,,,,,,,,,,,,,,,,,,,,,,,,,,,,,,
PHYS 614,AE,AE,AE,AE,AE,AE,AE,AE,AE,AE,AE,AE,AE,AE,AE,AE,AE,AE,AE,AE,AE,AE,AE,AE,AE,AE,AE,AE,AE,AE,AE,AE,AE,AE,AE,AE,AE,AE,AE,AE,AE,AE,AE,AE,AE,AE,AE,AE,AE,AE,AE,AE,AE,AE,AE,AE,AE,AE,AE,AE,AE,,,,,,,,,,,,,,,,,,,,,
PHYS 617,AE,AE,AE,AE,AE,AE,AE,AE,AE,AE,AE,AE,AE,AE,AE,AE,AE,AE,AE,AE,AE,AE,AE,AE,AE,AE,AE,AE,AE,AE,AE,AE,AE,AE,AE,AE,AE,AE,AE,AE,AE,AE,AE,AE,AE,AE,AE,AE,AE,AE,AE,AE,AE,AE,AE,AE,AE,AE,AE,AE,AE,AE,AE,AE,AE,AE,AE,AE,AE,AE,AE,AE,AE,AE,AE,AE,AE,AE,AE,AE,AE,AE
PHYS 618,AE,AE,AE,AE,AE,AE,AE,AE,AE,AE,AE,AE,AE,AE,AE,AE,AE,AE,AE,AE,AE,AE,AE,AE,AE,AE,AE,AE,AE,AE,AE,AE,AE,AE,AE,AE,AE,AE,AE,AE,AE,AE,AE,AE,AE,AE,AE,AE,AE,AE,AE,AE,AE,AE,AE,AE,AE,AE,AE,AE,AE,AE,AE,AE,AE,AE,AE,AE,AE,AE,AE,,,,,,,,,,,
POLS 500,AE,AE,AE,AE,AE,AE,AE,AE,AE,AE,AE,AE,AE,AE,AE,AE,AE,AE,AE,AE,AE,AE,AE,AE,AE,AE,AE,AE,AE,AE,AE,AE,AE,AE,AE,AE,AE,AE,AE,AE,,,,,,,,,,,,,,,,,,,,,,,,,,,,,,,,,,,,,,,,,,
POLS 501,AE,AE,AE,AE,AE,AE,AE,AE,AE,AE,,,,,,,,,,,,,,,,,,,,,,,,,,,,,,,,,,,,,,,,,,,,,,,,,,,,,,,,,,,,,,,,,,,,,,,,
POLS 502,AE,AE,AE,AE,AE,AE,AE,AE,AE,AE,AE,AE,AE,AE,AE,AE,AE,AE,AE,AE,AE,AE,AE,AE,AE,AE,AE,AE,AE,AE,AE,AE,AE,AE,AE,AE,AE,AE,AE,AE,AE,AE,AE,AE,AE,AE,AE,AE,AE,AE,AE,AE,AE,AE,AE,AE,AE,AE,AE,AE,AE,AE,AE,AE,AE,AE,AE,AE,AE,AE,AE,AE,AE,AE,AE,AE,AE,AE,AE,AE,AE,AE
POLS 503,AE,AE,AE,AE,AE,AE,AE,AE,AE,AE,AE,AE,AE,AE,AE,AE,AE,AE,AE,AE,AE,AE,AE,AE,AE,AE,AE,AE,AE,AE,AE,AE,AE,AE,AE,AE,AE,AE,AE,AE,AE,AE,AE,AE,AE,AE,AE,AE,AE,AE,AE,AE,AE,AE,AE,AE,AE,AE,AE,AE,AE,AE,AE,AE,AE,AE,AE,AE,AE,AE,AE,AE,AE,AE,AE,AE,AE,AE,AE,AE,AE,AE
POLS 504,AE,AE,AE,AE,AE,AE,AE,AE,AE,AE,AE,AE,AE,AE,AE,AE,AE,AE,AE,AE,AE,AE,AE,AE,AE,AE,AE,AE,AE,AE,AE,AE,AE,AE,AE,AE,AE,AE,AE,AE,AE,AE,AE,AE,AE,AE,AE,AE,AE,AE,AE,AE,AE,AE,AE,AE,AE,AE,AE,AE,AE,AE,AE,AE,AE,AE,AE,AE,AE,AE,AE,AE,AE,AE,AE,AE,AE,AE,AE,AE,AE,AE
POLS 505,AE,AE,AE,AE,AE,AE,AE,AE,AE,AE,AE,AE,AE,AE,AE,AE,AE,AE,AE,AE,AE,AE,AE,AE,AE,AE,AE,AE,AE,AE,AE,AE,AE,AE,AE,AE,AE,AE,AE,AE,AE,AE,AE,AE,AE,AE,AE,AE,AE,AE,AE,,,,,,,,,,,,,,,,,,,,,,,,,,,,,,,
POLS 507,AE,AE,AE,AE,AE,AE,AE,AE,AE,AE,AE,AE,AE,AE,AE,AE,AE,AE,AE,AE,AE,AE,AE,AE,AE,AE,AE,AE,AE,AE,AE,AE,AE,AE,AE,AE,AE,AE,AE,AE,AE,AE,AE,AE,AE,AE,AE,AE,AE,AE,AE,AE,AE,AE,AE,AE,AE,AE,AE,AE,AE,AE,AE,AE,AE,AE,AE,AE,AE,AE,AE,AE,AE,AE,AE,AE,AE,AE,AE,AE,AE,AE
POLS 508,AE,AE,AE,AE,AE,AE,AE,AE,AE,AE,AE,AE,AE,AE,AE,AE,AE,AE,AE,AE,AE,AE,AE,AE,AE,AE,AE,AE,AE,AE,AE,AE,AE,AE,AE,AE,AE,AE,AE,AE,AE,AE,AE,AE,AE,AE,AE,AE,AE,AE,AE,AE,AE,AE,AE,AE,AE,AE,AE,AE,AE,AE,AE,AE,AE,AE,AE,AE,AE,AE,AE,AE,AE,AE,AE,AE,AE,AE,AE,AE,AE,AE
POLS 509,AE,AE,AE,AE,AE,AE,AE,AE,AE,AE,AE,AE,AE,AE,AE,AE,AE,AE,AE,AE,AE,AE,AE,AE,AE,AE,AE,AE,AE,AE,AE,AE,AE,AE,AE,AE,AE,,,,,,,,,,,,,,,,,,,,,,,,,,,,,,,,,,,,,,,,,,,,,
POLS 510,AE,AE,AE,AE,AE,AE,AE,AE,AE,AE,AE,AE,AE,AE,AE,AE,AE,AE,AE,AE,AE,AE,AE,AE,AE,AE,AE,AE,AE,AE,AE,AE,AE,AE,AE,AE,AE,AE,AE,AE,AE,AE,AE,AE,AE,AE,AE,AE,AE,AE,AE,AE,AE,AE,AE,AE,AE,AE,AE,AE,AE,AE,AE,AE,AE,AE,AE,AE,AE,AE,AE,AE,AE,AE,AE,AE,AE,AE,AE,AE,AE,AE
POLS 511,AE,AE,AE,AE,AE,AE,AE,AE,AE,AE,AE,AE,AE,AE,AE,AE,AE,AE,AE,AE,AE,AE,AE,AE,AE,AE,AE,AE,AE,AE,AE,AE,AE,,,,,,,,,,,,,,,,,,,,,,,,,,,,,,,,,,,,,,,,,,,,,,,,,
POLS 512,AE,AE,AE,AE,AE,AE,AE,AE,AE,,,,,,,,,,,,,,,,,,,,,,,,,,,,,,,,,,,,,,,,,,,,,,,,,,,,,,,,,,,,,,,,,,,,,,,,,
POLS 513,AE,AE,AE,AE,AE,AE,AE,AE,AE,AE,AE,AE,AE,AE,AE,AE,AE,AE,AE,AE,AE,AE,AE,AE,AE,AE,AE,AE,AE,AE,AE,AE,AE,AE,AE,AE,AE,AE,AE,AE,AE,AE,AE,AE,AE,AE,AE,AE,AE,AE,AE,AE,AE,AE,AE,AE,AE,AE,AE,AE,AE,AE,AE,AE,AE,AE,AE,AE,AE,AE,AE,AE,AE,AE,AE,AE,AE,AE,AE,AE,AE,AE
POLS 514,AE,AE,AE,AE,AE,AE,AE,AE,AE,AE,AE,AE,AE,AE,AE,AE,AE,AE,AE,AE,AE,AE,AE,AE,AE,AE,AE,AE,AE,AE,AE,,,,,,,,,,,,,,,,,,,,,,,,,,,,,,,,,,,,,,,,,,,,,,,,,,,
POLS 519,AE,AE,AE,AE,AE,AE,AE,,,,,,,,,,,,,,,,,,,,,,,,,,,,,,,,,,,,,,,,,,,,,,,,,,,,,,,,,,,,,,,,,,,,,,,,,,,
POLS 521,AE,AE,AE,AE,AE,AE,AE,AE,AE,AE,AE,AE,AE,AE,AE,AE,AE,AE,AE,,,,,,,,,,,,,,,,,,,,,,,,,,,,,,,,,,,,,,,,,,,,,,,,,,,,,,,,,,,,,,,
POLS 522,AE,AE,AE,AE,AE,AE,AE,AE,AE,AE,AE,AE,AE,AE,AE,AE,AE,AE,AE,AE,AE,AE,AE,AE,AE,AE,AE,AE,AE,AE,AE,AE,AE,AE,AE,AE,AE,AE,AE,AE,AE,AE,AE,AE,AE,AE,AE,AE,AE,AE,AE,AE,AE,AE,AE,AE,AE,AE,AE,AE,AE,AE,AE,AE,AE,AE,AE,AE,AE,AE,AE,AE,AE,AE,AE,AE,AE,AE,AE,AE,AE,AE
POLS 523,AE,AE,AE,AE,AE,AE,AE,AE,AE,AE,AE,AE,AE,AE,AE,AE,AE,AE,AE,AE,AE,AE,AE,AE,AE,AE,AE,AE,AE,AE,AE,AE,AE,AE,AE,AE,AE,AE,AE,AE,AE,AE,AE,AE,AE,AE,AE,AE,AE,AE,AE,AE,AE,AE,AE,AE,AE,AE,AE,AE,AE,AE,AE,AE,AE,AE,AE,AE,AE,AE,AE,AE,AE,AE,AE,AE,AE,AE,AE,AE,AE,AE
POLS 525,AE,AE,AE,AE,AE,AE,AE,AE,AE,AE,AE,AE,AE,AE,AE,AE,AE,AE,AE,AE,AE,AE,AE,AE,AE,AE,AE,AE,AE,AE,AE,AE,AE,AE,AE,AE,AE,AE,AE,AE,AE,AE,AE,,,,,,,,,,,,,,,,,,,,,,,,,,,,,,,,,,,,,,,
POLS 526,AE,AE,AE,AE,AE,AE,AE,AE,AE,AE,AE,AE,AE,AE,AE,AE,AE,AE,AE,AE,AE,AE,AE,AE,AE,AE,AE,AE,AE,AE,AE,AE,AE,AE,AE,AE,AE,AE,AE,AE,AE,AE,AE,AE,AE,,,,,,,,,,,,,,,,,,,,,,,,,,,,,,,,,,,,,
POLS 529,AE,AE,AE,AE,AE,AE,AE,AE,AE,AE,AE,AE,AE,AE,AE,AE,AE,AE,AE,AE,AE,AE,AE,AE,AE,AE,AE,AE,AE,AE,AE,AE,AE,AE,AE,AE,AE,AE,AE,AE,AE,AE,AE,AE,AE,AE,AE,AE,AE,AE,AE,AE,AE,AE,AE,AE,AE,AE,AE,AE,AE,AE,AE,AE,AE,AE,AE,AE,AE,AE,AE,AE,AE,AE,AE,AE,AE,AE,AE,AE,AE,AE
POLS 530,AE,AE,AE,AE,AE,AE,AE,AE,AE,AE,AE,AE,AE,AE,AE,AE,AE,AE,AE,AE,AE,AE,AE,AE,AE,AE,AE,AE,AE,AE,AE,AE,AE,AE,AE,AE,AE,AE,AE,AE,AE,AE,AE,AE,AE,AE,AE,AE,AE,AE,AE,AE,AE,AE,AE,AE,AE,AE,AE,AE,AE,AE,AE,AE,AE,AE,AE,AE,AE,AE,AE,AE,AE,AE,AE,AE,AE,AE,AE,AE,AE,AE
POLS 531,AE,AE,AE,AE,AE,AE,AE,AE,AE,AE,AE,AE,AE,AE,AE,AE,AE,AE,AE,AE,AE,AE,AE,AE,AE,AE,AE,AE,AE,AE,AE,AE,AE,AE,AE,AE,AE,AE,AE,AE,AE,AE,AE,AE,AE,AE,AE,AE,AE,AE,AE,AE,AE,AE,AE,AE,AE,AE,AE,AE,AE,AE,AE,AE,AE,AE,AE,AE,AE,AE,AE,AE,AE,AE,AE,AE,AE,AE,AE,AE,AE,AE
POLS 532,AE,AE,AE,AE,AE,AE,AE,AE,AE,AE,AE,AE,AE,AE,AE,AE,AE,AE,AE,AE,AE,AE,AE,AE,AE,AE,AE,AE,AE,AE,AE,AE,AE,AE,AE,AE,AE,AE,AE,AE,AE,AE,AE,AE,AE,AE,AE,AE,AE,AE,AE,AE,AE,AE,AE,AE,AE,AE,AE,AE,AE,AE,AE,AE,AE,AE,AE,AE,AE,AE,AE,AE,AE,AE,AE,AE,AE,AE,AE,AE,AE,AE
POLS 533,AE,AE,AE,AE,AE,AE,AE,AE,AE,AE,AE,AE,AE,AE,AE,AE,AE,AE,AE,AE,AE,AE,AE,AE,AE,AE,AE,AE,,,,,,,,,,,,,,,,,,,,,,,,,,,,,,,,,,,,,,,,,,,,,,,,,,,,,,
POLS 534,AE,AE,AE,AE,AE,AE,AE,AE,AE,AE,AE,AE,AE,AE,AE,AE,AE,AE,AE,AE,AE,AE,AE,AE,AE,AE,AE,AE,AE,AE,AE,AE,AE,AE,AE,AE,AE,AE,AE,AE,AE,AE,AE,AE,AE,AE,AE,AE,AE,AE,AE,AE,AE,AE,AE,AE,AE,AE,AE,AE,AE,AE,AE,AE,AE,AE,AE,AE,AE,AE,AE,AE,AE,AE,AE,AE,AE,AE,AE,AE,AE,AE
POLS 535,AE,AE,AE,AE,AE,AE,AE,AE,AE,AE,AE,AE,AE,AE,AE,AE,AE,AE,AE,AE,AE,AE,AE,AE,AE,AE,AE,AE,AE,AE,AE,AE,AE,AE,AE,AE,AE,AE,AE,AE,AE,AE,AE,AE,AE,AE,AE,AE,AE,AE,AE,AE,AE,AE,AE,AE,AE,AE,AE,AE,AE,AE,AE,AE,AE,AE,AE,AE,AE,AE,AE,AE,AE,AE,AE,AE,AE,AE,AE,AE,AE,AE
POLS 536,AE,AE,AE,AE,AE,AE,AE,AE,AE,AE,AE,AE,AE,AE,AE,AE,AE,AE,AE,AE,AE,AE,AE,AE,AE,AE,AE,AE,AE,AE,AE,AE,AE,AE,AE,AE,AE,AE,AE,AE,AE,AE,AE,AE,AE,AE,AE,AE,AE,AE,AE,AE,AE,AE,AE,AE,AE,AE,AE,AE,AE,AE,AE,AE,AE,AE,AE,AE,AE,AE,AE,AE,AE,AE,AE,AE,AE,AE,AE,AE,AE,AE
POLS 537,AE,AE,AE,AE,AE,AE,AE,AE,AE,AE,AE,AE,AE,AE,AE,AE,AE,AE,AE,AE,AE,AE,AE,AE,AE,AE,AE,AE,AE,AE,AE,AE,AE,AE,AE,AE,AE,AE,AE,AE,AE,AE,AE,AE,AE,AE,AE,AE,AE,AE,AE,AE,AE,AE,AE,AE,AE,AE,AE,AE,AE,AE,AE,AE,AE,AE,AE,AE,AE,AE,AE,AE,AE,AE,AE,AE,AE,AE,AE,AE,AE,AE
POLS 539,AE,AE,AE,AE,AE,AE,AE,AE,AE,AE,AE,AE,AE,AE,AE,AE,AE,AE,AE,AE,AE,AE,AE,AE,AE,AE,AE,AE,AE,AE,AE,AE,AE,AE,AE,AE,AE,AE,AE,AE,AE,AE,AE,AE,AE,AE,AE,AE,AE,AE,AE,AE,AE,AE,AE,AE,AE,AE,AE,AE,AE,AE,AE,AE,AE,AE,AE,AE,AE,AE,AE,AE,AE,AE,AE,AE,AE,AE,AE,AE,AE,AE
POLS 540,AE,AE,AE,AE,AE,AE,AE,AE,AE,AE,AE,AE,AE,AE,AE,AE,AE,AE,AE,AE,AE,AE,AE,AE,AE,AE,AE,AE,AE,AE,AE,AE,AE,AE,AE,AE,AE,AE,AE,AE,AE,AE,AE,AE,AE,AE,AE,AE,AE,AE,AE,AE,AE,AE,AE,AE,AE,AE,AE,AE,AE,AE,AE,AE,AE,AE,AE,AE,AE,AE,AE,AE,AE,AE,AE,AE,AE,AE,AE,AE,AE,AE
POLS 541,AE,AE,AE,AE,AE,AE,AE,AE,AE,AE,AE,AE,AE,AE,AE,AE,AE,AE,AE,AE,AE,AE,AE,AE,AE,AE,AE,AE,AE,AE,AE,AE,AE,AE,AE,AE,AE,AE,AE,AE,AE,AE,AE,AE,AE,AE,AE,AE,AE,AE,AE,AE,AE,AE,,,,,,,,,,,,,,,,,,,,,,,,,,,,
POLS 542,AE,AE,AE,AE,AE,AE,AE,AE,AE,AE,AE,AE,AE,AE,AE,AE,AE,AE,AE,AE,AE,AE,AE,AE,AE,AE,AE,AE,AE,AE,AE,AE,AE,AE,AE,AE,AE,AE,AE,AE,AE,AE,AE,AE,AE,,,,,,,,,,,,,,,,,,,,,,,,,,,,,,,,,,,,,
POLS 543,AE,AE,AE,AE,AE,AE,AE,AE,AE,AE,AE,AE,AE,AE,AE,AE,AE,AE,AE,AE,AE,AE,AE,AE,AE,AE,AE,AE,AE,AE,AE,AE,AE,AE,AE,AE,AE,AE,AE,AE,AE,AE,AE,AE,AE,AE,AE,AE,AE,AE,AE,AE,AE,AE,AE,AE,AE,AE,AE,AE,AE,AE,AE,,,,,,,,,,,,,,,,,,,
POLS 546,AE,AE,AE,AE,AE,AE,AE,AE,AE,AE,AE,AE,AE,AE,AE,AE,AE,AE,AE,AE,AE,AE,AE,AE,AE,AE,AE,AE,AE,AE,AE,AE,AE,AE,AE,AE,AE,AE,AE,AE,AE,AE,AE,AE,AE,AE,AE,AE,AE,AE,AE,AE,AE,AE,AE,AE,AE,AE,AE,AE,AE,AE,AE,AE,AE,AE,AE,AE,AE,AE,AE,AE,AE,AE,AE,AE,AE,AE,AE,AE,AE,AE
POLS 548,AE,AE,AE,AE,AE,AE,AE,AE,AE,AE,AE,AE,AE,AE,AE,AE,AE,AE,AE,AE,AE,AE,AE,AE,AE,AE,AE,AE,AE,AE,AE,AE,AE,AE,AE,AE,AE,AE,AE,AE,AE,AE,AE,AE,AE,AE,AE,AE,AE,AE,AE,AE,AE,AE,AE,AE,AE,AE,AE,AE,AE,AE,AE,AE,AE,AE,AE,AE,AE,AE,AE,AE,AE,AE,AE,AE,AE,AE,AE,AE,AE,AE
POLS 549,AE,AE,AE,AE,AE,AE,AE,AE,AE,AE,AE,AE,AE,AE,AE,AE,AE,AE,AE,AE,AE,AE,AE,AE,AE,AE,AE,AE,AE,AE,AE,AE,AE,AE,AE,AE,AE,AE,AE,AE,AE,AE,AE,AE,AE,AE,AE,AE,AE,AE,AE,AE,AE,AE,AE,AE,AE,AE,AE,AE,AE,AE,AE,AE,AE,AE,AE,AE,AE,AE,AE,AE,AE,AE,AE,AE,AE,AE,AE,AE,AE,AE
POLS 550,AE,AE,AE,AE,AE,AE,AE,AE,AE,AE,AE,AE,AE,AE,AE,AE,AE,AE,AE,AE,AE,AE,AE,AE,AE,AE,AE,AE,AE,AE,AE,AE,AE,AE,AE,AE,AE,AE,AE,AE,AE,AE,AE,AE,AE,AE,AE,AE,AE,AE,AE,AE,AE,AE,AE,AE,AE,AE,AE,AE,AE,AE,AE,AE,AE,AE,AE,AE,AE,AE,AE,AE,AE,AE,AE,AE,AE,AE,AE,AE,AE,AE
POLS 553,AE,AE,AE,AE,AE,AE,AE,AE,AE,AE,AE,AE,AE,AE,AE,AE,AE,AE,AE,AE,AE,AE,AE,AE,AE,AE,AE,AE,AE,AE,AE,AE,AE,AE,AE,AE,AE,AE,AE,AE,AE,AE,AE,AE,AE,AE,AE,AE,AE,AE,AE,AE,AE,AE,AE,AE,AE,AE,AE,AE,AE,AE,AE,AE,AE,AE,AE,AE,AE,AE,AE,AE,AE,AE,AE,AE,AE,AE,AE,AE,AE,AE
POLS 554,AE,AE,AE,AE,AE,AE,AE,AE,AE,AE,AE,AE,AE,AE,AE,AE,AE,AE,AE,AE,AE,AE,AE,AE,AE,AE,AE,AE,AE,AE,AE,AE,AE,AE,AE,AE,AE,AE,AE,AE,AE,AE,AE,AE,AE,AE,AE,AE,AE,AE,AE,AE,AE,AE,AE,AE,AE,AE,AE,AE,AE,AE,AE,AE,AE,AE,AE,AE,AE,AE,AE,AE,AE,AE,AE,AE,AE,AE,AE,AE,AE,AE
POLS 555,AE,AE,AE,AE,AE,AE,AE,AE,AE,AE,AE,AE,AE,AE,AE,AE,AE,AE,AE,AE,AE,AE,AE,AE,AE,AE,AE,AE,AE,AE,AE,AE,AE,AE,AE,AE,AE,AE,AE,AE,AE,AE,AE,AE,AE,AE,AE,AE,AE,AE,AE,AE,AE,AE,AE,AE,AE,AE,AE,AE,AE,AE,AE,AE,AE,AE,AE,AE,AE,AE,AE,AE,AE,AE,AE,AE,AE,AE,AE,AE,AE,AE
POLS 556,AE,AE,AE,AE,AE,AE,AE,AE,AE,AE,AE,AE,AE,AE,AE,AE,,,,,,,,,,,,,,,,,,,,,,,,,,,,,,,,,,,,,,,,,,,,,,,,,,,,,,,,,,,,,,,,,,
POLS 557,AE,AE,AE,AE,AE,AE,AE,AE,AE,AE,AE,AE,AE,AE,AE,AE,AE,AE,AE,AE,AE,AE,AE,AE,AE,AE,AE,AE,AE,AE,AE,AE,AE,AE,AE,AE,AE,AE,AE,AE,AE,AE,AE,AE,AE,AE,AE,AE,AE,AE,AE,AE,AE,AE,AE,AE,AE,AE,AE,AE,AE,AE,AE,AE,AE,AE,AE,AE,AE,AE,AE,AE,AE,AE,AE,AE,AE,AE,AE,AE,AE,AE
POLS 560,AE,AE,AE,AE,AE,AE,AE,AE,AE,AE,AE,AE,AE,AE,AE,AE,AE,AE,AE,AE,AE,AE,AE,AE,AE,AE,AE,AE,AE,AE,AE,AE,AE,AE,AE,AE,,,,,,,,,,,,,,,,,,,,,,,,,,,,,,,,,,,,,,,,,,,,,,
POLS 561,AE,AE,AE,AE,AE,AE,AE,AE,AE,AE,AE,AE,AE,AE,AE,AE,AE,AE,,,,,,,,,,,,,,,,,,,,,,,,,,,,,,,,,,,,,,,,,,,,,,,,,,,,,,,,,,,,,,,,
POLS 562,AE,AE,AE,AE,AE,AE,AE,AE,AE,AE,AE,AE,AE,AE,AE,AE,AE,AE,AE,AE,AE,AE,AE,AE,AE,AE,AE,AE,AE,AE,AE,AE,AE,AE,AE,AE,AE,AE,AE,,,,,,,,,,,,,,,,,,,,,,,,,,,,,,,,,,,,,,,,,,,
POLS 563,AE,AE,AE,AE,AE,AE,AE,AE,AE,AE,AE,AE,AE,AE,AE,AE,AE,AE,AE,AE,AE,AE,AE,AE,AE,AE,AE,AE,AE,AE,AE,AE,AE,AE,AE,AE,AE,AE,AE,AE,AE,AE,AE,AE,AE,AE,AE,AE,AE,AE,AE,AE,AE,AE,AE,AE,AE,AE,AE,AE,AE,,,,,,,,,,,,,,,,,,,,,
POLS 564,AE,AE,AE,AE,AE,AE,AE,AE,AE,AE,AE,AE,AE,AE,AE,AE,AE,AE,AE,AE,AE,AE,AE,AE,AE,AE,AE,AE,AE,AE,AE,AE,AE,AE,AE,AE,AE,AE,AE,AE,AE,AE,AE,AE,AE,AE,AE,AE,AE,AE,AE,AE,AE,AE,AE,AE,AE,AE,AE,AE,AE,AE,AE,AE,AE,AE,AE,AE,AE,AE,AE,AE,AE,AE,AE,AE,AE,AE,AE,AE,AE,AE
POLS 565,AE,AE,AE,AE,AE,AE,AE,AE,AE,AE,AE,AE,AE,AE,AE,AE,AE,AE,AE,AE,AE,AE,AE,AE,AE,AE,AE,AE,AE,AE,AE,AE,AE,AE,AE,AE,AE,AE,AE,AE,AE,AE,AE,AE,AE,AE,AE,AE,AE,AE,AE,AE,AE,AE,AE,AE,AE,AE,AE,AE,AE,AE,AE,AE,AE,AE,AE,AE,AE,AE,AE,AE,AE,AE,AE,AE,AE,AE,AE,AE,AE,AE
POLS 566,AE,AE,AE,AE,AE,AE,AE,AE,AE,AE,AE,AE,AE,AE,AE,AE,AE,AE,AE,AE,AE,AE,AE,AE,AE,AE,AE,AE,AE,AE,AE,AE,AE,AE,AE,AE,AE,AE,AE,AE,AE,AE,AE,AE,AE,AE,AE,AE,AE,AE,AE,AE,AE,AE,AE,AE,AE,AE,AE,AE,AE,AE,AE,AE,AE,AE,AE,AE,AE,AE,AE,AE,AE,AE,AE,AE,AE,AE,AE,AE,AE,AE
POLS 570,AE,AE,AE,AE,AE,AE,AE,AE,AE,AE,AE,AE,AE,AE,AE,AE,AE,AE,AE,AE,AE,AE,AE,AE,AE,AE,AE,AE,,,,,,,,,,,,,,,,,,,,,,,,,,,,,,,,,,,,,,,,,,,,,,,,,,,,,,
POLS 571,AE,AE,AE,AE,AE,AE,AE,AE,AE,AE,AE,AE,AE,AE,AE,AE,AE,AE,AE,AE,AE,AE,AE,AE,AE,AE,AE,AE,,,,,,,,,,,,,,,,,,,,,,,,,,,,,,,,,,,,,,,,,,,,,,,,,,,,,,
POLS 572,AE,AE,AE,AE,AE,AE,AE,AE,AE,AE,AE,AE,AE,AE,AE,AE,AE,AE,AE,AE,AE,AE,AE,AE,AE,AE,AE,AE,AE,AE,AE,AE,AE,AE,AE,AE,AE,AE,AE,AE,AE,AE,,,,,,,,,,,,,,,,,,,,,,,,,,,,,,,,,,,,,,,,
POLS 573,AE,AE,AE,AE,AE,AE,AE,AE,AE,AE,AE,AE,AE,AE,AE,AE,AE,AE,AE,AE,AE,AE,AE,AE,AE,AE,AE,AE,,,,,,,,,,,,,,,,,,,,,,,,,,,,,,,,,,,,,,,,,,,,,,,,,,,,,,
POLS 580,AE,AE,AE,AE,AE,AE,AE,AE,AE,AE,AE,AE,AE,AE,AE,AE,AE,AE,AE,AE,AE,AE,AE,AE,AE,AE,AE,AE,AE,AE,AE,AE,AE,AE,AE,AE,AE,AE,AE,AE,AE,AE,AE,AE,AE,AE,AE,AE,AE,AE,AE,AE,AE,AE,AE,AE,AE,AE,AE,AE,AE,AE,AE,AE,AE,AE,AE,AE,AE,AE,AE,AE,AE,AE,AE,AE,AE,AE,AE,AE,AE,AE
POLS 581,AE,AE,AE,AE,AE,AE,AE,AE,AE,AE,AE,AE,AE,AE,AE,AE,AE,AE,AE,AE,AE,AE,AE,AE,AE,AE,AE,AE,AE,AE,AE,AE,AE,AE,AE,AE,AE,AE,AE,AE,AE,AE,AE,AE,AE,AE,AE,AE,AE,AE,AE,AE,AE,AE,AE,AE,AE,AE,AE,AE,AE,AE,AE,AE,AE,AE,AE,AE,AE,AE,AE,AE,AE,AE,AE,AE,AE,AE,AE,AE,AE,AE
POLS 582,AE,AE,AE,AE,AE,AE,AE,AE,AE,AE,AE,AE,AE,AE,AE,AE,AE,AE,AE,AE,AE,AE,AE,AE,AE,AE,AE,AE,AE,AE,AE,AE,AE,AE,AE,AE,AE,AE,AE,AE,AE,AE,AE,AE,AE,AE,AE,AE,AE,AE,AE,AE,AE,AE,AE,AE,AE,AE,AE,AE,AE,AE,AE,AE,AE,AE,AE,AE,AE,AE,AE,AE,AE,AE,AE,AE,AE,AE,AE,AE,AE,AE
POLS 583,AE,AE,AE,AE,AE,AE,AE,AE,AE,AE,AE,AE,AE,AE,AE,AE,AE,AE,AE,AE,AE,AE,AE,AE,AE,AE,AE,AE,AE,AE,AE,AE,AE,AE,AE,AE,AE,AE,AE,AE,AE,AE,AE,AE,AE,AE,AE,AE,AE,AE,AE,AE,AE,AE,AE,AE,AE,AE,AE,AE,AE,AE,AE,AE,AE,AE,AE,AE,AE,AE,AE,AE,AE,AE,AE,AE,AE,AE,AE,AE,AE,AE
POLS 584,AE,AE,AE,AE,AE,AE,AE,AE,AE,AE,AE,AE,AE,AE,,,,,,,,,,,,,,,,,,,,,,,,,,,,,,,,,,,,,,,,,,,,,,,,,,,,,,,,,,,,,,,,,,,,
POLS 589,AE,AE,AE,AE,AE,AE,AE,AE,AE,AE,AE,AE,AE,AE,AE,AE,AE,AE,AE,AE,AE,AE,AE,AE,AE,AE,AE,AE,AE,AE,AE,AE,AE,AE,AE,AE,AE,AE,AE,AE,AE,AE,AE,AE,AE,AE,AE,AE,AE,AE,AE,AE,AE,AE,AE,AE,AE,AE,AE,AE,AE,AE,AE,AE,AE,AE,AE,AE,AE,AE,AE,AE,AE,AE,AE,AE,AE,AE,AE,AE,AE,AE
POLS 591,AE,AE,AE,AE,AE,AE,AE,,,,,,,,,,,,,,,,,,,,,,,,,,,,,,,,,,,,,,,,,,,,,,,,,,,,,,,,,,,,,,,,,,,,,,,,,,,
POLS 592,AE,AE,AE,AE,AE,AE,AE,AE,AE,AE,AE,AE,AE,AE,AE,AE,AE,AE,AE,AE,AE,AE,AE,AE,AE,AE,AE,AE,AE,AE,AE,AE,AE,AE,AE,AE,AE,AE,AE,AE,AE,AE,AE,AE,AE,AE,AE,AE,AE,AE,AE,AE,AE,AE,AE,AE,AE,AE,AE,AE,AE,AE,AE,AE,AE,AE,AE,AE,AE,AE,AE,AE,AE,AE,AE,AE,AE,AE,AE,AE,AE,AE
POLS 593,AE,AE,AE,AE,AE,AE,AE,AE,AE,AE,AE,AE,,,,,,,,,,,,,,,,,,,,,,,,,,,,,,,,,,,,,,,,,,,,,,,,,,,,,,,,,,,,,,,,,,,,,,
POLS 594,AE,AE,AE,AE,AE,AE,AE,AE,AE,AE,AE,AE,AE,AE,AE,AE,AE,AE,AE,AE,AE,AE,AE,AE,AE,AE,AE,AE,AE,AE,AE,AE,AE,AE,AE,AE,AE,AE,AE,AE,AE,AE,AE,AE,AE,AE,AE,AE,AE,AE,AE,AE,AE,AE,AE,AE,AE,AE,AE,AE,AE,AE,AE,AE,AE,AE,AE,AE,AE,AE,AE,AE,AE,AE,AE,AE,AE,AE,AE,AE,AE,AE
POLS 595,AE,AE,AE,AE,AE,AE,AE,AE,AE,AE,AE,AE,AE,AE,AE,AE,AE,AE,AE,AE,AE,AE,AE,AE,AE,AE,AE,AE,AE,AE,AE,AE,AE,AE,AE,AE,,,,,,,,,,,,,,,,,,,,,,,,,,,,,,,,,,,,,,,,,,,,,,
POLS 596,AE,AE,AE,AE,AE,AE,AE,AE,AE,AE,AE,AE,AE,AE,AE,AE,AE,AE,AE,AE,AE,AE,AE,AE,AE,AE,AE,AE,AE,AE,AE,AE,AE,AE,AE,AE,AE,AE,AE,AE,AE,AE,AE,AE,AE,AE,AE,AE,AE,AE,AE,AE,AE,AE,AE,AE,AE,AE,AE,AE,AE,AE,AE,AE,AE,AE,AE,AE,AE,AE,AE,AE,AE,AE,AE,AE,AE,AE,AE,AE,AE,AE
POLS 597,AE,AE,AE,AE,AE,AE,AE,AE,AE,AE,AE,AE,AE,AE,AE,,,,,,,,,,,,,,,,,,,,,,,,,,,,,,,,,,,,,,,,,,,,,,,,,,,,,,,,,,,,,,,,,,,
POLS 598,AE,AE,AE,AE,AE,AE,AE,AE,AE,AE,AE,AE,AE,AE,AE,AE,AE,AE,AE,AE,AE,AE,AE,AE,AE,AE,AE,AE,AE,AE,AE,AE,AE,AE,AE,AE,AE,AE,AE,AE,AE,AE,AE,AE,AE,AE,AE,AE,AE,AE,AE,AE,AE,AE,AE,AE,AE,AE,AE,AE,AE,AE,AE,AE,AE,AE,AE,AE,AE,AE,AE,AE,AE,AE,AE,AE,AE,AE,AE,AE,AE,AE
POLS 600,AE,AE,AE,AE,AE,AE,AE,AE,AE,AE,AE,AE,AE,AE,AE,AE,AE,AE,AE,AE,AE,AE,AE,AE,AE,AE,AE,AE,AE,AE,AE,AE,AE,AE,AE,AE,AE,AE,AE,AE,AE,AE,AE,AE,AE,AE,AE,AE,AE,AE,AE,AE,AE,AE,AE,AE,AE,AE,AE,AE,AE,AE,AE,AE,AE,AE,AE,AE,AE,AE,AE,AE,AE,AE,AE,AE,AE,AE,AE,AE,AE,AE
POLS 601,AE,AE,AE,AE,AE,AE,AE,AE,AE,AE,AE,AE,AE,AE,AE,AE,AE,AE,AE,AE,AE,AE,AE,AE,AE,AE,AE,AE,AE,AE,AE,AE,AE,AE,AE,AE,AE,AE,AE,AE,AE,AE,AE,AE,AE,AE,AE,AE,AE,AE,AE,AE,AE,AE,AE,AE,AE,AE,AE,AE,AE,AE,AE,AE,AE,AE,AE,AE,AE,AE,AE,AE,AE,AE,AE,AE,AE,AE,AE,AE,AE,AE
POLS 620,AE,AE,AE,AE,AE,AE,AE,AE,AE,AE,AE,AE,AE,AE,AE,AE,AE,AE,AE,AE,AE,AE,AE,AE,AE,AE,AE,AE,AE,AE,AE,AE,AE,AE,AE,AE,AE,AE,AE,AE,AE,AE,AE,AE,AE,AE,AE,AE,AE,AE,AE,AE,AE,AE,AE,AE,AE,AE,AE,AE,AE,AE,AE,AE,AE,AE,AE,AE,AE,AE,AE,AE,AE,AE,AE,AE,AE,AE,AE,AE,AE,AE
POLS 630,AE,AE,AE,AE,AE,AE,AE,AE,AE,AE,AE,AE,AE,AE,AE,AE,AE,AE,AE,AE,AE,AE,AE,AE,AE,AE,AE,AE,AE,AE,AE,AE,AE,AE,AE,AE,AE,AE,AE,AE,AE,AE,AE,AE,AE,AE,AE,AE,AE,AE,AE,AE,AE,AE,AE,AE,AE,AE,AE,AE,AE,AE,AE,AE,AE,AE,AE,AE,AE,AE,AE,AE,AE,AE,AE,AE,AE,AE,AE,AE,AE,AE
POLS 640,AE,AE,AE,AE,AE,AE,AE,AE,AE,AE,AE,AE,AE,AE,AE,AE,AE,AE,AE,AE,AE,AE,AE,AE,AE,AE,AE,AE,AE,AE,AE,AE,AE,AE,AE,AE,AE,AE,AE,AE,AE,AE,AE,AE,AE,AE,AE,AE,AE,AE,AE,AE,AE,AE,AE,AE,AE,AE,AE,AE,AE,AE,AE,AE,AE,AE,AE,AE,AE,AE,AE,AE,AE,AE,AE,AE,AE,AE,AE,AE,AE,AE
POLS 650,AE,AE,AE,AE,AE,AE,AE,AE,AE,AE,AE,AE,AE,AE,AE,AE,AE,AE,AE,AE,AE,AE,AE,AE,AE,AE,AE,AE,AE,AE,AE,AE,AE,AE,AE,AE,AE,AE,AE,AE,AE,AE,AE,AE,AE,AE,AE,AE,AE,AE,AE,AE,AE,AE,AE,AE,AE,AE,AE,AE,AE,AE,AE,AE,AE,AE,AE,AE,AE,AE,AE,AE,AE,AE,AE,AE,AE,AE,AE,AE,AE,AE
POLS 700A,AE,AE,AE,AE,AE,AE,AE,AE,AE,AE,AE,AE,AE,AE,AE,AE,AE,AE,AE,AE,AE,AE,AE,AE,AE,AE,AE,AE,AE,AE,AE,AE,AE,AE,AE,AE,AE,AE,AE,AE,AE,AE,,,,,,,,,,,,,,,,,,,,,,,,,,,,,,,,,,,,,,,,
POLS 700B,AE,AE,AE,AE,AE,AE,AE,AE,AE,AE,AE,AE,AE,AE,AE,AE,AE,AE,AE,AE,AE,AE,AE,AE,AE,AE,AE,AE,AE,AE,AE,AE,AE,AE,AE,AE,AE,AE,AE,AE,AE,AE,AE,AE,AE,AE,AE,AE,AE,AE,AE,AE,AE,AE,AE,AE,AE,AE,AE,AE,AE,AE,AE,AE,AE,AE,AE,AE,AE,AE,AE,AE,AE,AE,AE,AE,AE,AE,AE,AE,AE,AE
POLS 700C,AE,AE,AE,AE,AE,AE,AE,AE,AE,AE,AE,AE,AE,AE,AE,AE,AE,AE,AE,AE,AE,AE,AE,AE,AE,AE,AE,AE,AE,AE,AE,AE,AE,AE,AE,AE,AE,AE,AE,AE,AE,AE,AE,AE,AE,AE,AE,AE,AE,AE,AE,AE,AE,AE,AE,AE,AE,AE,AE,AE,AE,AE,AE,AE,AE,AE,AE,AE,AE,AE,AE,AE,AE,AE,AE,AE,AE,AE,AE,AE,AE,AE
POLS 700FT,AE,AE,AE,AE,AE,AE,AE,AE,AE,AE,AE,AE,AE,AE,AE,AE,AE,AE,AE,AE,AE,AE,AE,AE,AE,AE,AE,AE,AE,AE,AE,AE,AE,AE,AE,AE,AE,AE,AE,AE,AE,AE,AE,AE,AE,AE,AE,AE,AE,AE,AE,AE,AE,AE,AE,AE,AE,AE,AE,AE,AE,AE,AE,AE,AE,AE,AE,AE,AE,AE,AE,AE,AE,AE,AE,AE,AE,AE,AE,AE,AE,AE
POLS 700I,AE,AE,AE,AE,AE,AE,AE,AE,AE,AE,AE,AE,AE,AE,AE,AE,AE,AE,AE,AE,AE,AE,AE,AE,AE,AE,AE,AE,AE,AE,AE,AE,AE,AE,AE,AE,AE,AE,AE,AE,AE,AE,AE,AE,AE,AE,AE,AE,AE,AE,AE,AE,AE,AE,AE,AE,AE,AE,AE,AE,AE,AE,AE,AE,AE,AE,AE,AE,AE,AE,AE,AE,AE,AE,AE,AE,AE,AE,AE,AE,AE,AE
POLS 700P,AE,AE,AE,AE,AE,AE,AE,AE,AE,AE,AE,AE,AE,AE,AE,AE,AE,AE,AE,AE,AE,AE,AE,AE,AE,AE,AE,AE,AE,AE,AE,AE,AE,AE,AE,AE,AE,AE,AE,AE,AE,AE,AE,AE,AE,AE,AE,AE,AE,AE,AE,AE,AE,AE,AE,AE,AE,AE,AE,AE,AE,AE,AE,AE,AE,AE,AE,AE,AE,AE,AE,AE,AE,AE,AE,AE,AE,AE,AE,AE,AE,AE
POLS 700R,AE,AE,AE,AE,AE,AE,AE,AE,AE,AE,AE,AE,AE,AE,AE,AE,AE,AE,AE,AE,AE,AE,AE,AE,AE,AE,AE,AE,AE,AE,AE,AE,AE,AE,AE,AE,AE,AE,AE,AE,AE,AE,AE,AE,AE,AE,AE,AE,AE,AE,AE,AE,AE,AE,AE,AE,AE,AE,AE,AE,AE,AE,AE,AE,AE,AE,AE,AE,AE,AE,AE,AE,AE,AE,AE,AE,AE,AE,AE,AE,AE,AE
POLS 700T,AE,AE,AE,AE,AE,AE,AE,AE,AE,AE,AE,AE,AE,AE,AE,AE,AE,AE,AE,AE,AE,AE,AE,AE,AE,AE,AE,AE,AE,AE,AE,AE,AE,AE,AE,AE,AE,AE,AE,AE,AE,AE,AE,AE,AE,AE,AE,AE,AE,AE,AE,AE,AE,AE,AE,AE,AE,AE,AE,AE,AE,AE,AE,AE,AE,AE,AE,AE,AE,AE,AE,AE,AE,AE,AE,AE,AE,AE,AE,AE,AE,AE
POLS 700TR,AE,AE,AE,AE,AE,AE,AE,AE,AE,AE,AE,AE,AE,AE,AE,AE,AE,AE,AE,AE,AE,AE,AE,AE,AE,AE,AE,AE,AE,AE,AE,AE,AE,AE,AE,AE,AE,AE,AE,AE,AE,AE,AE,AE,AE,AE,AE,AE,AE,AE,AE,AE,AE,AE,AE,AE,AE,AE,AE,AE,AE,AE,AE,AE,AE,AE,AE,AE,AE,AE,AE,AE,AE,AE,AE,AE,AE,AE,AE,AE,AE,AE
POLS 790,AE,AE,AE,AE,AE,AE,AE,AE,AE,AE,AE,AE,AE,AE,AE,AE,AE,AE,AE,AE,AE,AE,AE,AE,AE,AE,AE,AE,AE,AE,AE,AE,AE,AE,AE,AE,AE,AE,AE,AE,AE,AE,AE,AE,AE,AE,AE,AE,AE,AE,AE,AE,AE,AE,AE,AE,AE,AE,AE,AE,AE,AE,AE,AE,AE,AE,AE,AE,AE,AE,AE,AE,AE,AE,AE,AE,AE,AE,AE,AE,AE,AE
POLS 790A,AE,AE,AE,AE,AE,AE,AE,AE,AE,AE,AE,AE,,,,,,,,,,,,,,,,,,,,,,,,,,,,,,,,,,,,,,,,,,,,,,,,,,,,,,,,,,,,,,,,,,,,,,
POLS 790B,AE,AE,AE,AE,AE,AE,AE,AE,AE,AE,AE,AE,,,,,,,,,,,,,,,,,,,,,,,,,,,,,,,,,,,,,,,,,,,,,,,,,,,,,,,,,,,,,,,,,,,,,,
POLS 791,AE,AE,AE,AE,AE,AE,AE,AE,AE,AE,AE,AE,AE,AE,AE,AE,AE,AE,AE,AE,AE,AE,AE,AE,AE,AE,AE,AE,AE,AE,AE,AE,AE,AE,AE,AE,AE,AE,AE,AE,AE,AE,AE,AE,AE,AE,AE,AE,AE,AE,AE,AE,AE,AE,AE,AE,AE,AE,AE,AE,AE,AE,AE,AE,AE,AE,AE,AE,AE,AE,AE,AE,AE,AE,AE,AE,AE,AE,AE,AE,AE,AE
POLS 792,AE,AE,AE,AE,AE,AE,AE,AE,AE,AE,AE,AE,AE,AE,AE,AE,AE,AE,AE,AE,AE,AE,AE,AE,AE,AE,AE,AE,AE,AE,AE,AE,AE,AE,AE,AE,AE,AE,AE,AE,AE,AE,AE,AE,AE,AE,AE,AE,AE,AE,AE,AE,AE,AE,AE,AE,AE,AE,AE,AE,AE,AE,AE,AE,AE,AE,AE,AE,AE,AE,AE,AE,AE,AE,AE,AE,AE,AE,AE,AE,AE,AE
PROJ 501,AE,AE,AE,AE,AE,AE,AE,AE,AE,AE,AE,AE,AE,AE,AE,AE,AE,AE,AE,AE,AE,AE,AE,AE,AE,AE,AE,AE,AE,AE,AE,AE,AE,AE,AE,AE,AE,AE,AE,AE,AE,AE,AE,AE,AE,AE,AE,AE,AE,AE,AE,AE,AE,AE,AE,AE,AE,AE,AE,AE,AE,AE,AE,AE,AE,AE,AE,AE,AE,AE,AE,AE,AE,AE,AE,AE,AE,AE,AE,AE,AE,AE
PSY 501,AE,AE,AE,AE,AE,AE,AE,AE,AE,AE,AE,AE,AE,AE,AE,AE,AE,AE,AE,AE,AE,AE,AE,AE,AE,AE,AE,AE,AE,AE,AE,AE,AE,AE,AE,AE,AE,AE,AE,AE,AE,AE,AE,AE,AE,AE,AE,AE,AE,AE,AE,AE,AE,AE,AE,AE,AE,AE,AE,AE,AE,AE,AE,AE,AE,AE,AE,AE,AE,AE,AE,AE,AE,AE,AE,AE,AE,AE,AE,AE,AE,AE
PSY 502,AE,AE,AE,AE,AE,AE,AE,AE,AE,AE,AE,AE,AE,AE,AE,AE,AE,AE,AE,AE,AE,AE,AE,AE,AE,AE,AE,AE,AE,AE,AE,AE,AE,AE,AE,AE,AE,AE,AE,AE,AE,AE,AE,AE,AE,AE,AE,AE,AE,AE,AE,AE,AE,AE,AE,AE,AE,AE,AE,AE,AE,AE,AE,AE,AE,AE,AE,AE,AE,AE,AE,AE,AE,AE,AE,AE,AE,AE,AE,AE,AE,AE
PSY 503,AE,AE,AE,AE,AE,AE,AE,AE,AE,AE,AE,AE,AE,AE,AE,AE,AE,AE,AE,AE,AE,AE,AE,AE,AE,AE,AE,AE,AE,AE,AE,AE,AE,AE,AE,AE,AE,AE,AE,AE,AE,AE,AE,AE,AE,AE,AE,AE,AE,AE,AE,AE,AE,AE,AE,AE,AE,AE,AE,AE,AE,AE,AE,AE,AE,AE,AE,AE,AE,AE,AE,AE,AE,AE,AE,AE,AE,AE,AE,AE,AE,AE
PSY 505,AE,AE,AE,AE,AE,AE,AE,AE,AE,AE,AE,AE,AE,AE,AE,AE,AE,AE,AE,AE,AE,AE,AE,AE,AE,AE,AE,AE,AE,AE,AE,AE,AE,AE,AE,AE,AE,AE,AE,AE,AE,AE,AE,AE,AE,AE,AE,AE,AE,AE,AE,AE,AE,AE,AE,AE,AE,AE,AE,AE,AE,AE,AE,,,,,,,,,,,,,,,,,,,
PSY 507,AE,AE,AE,AE,AE,AE,AE,AE,AE,AE,AE,AE,AE,AE,AE,AE,AE,AE,AE,AE,AE,AE,AE,AE,AE,AE,AE,AE,AE,AE,AE,AE,AE,AE,AE,AE,AE,AE,AE,AE,AE,AE,AE,AE,AE,AE,AE,AE,AE,AE,AE,AE,AE,AE,AE,AE,AE,AE,AE,AE,AE,AE,AE,AE,AE,AE,AE,AE,AE,AE,AE,AE,AE,AE,AE,AE,AE,AE,AE,AE,AE,AE
PSY 510,AE,AE,AE,AE,AE,AE,AE,AE,AE,AE,AE,AE,AE,AE,AE,AE,AE,AE,AE,AE,AE,AE,AE,AE,AE,AE,AE,AE,AE,AE,AE,AE,AE,AE,AE,AE,AE,AE,AE,AE,AE,AE,AE,AE,AE,AE,AE,AE,AE,AE,AE,AE,AE,AE,AE,AE,AE,AE,AE,AE,AE,AE,AE,AE,AE,AE,AE,AE,AE,AE,AE,AE,,,,,,,,,,
PSY 511,AE,AE,AE,AE,AE,AE,AE,AE,AE,AE,AE,AE,AE,AE,AE,AE,AE,AE,AE,AE,AE,AE,AE,AE,AE,AE,AE,AE,AE,AE,AE,AE,AE,AE,AE,AE,AE,AE,AE,AE,AE,AE,AE,AE,AE,AE,AE,AE,AE,AE,AE,AE,AE,AE,AE,AE,AE,AE,AE,AE,AE,AE,AE,AE,AE,AE,AE,AE,AE,AE,AE,AE,AE,AE,AE,AE,AE,AE,AE,AE,AE,AE
PSY 512,AE,AE,AE,AE,AE,AE,AE,AE,AE,AE,AE,AE,AE,AE,AE,AE,AE,AE,AE,AE,AE,AE,AE,AE,AE,AE,AE,AE,AE,AE,AE,AE,AE,AE,AE,AE,AE,AE,AE,AE,AE,AE,AE,AE,AE,AE,AE,AE,AE,AE,AE,AE,AE,AE,AE,AE,AE,AE,AE,AE,AE,AE,AE,AE,AE,AE,AE,AE,AE,AE,AE,AE,AE,AE,AE,AE,AE,AE,AE,AE,AE,AE
PSY 514,AE,AE,AE,AE,AE,AE,AE,AE,AE,AE,AE,AE,AE,AE,AE,AE,AE,AE,AE,AE,AE,AE,AE,AE,AE,AE,AE,AE,AE,AE,AE,AE,AE,AE,AE,AE,AE,AE,AE,AE,AE,AE,AE,AE,AE,AE,AE,AE,AE,AE,AE,AE,AE,AE,AE,AE,AE,AE,AE,AE,AE,AE,AE,AE,AE,AE,AE,AE,AE,AE,AE,AE,AE,AE,AE,AE,AE,AE,AE,AE,AE,AE
PSY 515,AE,AE,AE,AE,AE,AE,AE,AE,AE,AE,AE,AE,AE,AE,AE,AE,AE,AE,AE,AE,AE,AE,AE,AE,AE,AE,AE,AE,AE,AE,AE,AE,AE,AE,AE,AE,AE,AE,AE,AE,AE,AE,AE,AE,AE,AE,AE,AE,AE,AE,AE,AE,AE,AE,AE,AE,AE,AE,AE,AE,AE,AE,AE,AE,AE,AE,AE,AE,AE,AE,AE,AE,AE,AE,AE,AE,AE,AE,AE,AE,AE,AE
PSY 516,AE,AE,AE,AE,AE,AE,AE,AE,AE,AE,AE,AE,AE,AE,AE,AE,AE,AE,AE,AE,AE,AE,AE,AE,AE,AE,AE,AE,AE,AE,AE,AE,AE,AE,AE,AE,AE,AE,AE,AE,AE,AE,AE,AE,AE,AE,AE,AE,AE,AE,AE,AE,AE,AE,AE,AE,AE,AE,AE,AE,AE,AE,AE,AE,AE,AE,AE,AE,AE,AE,AE,AE,AE,AE,AE,AE,AE,AE,AE,AE,AE,AE
PSY 518,AE,AE,AE,AE,AE,AE,AE,AE,AE,AE,AE,AE,AE,AE,AE,AE,AE,AE,AE,AE,AE,AE,AE,AE,AE,AE,AE,AE,AE,AE,AE,AE,AE,AE,AE,AE,AE,AE,AE,AE,AE,AE,AE,AE,AE,AE,AE,AE,AE,AE,AE,AE,AE,AE,AE,AE,AE,AE,AE,AE,AE,AE,AE,AE,AE,AE,AE,AE,AE,AE,AE,AE,AE,AE,AE,AE,AE,AE,AE,AE,AE,AE
PSY 521,AE,AE,AE,AE,AE,AE,AE,AE,AE,AE,AE,AE,AE,AE,AE,AE,AE,AE,AE,AE,AE,AE,AE,AE,AE,AE,AE,AE,AE,AE,AE,AE,AE,AE,AE,AE,AE,AE,AE,AE,AE,AE,AE,AE,AE,AE,AE,AE,AE,AE,AE,AE,AE,AE,AE,AE,AE,AE,AE,AE,AE,AE,AE,AE,AE,AE,AE,AE,AE,AE,AE,AE,AE,AE,AE,AE,AE,AE,AE,AE,AE,AE
PSY 522,AE,AE,AE,AE,AE,AE,AE,AE,AE,AE,AE,AE,AE,AE,AE,AE,AE,AE,AE,AE,AE,AE,AE,AE,AE,AE,AE,AE,AE,AE,AE,AE,AE,AE,AE,AE,AE,AE,AE,AE,AE,AE,AE,AE,AE,AE,AE,AE,AE,AE,AE,AE,AE,AE,AE,AE,AE,AE,AE,AE,AE,AE,AE,AE,AE,AE,AE,AE,AE,AE,AE,AE,AE,AE,AE,AE,AE,AE,AE,AE,AE,AE
PSY 524,AE,AE,AE,AE,AE,AE,AE,AE,AE,AE,AE,AE,AE,AE,AE,AE,AE,AE,AE,AE,AE,AE,AE,AE,AE,AE,AE,AE,AE,AE,AE,AE,AE,AE,AE,AE,AE,AE,AE,AE,AE,AE,AE,AE,AE,AE,AE,AE,AE,AE,AE,AE,AE,AE,AE,AE,AE,AE,AE,AE,AE,AE,AE,AE,AE,AE,AE,AE,AE,AE,AE,AE,AE,AE,AE,AE,AE,AE,AE,AE,AE,AE
PSY 540,AE,AE,AE,AE,AE,AE,AE,AE,AE,AE,AE,AE,AE,AE,AE,AE,AE,AE,AE,AE,AE,AE,AE,AE,AE,AE,AE,AE,AE,AE,AE,AE,AE,AE,AE,AE,AE,AE,AE,AE,AE,AE,AE,AE,AE,AE,AE,AE,AE,AE,AE,AE,AE,AE,AE,AE,AE,AE,AE,AE,AE,AE,AE,AE,AE,AE,AE,AE,AE,AE,AE,AE,AE,AE,AE,AE,AE,AE,AE,AE,AE,AE
PSY 542,AE,AE,AE,AE,AE,AE,AE,AE,AE,AE,AE,AE,AE,AE,AE,AE,AE,AE,AE,AE,AE,AE,AE,AE,AE,AE,AE,AE,AE,AE,AE,AE,AE,AE,AE,AE,AE,AE,AE,AE,AE,AE,AE,AE,AE,AE,AE,AE,AE,AE,AE,AE,AE,AE,AE,AE,AE,AE,AE,AE,AE,AE,AE,AE,AE,AE,,,,,,,,,,,,,,,,
PSY 543,AE,AE,AE,AE,AE,AE,AE,AE,AE,AE,AE,AE,AE,AE,AE,AE,AE,AE,AE,AE,AE,AE,AE,AE,AE,AE,AE,AE,AE,AE,AE,AE,AE,AE,AE,AE,AE,AE,AE,AE,AE,AE,AE,AE,AE,AE,AE,AE,AE,AE,AE,AE,AE,AE,AE,AE,AE,AE,AE,AE,AE,AE,AE,AE,AE,AE,AE,AE,AE,AE,AE,AE,AE,AE,AE,AE,AE,AE,AE,AE,AE,AE
PSY 544,AE,AE,AE,AE,AE,AE,AE,AE,AE,AE,AE,AE,AE,AE,AE,AE,AE,AE,AE,AE,AE,AE,AE,AE,AE,AE,AE,AE,AE,AE,AE,AE,AE,AE,AE,AE,AE,AE,AE,AE,AE,AE,AE,AE,AE,AE,AE,AE,AE,AE,AE,AE,AE,AE,AE,AE,AE,AE,AE,AE,AE,AE,AE,AE,AE,AE,AE,AE,AE,AE,AE,AE,AE,AE,AE,AE,AE,AE,AE,AE,AE,AE
PSY 545,AE,AE,AE,AE,AE,AE,AE,AE,AE,AE,AE,AE,AE,AE,AE,AE,AE,AE,AE,AE,AE,AE,AE,AE,AE,AE,AE,AE,AE,AE,AE,AE,AE,AE,AE,AE,AE,AE,AE,AE,AE,AE,AE,AE,AE,AE,AE,AE,AE,AE,AE,AE,AE,AE,AE,AE,AE,AE,AE,AE,AE,AE,AE,AE,AE,AE,AE,AE,AE,AE,AE,AE,AE,AE,AE,AE,AE,AE,AE,AE,AE,AE
PSY 552,AE,AE,AE,AE,AE,AE,AE,AE,AE,AE,AE,AE,AE,AE,AE,AE,AE,AE,AE,AE,AE,AE,AE,AE,AE,AE,AE,AE,AE,AE,AE,AE,AE,AE,AE,AE,AE,AE,AE,AE,AE,AE,AE,AE,AE,AE,AE,AE,AE,AE,AE,AE,AE,AE,AE,AE,AE,AE,AE,AE,AE,AE,AE,AE,AE,AE,AE,AE,AE,AE,AE,AE,AE,AE,AE,AE,AE,AE,AE,AE,AE,AE
PSY 567,AE,AE,AE,AE,AE,AE,AE,AE,AE,AE,AE,AE,AE,AE,AE,AE,AE,AE,AE,AE,AE,AE,AE,AE,AE,AE,AE,AE,AE,AE,AE,AE,AE,AE,AE,AE,AE,AE,AE,AE,AE,AE,AE,AE,AE,AE,AE,AE,AE,AE,AE,AE,AE,AE,AE,AE,AE,AE,AE,AE,AE,AE,AE,AE,AE,AE,AE,AE,AE,AE,AE,AE,AE,AE,AE,AE,AE,AE,AE,AE,AE,AE
PSY 569,AE,AE,AE,AE,AE,AE,AE,AE,AE,AE,AE,AE,AE,AE,AE,AE,AE,AE,AE,AE,AE,AE,AE,AE,AE,AE,AE,AE,AE,AE,AE,AE,AE,AE,AE,AE,AE,AE,AE,AE,AE,AE,AE,AE,AE,AE,AE,AE,AE,AE,AE,AE,AE,AE,AE,AE,AE,AE,AE,AE,AE,AE,AE,AE,AE,AE,AE,AE,AE,AE,AE,AE,AE,AE,AE,AE,AE,AE,AE,AE,AE,AE
PSY 580,AE,AE,AE,AE,AE,AE,AE,AE,AE,AE,AE,AE,AE,AE,AE,AE,AE,AE,AE,AE,AE,AE,AE,AE,AE,AE,AE,AE,AE,AE,AE,AE,AE,AE,AE,AE,AE,AE,AE,AE,AE,AE,AE,AE,AE,AE,AE,AE,AE,AE,AE,AE,AE,AE,AE,AE,AE,AE,AE,AE,AE,AE,AE,AE,AE,AE,AE,,,,,,,,,,,,,,,
PSY 581,AE,AE,AE,AE,AE,AE,AE,AE,AE,AE,AE,AE,AE,AE,AE,AE,AE,AE,AE,AE,AE,AE,AE,AE,AE,AE,AE,AE,AE,AE,AE,AE,AE,AE,AE,AE,AE,AE,AE,AE,AE,AE,AE,AE,AE,AE,AE,AE,AE,AE,AE,AE,AE,AE,AE,AE,AE,AE,AE,AE,AE,AE,AE,AE,AE,AE,AE,AE,AE,AE,AE,AE,AE,AE,AE,AE,AE,AE,AE,AE,AE,AE
PSY 590,AE,AE,AE,AE,AE,AE,AE,AE,AE,AE,AE,AE,AE,AE,AE,AE,AE,AE,AE,AE,AE,AE,AE,AE,AE,AE,AE,AE,AE,AE,AE,AE,AE,AE,AE,AE,AE,AE,AE,AE,AE,AE,AE,AE,AE,AE,AE,AE,AE,AE,AE,AE,AE,AE,AE,AE,AE,AE,AE,AE,AE,AE,AE,AE,AE,AE,AE,AE,AE,AE,AE,AE,AE,AE,AE,AE,AE,AE,AE,AE,AE,AE
PSY 595,AE,AE,AE,AE,AE,AE,AE,AE,AE,AE,AE,AE,AE,AE,AE,AE,AE,AE,AE,AE,AE,AE,AE,AE,AE,AE,AE,AE,AE,AE,AE,AE,AE,AE,AE,AE,AE,AE,AE,AE,AE,AE,AE,AE,AE,AE,AE,AE,AE,AE,AE,AE,AE,AE,AE,AE,AE,AE,AE,AE,AE,AE,AE,AE,AE,AE,AE,AE,AE,AE,AE,AE,AE,AE,AE,AE,AE,AE,AE,AE,AE,AE
PSY 599,AE,AE,AE,AE,AE,AE,AE,AE,AE,AE,AE,AE,AE,AE,AE,AE,AE,AE,AE,AE,AE,AE,AE,AE,AE,AE,AE,AE,AE,AE,AE,AE,AE,AE,AE,AE,AE,AE,AE,AE,AE,AE,AE,AE,AE,AE,AE,AE,AE,AE,AE,AE,AE,AE,AE,AE,AE,AE,AE,AE,AE,AE,AE,AE,AE,AE,AE,AE,AE,AE,AE,AE,AE,AE,AE,AE,AE,AE,AE,AE,AE,AE
PSY 620,AE,AE,AE,AE,AE,AE,AE,AE,AE,AE,AE,AE,AE,AE,AE,AE,AE,AE,AE,AE,AE,AE,AE,AE,AE,AE,AE,AE,AE,AE,AE,AE,AE,AE,AE,AE,AE,AE,AE,AE,AE,AE,AE,AE,AE,AE,AE,AE,AE,AE,AE,AE,AE,AE,AE,AE,AE,AE,AE,AE,AE,AE,AE,AE,AE,AE,AE,AE,AE,AE,AE,AE,AE,AE,AE,AE,AE,AE,AE,AE,AE,
PSY 690,AE,AE,AE,AE,AE,AE,AE,AE,AE,AE,AE,AE,AE,AE,AE,AE,AE,AE,AE,AE,AE,AE,AE,AE,AE,AE,AE,AE,AE,AE,AE,AE,AE,AE,AE,AE,AE,AE,AE,AE,AE,AE,AE,AE,AE,AE,AE,AE,AE,AE,AE,AE,AE,AE,AE,AE,AE,AE,AE,AE,AE,AE,AE,AE,AE,AE,AE,AE,AE,AE,AE,AE,AE,AE,AE,AE,AE,AE,AE,AE,AE,AE
PUBL 500,AE,AE,AE,AE,AE,AE,AE,AE,AE,AE,AE,AE,AE,AE,AE,AE,AE,AE,AE,AE,AE,AE,AE,AE,AE,AE,AE,AE,AE,AE,AE,AE,AE,AE,AE,AE,AE,AE,AE,AE,AE,AE,AE,AE,AE,AE,AE,AE,AE,AE,AE,AE,AE,AE,AE,AE,AE,AE,AE,AE,AE,AE,AE,AE,AE,AE,AE,AE,AE,AE,AE,AE,AE,AE,,,,,,,,
PUBL 501,AE,AE,AE,AE,AE,AE,AE,AE,AE,AE,AE,AE,AE,AE,AE,AE,AE,AE,AE,AE,AE,AE,AE,AE,AE,AE,AE,AE,AE,AE,AE,AE,AE,AE,AE,AE,AE,AE,AE,AE,AE,AE,AE,AE,AE,AE,AE,AE,AE,AE,AE,AE,AE,AE,AE,AE,AE,AE,AE,AE,AE,AE,AE,AE,AE,AE,AE,AE,AE,AE,AE,AE,AE,AE,,,,,,,,
PUBL 503,AE,AE,AE,AE,AE,AE,AE,AE,AE,AE,AE,AE,AE,AE,AE,AE,AE,AE,AE,AE,AE,AE,AE,AE,AE,AE,AE,AE,AE,AE,AE,AE,AE,AE,AE,AE,AE,AE,AE,AE,AE,AE,AE,AE,AE,AE,AE,AE,AE,AE,AE,AE,AE,AE,AE,AE,AE,AE,AE,AE,AE,AE,AE,AE,AE,AE,AE,AE,AE,AE,AE,AE,AE,AE,,,,,,,,
PUBL 504,AE,AE,AE,AE,AE,AE,AE,AE,AE,AE,AE,AE,AE,AE,AE,AE,AE,AE,AE,AE,AE,AE,AE,AE,AE,AE,AE,AE,AE,AE,AE,AE,AE,AE,AE,AE,AE,AE,AE,AE,AE,AE,AE,AE,AE,AE,AE,AE,AE,AE,AE,AE,AE,AE,AE,AE,AE,AE,AE,AE,AE,AE,AE,AE,AE,AE,AE,AE,AE,AE,AE,AE,AE,AE,,,,,,,,
PUBL 550,AE,AE,AE,AE,AE,AE,AE,AE,AE,AE,AE,AE,AE,AE,AE,AE,AE,AE,AE,AE,AE,AE,AE,AE,AE,AE,AE,AE,AE,AE,AE,AE,AE,AE,AE,AE,AE,AE,AE,AE,AE,AE,AE,AE,AE,AE,AE,AE,AE,AE,AE,AE,AE,AE,AE,AE,AE,AE,AE,AE,AE,AE,AE,AE,AE,AE,AE,AE,AE,AE,AE,AE,AE,AE,,,,,,,,
PUBL 599,AE,AE,AE,AE,AE,AE,AE,AE,AE,AE,AE,AE,AE,AE,AE,AE,AE,AE,AE,AE,AE,AE,AE,AE,AE,AE,AE,AE,AE,AE,AE,AE,AE,AE,AE,AE,AE,AE,AE,AE,AE,AE,AE,AE,AE,AE,AE,AE,AE,AE,AE,AE,AE,AE,AE,AE,AE,AE,AE,AE,AE,AE,AE,AE,AE,AE,AE,AE,AE,AE,AE,AE,AE,AE,,,,,,,,
SEC 530,AE,AE,AE,AE,AE,AE,AE,AE,AE,AE,AE,AE,AE,AE,AE,AE,AE,AE,AE,AE,AE,AE,AE,AE,AE,AE,AE,AE,AE,AE,AE,AE,AE,AE,AE,AE,AE,AE,AE,AE,AE,AE,AE,AE,AE,AE,AE,AE,AE,AE,AE,AE,AE,AE,AE,AE,AE,AE,AE,AE,AE,AE,AE,AE,AE,AE,AE,AE,AE,AE,AE,AE,AE,AE,AE,AE,AE,AE,AE,AE,AE,AE
SEC 531,AE,AE,AE,AE,AE,AE,AE,AE,AE,AE,AE,AE,AE,AE,AE,AE,AE,AE,AE,AE,AE,AE,AE,AE,AE,AE,AE,AE,AE,AE,AE,AE,AE,AE,AE,AE,AE,AE,AE,AE,AE,AE,AE,AE,AE,AE,AE,AE,AE,AE,AE,AE,AE,AE,AE,AE,AE,AE,AE,AE,AE,AE,AE,AE,AE,AE,AE,AE,AE,AE,,,,,,,,,,,,
SEC 532,AE,AE,AE,AE,AE,AE,AE,AE,AE,AE,AE,AE,AE,AE,AE,AE,AE,AE,AE,AE,AE,AE,AE,AE,AE,AE,AE,AE,AE,AE,AE,AE,AE,AE,AE,AE,AE,AE,AE,AE,AE,AE,AE,AE,AE,AE,AE,AE,AE,AE,AE,AE,AE,AE,AE,AE,AE,AE,AE,AE,AE,AE,AE,AE,AE,AE,AE,AE,AE,AE,AE,AE,AE,AE,AE,AE,AE,AE,AE,AE,AE,AE
SEC 533,AE,AE,AE,AE,AE,AE,AE,AE,AE,AE,AE,AE,AE,AE,AE,AE,AE,AE,AE,AE,AE,AE,AE,AE,AE,AE,AE,AE,AE,AE,AE,AE,AE,AE,AE,AE,AE,AE,AE,AE,AE,AE,AE,AE,AE,AE,AE,AE,AE,AE,AE,AE,AE,AE,AE,AE,AE,AE,AE,AE,AE,AE,AE,AE,AE,AE,AE,AE,AE,AE,,,,,,,,,,,,
SEC 534,AE,AE,AE,AE,AE,AE,AE,AE,AE,AE,AE,AE,AE,AE,AE,AE,AE,AE,AE,AE,AE,AE,AE,AE,AE,AE,AE,AE,AE,AE,AE,AE,AE,AE,AE,AE,AE,AE,AE,AE,AE,AE,AE,AE,AE,AE,AE,AE,AE,AE,AE,AE,AE,AE,AE,AE,AE,AE,AE,AE,AE,AE,AE,AE,AE,AE,AE,AE,AE,AE,AE,AE,AE,AE,AE,AE,AE,AE,AE,AE,AE,AE
SEC 535,AE,AE,AE,AE,AE,AE,AE,AE,AE,AE,AE,AE,AE,AE,AE,AE,AE,AE,AE,AE,AE,AE,AE,AE,AE,AE,AE,AE,AE,AE,AE,AE,AE,AE,AE,AE,AE,AE,AE,AE,AE,AE,AE,AE,AE,AE,AE,AE,AE,AE,AE,AE,AE,AE,AE,AE,AE,AE,AE,AE,AE,AE,AE,AE,AE,AE,AE,AE,AE,AE,,,,,,,,,,,,
SEC 537,AE,AE,AE,AE,AE,AE,AE,AE,AE,AE,AE,AE,AE,AE,AE,AE,AE,AE,AE,AE,AE,AE,AE,AE,AE,AE,AE,AE,AE,AE,AE,AE,AE,AE,AE,AE,AE,AE,AE,AE,AE,AE,AE,AE,AE,AE,AE,AE,AE,AE,AE,AE,AE,AE,AE,AE,AE,AE,AE,AE,AE,AE,AE,AE,AE,AE,AE,AE,AE,AE,AE,AE,AE,AE,AE,AE,AE,AE,AE,AE,AE,AE
SEC 540,AE,AE,AE,AE,AE,AE,AE,AE,AE,AE,AE,AE,AE,AE,AE,AE,AE,AE,AE,AE,AE,AE,AE,AE,AE,AE,AE,AE,AE,AE,AE,AE,AE,AE,AE,AE,AE,AE,AE,AE,AE,AE,AE,AE,AE,AE,AE,AE,AE,AE,AE,AE,AE,AE,AE,AE,AE,AE,AE,AE,AE,AE,AE,AE,AE,AE,AE,AE,AE,AE,AE,AE,AE,AE,AE,AE,AE,AE,AE,AE,AE,AE
SEC 58006,AE,AE,AE,AE,AE,AE,AE,AE,AE,AE,AE,AE,AE,AE,AE,AE,AE,AE,AE,AE,AE,AE,AE,AE,AE,AE,AE,AE,AE,AE,AE,AE,AE,AE,AE,AE,AE,AE,AE,AE,AE,AE,AE,AE,AE,AE,AE,AE,AE,AE,AE,AE,AE,AE,AE,AE,AE,AE,AE,AE,AE,AE,AE,AE,AE,AE,AE,AE,AE,AE,AE,AE,AE,AE,AE,AE,AE,AE,AE,AE,AE,AE
SEC 592,AE,AE,AE,AE,AE,AE,AE,AE,AE,AE,AE,AE,AE,AE,AE,AE,AE,AE,AE,AE,AE,AE,AE,AE,AE,AE,AE,AE,AE,AE,AE,AE,AE,AE,AE,AE,AE,AE,AE,AE,AE,AE,AE,AE,AE,AE,AE,AE,AE,AE,AE,AE,AE,AE,AE,AE,AE,AE,AE,AE,AE,AE,AE,AE,AE,AE,AE,AE,AE,AE,AE,AE,AE,AE,AE,AE,AE,AE,AE,AE,AE,AE
SOC 501,AE,AE,AE,AE,AE,AE,AE,AE,AE,AE,AE,AE,AE,AE,AE,AE,AE,AE,AE,AE,AE,AE,AE,AE,AE,AE,AE,AE,AE,AE,AE,AE,AE,AE,AE,AE,AE,AE,AE,AE,AE,AE,AE,AE,AE,AE,AE,AE,AE,AE,AE,AE,AE,AE,AE,AE,AE,AE,AE,AE,AE,AE,AE,AE,AE,AE,AE,AE,AE,AE,AE,AE,AE,AE,AE,AE,AE,AE,AE,AE,AE,AE
SOC 502,AE,AE,AE,AE,AE,AE,AE,AE,AE,AE,AE,AE,AE,AE,AE,AE,AE,AE,AE,AE,AE,AE,AE,AE,AE,AE,AE,AE,AE,AE,AE,AE,AE,AE,AE,AE,AE,AE,AE,AE,AE,AE,AE,AE,AE,AE,AE,AE,AE,AE,AE,AE,AE,AE,,,,,,,,,,,,,,,,,,,,,,,,,,,,
SOC 504,AE,AE,AE,AE,AE,AE,AE,AE,AE,AE,AE,AE,AE,AE,AE,AE,AE,AE,AE,AE,AE,AE,AE,AE,AE,AE,AE,AE,AE,AE,AE,AE,AE,,,,,,,,,,,,,,,,,,,,,,,,,,,,,,,,,,,,,,,,,,,,,,,,,
SOC 508,AE,AE,AE,AE,AE,AE,AE,AE,AE,AE,AE,AE,AE,AE,AE,AE,AE,AE,AE,AE,AE,AE,AE,AE,AE,AE,AE,AE,AE,AE,AE,AE,AE,AE,AE,AE,AE,AE,AE,AE,AE,AE,AE,AE,AE,AE,AE,AE,AE,AE,AE,AE,AE,AE,AE,AE,AE,AE,AE,AE,AE,AE,AE,AE,AE,AE,AE,AE,AE,AE,AE,AE,AE,AE,AE,AE,AE,AE,AE,AE,AE,AE
SOC 513,AE,AE,AE,AE,AE,AE,AE,AE,AE,AE,AE,AE,AE,AE,AE,AE,AE,AE,AE,AE,AE,AE,AE,AE,AE,AE,AE,AE,AE,AE,AE,AE,AE,AE,AE,AE,AE,AE,AE,AE,AE,AE,AE,AE,AE,AE,AE,AE,AE,AE,AE,AE,AE,AE,AE,AE,AE,AE,AE,AE,AE,AE,AE,AE,,,,,,,,,,,,,,,,,,
SOC 518,AE,AE,AE,AE,AE,AE,AE,AE,AE,AE,AE,AE,AE,AE,AE,AE,AE,AE,AE,AE,AE,AE,AE,AE,AE,AE,AE,AE,AE,AE,AE,AE,AE,,,,,,,,,,,,,,,,,,,,,,,,,,,,,,,,,,,,,,,,,,,,,,,,,
SOC 520,AE,AE,AE,AE,AE,AE,AE,AE,AE,AE,AE,AE,AE,AE,AE,AE,AE,AE,AE,AE,AE,AE,AE,AE,AE,AE,AE,AE,AE,AE,AE,AE,AE,AE,AE,AE,AE,AE,AE,AE,AE,AE,AE,AE,AE,AE,AE,AE,AE,AE,AE,AE,AE,AE,AE,AE,AE,AE,AE,AE,AE,AE,AE,AE,AE,AE,AE,AE,AE,AE,AE,AE,AE,AE,AE,AE,AE,AE,AE,AE,AE,AE
SOC 521,AE,AE,AE,AE,AE,AE,AE,AE,AE,AE,AE,AE,AE,AE,AE,AE,AE,AE,AE,AE,AE,AE,AE,AE,AE,AE,AE,AE,AE,AE,AE,AE,AE,AE,AE,AE,AE,AE,AE,AE,AE,AE,AE,AE,AE,AE,AE,AE,AE,AE,AE,AE,AE,AE,AE,AE,AE,,,,,,,,,,,,,,,,,,,,,,,,,
SOC 525,AE,AE,AE,AE,AE,AE,AE,AE,AE,AE,AE,AE,AE,AE,AE,AE,AE,AE,AE,AE,AE,AE,AE,AE,AE,AE,AE,AE,AE,AE,AE,AE,AE,AE,AE,AE,AE,AE,AE,AE,AE,AE,AE,AE,AE,AE,AE,AE,AE,AE,AE,AE,AE,AE,AE,AE,AE,AE,AE,AE,AE,AE,AE,AE,AE,AE,AE,AE,AE,AE,AE,AE,AE,AE,AE,AE,AE,AE,AE,AE,AE,AE
SOC 526,AE,AE,AE,AE,AE,AE,AE,AE,AE,AE,AE,AE,AE,AE,AE,AE,AE,AE,AE,AE,AE,AE,AE,AE,AE,AE,AE,AE,AE,AE,AE,AE,AE,AE,AE,AE,AE,AE,AE,AE,AE,AE,AE,AE,AE,AE,AE,AE,AE,AE,AE,AE,AE,AE,AE,AE,AE,AE,AE,AE,AE,AE,AE,AE,AE,AE,AE,AE,AE,AE,AE,AE,AE,AE,AE,,,,,,,
SOC 532,AE,AE,AE,AE,AE,AE,AE,AE,AE,AE,AE,AE,AE,AE,AE,AE,AE,AE,AE,AE,AE,AE,AE,AE,AE,AE,AE,AE,AE,AE,AE,AE,AE,AE,AE,AE,AE,AE,AE,AE,AE,AE,AE,AE,AE,AE,AE,AE,AE,AE,AE,AE,AE,AE,AE,AE,AE,AE,AE,AE,AE,AE,AE,AE,AE,AE,AE,AE,AE,AE,AE,AE,AE,AE,AE,AE,AE,AE,AE,AE,AE,AE
SPS 500,AE,AE,AE,AE,AE,AE,AE,AE,AE,AE,AE,AE,AE,AE,AE,AE,AE,AE,AE,AE,AE,AE,AE,AE,AE,AE,AE,AE,AE,AE,AE,AE,AE,AE,AE,AE,AE,AE,AE,AE,AE,AE,AE,AE,AE,AE,AE,AE,AE,AE,AE,AE,AE,AE,AE,AE,AE,AE,AE,AE,AE,AE,AE,AE,AE,AE,AE,AE,AE,AE,AE,AE,AE,AE,AE,AE,AE,AE,AE,AE,AE,AE
SPS 501,AE,AE,AE,AE,AE,AE,AE,AE,AE,AE,AE,AE,AE,AE,AE,AE,AE,AE,AE,AE,AE,AE,AE,AE,AE,AE,AE,AE,AE,AE,AE,AE,AE,AE,AE,AE,AE,AE,AE,AE,AE,AE,AE,AE,AE,AE,AE,AE,AE,AE,AE,AE,AE,AE,AE,AE,AE,AE,AE,AE,AE,AE,AE,AE,AE,AE,AE,AE,AE,AE,AE,AE,AE,AE,AE,AE,AE,AE,AE,AE,AE,AE
SPS 502,AE,AE,AE,AE,AE,AE,AE,AE,AE,AE,AE,AE,AE,AE,AE,AE,AE,AE,AE,AE,AE,AE,AE,AE,AE,AE,AE,AE,AE,AE,AE,AE,AE,AE,AE,AE,AE,AE,AE,AE,AE,AE,AE,AE,AE,AE,AE,AE,AE,AE,AE,AE,AE,AE,AE,AE,AE,AE,AE,AE,AE,AE,AE,AE,AE,AE,AE,AE,AE,AE,AE,AE,AE,AE,AE,AE,AE,AE,AE,AE,AE,AE
TLL 501,AE,AE,AE,AE,AE,AE,AE,AE,AE,AE,AE,AE,AE,AE,AE,AE,AE,AE,AE,AE,AE,AE,AE,AE,AE,AE,AE,AE,AE,AE,AE,AE,AE,AE,AE,AE,AE,AE,AE,AE,AE,AE,,,,,,,,,,,,,,,,,,,,,,,,,,,,,,,,,,,,,,,,
TLL 502,AE,AE,AE,AE,AE,AE,AE,AE,AE,AE,AE,AE,AE,AE,AE,AE,AE,AE,AE,AE,AE,AE,AE,AE,AE,AE,AE,AE,AE,AE,AE,AE,AE,AE,AE,AE,AE,AE,AE,AE,AE,AE,,,,,,,,,,,,,,,,,,,,,,,,,,,,,,,,,,,,,,,,
TLL 503,AE,AE,AE,AE,AE,AE,AE,AE,AE,AE,AE,AE,AE,AE,AE,AE,AE,AE,AE,AE,AE,AE,AE,AE,AE,AE,AE,AE,AE,AE,AE,AE,AE,AE,AE,AE,AE,AE,AE,AE,AE,AE,,,,,,,,,,,,,,,,,,,,,,,,,,,,,,,,,,,,,,,,
TS 509,AE,AE,AE,AE,AE,AE,AE,AE,AE,AE,AE,AE,AE,AE,AE,AE,AE,AE,AE,AE,AE,AE,AE,AE,AE,AE,AE,AE,AE,AE,AE,AE,AE,AE,AE,AE,AE,AE,AE,AE,AE,AE,AE,AE,AE,AE,AE,AE,AE,AE,AE,AE,AE,AE,AE,AE,AE,AE,AE,AE,AE,AE,AE,AE,AE,AE,AE,AE,AE,AE,AE,AE,AE,AE,AE,AE,AE,AE,AE,AE,AE,AE
TS 515,AE,AE,AE,AE,AE,AE,AE,AE,AE,AE,AE,AE,AE,AE,AE,AE,AE,AE,AE,AE,AE,AE,AE,AE,AE,AE,AE,AE,AE,AE,AE,AE,AE,AE,AE,AE,AE,AE,AE,AE,AE,AE,AE,AE,AE,AE,AE,AE,AE,AE,AE,AE,AE,AE,AE,AE,AE,AE,AE,AE,AE,AE,AE,AE,AE,AE,AE,AE,AE,AE,AE,AE,AE,AE,AE,AE,AE,AE,AE,AE,AE,AE
TS 520,AE,AE,AE,AE,AE,AE,AE,AE,AE,AE,AE,AE,AE,AE,AE,AE,AE,AE,AE,AE,AE,AE,AE,AE,AE,AE,AE,AE,AE,AE,AE,AE,AE,AE,AE,AE,AE,AE,AE,AE,AE,AE,AE,AE,AE,AE,AE,AE,AE,AE,AE,AE,AE,AE,AE,AE,AE,AE,AE,AE,AE,AE,AE,AE,AE,AE,AE,AE,AE,AE,AE,AE,AE,AE,AE,AE,AE,AE,AE,AE,AE,AE
TS 521,AE,AE,AE,AE,AE,AE,AE,AE,AE,AE,AE,AE,AE,AE,AE,AE,AE,AE,AE,AE,AE,AE,AE,AE,AE,AE,AE,AE,AE,AE,AE,AE,AE,AE,AE,AE,AE,AE,AE,AE,AE,AE,AE,AE,AE,AE,AE,AE,AE,AE,AE,AE,AE,AE,AE,AE,AE,AE,AE,AE,AE,AE,AE,AE,AE,AE,AE,AE,AE,AE,AE,AE,AE,AE,AE,AE,AE,AE,AE,AE,AE,AE
TS 550,AE,AE,AE,AE,AE,AE,AE,AE,AE,AE,AE,AE,AE,AE,AE,AE,AE,AE,AE,AE,AE,AE,AE,AE,AE,AE,AE,AE,AE,AE,AE,AE,AE,AE,AE,AE,AE,AE,AE,AE,AE,AE,AE,AE,AE,AE,AE,AE,AE,AE,AE,AE,AE,AE,AE,AE,AE,AE,AE,AE,AE,AE,AE,AE,AE,AE,AE,AE,AE,AE,AE,AE,AE,AE,AE,AE,AE,AE,AE,AE,AE,AE
TS 551,AE,AE,AE,AE,AE,AE,AE,AE,AE,AE,AE,AE,AE,AE,AE,AE,AE,AE,AE,AE,AE,AE,AE,AE,AE,AE,AE,AE,AE,AE,AE,AE,AE,AE,AE,AE,AE,AE,AE,AE,AE,AE,AE,AE,AE,AE,AE,AE,AE,AE,AE,AE,AE,AE,AE,AE,AE,AE,AE,AE,AE,AE,AE,AE,AE,AE,AE,AE,AE,AE,AE,AE,AE,AE,AE,AE,AE,AE,AE,AE,AE,AE
TS 552,AE,AE,AE,AE,AE,AE,AE,AE,AE,AE,AE,AE,AE,AE,AE,AE,AE,AE,AE,AE,AE,AE,AE,AE,AE,AE,AE,AE,AE,AE,AE,AE,AE,AE,AE,AE,AE,AE,AE,AE,AE,AE,AE,AE,AE,AE,AE,AE,AE,AE,AE,AE,AE,AE,AE,AE,AE,AE,AE,AE,AE,AE,AE,AE,AE,AE,AE,AE,AE,AE,AE,AE,AE,AE,AE,AE,AE,AE,AE,AE,AE,AE
TS 555,AE,AE,AE,AE,AE,AE,AE,AE,AE,AE,AE,AE,AE,AE,AE,AE,AE,AE,AE,AE,AE,AE,AE,AE,AE,AE,AE,AE,AE,AE,AE,AE,AE,AE,AE,AE,AE,AE,AE,AE,AE,AE,AE,AE,AE,AE,AE,AE,AE,AE,AE,AE,AE,AE,AE,AE,AE,AE,AE,AE,AE,AE,AE,AE,AE,AE,AE,AE,AE,AE,AE,AE,AE,AE,AE,AE,AE,AE,AE,AE,AE,AE
TS 590,AE,AE,AE,AE,AE,AE,AE,AE,AE,AE,AE,AE,AE,AE,AE,AE,AE,AE,AE,AE,AE,AE,AE,AE,AE,AE,AE,AE,AE,AE,AE,AE,AE,AE,AE,AE,AE,AE,AE,AE,AE,AE,AE,AE,AE,AE,AE,AE,AE,AE,AE,AE,AE,AE,AE,AE,AE,AE,AE,AE,AE,AE,AE,AE,AE,AE,AE,AE,AE,AE,AE,AE,AE,AE,AE,AE,AE,AE,AE,AE,AE,AE
TUR 501,AE,AE,AE,AE,AE,AE,AE,AE,AE,AE,AE,AE,AE,AE,AE,AE,AE,AE,AE,AE,AE,AE,AE,AE,AE,AE,AE,AE,AE,AE,AE,AE,AE,AE,AE,AE,AE,AE,AE,AE,AE,AE,AE,,,,,,,,,,,,,,,,,,,,,,,,,,,,,,,,,,,,,,,
TUR 502,AE,AE,AE,AE,AE,AE,AE,AE,AE,AE,AE,AE,AE,AE,AE,AE,AE,AE,AE,AE,AE,AE,AE,AE,AE,AE,AE,AE,AE,AE,AE,AE,AE,AE,AE,AE,AE,AE,AE,AE,AE,AE,AE,,,,,,,,,,,,,,,,,,,,,,,,,,,,,,,,,,,,,,,
VA 500,AE,AE,AE,AE,AE,AE,AE,AE,AE,AE,AE,AE,AE,AE,AE,AE,AE,AE,AE,AE,AE,AE,AE,AE,AE,AE,AE,AE,AE,AE,AE,AE,AE,AE,AE,AE,AE,AE,AE,AE,AE,AE,AE,AE,AE,AE,AE,AE,AE,AE,AE,AE,AE,AE,AE,AE,AE,,,,,,,,,,,,,,,,,,,,,,,,,
VA 501,AE,AE,AE,AE,AE,AE,AE,AE,AE,AE,AE,AE,AE,AE,AE,AE,AE,AE,AE,AE,AE,AE,AE,AE,AE,AE,AE,AE,AE,AE,AE,AE,AE,AE,AE,AE,AE,AE,AE,AE,AE,AE,AE,AE,AE,AE,AE,AE,AE,AE,AE,AE,AE,AE,AE,AE,AE,AE,AE,AE,AE,AE,AE,AE,AE,AE,AE,AE,AE,AE,AE,AE,AE,AE,AE,AE,AE,AE,AE,AE,AE,AE
VA 502,AE,AE,AE,AE,AE,AE,AE,AE,AE,AE,AE,AE,AE,AE,AE,AE,AE,AE,AE,AE,AE,AE,AE,AE,AE,AE,AE,AE,AE,AE,AE,AE,AE,AE,AE,AE,AE,AE,AE,AE,AE,AE,AE,AE,AE,AE,AE,AE,AE,AE,AE,AE,AE,AE,AE,AE,AE,AE,AE,AE,AE,AE,AE,AE,AE,AE,AE,AE,AE,AE,AE,AE,AE,AE,AE,AE,AE,AE,AE,AE,AE,AE
VA 503,AE,AE,AE,AE,AE,AE,AE,AE,AE,AE,AE,AE,AE,AE,AE,AE,AE,AE,AE,AE,AE,AE,AE,AE,AE,AE,AE,AE,AE,AE,AE,AE,AE,AE,AE,AE,AE,AE,AE,AE,AE,AE,AE,AE,AE,AE,AE,AE,AE,AE,AE,AE,AE,AE,AE,AE,AE,AE,AE,AE,AE,AE,AE,AE,AE,AE,AE,AE,AE,AE,AE,AE,AE,AE,AE,AE,AE,AE,AE,AE,AE,AE
VA 504,AE,AE,AE,AE,AE,AE,AE,AE,AE,AE,AE,AE,AE,AE,AE,AE,AE,AE,AE,AE,AE,AE,AE,AE,AE,AE,AE,AE,AE,AE,AE,AE,AE,AE,AE,AE,AE,AE,AE,AE,AE,AE,AE,AE,AE,AE,AE,AE,AE,AE,AE,AE,AE,AE,AE,AE,AE,AE,AE,AE,AE,AE,AE,AE,AE,AE,AE,AE,AE,AE,AE,AE,AE,AE,AE,AE,AE,AE,AE,AE,AE,AE
VA 505,AE,AE,AE,AE,AE,AE,AE,AE,AE,AE,AE,AE,AE,AE,AE,AE,AE,AE,AE,AE,AE,AE,AE,AE,AE,AE,AE,AE,AE,AE,AE,AE,AE,AE,AE,AE,AE,AE,AE,AE,AE,AE,AE,AE,AE,AE,AE,AE,AE,AE,AE,AE,AE,AE,AE,AE,AE,AE,AE,AE,AE,AE,AE,AE,AE,AE,AE,AE,AE,AE,AE,AE,AE,AE,AE,AE,AE,AE,AE,AE,AE,AE
VA 510,AE,AE,AE,AE,AE,AE,AE,AE,AE,AE,AE,AE,AE,AE,AE,AE,AE,AE,AE,AE,AE,AE,AE,AE,AE,AE,AE,AE,,,,,,,,,,,,,,,,,,,,,,,,,,,,,,,,,,,,,,,,,,,,,,,,,,,,,,
VA 511,AE,AE,AE,AE,AE,AE,AE,AE,AE,AE,AE,AE,AE,AE,AE,AE,AE,AE,AE,AE,AE,AE,AE,AE,AE,AE,AE,AE,,,,,,,,,,,,,,,,,,,,,,,,,,,,,,,,,,,,,,,,,,,,,,,,,,,,,,
VA 512,AE,AE,AE,AE,AE,AE,AE,AE,AE,AE,AE,AE,AE,AE,AE,AE,AE,AE,AE,AE,AE,AE,AE,,,,,,,,,,,,,,,,,,,,,,,,,,,,,,,,,,,,,,,,,,,,,,,,,,,,,,,,,,,
VA 513,AE,AE,AE,AE,AE,AE,AE,AE,AE,AE,AE,AE,AE,AE,AE,AE,AE,AE,AE,AE,AE,AE,AE,,,,,,,,,,,,,,,,,,,,,,,,,,,,,,,,,,,,,,,,,,,,,,,,,,,,,,,,,,,
VA 514,AE,AE,AE,AE,AE,AE,AE,AE,AE,AE,AE,AE,AE,AE,AE,AE,AE,AE,AE,AE,AE,AE,AE,AE,AE,AE,AE,AE,,,,,,,,,,,,,,,,,,,,,,,,,,,,,,,,,,,,,,,,,,,,,,,,,,,,,,
VA 515,AE,AE,AE,AE,AE,AE,AE,AE,AE,AE,AE,AE,AE,AE,AE,AE,AE,AE,AE,AE,AE,AE,AE,AE,AE,AE,AE,AE,AE,AE,AE,AE,AE,AE,AE,AE,AE,AE,AE,AE,AE,AE,AE,AE,AE,AE,AE,AE,AE,AE,AE,AE,AE,AE,AE,AE,AE,AE,AE,AE,AE,AE,AE,AE,AE,AE,AE,AE,AE,AE,AE,AE,AE,AE,AE,AE,AE,AE,AE,AE,AE,AE
VA 516,AE,AE,AE,AE,AE,AE,AE,AE,AE,AE,AE,AE,AE,AE,AE,AE,AE,AE,AE,AE,AE,AE,AE,AE,AE,AE,AE,AE,AE,AE,AE,AE,AE,,,,,,,,,,,,,,,,,,,,,,,,,,,,,,,,,,,,,,,,,,,,,,,,,
VA 520,AE,AE,AE,AE,AE,AE,AE,AE,AE,AE,AE,AE,AE,AE,AE,AE,AE,AE,AE,AE,AE,AE,AE,AE,AE,AE,AE,AE,AE,AE,AE,AE,AE,AE,AE,AE,AE,AE,AE,AE,AE,AE,AE,AE,AE,AE,AE,AE,AE,AE,AE,AE,AE,AE,AE,AE,AE,AE,AE,AE,AE,AE,AE,AE,AE,AE,AE,AE,AE,AE,AE,AE,AE,AE,AE,AE,AE,AE,AE,AE,AE,AE
VA 521,AE,AE,AE,AE,AE,AE,AE,AE,AE,AE,AE,AE,AE,AE,AE,AE,AE,AE,AE,AE,AE,AE,AE,AE,AE,AE,AE,AE,AE,AE,AE,AE,AE,AE,AE,AE,AE,AE,AE,AE,AE,AE,AE,AE,AE,AE,AE,AE,AE,AE,AE,AE,AE,AE,AE,AE,AE,,,,,,,,,,,,,,,,,,,,,,,,,
VA 522,AE,AE,AE,AE,AE,AE,AE,AE,AE,AE,AE,AE,AE,AE,AE,AE,AE,AE,AE,AE,AE,AE,AE,,,,,,,,,,,,,,,,,,,,,,,,,,,,,,,,,,,,,,,,,,,,,,,,,,,,,,,,,,,
VA 523,AE,AE,AE,AE,AE,AE,AE,AE,AE,AE,AE,AE,AE,AE,AE,AE,AE,AE,AE,AE,AE,AE,AE,,,,,,,,,,,,,,,,,,,,,,,,,,,,,,,,,,,,,,,,,,,,,,,,,,,,,,,,,,,
VA 524,AE,AE,AE,AE,AE,AE,AE,AE,AE,AE,AE,AE,AE,AE,AE,AE,AE,AE,AE,AE,AE,AE,AE,AE,AE,AE,AE,AE,AE,AE,AE,AE,AE,AE,AE,AE,AE,AE,AE,AE,AE,AE,AE,AE,AE,AE,AE,AE,AE,AE,AE,AE,AE,AE,AE,AE,AE,,,,,,,,,,,,,,,,,,,,,,,,,
VA 525,AE,AE,AE,AE,AE,AE,AE,AE,AE,AE,AE,AE,AE,AE,AE,AE,AE,AE,AE,AE,AE,AE,AE,,,,,,,,,,,,,,,,,,,,,,,,,,,,,,,,,,,,,,,,,,,,,,,,,,,,,,,,,,,
VA 526,AE,AE,AE,AE,AE,AE,AE,AE,AE,AE,AE,AE,AE,AE,AE,AE,AE,AE,AE,AE,AE,AE,AE,,,,,,,,,,,,,,,,,,,,,,,,,,,,,,,,,,,,,,,,,,,,,,,,,,,,,,,,,,,
VA 527,AE,AE,AE,AE,AE,AE,AE,AE,AE,AE,AE,AE,AE,AE,AE,AE,AE,AE,AE,AE,AE,AE,AE,,,,,,,,,,,,,,,,,,,,,,,,,,,,,,,,,,,,,,,,,,,,,,,,,,,,,,,,,,,
VA 528,AE,AE,AE,AE,AE,AE,AE,AE,AE,AE,AE,AE,AE,AE,AE,AE,AE,AE,AE,AE,AE,AE,AE,,,,,,,,,,,,,,,,,,,,,,,,,,,,,,,,,,,,,,,,,,,,,,,,,,,,,,,,,,,
VA 529,AE,AE,AE,AE,AE,AE,AE,AE,AE,AE,AE,AE,AE,AE,AE,AE,AE,AE,AE,AE,AE,AE,AE,AE,AE,AE,AE,AE,AE,AE,AE,AE,AE,AE,AE,AE,AE,AE,AE,AE,AE,AE,AE,AE,AE,AE,AE,AE,AE,AE,AE,AE,AE,AE,AE,AE,AE,AE,AE,AE,AE,AE,AE,AE,AE,AE,AE,AE,AE,AE,AE,AE,AE,AE,AE,AE,AE,AE,AE,AE,AE,AE
VA 530,AE,AE,AE,AE,AE,AE,AE,AE,AE,AE,AE,AE,AE,AE,AE,AE,AE,AE,AE,AE,AE,AE,AE,AE,AE,AE,AE,AE,AE,AE,AE,AE,AE,AE,AE,AE,AE,AE,AE,AE,AE,AE,AE,AE,AE,AE,AE,AE,AE,AE,AE,AE,AE,AE,AE,AE,AE,AE,AE,AE,AE,AE,AE,AE,AE,AE,AE,AE,AE,AE,AE,AE,AE,AE,AE,AE,AE,AE,AE,AE,AE,AE
VA 531,AE,AE,AE,AE,AE,AE,AE,AE,AE,AE,AE,AE,AE,AE,AE,AE,AE,AE,AE,AE,AE,AE,AE,,,,,,,,,,,,,,,,,,,,,,,,,,,,,,,,,,,,,,,,,,,,,,,,,,,,,,,,,,,
VA 532,AE,AE,AE,AE,AE,AE,AE,AE,AE,AE,AE,AE,AE,AE,AE,AE,AE,AE,AE,AE,AE,AE,AE,,,,,,,,,,,,,,,,,,,,,,,,,,,,,,,,,,,,,,,,,,,,,,,,,,,,,,,,,,,
VA 533,AE,AE,AE,AE,AE,AE,AE,AE,AE,AE,AE,AE,AE,AE,AE,AE,AE,AE,AE,AE,AE,AE,AE,AE,AE,AE,AE,AE,AE,AE,AE,AE,AE,AE,AE,AE,AE,AE,AE,AE,AE,AE,AE,AE,AE,AE,AE,AE,AE,AE,AE,AE,AE,AE,AE,AE,AE,AE,AE,AE,AE,AE,AE,AE,AE,AE,AE,AE,AE,AE,AE,AE,AE,AE,AE,AE,AE,AE,AE,AE,AE,AE
VA 534,AE,AE,AE,AE,AE,AE,AE,AE,AE,AE,AE,AE,AE,AE,AE,AE,AE,AE,AE,AE,AE,AE,AE,AE,AE,AE,AE,AE,AE,AE,AE,AE,AE,AE,AE,AE,AE,AE,AE,AE,AE,AE,AE,AE,AE,AE,AE,AE,AE,AE,AE,AE,AE,AE,AE,AE,AE,AE,AE,AE,AE,AE,AE,AE,AE,AE,AE,AE,AE,AE,AE,AE,AE,AE,AE,AE,AE,AE,AE,AE,AE,AE
VA 535,AE,AE,AE,AE,AE,AE,AE,AE,AE,AE,AE,AE,AE,AE,AE,AE,AE,AE,AE,AE,AE,AE,AE,,,,,,,,,,,,,,,,,,,,,,,,,,,,,,,,,,,,,,,,,,,,,,,,,,,,,,,,,,,
VA 536,AE,AE,AE,AE,AE,AE,AE,AE,AE,AE,AE,AE,AE,AE,AE,AE,AE,AE,AE,AE,AE,AE,AE,,,,,,,,,,,,,,,,,,,,,,,,,,,,,,,,,,,,,,,,,,,,,,,,,,,,,,,,,,,
VA 537,AE,AE,AE,AE,AE,AE,AE,AE,AE,AE,AE,AE,AE,AE,AE,AE,AE,AE,AE,AE,AE,AE,AE,AE,AE,AE,AE,AE,AE,AE,AE,AE,AE,AE,AE,AE,AE,AE,AE,AE,AE,AE,AE,AE,AE,AE,AE,AE,AE,AE,AE,AE,AE,AE,AE,AE,AE,AE,AE,AE,AE,AE,AE,AE,AE,AE,AE,AE,AE,AE,AE,AE,AE,AE,AE,AE,AE,AE,AE,AE,AE,AE
VA 538,AE,AE,AE,AE,AE,AE,AE,AE,AE,AE,AE,AE,AE,AE,AE,AE,AE,AE,AE,AE,AE,AE,AE,AE,AE,AE,AE,AE,AE,AE,AE,AE,AE,AE,AE,AE,AE,AE,AE,AE,AE,AE,AE,AE,AE,AE,AE,AE,AE,AE,AE,AE,AE,AE,AE,AE,AE,AE,AE,AE,AE,AE,AE,AE,AE,AE,AE,AE,AE,AE,AE,AE,AE,AE,AE,AE,AE,AE,AE,AE,AE,AE
VA 539,AE,AE,AE,AE,AE,AE,AE,AE,AE,AE,AE,AE,AE,AE,AE,AE,AE,AE,AE,AE,AE,AE,AE,AE,AE,AE,AE,AE,AE,AE,AE,AE,AE,AE,AE,AE,AE,AE,AE,AE,AE,AE,AE,AE,AE,AE,AE,AE,AE,AE,AE,AE,AE,AE,AE,AE,AE,AE,AE,AE,AE,AE,AE,AE,AE,AE,AE,AE,AE,AE,AE,AE,AE,AE,AE,AE,AE,AE,AE,AE,AE,AE
VA 540,AE,AE,AE,AE,AE,AE,AE,AE,AE,AE,AE,AE,AE,AE,AE,AE,AE,AE,AE,AE,AE,AE,AE,,,,,,,,,,,,,,,,,,,,,,,,,,,,,,,,,,,,,,,,,,,,,,,,,,,,,,,,,,,
VA 541,AE,AE,AE,AE,AE,AE,AE,AE,AE,AE,AE,AE,AE,AE,AE,AE,AE,AE,AE,AE,AE,AE,AE,,,,,,,,,,,,,,,,,,,,,,,,,,,,,,,,,,,,,,,,,,,,,,,,,,,,,,,,,,,
VA 542,AE,AE,AE,AE,AE,AE,AE,AE,AE,AE,AE,AE,AE,AE,AE,AE,AE,AE,AE,AE,AE,AE,AE,AE,AE,AE,AE,AE,AE,AE,AE,AE,AE,AE,AE,AE,AE,AE,AE,AE,AE,AE,AE,AE,AE,AE,AE,AE,AE,AE,AE,AE,AE,AE,AE,AE,AE,AE,,,,,,,,,,,,,,,,,,,,,,,,
VA 544,AE,AE,AE,AE,AE,AE,AE,AE,AE,AE,AE,AE,AE,AE,AE,AE,AE,AE,AE,AE,AE,AE,AE,AE,AE,AE,AE,AE,AE,AE,AE,AE,AE,AE,AE,AE,AE,AE,AE,AE,AE,AE,AE,AE,AE,AE,AE,AE,AE,AE,AE,AE,AE,AE,AE,AE,AE,,,,,,,,,,,,,,,,,,,,,,,,,
VA 545,AE,AE,AE,AE,AE,AE,AE,AE,AE,AE,AE,AE,AE,AE,AE,AE,AE,AE,AE,AE,AE,AE,AE,AE,AE,AE,AE,AE,AE,AE,AE,AE,AE,AE,AE,AE,AE,AE,AE,AE,AE,AE,AE,AE,AE,AE,AE,AE,AE,AE,AE,AE,AE,AE,AE,AE,AE,AE,AE,AE,AE,AE,AE,AE,AE,AE,AE,AE,AE,AE,AE,AE,AE,AE,AE,AE,AE,AE,AE,AE,AE,AE
VA 546,AE,AE,AE,AE,AE,AE,AE,AE,AE,AE,AE,AE,AE,AE,AE,AE,AE,AE,AE,AE,AE,AE,AE,AE,AE,AE,AE,AE,AE,AE,AE,AE,AE,AE,AE,AE,AE,AE,AE,AE,AE,AE,AE,AE,AE,AE,AE,AE,AE,AE,AE,AE,AE,AE,AE,AE,AE,AE,AE,AE,AE,AE,AE,AE,AE,AE,AE,AE,AE,,,,,,,,,,,,,
VA 547,AE,AE,AE,AE,AE,AE,AE,AE,AE,AE,AE,AE,AE,AE,AE,AE,AE,AE,AE,AE,AE,AE,AE,AE,AE,AE,AE,AE,AE,AE,AE,AE,AE,AE,AE,AE,AE,AE,AE,AE,AE,AE,AE,AE,AE,AE,AE,AE,AE,AE,AE,AE,AE,AE,AE,AE,AE,AE,AE,AE,AE,AE,AE,AE,AE,AE,AE,AE,AE,AE,AE,AE,AE,AE,AE,AE,AE,AE,AE,AE,AE,AE
VA 548,AE,AE,AE,AE,AE,AE,AE,AE,AE,AE,AE,AE,AE,AE,AE,AE,AE,AE,AE,AE,AE,AE,AE,AE,AE,AE,AE,AE,AE,AE,AE,AE,AE,AE,AE,AE,AE,AE,AE,AE,AE,AE,AE,AE,AE,AE,AE,AE,AE,AE,AE,AE,AE,AE,AE,AE,AE,AE,AE,AE,AE,AE,AE,AE,AE,AE,AE,AE,AE,AE,AE,AE,AE,AE,AE,AE,AE,AE,AE,AE,AE,AE
VA 549,AE,AE,AE,AE,AE,AE,AE,AE,AE,AE,AE,AE,AE,AE,AE,AE,AE,AE,AE,AE,AE,AE,AE,AE,AE,AE,AE,AE,AE,AE,AE,AE,AE,AE,AE,AE,AE,AE,AE,AE,AE,AE,AE,AE,AE,AE,AE,AE,AE,AE,AE,AE,AE,AE,AE,AE,AE,,,,,,,,,,,,,,,,,,,,,,,,,
VA 550,AE,AE,AE,AE,AE,AE,AE,AE,AE,AE,AE,AE,AE,AE,AE,AE,AE,AE,AE,AE,AE,AE,AE,AE,AE,AE,AE,AE,AE,AE,AE,AE,AE,AE,AE,AE,AE,AE,AE,AE,AE,AE,AE,AE,AE,AE,AE,AE,AE,AE,AE,AE,AE,AE,AE,AE,AE,AE,AE,AE,AE,AE,AE,AE,AE,AE,,,,,,,,,,,,,,,,
VA 551,AE,AE,AE,AE,AE,AE,AE,AE,AE,AE,AE,AE,AE,AE,AE,AE,AE,AE,AE,AE,AE,AE,AE,AE,AE,AE,AE,AE,AE,AE,AE,AE,AE,AE,,,,,,,,,,,,,,,,,,,,,,,,,,,,,,,,,,,,,,,,,,,,,,,,
VA 553,AE,AE,AE,AE,AE,AE,AE,AE,AE,AE,AE,AE,AE,AE,AE,AE,AE,AE,AE,AE,AE,AE,AE,AE,AE,AE,AE,AE,AE,AE,AE,AE,AE,AE,AE,AE,AE,AE,AE,AE,AE,AE,AE,AE,AE,AE,AE,AE,AE,AE,AE,AE,AE,AE,AE,AE,AE,AE,AE,AE,AE,AE,AE,AE,AE,AE,AE,AE,AE,AE,AE,AE,AE,AE,AE,AE,AE,AE,AE,AE,AE,AE
VA 554,AE,AE,AE,AE,AE,AE,AE,AE,AE,AE,AE,AE,AE,AE,AE,AE,AE,AE,AE,AE,AE,AE,AE,AE,AE,AE,AE,AE,AE,AE,AE,AE,AE,AE,AE,AE,AE,AE,AE,AE,AE,AE,AE,AE,AE,AE,AE,AE,AE,AE,AE,AE,AE,AE,AE,AE,AE,AE,AE,AE,AE,AE,AE,AE,AE,AE,AE,AE,AE,AE,AE,AE,AE,AE,AE,AE,AE,AE,AE,AE,AE,AE
VA 555,AE,AE,AE,AE,AE,AE,AE,AE,AE,AE,AE,AE,AE,AE,AE,AE,AE,AE,AE,AE,AE,AE,AE,AE,AE,AE,AE,AE,AE,AE,AE,AE,AE,AE,AE,AE,AE,AE,AE,AE,AE,AE,AE,AE,AE,AE,AE,AE,AE,AE,AE,AE,AE,AE,AE,AE,AE,AE,AE,AE,AE,AE,AE,AE,AE,AE,AE,AE,AE,AE,AE,AE,AE,AE,AE,AE,AE,AE,AE,AE,AE,AE
VA 556,AE,AE,AE,AE,AE,AE,AE,AE,AE,AE,AE,AE,AE,AE,AE,AE,AE,AE,AE,AE,AE,AE,AE,AE,AE,AE,AE,AE,AE,AE,AE,AE,AE,AE,AE,AE,AE,AE,AE,,,,,,,,,,,,,,,,,,,,,,,,,,,,,,,,,,,,,,,,,,,
VA 561,AE,AE,AE,AE,AE,AE,AE,AE,AE,AE,AE,AE,AE,AE,AE,AE,AE,AE,AE,AE,AE,AE,AE,AE,AE,AE,AE,AE,AE,AE,AE,AE,AE,AE,AE,AE,AE,AE,AE,AE,AE,AE,AE,AE,AE,,,,,,,,,,,,,,,,,,,,,,,,,,,,,,,,,,,,,
VA 565,AE,AE,AE,AE,AE,AE,AE,AE,AE,AE,AE,AE,AE,AE,AE,AE,AE,AE,AE,AE,AE,AE,AE,AE,AE,AE,AE,AE,AE,AE,AE,AE,AE,AE,AE,AE,AE,AE,AE,AE,AE,AE,AE,AE,AE,AE,AE,AE,AE,AE,AE,AE,AE,AE,AE,AE,AE,AE,AE,AE,AE,AE,AE,AE,AE,AE,AE,AE,AE,AE,AE,AE,AE,AE,AE,AE,AE,AE,AE,AE,AE,AE
VA 571,AE,AE,AE,AE,AE,AE,AE,AE,AE,AE,AE,AE,AE,AE,AE,AE,AE,AE,AE,AE,AE,AE,AE,AE,AE,AE,AE,AE,AE,AE,AE,AE,AE,AE,AE,AE,AE,AE,AE,AE,AE,AE,AE,AE,AE,AE,AE,AE,AE,AE,AE,AE,AE,AE,AE,AE,AE,AE,,,,,,,,,,,,,,,,,,,,,,,,
VA 580,AE,AE,AE,AE,AE,AE,AE,AE,AE,AE,AE,AE,AE,AE,AE,AE,AE,AE,AE,AE,AE,AE,AE,AE,AE,AE,AE,AE,AE,AE,AE,AE,AE,AE,AE,AE,AE,AE,AE,AE,AE,AE,AE,AE,AE,AE,AE,AE,AE,AE,AE,AE,AE,AE,AE,AE,AE,AE,AE,AE,AE,AE,AE,AE,AE,AE,AE,AE,AE,AE,AE,AE,AE,AE,AE,AE,AE,AE,AE,AE,AE,AE
VA 581,AE,AE,AE,AE,AE,AE,AE,AE,AE,AE,AE,AE,AE,AE,AE,AE,AE,AE,AE,AE,AE,AE,AE,AE,AE,AE,AE,AE,AE,AE,AE,AE,AE,AE,AE,AE,AE,AE,AE,AE,AE,AE,AE,AE,AE,AE,AE,AE,AE,AE,AE,AE,AE,AE,AE,AE,AE,AE,AE,AE,AE,AE,AE,AE,AE,AE,AE,AE,AE,AE,AE,AE,AE,AE,,,,,,,,
VA 582,AE,AE,AE,AE,AE,AE,AE,AE,AE,AE,AE,AE,AE,AE,AE,AE,AE,AE,AE,AE,AE,AE,AE,AE,AE,AE,AE,AE,AE,AE,AE,AE,AE,AE,AE,AE,AE,AE,AE,AE,AE,AE,AE,AE,AE,AE,AE,AE,AE,AE,AE,AE,AE,AE,AE,AE,AE,AE,AE,AE,AE,AE,AE,AE,AE,AE,AE,AE,AE,AE,AE,AE,AE,AE,,,,,,,,
VA 597,AE,AE,AE,AE,AE,AE,AE,AE,AE,AE,AE,AE,AE,AE,AE,AE,AE,AE,AE,AE,AE,AE,AE,AE,AE,AE,AE,AE,AE,AE,AE,AE,AE,AE,AE,AE,AE,AE,AE,AE,AE,AE,AE,AE,AE,AE,AE,AE,AE,AE,AE,AE,AE,AE,AE,AE,AE,AE,AE,AE,AE,AE,AE,AE,AE,AE,AE,AE,AE,AE,AE,AE,AE,AE,AE,AE,AE,AE,AE,AE,AE,AE
VIS 508,AE,AE,AE,AE,AE,AE,AE,AE,AE,AE,AE,AE,AE,AE,AE,AE,AE,AE,AE,AE,AE,AE,AE,AE,AE,AE,AE,AE,AE,AE,AE,AE,AE,AE,AE,AE,AE,AE,AE,AE,AE,AE,AE,AE,AE,AE,AE,AE,AE,AE,AE,AE,AE,AE,AE,AE,AE,AE,AE,AE,AE,AE,AE,AE,AE,AE,AE,AE,AE,AE,AE,AE,AE,AE,,,,,,,,
VIS 510,AE,AE,AE,AE,AE,AE,AE,AE,AE,AE,AE,AE,AE,AE,AE,AE,AE,AE,AE,AE,AE,AE,AE,AE,AE,AE,AE,AE,AE,AE,AE,AE,AE,AE,AE,AE,AE,AE,AE,AE,AE,AE,AE,AE,AE,AE,AE,AE,AE,AE,AE,AE,AE,AE,AE,AE,AE,AE,AE,AE,AE,AE,AE,AE,AE,AE,AE,AE,AE,AE,AE,AE,AE,AE,,,,,,,,
VIS 512,AE,AE,AE,AE,AE,AE,AE,AE,AE,AE,AE,AE,AE,AE,AE,AE,AE,AE,AE,AE,AE,AE,AE,AE,AE,AE,AE,AE,AE,AE,AE,AE,AE,AE,AE,AE,AE,AE,AE,AE,AE,AE,AE,AE,AE,AE,AE,AE,AE,AE,AE,AE,AE,AE,AE,AE,AE,AE,AE,AE,AE,AE,AE,AE,AE,AE,AE,AE,AE,AE,AE,AE,AE,AE,,,,,,,,
XM 590,AE,AE,AE,AE,AE,AE,AE,AE,AE,AE,AE,AE,AE,AE,AE,AE,AE,AE,AE,AE,AE,AE,AE,AE,AE,AE,AE,AE,AE,AE,AE,AE,AE,AE,AE,AE,AE,AE,AE,AE,AE,AE,AE,AE,AE,AE,AE,AE,AE,AE,AE,AE,AE,AE,AE,AE,AE,AE,AE,AE,AE,AE,AE,AE,AE,AE,AE,AE,AE,AE,AE,AE,AE,AE,AE,AE,AE,AE,AE,AE,AE,AE
XM 591,AE,AE,AE,AE,AE,AE,AE,AE,AE,AE,AE,AE,AE,AE,AE,AE,AE,AE,AE,AE,AE,AE,AE,AE,AE,AE,AE,AE,AE,AE,AE,AE,AE,AE,AE,AE,AE,AE,AE,AE,AE,AE,AE,AE,AE,AE,AE,AE,AE,AE,AE,AE,AE,AE,AE,AE,AE,AE,AE,AE,AE,AE,AE,AE,AE,AE,AE,AE,AE,AE,AE,AE,AE,AE,AE,AE,AE,AE,AE,AE,AE,AE
HIST 522,AE,,,,,,,,,,,,,,,,,,,,,,,,,,,,,,,,,,,,,,,,,,,,,,,,,,,,,,,,,,,,,,,,,,,,,,,,,,,,,,,,,
GSM 599,,,,,,,,P,P,P,P,P,,,,,,,,,,,,,,,,,,,,,,,,,,,,,,,,,,,,,,,,,,,,,,,,,,,,,,,,,,,,,,,,,,,,,,
IE 592,,,,,,,,PE,PE,PE,PE,PE,PE,PE,PE,PE,PE,PE,PE,PE,PE,PE,PE,PE,PE,PE,PE,PE,PE,PE,PE,PE,PE,PE,PE,PE,PE,PE,PE,PE,PE,PE,PE,PE,PE,PE,PE,PE,PE,PE,PE,PE,PE,PE,PE,PE,PE,,,,,,,,,,,,,,,,,,,,,,,,,
GSM 608,,,,,,,,,,AE,AE,AE,AE,AE,AE,,,,,,,,,,,,,,,,,,,,,,,,,,,,,,,,,,,,,,,,,,,,,,,,,,,,,,,,,,,,,,,,,,,
MGMT 599,,,,,,,,,,,,,P,P,P,P,P,P,P,P,P,PM,PM,PM,PM,PM,PM,PM,PM,PM,PM,PM,PM,PM,PM,PM,PM,PM,PM,PM,PM,PM,PM,PM,PM,PM,PM,PM,PM,PM,PM,PM,PM,PM,PM,PM,PM,PM,PM,PM,PM,PM,PM,PM,PM,PM,PM,PM,PM,PM,PM,PM,PM,PM,PM,PM,PM,PM,PM,PM,PM,PM
ACC 551,,,,,,,,,,,,,R,R,R,R,R,R,R,R,R,RM,RM,RM,RM,RM,RM,RM,RM,RM,RM,RM,RM,RM,RM,RM,RM,RM,RM,RM,RM,RM,RM,RM,RM,RM,RM,RM,RM,RM,RM,RM,RM,RM,RM,RM,RM,,,,,,,,,,,,,,,,,,,,,,,,,
FIN 552,,,,,,,,,,,,,R,R,R,R,R,R,R,R,R,RM,RM,RM,RM,RM,RM,RM,RM,RM,RM,RM,RM,RM,RM,RM,RM,RM,RM,RM,RM,RM,RM,RM,RM,RM,RM,RM,RM,RM,RM,RM,RM,RM,RM,RM,RM,,,,,,,,,,,,,,,,,,,,,,,,,
MGMT 550,,,,,,,,,,,,,R,R,R,R,R,R,R,R,R,CM,CM,CM,CM,CM,CM,CM,CM,CM,CM,CM,CM,CM,CM,CM,CM,CM,CM,CM,CM,CM,CM,CM,CM,CM,CM,CM,CM,CM,CM,CM,CM,CM,CM,CM,CM,CM,CM,CM,CM,CM,CM,CM,CM,CM,CM,,,,,,,,,,,,,,,
MGMT 551,,,,,,,,,,,,,R,R,R,R,R,R,R,R,R,CM,CM,CM,CM,CM,CM,CM,CM,CM,CM,CM,CM,CM,CM,CM,CM,CM,CM,CM,CM,CM,CM,CM,CM,CM,CM,CM,CM,CM,CM,CM,CM,CM,CM,CM,CM,CM,CM,CM,CM,CM,CM,CM,CM,CM,CM,CM,CM,CM,CM,CM,CM,CM,CM,CM,CM,CM,CM,CM,CM,CM
MGMT 580,,,,,,,,,,,,,R,R,R,R,R,R,R,R,R,CM,CM,CM,CM,CM,CM,CM,CM,CM,CM,CM,CM,CM,CM,CM,CM,CM,CM,CM,CM,CM,CM,CM,CM,CM,CM,CM,CM,CM,CM,CM,CM,CM,CM,CM,CM,CM,CM,CM,CM,CM,CM,CM,CM,CM,CM,CM,CM,CM,CM,CM,CM,CM,CM,CM,CM,CM,CM,CM,CM,CM
MGMT 581,,,,,,,,,,,,,R,R,R,R,R,R,R,R,R,CM,CM,CM,CM,CM,CM,CM,CM,CM,CM,CM,CM,CM,CM,CM,CM,CM,CM,CM,CM,CM,CM,CM,CM,CM,CM,CM,CM,CM,CM,CM,CM,CM,CM,CM,CM,CM,CM,CM,CM,CM,CM,CM,CM,CM,CM,CM,CM,CM,CM,CM,CM,CM,CM,CM,CM,CM,CM,CM,CM,CM
MKTG 551,,,,,,,,,,,,,R,R,R,R,R,R,R,R,R,RM,RM,RM,RM,RM,RM,RM,RM,RM,RM,RM,RM,RM,RM,RM,RM,RM,RM,RM,RM,RM,RM,RM,RM,RM,RM,RM,RM,RM,RM,RM,RM,RM,RM,RM,RM,,,,,,,,,,,,,,,,,,,,,,,,,
ORG 551,,,,,,,,,,,,,R,R,R,R,R,R,R,R,R,RM,RM,RM,RM,RM,RM,RM,RM,RM,RM,RM,RM,RM,RM,RM,RM,RM,RM,RM,RM,RM,RM,RM,RM,RM,RM,RM,RM,RM,RM,RM,RM,RM,RM,RM,RM,,,,,,,,,,,,,,,,,,,,,,,,,
ORG 552,,,,,,,,,,,,,R,R,R,R,R,R,R,R,R,RM,RM,RM,RM,RM,RM,RM,RM,RM,RM,RM,RM,RM,RM,RM,RM,RM,RM,RM,RM,RM,RM,RM,RM,RM,RM,RM,RM,RM,RM,RM,RM,RM,RM,RM,RM,,,,,,,,,,,,,,,,,,,,,,,,,
MGMT 597,,,,,,,,,,,,,C,C,C,C,C,C,,,,CM,CM,CM,CM,CM,CM,CM,CM,CM,CM,CM,CM,CM,CM,CM,,,,,,,,,,,,,,,,,,,,,,,,,,,,,,,,,,,,,,,,,,,,,,
OPIM 551,,,,,,,,,,,,,C,C,C,C,C,C,,,,,,,,,,,,,,,,,,,,,,,,,,,,,,,,,,,,,,,,,,,,,,,,,,,,,,,,,,,,,,,,
FIN 524,,,,,,,,,,,,,,,,C,C,C,,,,CM,CM,CM,CM,CM,CM,CM,CM,CM,CM,CM,CM,CM,CM,CM,,,,,,,,,,,,,,,,,,,,,,,,,,,,,,,,,,,,,,,,,,,,,,
FIN 525,,,,,,,,,,,,,,,,C,C,C,,,,CM,CM,CM,CM,CM,CM,CM,CM,CM,CM,CM,CM,CM,CM,CM,CM,CM,CM,CM,CM,CM,CM,CM,CM,CM,CM,CM,CM,CM,CM,CM,CM,CM,CM,CM,CM,CM,CM,CM,CM,CM,CM,CM,CM,CM,CM,CM,CM,CM,CM,CM,CM,CM,CM,CM,CM,CM,CM,CM,CM,CM
MGMT 595,,,,,,,,,,,,,,,,C,C,C,,,,CM,CM,CM,CM,CM,CM,CM,CM,CM,CM,CM,CM,CM,CM,CM,CM,CM,CM,CM,CM,CM,CM,CM,CM,CM,CM,CM,CM,CM,CM,CM,CM,CM,CM,CM,CM,CM,CM,CM,CM,CM,CM,CM,CM,CM,CM,CM,CM,CM,CM,CM,CM,CM,CM,CM,CM,CM,CM,CM,CM,CM
MKTG 524,,,,,,,,,,,,,,,,C,C,C,,,,CM,CM,CM,CM,CM,CM,CM,CM,CM,CM,CM,CM,CM,CM,CM,CM,CM,CM,CM,CM,CM,CM,CM,CM,CM,CM,CM,CM,CM,CM,CM,CM,CM,CM,CM,CM,CM,CM,CM,CM,CM,CM,CM,CM,CM,CM,CM,CM,CM,CM,CM,CM,CM,CM,CM,CM,CM,CM,CM,CM,CM
MKTG 525,,,,,,,,,,,,,,,,C,C,C,,,,CM,CM,CM,CM,CM,CM,CM,CM,CM,CM,CM,CM,CM,CM,CM,CM,CM,CM,CM,CM,CM,CM,CM,CM,CM,CM,CM,CM,CM,CM,CM,CM,CM,CM,CM,CM,CM,CM,CM,CM,CM,CM,CM,CM,CM,CM,CM,CM,CM,CM,CM,CM,CM,CM,CM,CM,CM,CM,CM,CM,CM
MKTG 526,,,,,,,,,,,,,,,,C,C,C,,,,CM,CM,CM,CM,CM,CM,CM,CM,CM,CM,CM,CM,CM,CM,CM,,,,,,,,,,,,,,,,,,,,,,,,,,,,,,,,,,,,,,,,,,,,,,
OPIM 524,,,,,,,,,,,,,,,,C,C,C,,,,CM,CM,CM,CM,CM,CM,CM,CM,CM,CM,CM,CM,CM,CM,CM,CM,CM,CM,CM,CM,CM,CM,CM,CM,CM,CM,CM,CM,CM,CM,CM,CM,CM,CM,CM,CM,CM,CM,CM,CM,CM,CM,CM,CM,CM,CM,CM,CM,CM,CM,CM,CM,CM,CM,CM,CM,CM,CM,CM,CM,CM
OPIM 525,,,,,,,,,,,,,,,,C,C,C,,,,CM,CM,CM,CM,CM,CM,CM,CM,CM,CM,CM,CM,CM,,,,,,,,,,,,,,,,,,,,,,,,,,,,,,,,,,,,,,,,,,,,,,,,
OPIM 526,,,,,,,,,,,,,,,,C,C,C,,,,CM,CM,CM,CM,CM,CM,CM,CM,CM,CM,CM,CM,CM,CM,CM,CM,CM,CM,CM,CM,CM,CM,CM,CM,CM,CM,CM,CM,CM,CM,CM,CM,CM,CM,CM,CM,CM,CM,CM,CM,CM,CM,CM,CM,CM,CM,CM,CM,CM,CM,CM,CM,CM,CM,CM,CM,CM,CM,CM,CM,CM
OPIM 527,,,,,,,,,,,,,,,,C,C,C,,,,CM,CM,CM,CM,CM,CM,CM,CM,CM,CM,CM,CM,CM,CM,CM,CM,CM,CM,CM,CM,CM,CM,CM,CM,CM,CM,CM,CM,CM,CM,CM,CM,CM,CM,CM,CM,CM,CM,CM,CM,CM,CM,CM,CM,CM,CM,CM,CM,CM,CM,CM,CM,CM,CM,CM,CM,CM,CM,CM,CM,CM
OPIM 628,,,,,,,,,,,,,,,,AE,AE,AE,AE,AE,AE,CM,CM,CM,CM,CM,CM,CM,CM,CM,CM,CM,CM,CM,CM,CM,CM,CM,CM,CM,CM,CM,CM,CM,CM,CM,CM,CM,CM,CM,CM,CM,CM,CM,CM,CM,CM,CM,CM,CM,CM,CM,CM,CM,CM,CM,CM,CM,CM,CM,CM,CM,CM,CM,CM,CM,CM,CM,CM,CM,CM,CM
ACC 521,,,,,,,,,,,,,,,,,,,,,,CM,CM,CM,CM,CM,CM,CM,CM,CM,CM,CM,CM,CM,CM,CM,CM,CM,CM,CM,CM,CM,CM,CM,CM,CM,CM,CM,CM,CM,CM,CM,CM,CM,CM,CM,CM,CM,CM,CM,CM,CM,CM,CM,CM,CM,CM,CM,CM,CM,CM,CM,CM,CM,CM,CM,CM,CM,CM,CM,CM,CM
ACC 523,,,,,,,,,,,,,,,,,,,,,,CM,CM,CM,CM,CM,CM,CM,CM,CM,CM,CM,CM,CM,CM,CM,CM,CM,CM,CM,CM,CM,CM,CM,CM,CM,CM,CM,CM,CM,CM,CM,CM,CM,CM,CM,CM,CM,CM,CM,CM,CM,CM,CM,CM,CM,CM,CM,CM,CM,CM,CM,CM,CM,CM,CM,CM,CM,CM,CM,CM,CM
BAN 506,,,,,,,,,,,,,,,,,,,,,,CM,CM,CM,CM,CM,CM,CM,CM,CM,CM,CM,CM,CM,CM,CM,CM,CM,CM,CM,CM,CM,CM,CM,CM,CM,CM,CM,CM,CM,CM,CM,CM,CM,CM,CM,CM,CM,CM,CM,CM,CM,CM,CM,CM,CM,CM,CM,CM,CM,CM,CM,CM,CM,CM,CM,CM,CM,CM,CM,CM,CM
BAN 872,,,,,,,,,,,,,,,,,,,,,,CM,CM,CM,CM,CM,CM,CM,CM,CM,CM,CM,CM,CM,CM,CM,CM,CM,CM,CM,CM,CM,CM,CM,CM,CM,CM,CM,CM,CM,CM,CM,CM,CM,CM,CM,CM,CM,CM,CM,CM,CM,CM,CM,CM,CM,CM,CM,CM,CM,CM,CM,CM,CM,CM,CM,CM,CM,CM,CM,CM,CM
FIN 523,,,,,,,,,,,,,,,,,,,,,,CM,CM,CM,CM,CM,CM,CM,CM,CM,CM,CM,CM,CM,CM,CM,CM,CM,CM,CM,CM,CM,CM,CM,CM,CM,CM,CM,CM,CM,CM,CM,CM,CM,CM,CM,CM,CM,CM,CM,CM,CM,CM,CM,CM,CM,CM,CM,CM,CM,CM,CM,CM,CM,CM,CM,CM,CM,CM,CM,CM,CM
FIN 528,,,,,,,,,,,,,,,,,,,,,,CM,CM,CM,CM,CM,CM,CM,CM,CM,CM,CM,CM,CM,CM,CM,CM,CM,CM,CM,CM,CM,CM,CM,CM,CM,CM,CM,CM,CM,CM,CM,CM,CM,CM,CM,CM,CM,CM,CM,CM,CM,CM,CM,CM,CM,CM,CM,CM,CM,CM,CM,CM,CM,CM,CM,CM,CM,CM,CM,CM,CM
FIN 591,,,,,,,,,,,,,,,,,,,,,,CM,CM,CM,CM,CM,CM,CM,CM,CM,CM,CM,CM,CM,CM,CM,,,,,,,,,,,,,,,,,,,,,,,,,,,,,,,,,,,,,,,,,,,,,,
FIN 592,,,,,,,,,,,,,,,,,,,,,,CM,CM,CM,CM,CM,CM,CM,CM,CM,CM,CM,CM,CM,CM,CM,,,,,,,,,,,,,,,,,,,,,,,,,,,,,,,,,,,,,,,,,,,,,,
FIN 593,,,,,,,,,,,,,,,,,,,,,,CM,CM,CM,CM,CM,CM,CM,CM,CM,CM,CM,CM,CM,CM,CM,,,,,,,,,,,,,,,,,,,,,,,,,,,,,,,,,,,,,,,,,,,,,,
FIN 594,,,,,,,,,,,,,,,,,,,,,,CM,CM,CM,CM,CM,CM,CM,CM,CM,CM,CM,CM,CM,CM,CM,,,,,,,,,,,,,,,,,,,,,,,,,,,,,,,,,,,,,,,,,,,,,,
FIN 601,,,,,,,,,,,,,,,,,,,,,,CM,CM,CM,CM,CM,CM,CM,CM,CM,CM,CM,CM,CM,CM,CM,CM,CM,CM,CM,CM,CM,CM,CM,CM,CM,CM,CM,CM,CM,CM,CM,CM,CM,CM,CM,CM,CM,CM,CM,CM,CM,CM,CM,CM,CM,CM,CM,CM,CM,CM,CM,CM,CM,CM,CM,CM,CM,CM,CM,CM,CM
FIN 690,,,,,,,,,,,,,,,,,,,,,,CM,CM,CM,CM,CM,CM,CM,CM,CM,CM,CM,CM,CM,CM,CM,CM,CM,CM,CM,CM,CM,CM,CM,CM,CM,CM,CM,CM,CM,CM,CM,CM,CM,CM,CM,CM,CM,CM,CM,CM,CM,CM,CM,CM,CM,CM,CM,CM,CM,CM,CM,CM,CM,CM,CM,CM,CM,CM,CM,CM,CM
MFIN 532,,,,,,,,,,,,,,,,,,,,,,CM,CM,CM,CM,CM,CM,CM,CM,CM,CM,CM,CM,CM,CM,CM,CM,CM,CM,CM,CM,CM,CM,CM,CM,CM,CM,CM,CM,CM,CM,CM,CM,CM,CM,CM,CM,CM,CM,CM,CM,CM,CM,,,,,,,,,,,,,,,,,,,
MGMT 504,,,,,,,,,,,,,,,,,,,,,,CM,CM,CM,CM,CM,CM,CM,CM,CM,CM,CM,CM,CM,CM,CM,CM,CM,CM,CM,CM,CM,CM,CM,CM,CM,CM,CM,CM,CM,CM,CM,CM,CM,CM,CM,CM,CM,CM,CM,CM,CM,CM,CM,CM,CM,CM,CM,CM,CM,CM,CM,CM,CM,CM,,,,,,,
MGMT 505,,,,,,,,,,,,,,,,,,,,,,CM,CM,CM,CM,CM,CM,CM,CM,CM,CM,CM,CM,CM,CM,CM,CM,CM,CM,CM,CM,CM,CM,CM,CM,CM,CM,CM,CM,CM,CM,CM,CM,CM,CM,CM,CM,CM,CM,CM,CM,CM,CM,CM,CM,CM,CM,CM,CM,CM,CM,CM,CM,CM,CM,CM,CM,CM,CM,CM,CM,CM
MGMT 514,,,,,,,,,,,,,,,,,,,,,,CM,CM,CM,CM,CM,CM,CM,CM,CM,CM,CM,CM,CM,CM,CM,CM,CM,CM,CM,CM,CM,CM,CM,CM,CM,CM,CM,CM,CM,CM,CM,CM,CM,CM,CM,CM,CM,CM,CM,CM,CM,CM,CM,CM,CM,CM,CM,CM,CM,CM,CM,CM,CM,CM,CM,CM,CM,CM,CM,CM,CM
MGMT 515,,,,,,,,,,,,,,,,,,,,,,CM,CM,CM,CM,CM,CM,CM,CM,CM,CM,CM,CM,CM,CM,CM,CM,CM,CM,CM,CM,CM,CM,CM,CM,CM,CM,CM,CM,CM,CM,CM,CM,CM,CM,CM,CM,CM,CM,CM,CM,CM,CM,CM,CM,CM,CM,CM,CM,CM,CM,CM,CM,CM,CM,CM,CM,CM,CM,CM,CM,CM
MGMT 521,,,,,,,,,,,,,,,,,,,,,,CM,CM,CM,CM,CM,CM,CM,CM,CM,CM,CM,CM,CM,CM,CM,CM,CM,CM,CM,CM,CM,CM,CM,CM,CM,CM,CM,CM,CM,CM,CM,CM,CM,CM,CM,CM,CM,CM,CM,CM,CM,CM,CM,CM,CM,CM,CM,CM,CM,CM,CM,CM,CM,CM,CM,CM,CM,CM,CM,CM,CM
MGMT 523,,,,,,,,,,,,,,,,,,,,,,CM,CM,CM,CM,CM,CM,CM,CM,CM,CM,CM,CM,CM,,,,,,,,,,,,,,,,,,,,,,,,,,,,,,,,,,,,,,,,,,,,,,,,
MGMT 524,,,,,,,,,,,,,,,,,,,,,,CM,CM,CM,CM,CM,CM,CM,CM,CM,CM,CM,CM,CM,CM,CM,CM,CM,CM,CM,CM,CM,CM,CM,CM,CM,CM,CM,CM,CM,CM,CM,CM,CM,CM,CM,CM,CM,CM,CM,CM,CM,CM,CM,CM,CM,CM,CM,CM,CM,CM,CM,CM,CM,CM,CM,CM,CM,CM,CM,CM,CM
MGMT 525,,,,,,,,,,,,,,,,,,,,,,CM,CM,CM,CM,CM,CM,CM,CM,CM,CM,CM,CM,CM,CM,CM,CM,CM,CM,CM,CM,CM,CM,CM,CM,CM,CM,CM,CM,CM,CM,CM,CM,CM,CM,CM,CM,CM,CM,CM,CM,CM,CM,CM,CM,CM,CM,CM,CM,CM,CM,CM,CM,CM,CM,CM,CM,CM,CM,CM,CM,CM
MGMT 526,,,,,,,,,,,,,,,,,,,,,,CM,CM,CM,CM,CM,CM,CM,CM,CM,CM,CM,CM,CM,CM,CM,CM,CM,CM,CM,CM,CM,CM,CM,CM,CM,CM,CM,CM,CM,CM,CM,CM,CM,CM,CM,CM,CM,CM,CM,CM,CM,CM,CM,CM,CM,CM,CM,CM,CM,CM,CM,CM,CM,CM,CM,CM,CM,CM,CM,CM,CM
MGMT 528,,,,,,,,,,,,,,,,,,,,,,CM,CM,CM,CM,CM,CM,CM,CM,CM,CM,CM,CM,CM,CM,CM,CM,CM,CM,CM,CM,CM,CM,CM,CM,CM,CM,CM,CM,CM,CM,CM,CM,CM,CM,CM,CM,CM,CM,CM,CM,CM,CM,CM,CM,CM,CM,CM,CM,CM,CM,CM,CM,CM,CM,CM,CM,CM,CM,CM,CM,CM
MGMT 541,,,,,,,,,,,,,,,,,,,,,,CM,CM,CM,CM,CM,CM,CM,CM,CM,CM,CM,CM,CM,CM,CM,CM,CM,CM,CM,CM,CM,CM,CM,CM,CM,CM,CM,CM,CM,CM,CM,CM,CM,CM,CM,CM,CM,CM,CM,CM,CM,CM,CM,CM,CM,CM,CM,CM,CM,CM,CM,CM,CM,CM,CM,CM,CM,CM,CM,CM,CM
MGMT 589,,,,,,,,,,,,,,,,,,,,,,CM,CM,CM,CM,CM,CM,CM,CM,CM,CM,CM,CM,CM,CM,CM,CM,CM,CM,CM,CM,CM,CM,CM,CM,CM,CM,CM,CM,CM,CM,CM,CM,CM,CM,CM,CM,CM,CM,CM,CM,CM,CM,CM,CM,CM,CM,,,,,,,,,,,,,,,
MGMT 590,,,,,,,,,,,,,,,,,,,,,,CM,CM,CM,CM,CM,CM,CM,CM,CM,CM,CM,CM,CM,CM,CM,CM,CM,CM,CM,CM,CM,CM,CM,CM,CM,CM,CM,CM,CM,CM,CM,CM,CM,CM,CM,CM,CM,CM,CM,CM,CM,CM,CM,CM,CM,CM,,,,,,,,,,,,,,,
MGMT 601,,,,,,,,,,,,,,,,,,,,,,CM,CM,CM,CM,CM,CM,CM,CM,CM,CM,CM,CM,CM,CM,CM,CM,CM,CM,CM,CM,CM,CM,CM,CM,CM,CM,CM,CM,CM,CM,CM,CM,CM,CM,CM,CM,CM,CM,CM,CM,CM,CM,CM,CM,CM,CM,CM,CM,CM,CM,CM,CM,CM,CM,CM,CM,CM,CM,CM,CM,CM
MGMT 817,,,,,,,,,,,,,,,,,,,,,,CM,CM,CM,CM,CM,CM,CM,CM,CM,CM,CM,CM,CM,CM,CM,CM,CM,CM,CM,CM,CM,CM,CM,CM,CM,CM,CM,CM,CM,CM,CM,CM,CM,CM,CM,CM,CM,CM,CM,CM,CM,CM,CM,CM,CM,CM,CM,CM,CM,CM,CM,CM,CM,CM,CM,CM,CM,CM,CM,CM,CM
MIM 830,,,,,,,,,,,,,,,,,,,,,,CM,CM,CM,CM,CM,CM,CM,CM,CM,CM,CM,CM,CM,CM,CM,CM,CM,CM,CM,CM,CM,CM,CM,CM,CM,CM,CM,CM,CM,CM,CM,CM,CM,CM,CM,CM,CM,CM,CM,CM,CM,CM,CM,CM,CM,CM,CM,CM,CM,CM,CM,CM,CM,CM,CM,CM,CM,CM,CM,CM,CM
MKTG 507,,,,,,,,,,,,,,,,,,,,,,CM,CM,CM,CM,CM,CM,CM,CM,CM,CM,CM,CM,CM,CM,CM,CM,CM,CM,CM,CM,CM,CM,CM,CM,CM,CM,CM,CM,CM,CM,CM,CM,CM,CM,CM,CM,CM,CM,CM,CM,CM,CM,CM,CM,CM,CM,CM,CM,CM,CM,CM,CM,CM,CM,CM,CM,CM,CM,CM,CM,CM
MKTG 521,,,,,,,,,,,,,,,,,,,,,,CM,CM,CM,CM,CM,CM,CM,CM,CM,CM,CM,CM,CM,CM,CM,CM,CM,CM,CM,CM,CM,CM,CM,CM,CM,CM,CM,CM,CM,CM,CM,CM,CM,CM,CM,CM,CM,CM,CM,CM,CM,CM,CM,CM,CM,CM,CM,CM,CM,CM,CM,CM,CM,CM,CM,CM,CM,CM,CM,CM,CM
MKTG 522,,,,,,,,,,,,,,,,,,,,,,CM,CM,CM,CM,CM,CM,CM,CM,CM,CM,CM,CM,CM,CM,CM,CM,CM,CM,CM,CM,CM,CM,CM,CM,CM,CM,CM,CM,CM,CM,CM,CM,CM,CM,CM,CM,CM,CM,CM,CM,CM,CM,CM,CM,CM,CM,CM,CM,CM,CM,CM,CM,CM,CM,CM,CM,CM,CM,CM,CM,CM
MKTG 523,,,,,,,,,,,,,,,,,,,,,,CM,CM,CM,CM,CM,CM,CM,CM,CM,CM,CM,CM,CM,CM,CM,CM,CM,CM,CM,CM,CM,CM,CM,CM,CM,CM,CM,CM,CM,CM,CM,CM,CM,CM,CM,CM,CM,CM,CM,CM,CM,CM,CM,CM,CM,CM,CM,CM,CM,CM,CM,CM,CM,CM,CM,CM,CM,CM,CM,CM,CM
MKTG 527,,,,,,,,,,,,,,,,,,,,,,CM,CM,CM,CM,CM,CM,CM,CM,CM,CM,CM,CM,CM,CM,CM,CM,CM,CM,CM,CM,CM,CM,CM,CM,CM,CM,CM,CM,CM,CM,CM,CM,CM,CM,CM,CM,CM,CM,CM,CM,CM,CM,CM,CM,CM,CM,CM,CM,CM,CM,CM,CM,CM,CM,CM,CM,CM,CM,CM,CM,CM
MKTG 529,,,,,,,,,,,,,,,,,,,,,,CM,CM,CM,CM,CM,CM,CM,CM,CM,CM,CM,CM,CM,CM,CM,CM,CM,CM,CM,CM,CM,CM,CM,CM,CM,CM,CM,CM,CM,CM,CM,CM,CM,CM,CM,CM,CM,CM,CM,CM,CM,CM,CM,CM,CM,CM,CM,CM,CM,CM,CM,CM,CM,CM,CM,CM,CM,CM,CM,CM,CM
MKTG 530,,,,,,,,,,,,,,,,,,,,,,CM,CM,CM,CM,CM,CM,CM,CM,CM,CM,CM,CM,CM,CM,CM,CM,CM,CM,CM,CM,CM,CM,CM,CM,CM,CM,CM,CM,CM,CM,CM,CM,CM,CM,CM,CM,CM,CM,CM,CM,CM,CM,CM,CM,CM,CM,CM,CM,CM,CM,CM,CM,CM,CM,CM,CM,CM,CM,CM,CM,CM
MKTG 591,,,,,,,,,,,,,,,,,,,,,,CM,CM,CM,CM,CM,CM,CM,CM,CM,CM,CM,CM,CM,CM,CM,CM,CM,CM,CM,CM,CM,CM,CM,CM,CM,CM,CM,CM,CM,CM,CM,CM,CM,CM,CM,CM,CM,CM,CM,CM,CM,CM,CM,CM,CM,CM,CM,CM,CM,CM,CM,CM,CM,CM,CM,CM,CM,CM,CM,CM,CM
MKTG 592,,,,,,,,,,,,,,,,,,,,,,CM,CM,CM,CM,CM,CM,CM,CM,CM,CM,CM,CM,CM,CM,CM,,,,,,,,,,,,,,,,,,,,,,,,,,,,,,,,,,,,,,,,,,,,,,
MKTG 595,,,,,,,,,,,,,,,,,,,,,,CM,CM,CM,CM,CM,CM,CM,CM,CM,CM,CM,CM,CM,CM,CM,CM,CM,CM,CM,CM,CM,CM,CM,CM,CM,CM,CM,CM,CM,CM,CM,CM,CM,CM,CM,CM,CM,CM,CM,CM,CM,CM,CM,CM,CM,CM,CM,CM,CM,CM,CM,CM,CM,CM,CM,CM,CM,CM,CM,CM,CM
MKTG 596,,,,,,,,,,,,,,,,,,,,,,CM,CM,CM,CM,CM,CM,CM,CM,CM,CM,CM,CM,CM,CM,CM,CM,CM,CM,CM,CM,CM,CM,CM,CM,CM,CM,CM,CM,CM,CM,CM,CM,CM,CM,CM,CM,CM,CM,CM,CM,CM,CM,CM,CM,CM,CM,CM,CM,CM,CM,CM,CM,CM,CM,CM,CM,CM,CM,CM,CM,CM
MKTG 601,,,,,,,,,,,,,,,,,,,,,,CM,CM,CM,CM,CM,CM,CM,CM,CM,CM,CM,CM,CM,CM,CM,CM,CM,CM,CM,CM,CM,CM,CM,CM,CM,CM,CM,CM,CM,CM,CM,CM,CM,CM,CM,CM,CM,CM,CM,CM,CM,CM,CM,CM,CM,CM,CM,CM,CM,CM,CM,CM,CM,CM,CM,CM,CM,CM,CM,CM,CM
MKTG 602,,,,,,,,,,,,,,,,,,,,,,CM,CM,CM,CM,CM,CM,CM,CM,CM,CM,CM,CM,CM,CM,CM,CM,CM,CM,CM,CM,CM,CM,CM,CM,CM,CM,CM,CM,CM,CM,CM,CM,CM,CM,CM,CM,CM,CM,CM,CM,CM,CM,CM,CM,CM,CM,CM,CM,CM,CM,CM,CM,CM,CM,CM,CM,CM,CM,CM,CM,CM
MKTG 603,,,,,,,,,,,,,,,,,,,,,,CM,CM,CM,CM,CM,CM,CM,CM,CM,CM,CM,CM,CM,CM,CM,CM,CM,CM,CM,CM,CM,CM,CM,CM,CM,CM,CM,CM,CM,CM,CM,CM,CM,CM,CM,CM,CM,CM,CM,CM,CM,CM,CM,CM,CM,CM,CM,CM,CM,CM,CM,CM,CM,CM,CM,CM,CM,CM,CM,CM,CM
MKTG 631,,,,,,,,,,,,,,,,,,,,,,CM,CM,CM,CM,CM,CM,CM,CM,CM,CM,CM,CM,CM,CM,CM,CM,CM,CM,CM,CM,CM,CM,CM,CM,CM,CM,CM,CM,CM,CM,CM,CM,CM,CM,CM,CM,CM,CM,CM,CM,CM,CM,CM,CM,CM,CM,CM,CM,CM,CM,CM,CM,CM,CM,CM,CM,CM,CM,CM,CM,CM
MKTG 690,,,,,,,,,,,,,,,,,,,,,,CM,CM,CM,CM,CM,CM,CM,CM,CM,CM,CM,CM,CM,CM,CM,CM,CM,CM,CM,CM,CM,CM,CM,CM,CM,CM,CM,CM,CM,CM,CM,CM,CM,CM,CM,CM,CM,CM,CM,CM,CM,CM,CM,CM,CM,CM,CM,CM,CM,CM,CM,CM,CM,CM,CM,CM,CM,CM,CM,CM,CM
MKTG 811,,,,,,,,,,,,,,,,,,,,,,CM,CM,CM,CM,CM,CM,CM,CM,CM,CM,CM,CM,CM,CM,CM,CM,CM,CM,CM,CM,CM,CM,CM,CM,CM,CM,CM,CM,CM,CM,CM,CM,CM,CM,CM,CM,CM,CM,CM,CM,CM,CM,CM,CM,CM,CM,CM,CM,CM,CM,CM,CM,CM,CM,CM,CM,CM,CM,CM,CM,CM
MKTG 826,,,,,,,,,,,,,,,,,,,,,,CM,CM,CM,CM,CM,CM,CM,CM,CM,CM,CM,CM,CM,CM,CM,CM,CM,CM,CM,CM,CM,CM,CM,CM,CM,CM,CM,CM,CM,CM,CM,CM,CM,CM,CM,CM,CM,CM,CM,CM,CM,CM,CM,CM,CM,CM,CM,CM,CM,CM,CM,CM,CM,CM,CM,CM,CM,CM,CM,CM,CM
MRES 599,,,,,,,,,,,,,,,,,,,,,,CM,CM,CM,CM,CM,CM,CM,CM,CM,CM,CM,CM,CM,CM,CM,CM,CM,CM,CM,CM,CM,CM,CM,CM,CM,CM,CM,CM,CM,CM,CM,CM,CM,CM,CM,CM,CM,CM,CM,CM,CM,CM,CM,CM,CM,CM,CM,CM,CM,CM,CM,CM,CM,CM,CM,CM,CM,CM,CM,CM,CM
MRES 601,,,,,,,,,,,,,,,,,,,,,,CM,CM,CM,CM,CM,CM,CM,CM,CM,CM,CM,CM,CM,CM,CM,CM,CM,CM,CM,CM,CM,CM,CM,CM,CM,CM,CM,CM,CM,CM,CM,CM,CM,CM,CM,CM,CM,CM,CM,CM,CM,CM,CM,CM,CM,CM,CM,CM,CM,CM,CM,CM,CM,CM,CM,CM,CM,CM,CM,CM,CM
MRES 602,,,,,,,,,,,,,,,,,,,,,,CM,CM,CM,CM,CM,CM,CM,CM,CM,CM,CM,CM,CM,CM,CM,CM,CM,CM,CM,CM,CM,CM,CM,CM,CM,CM,CM,CM,CM,CM,CM,CM,CM,CM,CM,CM,CM,CM,CM,CM,CM,CM,CM,CM,CM,CM,CM,CM,CM,CM,CM,CM,CM,CM,CM,CM,CM,CM,CM,CM,CM
MRES 603,,,,,,,,,,,,,,,,,,,,,,CM,CM,CM,CM,CM,CM,CM,CM,CM,CM,CM,CM,CM,CM,CM,CM,CM,CM,CM,CM,CM,CM,CM,CM,CM,CM,CM,CM,CM,CM,CM,CM,CM,CM,CM,CM,CM,CM,CM,CM,CM,CM,CM,CM,CM,CM,CM,CM,CM,CM,CM,CM,CM,CM,CM,CM,CM,CM,CM,CM,CM
MRES 604,,,,,,,,,,,,,,,,,,,,,,CM,CM,CM,CM,CM,CM,CM,CM,CM,CM,CM,CM,CM,CM,CM,CM,CM,CM,CM,CM,CM,CM,CM,CM,CM,CM,CM,CM,CM,CM,CM,CM,CM,CM,CM,CM,CM,CM,CM,CM,CM,CM,CM,CM,CM,CM,CM,CM,CM,CM,CM,CM,CM,CM,CM,CM,CM,CM,CM,CM,CM
MRES 611,,,,,,,,,,,,,,,,,,,,,,CM,CM,CM,CM,CM,CM,CM,CM,CM,CM,CM,CM,CM,CM,CM,CM,CM,CM,CM,CM,CM,CM,CM,CM,CM,CM,CM,CM,CM,CM,CM,CM,CM,CM,CM,CM,CM,CM,CM,CM,CM,CM,CM,CM,CM,CM,CM,CM,CM,CM,CM,CM,CM,CM,CM,CM,CM,CM,CM,CM,CM
OPIM 506,,,,,,,,,,,,,,,,,,,,,,CM,CM,CM,CM,CM,CM,CM,CM,CM,CM,CM,CM,CM,CM,CM,CM,CM,CM,CM,CM,CM,CM,CM,CM,CM,CM,CM,CM,CM,CM,CM,CM,CM,CM,CM,CM,CM,CM,CM,CM,CM,CM,CM,CM,CM,CM,CM,CM,CM,CM,CM,CM,CM,CM,CM,CM,CM,CM,CM,CM,CM
OPIM 508,,,,,,,,,,,,,,,,,,,,,,CM,CM,CM,CM,CM,CM,CM,CM,CM,CM,CM,CM,CM,CM,CM,CM,CM,CM,CM,CM,CM,CM,CM,CM,CM,CM,CM,CM,CM,CM,CM,CM,CM,CM,CM,CM,CM,CM,CM,CM,CM,CM,CM,CM,CM,CM,CM,CM,CM,CM,CM,CM,CM,CM,CM,CM,CM,CM,CM,CM,CM
OPIM 523,,,,,,,,,,,,,,,,,,,,,,CM,CM,CM,CM,CM,CM,CM,CM,CM,CM,CM,CM,CM,CM,CM,CM,CM,CM,CM,CM,CM,CM,CM,CM,CM,CM,CM,CM,CM,CM,CM,CM,CM,CM,CM,CM,CM,CM,CM,CM,CM,CM,CM,CM,CM,CM,CM,CM,CM,CM,CM,CM,CM,CM,CM,CM,CM,CM,CM,CM,CM
OPIM 529,,,,,,,,,,,,,,,,,,,,,,CM,CM,CM,CM,CM,CM,CM,CM,CM,CM,CM,CM,CM,CM,CM,CM,CM,CM,CM,CM,CM,CM,CM,CM,CM,CM,CM,CM,CM,CM,CM,CM,CM,CM,CM,CM,CM,CM,CM,CM,CM,CM,CM,CM,CM,CM,CM,CM,CM,CM,CM,CM,CM,CM,CM,CM,CM,CM,CM,CM,CM
OPIM 531,,,,,,,,,,,,,,,,,,,,,,CM,CM,CM,CM,CM,CM,CM,CM,CM,CM,CM,CM,CM,,,,,,,,,,,,,,,,,,,,,,,,,,,,,,,,,,,,,,,,,,,,,,,,
OPIM 532,,,,,,,,,,,,,,,,,,,,,,CM,CM,CM,CM,CM,CM,CM,CM,CM,CM,CM,CM,CM,CM,CM,CM,CM,CM,CM,CM,CM,CM,CM,CM,CM,CM,CM,CM,CM,CM,CM,CM,CM,CM,CM,CM,CM,CM,CM,CM,CM,CM,CM,CM,CM,CM,CM,CM,CM,CM,CM,CM,CM,CM,CM,CM,CM,CM,CM,CM,CM
OPIM 591,,,,,,,,,,,,,,,,,,,,,,CM,CM,CM,CM,CM,CM,CM,CM,CM,CM,CM,CM,CM,CM,CM,CM,CM,CM,CM,CM,CM,CM,CM,CM,CM,CM,CM,CM,CM,CM,CM,CM,CM,CM,CM,CM,CM,CM,CM,CM,CM,CM,CM,CM,CM,CM,CM,CM,CM,CM,CM,CM,CM,CM,CM,CM,CM,CM,CM,CM,CM
OPIM 592,,,,,,,,,,,,,,,,,,,,,,CM,CM,CM,CM,CM,CM,CM,CM,CM,CM,CM,CM,CM,CM,CM,CM,CM,CM,CM,CM,CM,CM,CM,CM,CM,CM,CM,CM,CM,CM,CM,CM,CM,CM,CM,CM,CM,CM,CM,CM,CM,CM,CM,CM,CM,CM,CM,CM,CM,CM,CM,CM,CM,CM,CM,CM,CM,CM,CM,CM,CM
OPIM 595,,,,,,,,,,,,,,,,,,,,,,CM,CM,CM,CM,CM,CM,CM,CM,CM,CM,CM,CM,CM,CM,CM,CM,CM,CM,CM,CM,CM,CM,CM,CM,CM,CM,CM,CM,CM,CM,CM,CM,CM,CM,CM,CM,CM,CM,CM,CM,CM,CM,CM,CM,CM,CM,CM,CM,CM,CM,CM,CM,CM,CM,CM,CM,CM,CM,CM,CM,CM
OPIM 596,,,,,,,,,,,,,,,,,,,,,,CM,CM,CM,CM,CM,CM,CM,CM,CM,CM,CM,CM,CM,CM,CM,CM,CM,CM,CM,CM,CM,CM,CM,CM,CM,CM,CM,CM,CM,CM,CM,CM,CM,CM,CM,CM,CM,CM,CM,CM,CM,CM,CM,CM,CM,CM,CM,CM,CM,CM,CM,CM,CM,CM,CM,CM,CM,CM,CM,CM,CM
OPIM 603,,,,,,,,,,,,,,,,,,,,,,CM,CM,CM,CM,CM,CM,CM,CM,CM,CM,CM,CM,CM,CM,CM,CM,CM,CM,CM,CM,CM,CM,CM,CM,CM,CM,CM,CM,CM,CM,CM,CM,CM,CM,CM,CM,CM,CM,CM,CM,CM,CM,CM,CM,CM,CM,CM,CM,CM,CM,CM,CM,CM,CM,CM,CM,CM,CM,CM,CM,CM
OPIM 611,,,,,,,,,,,,,,,,,,,,,,CM,CM,CM,CM,CM,CM,CM,CM,CM,CM,CM,CM,CM,CM,CM,CM,CM,CM,CM,CM,CM,CM,CM,CM,CM,CM,CM,CM,CM,CM,CM,CM,CM,CM,CM,CM,CM,CM,CM,CM,CM,CM,CM,CM,CM,CM,CM,CM,CM,CM,CM,CM,CM,CM,CM,CM,CM,CM,CM,CM,CM
OPIM 612,,,,,,,,,,,,,,,,,,,,,,CM,CM,CM,CM,CM,CM,CM,CM,CM,CM,CM,CM,CM,CM,CM,CM,CM,CM,CM,CM,CM,CM,CM,CM,CM,CM,CM,CM,CM,CM,CM,CM,CM,CM,CM,CM,CM,CM,CM,CM,CM,CM,CM,CM,CM,CM,CM,CM,CM,CM,CM,CM,CM,CM,CM,CM,CM,CM,CM,CM,CM
OPIM 613,,,,,,,,,,,,,,,,,,,,,,CM,CM,CM,CM,CM,CM,CM,CM,CM,CM,CM,CM,CM,CM,CM,CM,CM,CM,CM,CM,CM,CM,CM,CM,CM,CM,CM,CM,CM,CM,CM,CM,CM,CM,CM,CM,CM,CM,CM,CM,CM,CM,CM,CM,CM,CM,CM,CM,CM,CM,CM,CM,CM,CM,CM,CM,CM,CM,CM,CM,CM
OPIM 614,,,,,,,,,,,,,,,,,,,,,,CM,CM,CM,CM,CM,CM,CM,CM,CM,CM,CM,CM,CM,CM,CM,CM,CM,CM,CM,CM,CM,CM,CM,CM,CM,CM,CM,CM,CM,CM,CM,CM,CM,CM,CM,CM,CM,CM,CM,CM,CM,CM,CM,CM,CM,CM,CM,CM,CM,CM,CM,CM,CM,CM,CM,CM,CM,CM,CM,CM,CM
OPIM 615,,,,,,,,,,,,,,,,,,,,,,CM,CM,CM,CM,CM,CM,CM,CM,CM,CM,CM,CM,CM,CM,CM,CM,CM,CM,CM,CM,CM,CM,CM,CM,CM,CM,CM,CM,CM,CM,CM,CM,CM,CM,CM,CM,CM,CM,CM,CM,CM,CM,CM,CM,CM,CM,CM,CM,CM,CM,CM,CM,CM,CM,CM,CM,CM,CM,CM,CM,CM
OPIM 616,,,,,,,,,,,,,,,,,,,,,,CM,CM,CM,CM,CM,CM,CM,CM,CM,CM,CM,CM,CM,CM,CM,CM,CM,CM,CM,CM,CM,CM,CM,CM,CM,CM,CM,CM,CM,CM,CM,CM,CM,CM,CM,CM,CM,CM,CM,CM,CM,CM,CM,CM,CM,CM,CM,CM,CM,CM,CM,CM,CM,CM,CM,CM,CM,CM,CM,CM,CM
OPIM 617,,,,,,,,,,,,,,,,,,,,,,CM,CM,CM,CM,CM,CM,CM,CM,CM,CM,CM,CM,CM,CM,CM,CM,CM,CM,CM,CM,CM,CM,CM,CM,CM,CM,CM,CM,CM,CM,CM,CM,CM,CM,CM,CM,CM,CM,CM,CM,CM,CM,CM,CM,CM,CM,CM,CM,CM,CM,CM,CM,CM,CM,CM,CM,CM,CM,CM,CM,CM
OPIM 621,,,,,,,,,,,,,,,,,,,,,,CM,CM,CM,CM,CM,CM,CM,CM,CM,CM,CM,CM,CM,CM,CM,CM,CM,CM,CM,CM,CM,CM,CM,CM,CM,CM,CM,CM,CM,CM,CM,CM,CM,CM,CM,CM,CM,CM,CM,CM,CM,CM,CM,CM,CM,CM,CM,CM,CM,CM,CM,CM,CM,CM,CM,CM,CM,CM,CM,CM,CM
OPIM 622,,,,,,,,,,,,,,,,,,,,,,CM,CM,CM,CM,CM,CM,CM,CM,CM,CM,CM,CM,CM,CM,CM,CM,CM,CM,CM,CM,CM,CM,CM,CM,CM,CM,CM,CM,CM,CM,CM,CM,CM,CM,CM,CM,CM,CM,CM,CM,CM,CM,CM,CM,CM,CM,CM,CM,CM,CM,CM,CM,CM,CM,CM,CM,CM,CM,CM,CM,CM
OPIM 623,,,,,,,,,,,,,,,,,,,,,,CM,CM,CM,CM,CM,CM,CM,CM,CM,CM,CM,CM,CM,CM,CM,CM,CM,CM,CM,CM,CM,CM,CM,CM,CM,CM,CM,CM,CM,CM,CM,CM,CM,CM,CM,CM,CM,CM,CM,CM,CM,CM,CM,CM,CM,CM,CM,CM,CM,CM,CM,CM,CM,CM,CM,CM,CM,CM,CM,CM,CM
OPIM 624,,,,,,,,,,,,,,,,,,,,,,CM,CM,CM,CM,CM,CM,CM,CM,CM,CM,CM,CM,CM,CM,CM,CM,CM,CM,CM,CM,CM,CM,CM,CM,CM,CM,CM,CM,CM,CM,CM,CM,CM,CM,CM,CM,CM,CM,CM,CM,CM,CM,CM,CM,CM,CM,CM,CM,CM,CM,CM,CM,CM,CM,CM,CM,CM,CM,CM,CM,CM
OPIM 627,,,,,,,,,,,,,,,,,,,,,,CM,CM,CM,CM,CM,CM,CM,CM,CM,CM,CM,CM,CM,CM,CM,CM,CM,CM,CM,CM,CM,CM,CM,CM,CM,CM,CM,CM,CM,CM,CM,CM,CM,CM,CM,CM,CM,CM,CM,CM,CM,CM,CM,CM,CM,CM,CM,CM,CM,CM,CM,CM,CM,CM,CM,CM,CM,CM,CM,CM,CM
OPIM 629,,,,,,,,,,,,,,,,,,,,,,CM,CM,CM,CM,CM,CM,CM,CM,CM,CM,CM,CM,CM,CM,CM,CM,CM,CM,CM,CM,CM,CM,CM,CM,CM,CM,CM,CM,CM,CM,CM,CM,CM,CM,CM,CM,CM,CM,CM,CM,CM,CM,CM,CM,CM,CM,CM,CM,CM,CM,CM,CM,CM,CM,CM,CM,CM,CM,CM,CM,CM
OPIM 630,,,,,,,,,,,,,,,,,,,,,,CM,CM,CM,CM,CM,CM,CM,CM,CM,CM,CM,CM,CM,CM,CM,CM,CM,CM,CM,CM,CM,CM,CM,CM,CM,CM,CM,CM,CM,CM,CM,CM,CM,CM,CM,CM,CM,CM,CM,CM,CM,CM,CM,CM,CM,CM,CM,CM,CM,CM,CM,CM,CM,CM,CM,CM,CM,CM,CM,CM,CM
OPIM 631,,,,,,,,,,,,,,,,,,,,,,CM,CM,CM,CM,CM,CM,CM,CM,CM,CM,CM,CM,CM,CM,CM,CM,CM,CM,CM,CM,CM,CM,CM,CM,CM,CM,CM,CM,CM,CM,CM,CM,CM,CM,CM,CM,CM,CM,CM,CM,CM,CM,CM,CM,CM,CM,CM,CM,CM,CM,CM,CM,CM,CM,CM,CM,CM,CM,CM,CM,CM
OPIM 632,,,,,,,,,,,,,,,,,,,,,,CM,CM,CM,CM,CM,CM,CM,CM,CM,CM,CM,CM,CM,CM,CM,CM,CM,CM,CM,CM,CM,CM,CM,CM,CM,CM,CM,CM,CM,CM,CM,CM,CM,CM,CM,CM,CM,CM,CM,CM,CM,CM,CM,CM,CM,CM,CM,CM,CM,CM,CM,CM,CM,CM,CM,CM,CM,CM,CM,CM,CM
OPIM 652,,,,,,,,,,,,,,,,,,,,,,CM,CM,CM,CM,CM,CM,CM,CM,CM,CM,CM,CM,CM,CM,CM,CM,CM,CM,CM,CM,CM,CM,CM,CM,CM,CM,CM,CM,CM,CM,CM,CM,CM,CM,CM,CM,CM,CM,CM,CM,CM,CM,CM,CM,CM,CM,CM,CM,CM,CM,CM,CM,CM,CM,CM,CM,CM,CM,CM,CM,CM
OPIM 690,,,,,,,,,,,,,,,,,,,,,,CM,CM,CM,CM,CM,CM,CM,CM,CM,CM,CM,CM,CM,CM,CM,CM,CM,CM,CM,CM,CM,CM,CM,CM,CM,CM,CM,CM,CM,CM,CM,CM,CM,CM,CM,CM,CM,CM,CM,CM,CM,CM,CM,CM,CM,CM,CM,CM,CM,CM,CM,CM,CM,CM,CM,CM,CM,CM,CM,CM,CM
ORG 521,,,,,,,,,,,,,,,,,,,,,,CM,CM,CM,CM,CM,CM,CM,CM,CM,CM,CM,CM,CM,CM,CM,CM,CM,CM,CM,CM,CM,CM,CM,CM,CM,CM,CM,CM,CM,CM,CM,CM,CM,CM,CM,CM,CM,CM,CM,CM,CM,CM,CM,CM,CM,CM,CM,CM,CM,CM,CM,CM,CM,CM,CM,CM,CM,CM,CM,CM,CM
ORG 522,,,,,,,,,,,,,,,,,,,,,,CM,CM,CM,CM,CM,CM,CM,CM,CM,CM,CM,CM,CM,CM,CM,CM,CM,CM,CM,CM,CM,CM,CM,CM,CM,CM,CM,CM,CM,CM,CM,CM,CM,CM,CM,CM,CM,CM,CM,CM,CM,CM,CM,CM,CM,CM,CM,CM,CM,CM,CM,CM,CM,CM,CM,CM,CM,CM,CM,CM,CM
ORG 612,,,,,,,,,,,,,,,,,,,,,,CM,CM,CM,CM,CM,CM,CM,CM,CM,CM,CM,CM,CM,CM,CM,CM,CM,CM,CM,CM,CM,CM,CM,CM,CM,CM,CM,CM,CM,CM,CM,CM,CM,CM,CM,CM,CM,CM,CM,CM,CM,CM,CM,CM,CM,CM,CM,CM,CM,CM,CM,CM,CM,CM,CM,CM,CM,CM,CM,CM,CM
ORG 614,,,,,,,,,,,,,,,,,,,,,,CM,CM,CM,CM,CM,CM,CM,CM,CM,CM,CM,CM,CM,CM,CM,CM,CM,CM,CM,CM,CM,CM,CM,CM,CM,CM,CM,CM,CM,CM,CM,CM,CM,CM,CM,CM,CM,CM,CM,CM,CM,CM,CM,CM,CM,CM,CM,CM,CM,CM,CM,CM,CM,CM,CM,CM,CM,CM,CM,CM,CM
ORG 627,,,,,,,,,,,,,,,,,,,,,,CM,CM,CM,CM,CM,CM,CM,CM,CM,CM,CM,CM,CM,CM,CM,CM,CM,CM,CM,CM,CM,CM,CM,CM,CM,CM,CM,CM,CM,CM,CM,CM,CM,CM,CM,CM,CM,CM,CM,CM,CM,CM,CM,CM,CM,CM,CM,CM,CM,CM,CM,CM,CM,CM,CM,CM,CM,CM,CM,CM,CM
ORG 628,,,,,,,,,,,,,,,,,,,,,,CM,CM,CM,CM,CM,CM,CM,CM,CM,CM,CM,CM,CM,CM,CM,CM,CM,CM,CM,CM,CM,CM,CM,CM,CM,CM,CM,CM,CM,CM,CM,CM,CM,CM,CM,CM,CM,CM,CM,CM,CM,CM,CM,CM,CM,CM,CM,CM,CM,CM,CM,CM,CM,CM,CM,CM,CM,CM,CM,CM,CM
ORG 629,,,,,,,,,,,,,,,,,,,,,,CM,CM,CM,CM,CM,CM,CM,CM,CM,CM,CM,CM,CM,CM,CM,CM,CM,CM,CM,CM,CM,CM,CM,CM,CM,CM,CM,CM,CM,CM,CM,CM,CM,CM,CM,CM,CM,CM,CM,CM,CM,CM,CM,CM,CM,CM,CM,CM,CM,CM,CM,CM,CM,CM,CM,CM,CM,CM,CM,CM,CM
ORG 630,,,,,,,,,,,,,,,,,,,,,,CM,CM,CM,CM,CM,CM,CM,CM,CM,CM,CM,CM,CM,CM,CM,CM,CM,CM,CM,CM,CM,CM,CM,CM,CM,CM,CM,CM,CM,CM,CM,CM,CM,CM,CM,CM,CM,CM,CM,CM,CM,CM,CM,CM,CM,CM,CM,CM,CM,CM,CM,CM,CM,CM,CM,CM,CM,CM,CM,CM,CM
ORG 631,,,,,,,,,,,,,,,,,,,,,,CM,CM,CM,CM,CM,CM,CM,CM,CM,CM,CM,CM,CM,CM,CM,CM,CM,CM,CM,CM,CM,CM,CM,CM,CM,CM,CM,CM,CM,CM,CM,CM,CM,CM,CM,CM,CM,CM,CM,CM,CM,CM,CM,CM,CM,CM,CM,CM,CM,CM,CM,CM,CM,CM,CM,CM,CM,CM,CM,CM,CM
ORG 632,,,,,,,,,,,,,,,,,,,,,,CM,CM,CM,CM,CM,CM,CM,CM,CM,CM,CM,CM,CM,CM,CM,CM,CM,CM,CM,CM,CM,CM,CM,CM,CM,CM,CM,CM,CM,CM,CM,CM,CM,CM,CM,CM,CM,CM,CM,CM,CM,CM,CM,CM,CM,CM,CM,CM,CM,CM,CM,CM,CM,CM,CM,CM,CM,CM,CM,CM,CM
ORG 690,,,,,,,,,,,,,,,,,,,,,,CM,CM,CM,CM,CM,CM,CM,CM,CM,CM,CM,CM,CM,CM,CM,CM,CM,CM,CM,CM,CM,CM,CM,CM,CM,CM,CM,CM,CM,CM,CM,CM,CM,CM,CM,CM,CM,CM,CM,CM,CM,CM,CM,CM,CM,CM,CM,CM,CM,CM,CM,CM,CM,CM,CM,CM,CM,CM,CM,CM,CM