"History - With Master's Degree","199901","199902","199903","200001","200002","200003","200101","200102","200103","200201","200202","200203","200301","200302","200303","200401","200402","200403","200501","200502","200503","200601","200602","200603","200701","200702","200703","200801","200802","200803","200901","200902","200903","201001","201002","201003","201101","201102","201103","201201","201202","201203","201301","201302","201303","201401","201402","201403","201501","201502","201503","201601","201602","201603","201701","201702","201703","201801","201802","201803","201901","201902","201903","202001","202002","202003","202101","202102","202103","202201","202202","202203","202301","202302","202303","202401","202402","202403","202501","202502","202503","202601"
Requirement:credits,39,39,39,39,39,39,39,39,39,39,39,39,39,39,39,39,39,39,39,39,39,36,36,36,36,36,36,36,36,36,36,36,36,36,36,36,36,36,36,36,36,36,36,36,36,36,36,36,36,36,36,36,36,36,36,36,36,36,36,36,36,36,36,36,36,36,36,36,36,36,36,36,36,36,36,36,36,36,36,36,36,36
Requirement:courses,15,15,15,15,15,15,15,15,15,15,15,15,15,15,15,15,15,15,15,15,15,14,14,14,14,14,14,14,14,14,14,14,14,14,14,14,14,14,14,14,14,14,14,14,14,18,18,18,18,18,18,18,18,18,18,18,18,18,18,18,18,18,18,18,18,18,18,18,18,18,18,18,15,15,15,15,15,15,15,15,15,15
Requirement:ECTS,,,,,,,,,,,,,,,,,,,,,,,,,240,240,240,240,240,240,240,240,240,240,240,240,240,240,240,240,240,240,240,240,240,268,268,268,268,268,268,268,268,268,268,268,268,268,268,268,268,268,268,268,268,268,268,268,268,268,268,268,247,247,247,247,247,247,247,247,247,247
HIST 699,DS,DS,DS,DS,DS,DS,DS,DS,DS,DS,DS,DS,DS,DS,DS,DS,DS,DS,DS,DS,DS,DS,DS,DS,DS,DS,DS,DS,DS,DS,DS,DS,DS,DS,DS,DS,DS,DS,DS,DS,DS,DS,DS,DS,DS,DS,DS,DS,DS,DS,DS,DS,DS,DS,DS,DS,DS,DS,DS,DS,DS,DS,DS,DS,DS,DS,DS,DS,DS,DS,DS,DS,DS,DS,DS,DS,DS,DS,DS,DS,DS,DS
HIST 511,R,R,R,R,R,R,R,R,R,R,R,R,R,R,R,R,R,R,R,R,R,R,R,R,R,R,R,R,R,R,R,R,R,R,R,R,R,R,R,R,R,R,R,R,R,R,R,R,R,R,R,R,R,R,R,R,R,R,R,R,R,R,R,R,R,R,R,R,R,R,R,R,R,R,R,R,R,R,R,R,R,R
HIST 512,R,R,R,R,R,R,R,R,R,R,R,R,R,R,R,R,R,R,R,R,R,R,R,R,R,R,R,R,R,R,R,R,R,R,R,R,R,R,R,R,R,R,R,R,R,R,R,R,R,R,R,R,R,R,R,R,R,R,R,R,R,R,R,R,R,R,R,R,R,R,R,R,R,R,R,R,R,R,R,R,R,R
HIST 600,R,R,R,R,R,R,R,R,R,R,R,R,R,R,R,R,R,R,R,R,R,R,R,R,R,R,R,R,R,R,R,R,R,R,R,R,R,R,R,R,R,R,R,R,R,R,R,R,R,R,R,R,R,R,R,R,R,R,R,R,R,R,R,R,R,R,R,R,R,R,R,R,R,R,R,R,R,R,R,R,R,R
HART 624,CCore Electives,CCore Electives,CCore Electives,CCore Electives,CCore Electives,CCore Electives,CIII,CIII,CIII,CIII,CIII,CIII,CIII,CIII,CIII,CIII,CIII,CIII,CIII,CIII,CIII,A,A,,,,,,,,,,,,,,,,,,,,,,,,,,,,,,,,,,,,,,,,,,,,,,,,,,,,,,,,,,,
HIST 549,CCore Electives,CCore Electives,CCore Electives,CCore Electives,CCore Electives,CCore Electives,CII,CII,CII,CII,CII,CII,CII,CII,CII,CII,CII,CII,CII,CII,CII,CII,CII,CII,CII,CII,CII,CII,CII,CII,CII,CII,CII,CII,CII,CII,CII,CII,CII,CII,CII,CII,CII,CII,CII,CII,CII,CII,CII,CII,CII,CII,CII,CII,,,,,,,,,,,,,,,,,,,,,,,,,,,,
HIST 561,CCore Electives,CCore Electives,CCore Electives,CCore Electives,CCore Electives,CCore Electives,CII,CII,CII,CII,CII,CII,CII,CII,CII,CII,CII,CII,CII,CII,CII,CII,CII,CII,CII,CII,CII,CII,CII,CII,CII,CII,CII,CII,CII,CII,CII,CII,CII,CII,CII,CII,CII,CII,CII,CII,CII,CII,CII,CII,CII,CII,CII,CII,CII,CII,CII,CII,CII,CII,CII,CII,CII,CII,CII,CII,CII,CII,CII,CII,CII,CII,CII,CII,CII,CII,CII,CII,CII,CII,CII,CII
HIST 572,CCore Electives,CCore Electives,CCore Electives,CCore Electives,CCore Electives,CCore Electives,CII,CII,CII,CII,CII,CII,CII,CII,CII,CII,CII,CII,CII,CII,CII,CII,CII,CII,CII,CII,CII,CII,CII,CII,CII,CII,CII,CII,CII,CII,CII,CII,CII,CII,CII,CII,CII,CII,CII,CII,CII,CII,CII,CII,CII,CII,CII,CII,CII,CII,CII,CII,CII,CII,CII,CII,CII,CII,CII,CII,CII,CII,CII,CII,CII,CII,CII,CII,CII,CII,CII,CII,CII,CII,CII,CII
HIST 581,CCore Electives,CCore Electives,CCore Electives,CCore Electives,CCore Electives,CCore Electives,CII,CII,CII,CII,CII,CII,CII,CII,CII,CII,CII,CII,CII,CII,CII,CII,CII,CII,CII,CII,CII,CII,CII,CII,CII,CII,CII,CII,CII,CII,CII,CII,CII,CII,CII,CII,CII,CII,CII,CII,CII,CII,CII,CII,CII,CII,CII,CII,CII,CII,CII,CII,CII,CII,CII,CII,CII,CII,CII,CII,CII,CII,CII,CII,CII,CII,CII,CII,CII,CII,CII,CII,CII,CII,CII,CII
HIST 591,CCore Electives,CCore Electives,CCore Electives,CCore Electives,CCore Electives,CCore Electives,CII,CII,CII,CII,CII,CII,CII,CII,CII,CII,CII,CII,CII,CII,CII,CII,CII,CII,CII,CII,CII,CII,CII,CII,CII,CII,CII,CII,CII,CII,CII,CII,CII,CII,CII,CII,CII,CII,CII,CII,CII,CII,CII,CII,CII,CII,CII,CII,CII,CII,CII,CII,CII,CII,CII,CII,CII,CII,CII,CII,CII,CII,CII,CII,CII,CII,CII,CII,CII,CII,CII,CII,CII,CII,CII,CII
HIST 592,CCore Electives,CCore Electives,CCore Electives,CCore Electives,CCore Electives,CCore Electives,CII,CII,CII,CII,CII,CII,CII,CII,CII,CII,CII,CII,CII,CII,CII,CII,CII,CII,CII,CII,CII,CII,CII,CII,CII,CII,CII,CII,CII,CII,CII,CII,CII,CII,CII,CII,CII,CII,CII,CII,CII,CII,CII,CII,CII,CII,CII,CII,CII,CII,CII,CII,CII,CII,CII,CII,CII,CII,CII,CII,CII,CII,CII,CII,CII,CII,CII,CII,CII,,,,,,,
HIST 609,CCore Electives,CCore Electives,CCore Electives,CCore Electives,CCore Electives,CCore Electives,CIII,CIII,CIII,CIII,CIII,CIII,CIII,CIII,CIII,CIII,CIII,CIII,CIII,CIII,CIII,CIII,CIII,CIII,CIII,CIII,CIII,CIII,CIII,CIII,CIII,CIII,CIII,CIII,CIII,CIII,CIII,CIII,CIII,CIII,CIII,CIII,CIII,CIII,CIII,CIII,CIII,CIII,CIII,CIII,CIII,CIII,CIII,CIII,CIII,CIII,CIII,CIII,CIII,CIII,CIII,CIII,CIII,CIII,CIII,CIII,CIII,CIII,CIII,CIII,CIII,CIII,CIII,CIII,CIII,CIII,CIII,CIII,CIII,CIII,CIII,CIII
HIST 611,CCore Electives,CCore Electives,CCore Electives,CCore Electives,CCore Electives,CCore Electives,CIII,CIII,CIII,CIII,CIII,CIII,CIII,CIII,CIII,CIII,CIII,CIII,CIII,CIII,CIII,CIII,CIII,CIII,CIII,CIII,CIII,CIII,CIII,CIII,CIII,CIII,CIII,CIII,CIII,CIII,CIII,CIII,CIII,CIII,CIII,CIII,CIII,CIII,CIII,CIII,CIII,CIII,CIII,CIII,CIII,CIII,CIII,CIII,,,,,,,,,,,,,,,,,,,,,,,,,,,,
HIST 613,CCore Electives,CCore Electives,CCore Electives,CCore Electives,CCore Electives,CCore Electives,CIII,CIII,CIII,CIII,CIII,CIII,CIII,CIII,CIII,CIII,CIII,CIII,CIII,CIII,CIII,CIII,CIII,CIII,CIII,CIII,CIII,CIII,CIII,CIII,CIII,CIII,CIII,CIII,CIII,CIII,CIII,CIII,CIII,CIII,CIII,CIII,CIII,CIII,CIII,CIII,CIII,CIII,CIII,CIII,CIII,CIII,CIII,CIII,CIII,CIII,CIII,CIII,CIII,CIII,CIII,CIII,CIII,CIII,CIII,CIII,CIII,CIII,CIII,CIII,CIII,CIII,CIII,CIII,CIII,CIII,CIII,CIII,CIII,CIII,CIII,CIII
HIST 621,CCore Electives,CCore Electives,CCore Electives,CCore Electives,CCore Electives,CCore Electives,CIII,CIII,CIII,CIII,CIII,CIII,CIII,CIII,CIII,CIII,CIII,CIII,CIII,CIII,CIII,CIII,CIII,CIII,CIII,CIII,CIII,CIII,CIII,CIII,CIII,CIII,CIII,CIII,CIII,CIII,CIII,CIII,CIII,CIII,CIII,CIII,CIII,CIII,CIII,CIII,CIII,CIII,CIII,CIII,CIII,CIII,CIII,CIII,,,,,,,,,,,,,,,,,,,,,,,,,,,,
HIST 623,CCore Electives,CCore Electives,CCore Electives,CCore Electives,CCore Electives,CCore Electives,CIII,CIII,CIII,CIII,CIII,CIII,CIII,CIII,CIII,CIII,CIII,CIII,CIII,CIII,CIII,CIII,CIII,CIII,CIII,CIII,CIII,CIII,CIII,CIII,CIII,CIII,CIII,CIII,CIII,CIII,CIII,CIII,CIII,CIII,CIII,CIII,CIII,CIII,CIII,CIII,CIII,CIII,CIII,CIII,CIII,CIII,CIII,CIII,CIII,CIII,CIII,CIII,CIII,CIII,CIII,CIII,CIII,CIII,CIII,CIII,CIII,CIII,CIII,CIII,,,,,,,,,,,,
HIST 647,CCore Electives,CCore Electives,CCore Electives,CCore Electives,CCore Electives,CCore Electives,CIII,CIII,CIII,CIII,CIII,CIII,CIII,CIII,CIII,CIII,CIII,CIII,CIII,CIII,CIII,CIII,CIII,CIII,CIII,CIII,CIII,CIII,CIII,CIII,CIII,CIII,CIII,CIII,CIII,CIII,CIII,CIII,CIII,CIII,CIII,CIII,CIII,CIII,CIII,CIII,CIII,CIII,CIII,CIII,CIII,CIII,CIII,CIII,,,,,,,,,,,,,,,,,,,,,,,,,,,,
HIST 650,CCore Electives,CCore Electives,CCore Electives,CCore Electives,CCore Electives,CCore Electives,CIII,CIII,CIII,CIII,CIII,CIII,CIII,CIII,CIII,CIII,CIII,CIII,CIII,CIII,CIII,CIII,CIII,CIII,CIII,CIII,CIII,CIII,CIII,CIII,CIII,CIII,CIII,CIII,CIII,CIII,CIII,CIII,CIII,CIII,CIII,CIII,CIII,CIII,CIII,CIII,CIII,CIII,CIII,CIII,CIII,CIII,CIII,CIII,CIII,CIII,CIII,CIII,CIII,CIII,CIII,CIII,CIII,CIII,CIII,CIII,CIII,CIII,CIII,CIII,,,,,,,,,,,,
HIST 652,CCore Electives,CCore Electives,CCore Electives,CCore Electives,CCore Electives,CCore Electives,CIII,CIII,CIII,CIII,CIII,CIII,CIII,CIII,CIII,CIII,CIII,CIII,CIII,CIII,CIII,CIII,CIII,CIII,CIII,CIII,CIII,CIII,CIII,CIII,CIII,CIII,CIII,CIII,CIII,CIII,CIII,CIII,CIII,CIII,CIII,CIII,CIII,CIII,CIII,CIII,CIII,CIII,CIII,CIII,CIII,CIII,CIII,CIII,,,,,,,,,,,,,,,,,,,,,,,,,,,,
HIST 669,CCore Electives,CCore Electives,CCore Electives,CCore Electives,CCore Electives,CCore Electives,CIII,CIII,CIII,CIII,CIII,CIII,CIII,CIII,CIII,CIII,CIII,CIII,CIII,CIII,CIII,CIII,CIII,CIII,CIII,CIII,CIII,CIII,CIII,CIII,CIII,CIII,CIII,CIII,CIII,CIII,CIII,CIII,CIII,CIII,CIII,CIII,CIII,CIII,CIII,CIII,CIII,CIII,CIII,CIII,CIII,CIII,CIII,CIII,CIII,CIII,CIII,CIII,CIII,CIII,CIII,CIII,CIII,CIII,CIII,CIII,CIII,CIII,CIII,CIII,,,,,,,,,,,,
HIST 671,CCore Electives,CCore Electives,CCore Electives,CCore Electives,CCore Electives,CCore Electives,CIII,CIII,CIII,CIII,CIII,CIII,CIII,CIII,CIII,CIII,CIII,CIII,CIII,CIII,CIII,CIII,CIII,CIII,CIII,CIII,CIII,CIII,CIII,CIII,CIII,CIII,CIII,CIII,CIII,CIII,CIII,CIII,CIII,CIII,CIII,CIII,CIII,CIII,CIII,CIII,CIII,CIII,CIII,CIII,CIII,CIII,CIII,CIII,CIII,CIII,CIII,CIII,CIII,CIII,CIII,CIII,CIII,CIII,CIII,CIII,CIII,CIII,CIII,CIII,,,,,,,,,,,,
HIST 682,CCore Electives,CCore Electives,CCore Electives,CCore Electives,CCore Electives,CCore Electives,CIII,CIII,CIII,CIII,CIII,CIII,CIII,CIII,CIII,CIII,CIII,CIII,CIII,CIII,CIII,CIII,CIII,CIII,CIII,CIII,CIII,CIII,CIII,CIII,CIII,CIII,CIII,CIII,CIII,CIII,CIII,CIII,CIII,CIII,CIII,CIII,CIII,CIII,CIII,CIII,CIII,CIII,CIII,CIII,CIII,CIII,CIII,CIII,CIII,CIII,CIII,CIII,CIII,CIII,CIII,CIII,CIII,CIII,CIII,CIII,CIII,CIII,CIII,CIII,CIII,CIII,CIII,CIII,CIII,CIII,CIII,CIII,CIII,CIII,CIII,CIII
HIST 689,CCore Electives,CCore Electives,CCore Electives,CCore Electives,CCore Electives,CCore Electives,CIII,CIII,CIII,CIII,CIII,CIII,CIII,CIII,CIII,CIII,CIII,CIII,CIII,CIII,CIII,CIII,CIII,CIII,CIII,CIII,CIII,CIII,CIII,CIII,CIII,CIII,CIII,CIII,CIII,CIII,CIII,CIII,CIII,CIII,CIII,CIII,CIII,CIII,CIII,CIII,CIII,CIII,CIII,CIII,CIII,CIII,CIII,CIII,CIII,CIII,CIII,CIII,CIII,CIII,CIII,CIII,CIII,CIII,CIII,CIII,CIII,CIII,CIII,CIII,,,,,,,,,,,,
HIST 692,CCore Electives,CCore Electives,CCore Electives,CCore Electives,CCore Electives,CCore Electives,CIII,CIII,CIII,CIII,CIII,CIII,CIII,CIII,CIII,CIII,CIII,CIII,CIII,CIII,CIII,CIII,CIII,CIII,CIII,CIII,CIII,CIII,CIII,CIII,CIII,CIII,CIII,CIII,CIII,CIII,CIII,CIII,CIII,CIII,CIII,CIII,CIII,CIII,CIII,CIII,CIII,CIII,CIII,CIII,CIII,CIII,CIII,CIII,CIII,CIII,CIII,CIII,CIII,CIII,CIII,CIII,CIII,CIII,CIII,CIII,CIII,CIII,CIII,CIII,CIII,CIII,CIII,CIII,CIII,CIII,CIII,CIII,CIII,CIII,CIII,CIII
HIST 694,CCore Electives,CCore Electives,CCore Electives,CCore Electives,CCore Electives,CCore Electives,CIII,CIII,CIII,CIII,CIII,CIII,CIII,CIII,CIII,CIII,CIII,CIII,CIII,CIII,CIII,CIII,CIII,CIII,CIII,CIII,CIII,CIII,CIII,CIII,CIII,CIII,CIII,CIII,CIII,CIII,CIII,CIII,CIII,CIII,CIII,CIII,CIII,CIII,CIII,CIII,CIII,CIII,CIII,CIII,CIII,CIII,CIII,CIII,,,,,,,,,,,,,,,,,,,,,,,,,,,,
HIST 695,CCore Electives,CCore Electives,CCore Electives,CCore Electives,CCore Electives,CCore Electives,CIII,CIII,CIII,CIII,CIII,CIII,CIII,CIII,CIII,CIII,CIII,CIII,CIII,CIII,CIII,CIII,CIII,CIII,CIII,CIII,CIII,CIII,CIII,CIII,CIII,CIII,CIII,CIII,CIII,CIII,CIII,CIII,CIII,CIII,CIII,CIII,CIII,CIII,CIII,CIII,CIII,CIII,CIII,CIII,CIII,CIII,CIII,CIII,CIII,CIII,CIII,CIII,CIII,CIII,CIII,CIII,CIII,CIII,CIII,CIII,CIII,CIII,CIII,CIII,,,,,,,,,,,,
HIST 696,CCore Electives,CCore Electives,CCore Electives,CCore Electives,CCore Electives,CCore Electives,CIII,CIII,CIII,CIII,CIII,CIII,CIII,CIII,CIII,CIII,CIII,CIII,CIII,CIII,CIII,CIII,CIII,CIII,CIII,CIII,CIII,CIII,CIII,CIII,CIII,CIII,CIII,CIII,CIII,CIII,CIII,CIII,CIII,CIII,CIII,CIII,CIII,CIII,CIII,CIII,CIII,CIII,CIII,CIII,CIII,CIII,CIII,CIII,CIII,CIII,CIII,CIII,CIII,CIII,CIII,CIII,CIII,CIII,CIII,CIII,CIII,CIII,CIII,CIII,,,,,,,,,,,,
HIST 697,CCore Electives,CCore Electives,CCore Electives,CCore Electives,CCore Electives,CCore Electives,CIII,CIII,CIII,CIII,CIII,CIII,CIII,CIII,CIII,CIII,CIII,CIII,CIII,CIII,CIII,CIII,CIII,CIII,CIII,CIII,CIII,CIII,CIII,CIII,CIII,CIII,CIII,CIII,CIII,CIII,CIII,CIII,CIII,CIII,CIII,CIII,CIII,CIII,CIII,CIII,CIII,CIII,CIII,CIII,CIII,CIII,CIII,CIII,CIII,CIII,CIII,CIII,CIII,CIII,CIII,CIII,CIII,CIII,CIII,CIII,CIII,CIII,CIII,CIII,,,,,,,,,,,,
HIST 702,CCore Electives,CCore Electives,CCore Electives,CCore Electives,CCore Electives,CCore Electives,CIV,CIV,CIV,CIV,CIV,CIV,CIV,CIV,CIV,CIV,CIV,CIV,CIV,CIV,CIV,CIV,CIV,CIV,CIV,CIV,CIV,CIV,CIV,CIV,CIV,CIV,CIV,CIV,CIV,CIV,CIV,CIV,CIV,CIV,CIV,CIV,CIV,CIV,CIV,CIV,CIV,CIV,CIV,CIV,CIV,CIV,CIV,CIV,CIV,CIV,CIV,CIV,CIV,CIV,CIV,CIV,CIV,CIV,CIV,CIV,CIV,CIV,CIV,CIV,CIV,CIV,CIV,CIV,CIV,CIV,CIV,CIV,CIV,CIV,CIV,CIV
HIST 712,CCore Electives,CCore Electives,CCore Electives,CCore Electives,CCore Electives,CCore Electives,CIV,CIV,CIV,CIV,CIV,CIV,CIV,CIV,CIV,CIV,CIV,CIV,CIV,CIV,CIV,CIV,CIV,CIV,CIV,CIV,CIV,CIV,CIV,CIV,CIV,CIV,CIV,CIV,CIV,CIV,CIV,CIV,CIV,CIV,CIV,CIV,CIV,CIV,CIV,CIV,CIV,CIV,CIV,CIV,CIV,CIV,CIV,CIV,CIV,CIV,CIV,CIV,CIV,CIV,CIV,CIV,CIV,CIV,CIV,CIV,CIV,CIV,CIV,CIV,CIV,CIV,CIV,CIV,CIV,CIV,CIV,CIV,CIV,CIV,CIV,CIV
HIST 714,CCore Electives,CCore Electives,CCore Electives,CCore Electives,CCore Electives,CCore Electives,CIV,CIV,CIV,CIV,CIV,CIV,CIV,CIV,CIV,CIV,CIV,CIV,CIV,CIV,CIV,CIV,CIV,CIV,CIV,CIV,CIV,CIV,CIV,CIV,CIV,CIV,CIV,CIV,CIV,CIV,CIV,CIV,CIV,CIV,CIV,CIV,CIV,CIV,CIV,CIV,CIV,CIV,CIV,CIV,CIV,CIV,CIV,CIV,CIV,CIV,CIV,CIV,CIV,CIV,CIV,CIV,CIV,CIV,CIV,CIV,CIV,CIV,CIV,CIV,CIV,CIV,CIV,CIV,CIV,CIV,CIV,CIV,CIV,CIV,CIV,CIV
HIST 715,CCore Electives,CCore Electives,CCore Electives,CCore Electives,CCore Electives,CCore Electives,CIV,CIV,CIV,CIV,CIV,CIV,CIV,CIV,CIV,CIV,CIV,CIV,CIV,CIV,CIV,CIV,CIV,CIV,CIV,CIV,CIV,CIV,CIV,CIV,CIV,CIV,CIV,CIV,CIV,CIV,CIV,CIV,CIV,CIV,CIV,CIV,CIV,CIV,CIV,CIV,CIV,CIV,CIV,CIV,CIV,CIV,CIV,CIV,CIV,CIV,CIV,CIV,CIV,CIV,CIV,CIV,CIV,CIV,CIV,CIV,CIV,CIV,CIV,CIV,CIV,CIV,CIV,CIV,CIV,CIV,CIV,CIV,CIV,CIV,CIV,CIV
HIST 742,CCore Electives,CCore Electives,CCore Electives,CCore Electives,CCore Electives,CCore Electives,CIV,CIV,CIV,CIV,CIV,CIV,CIV,CIV,CIV,CIV,CIV,CIV,CIV,CIV,CIV,CIV,CIV,CIV,CIV,CIV,CIV,CIV,CIV,CIV,CIV,CIV,CIV,CIV,CIV,CIV,CIV,CIV,CIV,CIV,CIV,CIV,CIV,CIV,CIV,CIV,CIV,CIV,CIV,CIV,CIV,CIV,CIV,CIV,CIV,CIV,CIV,CIV,CIV,CIV,CIV,CIV,CIV,CIV,CIV,CIV,CIV,CIV,CIV,CIV,CIV,CIV,CIV,CIV,CIV,CIV,CIV,CIV,CIV,CIV,CIV,CIV
HIST 751,CCore Electives,CCore Electives,CCore Electives,CCore Electives,CCore Electives,CCore Electives,CIV,CIV,CIV,CIV,CIV,CIV,CIV,CIV,CIV,CIV,CIV,CIV,CIV,CIV,CIV,CIV,CIV,CIV,CIV,CIV,CIV,CIV,CIV,CIV,CIV,CIV,CIV,CIV,CIV,CIV,CIV,CIV,CIV,CIV,CIV,CIV,CIV,CIV,CIV,CIV,CIV,CIV,CIV,CIV,CIV,CIV,CIV,CIV,CIV,CIV,CIV,CIV,CIV,CIV,CIV,CIV,CIV,CIV,CIV,CIV,CIV,CIV,CIV,CIV,CIV,CIV,CIV,CIV,CIV,CIV,CIV,CIV,CIV,CIV,CIV,CIV
HIST 762,CCore Electives,CCore Electives,CCore Electives,CCore Electives,CCore Electives,CCore Electives,CIV,CIV,CIV,CIV,CIV,CIV,CIV,CIV,CIV,CIV,CIV,CIV,CIV,CIV,CIV,CIV,CIV,CIV,CIV,CIV,CIV,CIV,CIV,CIV,CIV,CIV,CIV,CIV,CIV,CIV,CIV,CIV,CIV,CIV,CIV,CIV,CIV,CIV,CIV,CIV,CIV,CIV,CIV,CIV,CIV,CIV,CIV,CIV,CIV,CIV,CIV,CIV,CIV,CIV,CIV,CIV,CIV,CIV,CIV,CIV,CIV,CIV,CIV,CIV,CIV,CIV,CIV,CIV,CIV,CIV,CIV,CIV,CIV,CIV,CIV,CIV
HIST 771,CCore Electives,CCore Electives,CCore Electives,CCore Electives,CCore Electives,CCore Electives,CIV,CIV,CIV,CIV,CIV,CIV,CIV,CIV,CIV,CIV,CIV,CIV,CIV,CIV,CIV,CIV,CIV,CIV,CIV,CIV,CIV,CIV,CIV,CIV,CIV,CIV,CIV,CIV,CIV,CIV,CIV,CIV,CIV,CIV,CIV,CIV,CIV,CIV,CIV,CIV,CIV,CIV,CIV,CIV,CIV,CIV,CIV,CIV,CIV,CIV,CIV,CIV,CIV,CIV,CIV,CIV,CIV,CIV,CIV,CIV,CIV,CIV,CIV,CIV,CIV,CIV,CIV,CIV,CIV,CIV,CIV,CIV,CIV,CIV,CIV,CIV
HIST 781,CCore Electives,CCore Electives,CCore Electives,CCore Electives,CCore Electives,CCore Electives,CIV,CIV,CIV,CIV,CIV,CIV,CIV,CIV,CIV,CIV,CIV,CIV,CIV,CIV,CIV,CIV,CIV,CIV,CIV,CIV,CIV,CIV,CIV,CIV,CIV,CIV,CIV,CIV,CIV,CIV,CIV,CIV,CIV,CIV,CIV,CIV,CIV,CIV,CIV,CIV,CIV,CIV,CIV,CIV,CIV,CIV,CIV,CIV,CIV,CIV,CIV,CIV,CIV,CIV,CIV,CIV,CIV,CIV,CIV,CIV,CIV,CIV,CIV,CIV,CIV,CIV,CIV,CIV,CIV,CIV,CIV,CIV,CIV,CIV,CIV,CIV
HIST 791,CCore Electives,CCore Electives,CCore Electives,CCore Electives,CCore Electives,CCore Electives,CIV,CIV,CIV,CIV,CIV,CIV,CIV,CIV,CIV,CIV,CIV,CIV,CIV,CIV,CIV,CIV,CIV,CIV,CIV,CIV,CIV,CIV,CIV,CIV,CIV,CIV,CIV,CIV,CIV,CIV,CIV,CIV,CIV,CIV,CIV,CIV,CIV,CIV,CIV,CIV,CIV,CIV,CIV,CIV,CIV,CIV,CIV,CIV,CIV,CIV,CIV,CIV,CIV,CIV,CIV,CIV,CIV,CIV,CIV,CIV,CIV,CIV,CIV,CIV,CIV,CIV,CIV,CIV,CIV,CIV,CIV,CIV,CIV,CIV,CIV,CIV
HIST 799,CCore Electives,CCore Electives,CCore Electives,CCore Electives,CCore Electives,CCore Electives,CIV,CIV,CIV,CIV,CIV,CIV,CIV,CIV,CIV,CIV,CIV,CIV,CIV,CIV,CIV,CIV,CIV,CIV,CIV,CIV,CIV,CIV,CIV,CIV,CIV,CIV,CIV,CIV,CIV,CIV,CIV,CIV,CIV,CIV,CIV,CIV,CIV,CIV,CIV,CIV,CIV,CIV,CIV,CIV,CIV,CIV,CIV,CIV,CIV,CIV,CIV,CIV,CIV,CIV,CIV,CIV,CIV,CIV,CIV,CIV,CIV,CIV,CIV,CIV,CIV,CIV,CIV,CIV,CIV,CIV,CIV,CIV,CIV,CIV,CIV,CIV
LIT 624,CCore Electives,CCore Electives,CCore Electives,CCore Electives,CCore Electives,CCore Electives,F,F,F,F,F,F,F,F,F,F,F,F,F,,,,,,,,,,,,,,,,,,,,,,,,,,,,,,,,,,,,,,,,,,,,,,,,,,,,,,,,,,,,,,,
LIT 692,CCore Electives,CCore Electives,CCore Electives,CCore Electives,CCore Electives,CCore Electives,CIII,CIII,CIII,CIII,CIII,CIII,CIII,CIII,CIII,CIII,CIII,CIII,CIII,CIII,CIII,CIII,CIII,CIII,CIII,CIII,CIII,CIII,CIII,CIII,CIII,CIII,CIII,CIII,CIII,CIII,CIII,CIII,CIII,CIII,CIII,CIII,CIII,CIII,CIII,CIII,CIII,CIII,CIII,CIII,CIII,CIII,CIII,CIII,CIII,CIII,CIII,CIII,CIII,CIII,CIII,,,,,,,,,,,,,,,,,,,,,
ARA 501,F,F,F,F,F,F,F,F,F,F,F,F,F,F,F,F,F,F,F,F,F,A,A,A,A,A,A,CI,CI,CI,CI,CI,CI,CI,CI,CI,CI,CI,CI,CI,CI,CI,,,,,,,,,,,,,,,,,,,,,,,,,,,,,,,,,,,,,,,,
ARA 502,F,F,F,F,F,F,F,F,F,F,F,F,F,F,F,F,F,F,F,F,F,A,A,A,A,A,A,CI,CI,CI,CI,CI,CI,CI,CI,CI,CI,CI,CI,CI,CI,CI,,,,,,,,,,,,,,,,,,,,,,,,,,,,,,,,,,,,,,,,
ARA 503,F,F,F,F,F,F,F,F,F,F,F,F,F,F,F,F,F,F,F,F,F,A,A,A,A,A,A,CI,CI,CI,CI,CI,CI,CI,CI,CI,CI,CI,CI,CI,CI,CI,,,,,,,,,,,,,,,,,,,,,,,,,,,,,,,,,,,,,,,,
ARA 504,F,F,F,F,F,F,F,F,F,F,F,F,F,F,F,F,F,F,F,F,F,A,A,A,A,A,A,CI,CI,CI,CI,CI,CI,CI,CI,CI,CI,CI,CI,CI,CI,CI,,,,,,,,,,,,,,,,,,,,,,,,,,,,,,,,,,,,,,,,
HART 511,F,F,F,F,F,F,F,F,F,F,F,F,F,F,F,F,F,F,F,F,F,A,A,A,A,A,A,A,A,A,A,A,A,A,A,A,A,A,A,A,A,A,A,A,A,A,A,A,A,A,A,A,A,A,A,A,A,A,A,A,A,A,A,A,A,A,A,A,A,A,,,,,,,,,,,,
HART 523,F,F,F,F,F,F,F,F,F,F,F,F,F,F,F,F,F,F,F,F,F,A,A,,,,,,,,,,,,,,,,,,,,,,,,,,,,,,,,,,,,,,,,,,,,,,,,,,,,,,,,,,,
HART 531,F,F,F,F,F,F,F,F,F,F,F,F,F,F,F,F,F,F,F,F,F,A,A,A,A,A,A,A,A,A,A,A,A,A,A,A,A,,,,,,,,,,,,,,,,,,,,,,,,,,,,,,,,,,,,,,,,,,,,,
HART 533,F,F,F,F,F,F,F,F,F,F,F,F,F,F,F,F,F,F,,,,,,,,,,,,,,,,,,,,,,,,,,,,,,,,,,,,,,,,,,,,,,,,,,,,,,,,,,,,,,,,
HART 623,F,F,F,F,F,F,F,F,F,F,F,F,F,F,F,F,F,F,F,F,F,CIII,CIII,CIII,CIII,CIII,CIII,CIII,CIII,CIII,CIII,CIII,CIII,CIII,CIII,CIII,CIII,CIII,CIII,CIII,CIII,CIII,CIII,CIII,CIII,CIII,CIII,CIII,CIII,CIII,CIII,CIII,CIII,CIII,,,,,,,,,,,,,,,,,,,,,,,,,,,,
HART 626,F,F,F,F,F,F,F,F,F,F,F,F,F,F,F,F,F,F,F,F,F,CIII,CIII,CIII,CIII,CIII,CIII,CIII,CIII,CIII,CIII,CIII,CIII,CIII,CIII,CIII,CIII,CIII,CIII,CIII,CIII,CIII,CIII,CIII,CIII,CIII,CIII,CIII,CIII,CIII,CIII,CIII,CIII,CIII,,,,,,,,,,,,,,,,,,,,,,,,,,,,
HIST 501,F,F,F,F,F,F,F,F,F,F,F,F,F,F,F,F,F,F,F,F,F,A,A,A,A,A,A,A,A,A,A,A,A,A,A,A,A,A,A,A,A,A,A,A,A,A,A,A,A,A,A,A,A,A,A,A,A,A,A,A,A,A,A,A,A,A,A,A,A,A,A,A,A,A,A,A,A,A,A,A,A,A
HIST 502,F,F,F,F,F,F,F,F,F,F,F,F,F,F,F,F,F,F,F,F,F,A,A,A,A,A,A,A,A,A,A,A,A,A,A,A,A,A,A,A,A,A,A,A,A,A,A,A,A,A,A,A,A,A,A,A,A,A,A,A,A,A,A,A,A,A,A,A,A,A,A,A,A,A,A,A,A,A,A,A,A,A
HIST 513,F,F,F,F,F,F,F,F,F,F,F,F,F,F,F,F,F,F,F,F,F,A,A,A,A,A,A,A,A,A,A,A,A,A,A,A,A,A,A,A,A,A,A,A,A,A,A,A,A,A,A,A,A,A,A,A,A,A,A,A,A,A,A,A,A,A,A,A,A,A,,,,,,,,,,,,
HIST 514,F,F,F,F,F,F,F,F,F,F,F,F,F,F,F,F,F,F,F,F,F,A,A,A,A,A,A,A,A,A,A,A,A,A,A,A,A,A,A,A,A,A,A,A,A,A,A,A,A,A,A,A,A,A,A,A,A,A,A,A,A,A,A,A,A,A,A,A,A,A,,,,,,,,,,,,
HIST 516,F,F,F,F,F,F,F,F,F,F,F,F,F,F,F,F,F,F,F,F,F,A,A,A,A,A,A,A,A,A,A,A,A,A,A,A,A,A,A,A,A,A,A,A,A,A,A,A,A,A,A,A,A,A,A,A,A,A,A,A,A,A,A,A,A,A,A,A,A,A,,,,,,,,,,,,
HIST 519,F,F,F,F,F,F,F,F,F,F,F,F,F,F,F,F,F,F,F,F,F,A,A,A,A,A,A,A,A,A,A,A,A,A,A,A,A,A,A,A,A,A,A,A,A,A,A,A,A,A,A,A,A,A,A,A,A,A,A,A,A,A,A,A,A,A,A,A,A,A,,,,,,,,,,,,
HIST 521,F,F,F,F,F,F,F,F,F,F,F,F,F,F,F,F,F,F,F,F,F,A,A,A,A,A,A,A,A,A,A,A,A,A,A,A,A,A,A,A,A,A,A,A,A,A,A,A,A,A,A,A,A,A,A,A,A,A,A,A,A,A,A,A,A,A,A,A,A,A,A,A,A,A,A,A,A,A,A,A,A,A
HIST 524,F,F,F,F,F,F,F,F,F,F,F,F,F,F,F,F,F,F,F,F,F,A,A,A,A,A,A,A,A,A,A,A,A,A,A,A,A,A,A,A,A,A,A,A,A,A,A,A,A,A,A,A,A,A,A,A,A,A,A,A,A,A,A,A,A,A,A,A,A,A,A,A,A,A,A,A,A,A,A,A,A,A
HIST 525,F,F,F,F,F,F,F,F,F,F,F,F,F,F,F,F,F,F,F,F,F,A,A,A,A,A,A,A,A,A,A,A,A,A,A,A,A,A,A,A,A,A,A,A,A,A,A,A,A,A,A,A,A,A,A,A,A,A,A,A,A,A,A,A,A,A,A,A,A,A,A,A,A,A,A,A,A,A,A,A,A,A
HIST 531,F,F,F,F,F,F,F,F,F,F,F,F,F,F,F,F,F,F,F,F,F,A,A,A,A,A,A,A,A,A,A,A,A,A,A,A,A,A,A,A,A,A,A,A,A,A,A,A,A,A,A,A,A,A,A,A,A,A,A,A,A,A,A,A,A,A,A,A,A,,,,,,,,,,,,,
HIST 547,F,F,F,F,F,F,F,F,F,F,F,F,F,F,F,F,F,F,F,F,F,A,A,A,A,A,A,A,A,A,A,A,A,A,A,A,A,A,A,A,A,A,A,A,A,A,A,A,A,A,A,A,A,A,A,A,A,A,A,A,A,A,A,A,A,A,A,A,A,A,,,,,,,,,,,,
HIST 553,F,F,F,F,F,F,F,F,F,F,F,F,F,F,F,F,F,F,F,F,F,A,A,A,A,A,A,A,A,A,A,A,A,A,A,A,A,A,A,A,A,A,A,A,A,A,A,A,A,A,A,A,A,A,A,A,A,A,A,A,A,A,A,A,A,A,A,A,A,A,,,,,,,,,,,,
HIST 555,F,F,F,F,F,F,F,F,F,F,F,F,F,F,F,F,F,F,F,F,F,A,A,A,A,A,A,A,A,A,A,A,A,A,A,A,A,A,A,A,A,A,A,A,A,A,A,A,A,A,A,A,A,A,A,A,A,A,A,A,A,A,A,A,A,A,A,A,A,A,,,,,,,,,,,,
HIST 556,F,F,F,F,F,F,F,F,F,F,F,F,F,F,F,F,F,F,F,F,F,A,A,A,A,A,A,A,A,A,A,A,A,A,A,A,A,A,A,A,A,A,A,A,A,A,A,A,A,A,A,A,A,A,A,A,A,A,A,A,A,A,A,A,A,A,A,A,A,A,,,,,,,,,,,,
HIST 588,F,F,F,F,F,F,F,F,F,F,F,F,F,F,F,F,F,F,F,F,F,A,A,A,A,A,A,A,A,A,A,A,A,A,A,A,A,A,A,A,A,A,A,A,A,A,A,A,A,A,A,A,A,A,A,A,A,A,A,A,A,A,A,A,A,A,A,A,A,A,,,,,,,,,,,,
HIST 596,F,F,F,F,F,F,F,F,F,F,F,F,F,F,F,F,F,F,F,F,F,A,A,A,A,A,A,A,A,A,A,A,A,A,A,A,A,A,A,A,A,A,A,A,A,A,A,A,A,A,A,A,A,A,A,A,A,A,A,A,A,A,A,A,A,A,A,A,A,A,,,,,,,,,,,,
HIST 597,F,F,F,F,F,F,F,F,F,F,F,F,F,F,F,F,F,F,F,F,F,A,A,A,A,A,A,A,A,A,A,A,A,A,A,A,A,A,A,A,A,A,A,A,A,A,A,A,A,A,A,A,A,A,A,A,A,A,A,A,A,A,A,A,A,A,A,A,A,A,,,,,,,,,,,,
HIST 601,F,F,F,F,F,F,F,F,F,F,F,F,F,F,F,F,F,F,F,F,F,A,A,A,A,A,A,A,A,A,A,A,A,A,A,A,A,A,A,A,A,A,A,A,A,A,A,A,A,A,A,A,A,A,A,A,A,A,A,A,A,A,A,A,A,A,A,A,A,A,A,A,A,A,A,A,A,A,A,A,A,A
HIST 602,F,F,F,F,F,F,F,F,F,F,F,F,F,F,F,F,F,F,F,F,F,A,A,A,A,A,A,A,A,A,A,A,A,A,A,A,A,A,A,A,A,A,A,A,A,A,A,A,A,A,A,A,A,A,A,A,A,A,A,A,A,A,A,CII,CII,CII,CII,CII,CII,CII,CII,CII,CII,CII,CII,CII,CII,CII,CII,CII,CII,CII
HIST 622,F,F,F,F,F,F,F,F,F,F,F,F,F,F,F,F,F,F,F,F,F,CIII,CIII,CIII,CIII,CIII,CIII,CIII,CIII,CIII,CIII,CIII,CIII,CIII,CIII,CIII,CIII,CIII,CIII,CIII,CIII,CIII,CIII,CIII,CIII,CIII,CIII,CIII,CIII,CIII,CIII,CIII,CIII,CIII,,,,,,,,,,,,,,,,,,,,,,,,,,,,
HIST 625,F,F,F,F,F,F,F,F,F,F,F,F,F,F,F,F,F,F,F,F,F,CIII,CIII,CIII,CIII,CIII,CIII,CIII,CIII,CIII,CIII,CIII,CIII,CIII,CIII,CIII,CIII,CIII,CIII,CIII,CIII,CIII,CIII,CIII,CIII,CIII,CIII,CIII,CIII,CIII,CIII,CIII,CIII,CIII,CIII,CIII,CIII,CIII,CIII,CIII,CIII,CIII,CIII,CIII,CIII,CIII,CIII,CIII,CIII,CIII,CIII,CIII,CIII,CIII,CIII,CIII,CIII,CIII,CIII,CIII,CIII,CIII
HIST 631,F,F,F,F,F,F,F,F,F,F,F,F,F,F,F,F,F,F,F,F,F,A,A,A,A,A,A,A,A,A,A,A,A,A,A,A,A,A,A,A,A,A,A,A,A,A,A,A,A,A,A,A,A,A,A,A,A,A,A,A,A,A,A,A,A,A,A,A,A,A,,,,,,,,,,,,
HIST 632,F,F,F,F,F,F,F,F,F,F,F,F,F,F,F,F,F,F,F,F,F,A,A,A,A,A,A,A,A,A,A,A,A,A,A,A,A,A,A,A,A,A,A,A,A,A,A,A,A,A,A,A,A,A,A,A,A,A,A,A,A,A,A,A,A,A,A,A,A,A,,,,,,,,,,,,
HIST 633,F,F,F,F,F,F,F,F,F,F,F,F,F,F,F,F,F,F,F,F,F,A,A,A,A,A,A,A,A,A,A,A,A,A,A,A,A,A,A,A,A,A,A,A,A,A,A,A,A,A,A,A,A,A,A,A,A,A,A,A,A,A,A,A,A,A,A,A,A,A,,,,,,,,,,,,
HIST 634,F,F,F,F,F,F,F,F,F,F,F,F,F,F,F,F,F,F,F,F,F,A,A,A,A,A,A,A,A,A,A,A,A,A,A,A,A,A,A,A,A,A,A,A,A,A,A,A,A,A,A,A,A,A,A,A,A,A,A,A,A,A,A,A,A,A,A,A,A,A,,,,,,,,,,,,
HIST 635,F,F,F,F,F,F,F,F,F,F,F,F,F,F,F,F,F,F,F,F,F,A,A,A,A,A,A,A,A,A,A,A,A,A,A,A,A,A,A,A,A,A,A,A,A,A,A,A,A,A,A,A,A,A,A,A,A,A,A,A,A,A,A,A,A,A,A,A,A,A,,,,,,,,,,,,
HIST 636,F,F,F,F,F,F,F,F,F,F,F,F,F,F,F,F,F,F,F,F,F,A,A,A,A,A,A,A,A,A,A,A,A,A,A,A,A,A,A,A,A,A,A,A,A,A,A,A,A,A,A,A,A,A,A,A,A,A,A,A,A,A,A,A,A,A,A,A,A,A,,,,,,,,,,,,
HIST 653,F,F,F,F,F,F,F,F,F,F,F,F,F,F,F,F,F,F,F,F,F,CIII,CIII,CIII,CIII,CIII,CIII,CIII,CIII,CIII,CIII,CIII,CIII,CIII,CIII,CIII,CIII,CIII,CIII,CIII,CIII,CIII,CIII,CIII,CIII,CIII,CIII,CIII,CIII,CIII,CIII,CIII,CIII,CIII,,,,,,,,,,,,,,,,,,,,,,,,,,,,
HUM 371,F,F,F,F,F,F,F,F,F,F,F,F,F,F,F,F,F,F,F,F,F,,,,,,,,,,,,,,,,,,,,,,,,,,,,,,,,,,,,,,,,,,,,,,,,,,,,,,,,,,,,,
PERS 501,F,F,F,F,F,F,F,F,F,F,F,F,F,F,F,F,F,F,F,F,F,A,A,A,A,A,A,CI,CI,CI,CI,CI,CI,CI,CI,CI,CI,CI,CI,CI,CI,CI,,,,,,,,,,,,,,,,,,,,,,,,,,,,,,,,,,,,,,,,
PERS 502,F,F,F,F,F,F,F,F,F,F,F,F,F,F,F,F,F,F,F,F,F,A,A,A,A,A,A,CI,CI,CI,CI,CI,CI,CI,CI,CI,CI,CI,CI,CI,CI,CI,,,,,,,,,,,,,,,,,,,,,,,,,,,,,,,,,,,,,,,,
PERS 503,F,F,F,F,F,F,F,F,F,F,F,F,F,F,F,F,F,F,F,F,F,A,A,A,A,A,A,CI,CI,CI,CI,CI,CI,CI,CI,CI,CI,CI,CI,CI,CI,CI,,,,,,,,,,,,,,,,,,,,,,,,,,,,,,,,,,,,,,,,
PERS 504,F,F,F,F,F,F,F,F,F,F,F,F,F,F,F,F,F,F,F,F,F,A,A,A,A,A,A,CI,CI,CI,CI,CI,CI,CI,CI,CI,CI,CI,CI,CI,CI,CI,,,,,,,,,,,,,,,,,,,,,,,,,,,,,,,,,,,,,,,,
POLS 583,F,F,F,F,F,F,F,F,F,F,F,F,F,F,F,F,F,F,F,F,F,A,A,A,A,A,A,A,A,A,A,A,A,A,A,A,A,A,A,A,A,A,A,A,A,A,A,A,A,A,A,A,A,A,A,A,A,A,A,A,A,A,A,A,A,A,A,A,A,A,A,A,A,A,A,A,A,A,A,A,A,A
POLS 594,F,F,F,F,F,F,F,F,F,F,F,F,F,F,F,F,F,F,F,F,F,A,A,A,A,A,A,A,A,A,A,A,A,A,A,A,A,A,A,A,A,A,A,A,A,A,A,A,A,A,A,A,A,A,A,A,A,A,A,A,A,A,A,A,A,A,A,A,A,A,A,A,A,A,A,A,A,A,A,A,A,A
TLL 501,F,F,F,F,F,F,F,F,F,F,F,F,F,F,F,F,F,F,F,F,F,A,A,A,A,A,A,CI,CI,CI,CI,CI,CI,CI,CI,CI,CI,CI,CI,CI,CI,CI,,,,,,,,,,,,,,,,,,,,,,,,,,,,,,,,,,,,,,,,
TLL 502,F,F,F,F,F,F,F,F,F,F,F,F,F,F,F,F,F,F,F,F,F,A,A,A,A,A,A,CI,CI,CI,CI,CI,CI,CI,CI,CI,CI,CI,CI,CI,CI,CI,,,,,,,,,,,,,,,,,,,,,,,,,,,,,,,,,,,,,,,,
HIST 517,,,,,,,CII,CII,CII,CII,CII,CII,CII,CII,CII,CII,CII,CII,CII,CII,CII,CII,CII,CII,CII,CII,CII,CII,CII,CII,CII,CII,CII,CII,CII,CII,CII,CII,CII,CII,CII,CII,CII,CII,CII,CII,CII,CII,CII,CII,CII,CII,CII,CII,CII,CII,CII,CII,CII,CII,CII,CII,CII,CII,CII,CII,CII,CII,CII,,,,,,,,,,,,,
HIST 664,,,,,,,CIII,CIII,CIII,CIII,CIII,CIII,CIII,CIII,CIII,CIII,CIII,CIII,CIII,CIII,CIII,CIII,CIII,CIII,CIII,CIII,CIII,CIII,CIII,CIII,CIII,CIII,CIII,CIII,CIII,CIII,CIII,CIII,CIII,CIII,CIII,CIII,CIII,CIII,CIII,CIII,CIII,CIII,CIII,CIII,CIII,CIII,CIII,CIII,CIII,CIII,CIII,CIII,CIII,CIII,CIII,CIII,CIII,CIII,CIII,CIII,CIII,CIII,CIII,CIII,,,,,,,,,,,,
LIT 524,,,,,,,CIII,CIII,CIII,CIII,CIII,CIII,CIII,CIII,CIII,CIII,CIII,CIII,CIII,CIII,CIII,CIII,CIII,CIII,CIII,CIII,CIII,CIII,CIII,CIII,,,,,,,,,,,,,,,,,,,,,,,,,,,,,,,,,,,,,,,,,,,,,,,,,,,,
PERS 550,,,,,,,CI,CI,CI,CI,CI,CI,CI,CI,CI,CI,CI,CI,CI,CI,CI,A,A,A,A,A,A,CI,CI,CI,CI,CI,CI,CI,CI,CI,CI,CI,CI,CI,CI,CI,CI,CI,CI,CI,CI,CI,CI,CI,,,,,,,,,,,,,,,,,,,,,,,,,,,,,,,,
PERS 560,,,,,,,CI,CI,CI,CI,CI,CI,CI,CI,CI,CI,CI,CI,CI,CI,CI,A,A,A,A,A,A,CI,CI,CI,CI,CI,CI,CI,CI,CI,CI,CI,CI,CI,CI,CI,CI,CI,CI,CI,CI,CI,CI,,,,,,,,,,,,,,,,,,,,,,,,,,,,,,,,,
TLL 503,,,,,,,CI,CI,CI,CI,CI,CI,CI,CI,CI,CI,CI,CI,CI,CI,CI,A,A,A,A,A,A,CI,CI,CI,CI,CI,CI,CI,CI,CI,CI,CI,CI,CI,CI,CI,,,,,,,,,,,,,,,,,,,,,,,,,,,,,,,,,,,,,,,,
TLL 540,,,,,,,CI,CI,CI,CI,CI,CI,CI,CI,CI,CI,CI,CI,CI,CI,CI,A,A,A,A,A,A,CI,CI,CI,CI,CI,CI,CI,CI,CI,CI,CI,CI,CI,CI,CI,CI,CI,CI,CI,CI,CI,CI,CI,CI,CI,CI,CI,CI,CI,CI,,,,,,,,,,,,,,,,,,,,,,,,,
HIST 550,,,,,,,,,,F,F,F,F,F,F,F,F,F,F,F,F,A,A,A,A,A,A,A,A,A,A,A,A,A,A,A,A,A,A,A,A,A,A,A,A,A,A,A,A,A,A,A,A,A,A,A,A,A,A,A,A,A,A,A,A,A,A,A,A,A,,,,,,,,,,,,
HIST 570,,,,,,,,,,F,F,F,F,F,F,F,F,F,F,F,F,A,A,A,A,A,A,A,A,A,A,A,A,A,A,A,A,A,A,A,A,A,A,A,A,A,A,A,A,A,A,A,A,A,A,A,A,A,A,A,A,A,A,A,A,A,A,A,A,A,,,,,,,,,,,,
HIST 585,,,,,,,,,,F,F,F,F,F,F,F,F,F,F,F,F,A,A,A,A,A,A,A,A,A,A,A,A,A,A,A,A,A,A,A,A,A,A,A,A,A,A,A,A,A,A,A,A,A,A,A,A,A,A,A,,,,,,,,,,,,,,,,,,,,,,
HIST 637,,,,,,,,,,,,,,,,,,,,,,CIII,CIII,CIII,CIII,CIII,CIII,CIII,CIII,CIII,CIII,CIII,CIII,CIII,CIII,CIII,CIII,CIII,CIII,CIII,CIII,CIII,CIII,CIII,CIII,CIII,CIII,CIII,CIII,CIII,CIII,CIII,CIII,CIII,CIII,CIII,CIII,CIII,CIII,CIII,CIII,CIII,CIII,CIII,CIII,CIII,CIII,CIII,CIII,CIII,,,,,,,,,,,,
HIST 638,,,,,,,,,,,,,,,,,,,,,,CIII,CIII,CIII,CIII,CIII,CIII,CIII,CIII,CIII,CIII,CIII,CIII,CIII,CIII,CIII,CIII,CIII,CIII,CIII,CIII,CIII,CIII,CIII,CIII,CIII,CIII,CIII,CIII,CIII,CIII,CIII,CIII,CIII,CIII,CIII,CIII,CIII,CIII,CIII,CIII,CIII,CIII,CIII,CIII,CIII,CIII,CIII,CIII,CIII,,,,,,,,,,,,
HIST 690,,,,,,,,,,,,,,,,,,,,,,CIII,CIII,CIII,CIII,CIII,CIII,CIII,CIII,CIII,CIII,CIII,CIII,CIII,CIII,CIII,CIII,CIII,CIII,CIII,CIII,CIII,CIII,CIII,CIII,CIII,CIII,CIII,CIII,CIII,CIII,CIII,CIII,CIII,CIII,CIII,CIII,CIII,CIII,CIII,CIII,CIII,CIII,CIII,CIII,CIII,CIII,CIII,CIII,CIII,,,,,,,,,,,,
ACC 551,,,,,,,,,,,,,,,,,,,,,,A,A,A,,,,,,,,,,,,,,,,,,,,,,,,,,,,,,,,,,,,,,,,,,,,,,,,,,,,,,,,,,
ANTH 515,,,,,,,,,,,,,,,,,,,,,,A,A,A,A,A,A,,,,,,,,,,,,,,,,,,,,,,,,,,,,,,,,,,,,,,,,,,,,,,,,,,,,,,,
ANTH 521,,,,,,,,,,,,,,,,,,,,,,A,A,A,A,A,A,,,,,,,,,,,,,,,,,,,,,,,,,,,,,,,,,,,,,,,,,,,,,,,,,,,,,,,
ANTH 525,,,,,,,,,,,,,,,,,,,,,,A,A,A,A,A,A,,,,,,,,,,,,,,,,,,,,,,,,,,,,,,,,,,,,,,,,,,,,,,,,,,,,,,,
ANTH 526,,,,,,,,,,,,,,,,,,,,,,A,A,A,A,A,A,,,,,,,,,,,,,,,,,,,,,,,,,,,,,,,,,,,,,,,,,,,,,,,,,,,,,,,
ANTH 528,,,,,,,,,,,,,,,,,,,,,,A,A,A,A,A,A,,,,,,,,,,,,,,,,,,,,,,,,,,,,,,,,,,,,,,,,,,,,,,,,,,,,,,,
ANTH 550,,,,,,,,,,,,,,,,,,,,,,A,A,A,A,A,A,,,,,,,,,,,,,,,,,,,,,,,,,,,,,,,,,,,,,,,,,,,,,,,,,,,,,,,
ANTH 554,,,,,,,,,,,,,,,,,,,,,,A,A,A,A,A,A,,,,,,,,,,,,,,,,,,,,,,,,,,,,,,,,,,,,,,,,,,,,,,,,,,,,,,,
ANTH 565,,,,,,,,,,,,,,,,,,,,,,A,A,A,A,A,A,,,,,,,,,,,,,,,,,,,,,,,,,,,,,,,,,,,,,,,,,,,,,,,,,,,,,,,
ANTH 568,,,,,,,,,,,,,,,,,,,,,,A,A,A,A,A,A,,,,,,,,,,,,,,,,,,,,,,,,,,,,,,,,,,,,,,,,,,,,,,,,,,,,,,,
ANTH 569,,,,,,,,,,,,,,,,,,,,,,A,A,A,A,A,A,A,A,A,A,A,A,A,A,A,,,,,,,,,,,,,,,,,,,,,,,,,,,,,,,,,,,,,,,,,,,,,,
ANTH 571,,,,,,,,,,,,,,,,,,,,,,A,A,A,A,A,A,,,,,,,,,,,,,,,,,,,,,,,,,,,,,,,,,,,,,,,,,,,,,,,,,,,,,,,
ARA 510,,,,,,,,,,,,,,,,,,,,,,A,A,A,A,A,A,,,,,,,,,,,,,,,,,,,A,A,A,A,A,A,A,A,A,A,A,A,A,A,A,A,A,A,A,A,A,A,A,A,A,A,A,A,A,A,A,A,A,A,A,A,A
ARA 520,,,,,,,,,,,,,,,,,,,,,,A,A,A,A,A,A,,,,,,,,,,,,,,,,,,,A,A,A,A,A,A,A,A,A,A,A,A,A,A,A,A,A,A,A,A,A,A,A,A,A,A,A,A,A,A,A,A,A,A,A,A,A
ARA 530,,,,,,,,,,,,,,,,,,,,,,A,A,A,A,A,A,,,,,,,,,,,,,,,,,,,A,A,A,A,A,A,A,A,A,A,A,A,A,A,A,A,A,A,A,A,A,A,A,A,A,A,A,A,A,A,A,A,A,A,A,A,A
ARA 540,,,,,,,,,,,,,,,,,,,,,,A,A,A,A,A,A,,,,,,,,,,,,,,,,,,,A,A,A,A,A,A,A,A,A,A,A,A,A,A,A,A,A,A,A,A,A,A,A,A,A,A,A,A,A,A,A,A,A,A,A,A,A
ARA 550,,,,,,,,,,,,,,,,,,,,,,A,A,A,A,A,A,,,,,,,,,,,,,,,,,,,,,,,,,,,,,,,,,,,,,,,,,,,,,,,,,,,,,,,
BAN 500,,,,,,,,,,,,,,,,,,,,,,A,A,A,A,A,A,,,,,,,,,,,,,,,,,,,,,,,,,,,,,,,,,,,,,,,,,,,,,,,,,,,,,,,
BAN 502,,,,,,,,,,,,,,,,,,,,,,A,A,A,A,A,A,,,,,,,,,,,,,,,,,,,,,,,,,,,,,,,,,,,,,,,,,,,,,,,,,,,,,,,
BAN 503,,,,,,,,,,,,,,,,,,,,,,A,A,A,A,A,A,,,,,,,,,,,,,,,,,,,,,,,,,,,,,,,,,,,,,,,,,,,,,,,,,,,,,,,
BAN 504,,,,,,,,,,,,,,,,,,,,,,A,A,A,A,A,A,,,,,,,,,,,,,,,,,,,,,,,,,,,,,,,,,,,,,,,,,,,,,,,,,,,,,,,
BAN 505,,,,,,,,,,,,,,,,,,,,,,A,A,A,A,A,A,,,,,,,,,,,,,,,,,,,,,,,,,,,,,,,,,,,,,,,,,,,,,,,,,,,,,,,
BAN 506,,,,,,,,,,,,,,,,,,,,,,A,A,A,A,A,A,,,,,,,,,,,,,,,,,,,,,,,,,,,,,,,,,,,,,,,,,,,,,,,,,,,,,,,
BAN 520,,,,,,,,,,,,,,,,,,,,,,A,A,A,A,A,A,,,,,,,,,,,,,,,,,,,,,,,,,,,,,,,,,,,,,,,,,,,,,,,,,,,,,,,
BAN 521,,,,,,,,,,,,,,,,,,,,,,A,A,A,A,A,A,,,,,,,,,,,,,,,,,,,,,,,,,,,,,,,,,,,,,,,,,,,,,,,,,,,,,,,
BAN 522,,,,,,,,,,,,,,,,,,,,,,A,A,A,A,A,A,,,,,,,,,,,,,,,,,,,,,,,,,,,,,,,,,,,,,,,,,,,,,,,,,,,,,,,
BAN 523,,,,,,,,,,,,,,,,,,,,,,A,A,A,A,A,A,,,,,,,,,,,,,,,,,,,,,,,,,,,,,,,,,,,,,,,,,,,,,,,,,,,,,,,
BAN 524,,,,,,,,,,,,,,,,,,,,,,A,A,A,A,A,A,,,,,,,,,,,,,,,,,,,,,,,,,,,,,,,,,,,,,,,,,,,,,,,,,,,,,,,
BAN 525,,,,,,,,,,,,,,,,,,,,,,A,A,A,A,A,A,,,,,,,,,,,,,,,,,,,,,,,,,,,,,,,,,,,,,,,,,,,,,,,,,,,,,,,
BAN 526,,,,,,,,,,,,,,,,,,,,,,A,A,A,A,A,A,,,,,,,,,,,,,,,,,,,,,,,,,,,,,,,,,,,,,,,,,,,,,,,,,,,,,,,
BAN 527,,,,,,,,,,,,,,,,,,,,,,A,A,A,A,A,A,,,,,,,,,,,,,,,,,,,,,,,,,,,,,,,,,,,,,,,,,,,,,,,,,,,,,,,
BAN 528,,,,,,,,,,,,,,,,,,,,,,A,A,A,A,A,A,,,,,,,,,,,,,,,,,,,,,,,,,,,,,,,,,,,,,,,,,,,,,,,,,,,,,,,
BAN 529,,,,,,,,,,,,,,,,,,,,,,A,A,A,A,A,A,,,,,,,,,,,,,,,,,,,,,,,,,,,,,,,,,,,,,,,,,,,,,,,,,,,,,,,
BAN 531,,,,,,,,,,,,,,,,,,,,,,A,A,A,A,A,A,,,,,,,,,,,,,,,,,,,,,,,,,,,,,,,,,,,,,,,,,,,,,,,,,,,,,,,
BAN 532,,,,,,,,,,,,,,,,,,,,,,A,A,A,A,A,A,,,,,,,,,,,,,,,,,,,,,,,,,,,,,,,,,,,,,,,,,,,,,,,,,,,,,,,
BAN 533,,,,,,,,,,,,,,,,,,,,,,A,A,A,A,A,A,,,,,,,,,,,,,,,,,,,,,,,,,,,,,,,,,,,,,,,,,,,,,,,,,,,,,,,
BAN 535,,,,,,,,,,,,,,,,,,,,,,A,A,A,A,A,A,,,,,,,,,,,,,,,,,,,,,,,,,,,,,,,,,,,,,,,,,,,,,,,,,,,,,,,
BAN 537,,,,,,,,,,,,,,,,,,,,,,A,A,A,A,A,A,,,,,,,,,,,,,,,,,,,,,,,,,,,,,,,,,,,,,,,,,,,,,,,,,,,,,,,
BAN 539,,,,,,,,,,,,,,,,,,,,,,A,A,A,A,A,A,,,,,,,,,,,,,,,,,,,,,,,,,,,,,,,,,,,,,,,,,,,,,,,,,,,,,,,
BAN 600,,,,,,,,,,,,,,,,,,,,,,A,A,A,A,A,A,,,,,,,,,,,,,,,,,,,,,,,,,,,,,,,,,,,,,,,,,,,,,,,,,,,,,,,
BAN 601,,,,,,,,,,,,,,,,,,,,,,A,A,A,A,A,A,,,,,,,,,,,,,,,,,,,,,,,,,,,,,,,,,,,,,,,,,,,,,,,,,,,,,,,
BAN 872,,,,,,,,,,,,,,,,,,,,,,A,A,A,A,A,A,,,,,,,,,,,,,,,,,,,,,,,,,,,,,,,,,,,,,,,,,,,,,,,,,,,,,,,
BIO 501,,,,,,,,,,,,,,,,,,,,,,A,A,A,A,A,A,,,,,,,,,,,,,,,,,,,,,,,,,,,,,,,,,,,,,,,,,,,,,,,,,,,,,,,
BIO 502,,,,,,,,,,,,,,,,,,,,,,A,A,A,A,A,A,,,,,,,,,,,,,,,,,,,,,,,,,,,,,,,,,,,,,,,,,,,,,,,,,,,,,,,
BIO 503,,,,,,,,,,,,,,,,,,,,,,A,A,A,A,A,A,,,,,,,,,,,,,,,,,,,,,,,,,,,,,,,,,,,,,,,,,,,,,,,,,,,,,,,
BIO 504,,,,,,,,,,,,,,,,,,,,,,A,A,A,A,A,A,,,,,,,,,,,,,,,,,,,,,,,,,,,,,,,,,,,,,,,,,,,,,,,,,,,,,,,
BIO 511,,,,,,,,,,,,,,,,,,,,,,A,A,A,A,A,A,,,,,,,,,,,,,,,,,,,,,,,,,,,,,,,,,,,,,,,,,,,,,,,,,,,,,,,
BIO 512,,,,,,,,,,,,,,,,,,,,,,A,A,A,A,A,A,,,,,,,,,,,,,,,,,,,,,,,,,,,,,,,,,,,,,,,,,,,,,,,,,,,,,,,
BIO 521,,,,,,,,,,,,,,,,,,,,,,A,A,A,A,A,A,,,,,,,,,,,,,,,,,,,,,,,,,,,,,,,,,,,,,,,,,,,,,,,,,,,,,,,
BIO 523,,,,,,,,,,,,,,,,,,,,,,A,A,A,A,A,A,,,,,,,,,,,,,,,,,,,,,,,,,,,,,,,,,,,,,,,,,,,,,,,,,,,,,,,
BIO 532,,,,,,,,,,,,,,,,,,,,,,A,A,A,A,A,A,,,,,,,,,,,,,,,,,,,,,,,,,,,,,,,,,,,,,,,,,,,,,,,,,,,,,,,
BIO 541,,,,,,,,,,,,,,,,,,,,,,A,A,A,A,A,A,,,,,,,,,,,,,,,,,,,,,,,,,,,,,,,,,,,,,,,,,,,,,,,,,,,,,,,
BIO 542,,,,,,,,,,,,,,,,,,,,,,A,A,A,A,A,A,,,,,,,,,,,,,,,,,,,,,,,,,,,,,,,,,,,,,,,,,,,,,,,,,,,,,,,
BIO 543,,,,,,,,,,,,,,,,,,,,,,A,A,A,A,A,A,,,,,,,,,,,,,,,,,,,,,,,,,,,,,,,,,,,,,,,,,,,,,,,,,,,,,,,
BIO 544,,,,,,,,,,,,,,,,,,,,,,A,A,A,A,A,A,,,,,,,,,,,,,,,,,,,,,,,,,,,,,,,,,,,,,,,,,,,,,,,,,,,,,,,
BIO 545,,,,,,,,,,,,,,,,,,,,,,A,A,A,A,A,A,,,,,,,,,,,,,,,,,,,,,,,,,,,,,,,,,,,,,,,,,,,,,,,,,,,,,,,
BIO 546,,,,,,,,,,,,,,,,,,,,,,A,A,A,A,A,A,,,,,,,,,,,,,,,,,,,,,,,,,,,,,,,,,,,,,,,,,,,,,,,,,,,,,,,
BIO 550,,,,,,,,,,,,,,,,,,,,,,A,A,A,A,A,A,,,,,,,,,,,,,,,,,,,,,,,,,,,,,,,,,,,,,,,,,,,,,,,,,,,,,,,
BIO 560,,,,,,,,,,,,,,,,,,,,,,A,A,A,A,A,A,,,,,,,,,,,,,,,,,,,,,,,,,,,,,,,,,,,,,,,,,,,,,,,,,,,,,,,
BIO 567,,,,,,,,,,,,,,,,,,,,,,A,A,A,A,A,A,,,,,,,,,,,,,,,,,,,,,,,,,,,,,,,,,,,,,,,,,,,,,,,,,,,,,,,
BIO 568,,,,,,,,,,,,,,,,,,,,,,A,A,A,A,A,A,,,,,,,,,,,,,,,,,,,,,,,,,,,,,,,,,,,,,,,,,,,,,,,,,,,,,,,
BIO 569,,,,,,,,,,,,,,,,,,,,,,A,A,A,A,A,A,,,,,,,,,,,,,,,,,,,,,,,,,,,,,,,,,,,,,,,,,,,,,,,,,,,,,,,
BIO 570,,,,,,,,,,,,,,,,,,,,,,A,A,A,A,A,A,,,,,,,,,,,,,,,,,,,,,,,,,,,,,,,,,,,,,,,,,,,,,,,,,,,,,,,
BIO 580,,,,,,,,,,,,,,,,,,,,,,A,A,A,A,A,A,,,,,,,,,,,,,,,,,,,,,,,,,,,,,,,,,,,,,,,,,,,,,,,,,,,,,,,
BIO 58000,,,,,,,,,,,,,,,,,,,,,,A,A,A,A,A,A,,,,,,,,,,,,,,,,,,,,,,,,,,,,,,,,,,,,,,,,,,,,,,,,,,,,,,,
BIO 58001,,,,,,,,,,,,,,,,,,,,,,A,A,A,A,A,A,,,,,,,,,,,,,,,,,,,,,,,,,,,,,,,,,,,,,,,,,,,,,,,,,,,,,,,
BIO 58002,,,,,,,,,,,,,,,,,,,,,,A,A,A,A,A,A,,,,,,,,,,,,,,,,,,,,,,,,,,,,,,,,,,,,,,,,,,,,,,,,,,,,,,,
BIO 58003,,,,,,,,,,,,,,,,,,,,,,A,A,A,A,A,A,,,,,,,,,,,,,,,,,,,,,,,,,,,,,,,,,,,,,,,,,,,,,,,,,,,,,,,
BIO 58004,,,,,,,,,,,,,,,,,,,,,,A,A,A,A,A,A,,,,,,,,,,,,,,,,,,,,,,,,,,,,,,,,,,,,,,,,,,,,,,,,,,,,,,,
BIO 58005,,,,,,,,,,,,,,,,,,,,,,A,A,A,A,A,A,,,,,,,,,,,,,,,,,,,,,,,,,,,,,,,,,,,,,,,,,,,,,,,,,,,,,,,
BIO 58006,,,,,,,,,,,,,,,,,,,,,,A,A,A,A,A,A,,,,,,,,,,,,,,,,,,,,,,,,,,,,,,,,,,,,,,,,,,,,,,,,,,,,,,,
BIO 58007,,,,,,,,,,,,,,,,,,,,,,A,A,A,A,A,A,,,,,,,,,,,,,,,,,,,,,,,,,,,,,,,,,,,,,,,,,,,,,,,,,,,,,,,
BIO 581,,,,,,,,,,,,,,,,,,,,,,A,A,A,A,A,A,,,,,,,,,,,,,,,,,,,,,,,,,,,,,,,,,,,,,,,,,,,,,,,,,,,,,,,
BIO 601,,,,,,,,,,,,,,,,,,,,,,A,A,A,A,A,A,,,,,,,,,,,,,,,,,,,,,,,,,,,,,,,,,,,,,,,,,,,,,,,,,,,,,,,
BIO 602,,,,,,,,,,,,,,,,,,,,,,A,A,A,A,A,A,,,,,,,,,,,,,,,,,,,,,,,,,,,,,,,,,,,,,,,,,,,,,,,,,,,,,,,
BIO 604,,,,,,,,,,,,,,,,,,,,,,A,A,A,A,A,A,,,,,,,,,,,,,,,,,,,,,,,,,,,,,,,,,,,,,,,,,,,,,,,,,,,,,,,
BIO 606,,,,,,,,,,,,,,,,,,,,,,A,A,A,A,A,A,,,,,,,,,,,,,,,,,,,,,,,,,,,,,,,,,,,,,,,,,,,,,,,,,,,,,,,
BIO 610,,,,,,,,,,,,,,,,,,,,,,A,A,A,A,A,A,,,,,,,,,,,,,,,,,,,,,,,,,,,,,,,,,,,,,,,,,,,,,,,,,,,,,,,
BIO 631,,,,,,,,,,,,,,,,,,,,,,A,A,A,A,A,A,,,,,,,,,,,,,,,,,,,,,,,,,,,,,,,,,,,,,,,,,,,,,,,,,,,,,,,
BIO 633,,,,,,,,,,,,,,,,,,,,,,A,A,A,A,A,A,,,,,,,,,,,,,,,,,,,,,,,,,,,,,,,,,,,,,,,,,,,,,,,,,,,,,,,
BIO 634,,,,,,,,,,,,,,,,,,,,,,A,A,A,A,A,A,,,,,,,,,,,,,,,,,,,,,,,,,,,,,,,,,,,,,,,,,,,,,,,,,,,,,,,
BIO 635,,,,,,,,,,,,,,,,,,,,,,A,A,A,A,A,A,,,,,,,,,,,,,,,,,,,,,,,,,,,,,,,,,,,,,,,,,,,,,,,,,,,,,,,
BIO 636,,,,,,,,,,,,,,,,,,,,,,A,A,A,A,A,A,,,,,,,,,,,,,,,,,,,,,,,,,,,,,,,,,,,,,,,,,,,,,,,,,,,,,,,
BIO 641,,,,,,,,,,,,,,,,,,,,,,A,A,A,A,A,A,,,,,,,,,,,,,,,,,,,,,,,,,,,,,,,,,,,,,,,,,,,,,,,,,,,,,,,
BIO 642,,,,,,,,,,,,,,,,,,,,,,A,A,A,A,A,A,,,,,,,,,,,,,,,,,,,,,,,,,,,,,,,,,,,,,,,,,,,,,,,,,,,,,,,
BIO 643,,,,,,,,,,,,,,,,,,,,,,A,A,A,A,A,A,,,,,,,,,,,,,,,,,,,,,,,,,,,,,,,,,,,,,,,,,,,,,,,,,,,,,,,
BIO 644,,,,,,,,,,,,,,,,,,,,,,A,A,A,A,A,A,,,,,,,,,,,,,,,,,,,,,,,,,,,,,,,,,,,,,,,,,,,,,,,,,,,,,,,
BIO 645,,,,,,,,,,,,,,,,,,,,,,A,A,A,A,A,A,,,,,,,,,,,,,,,,,,,,,,,,,,,,,,,,,,,,,,,,,,,,,,,,,,,,,,,
BIO 676,,,,,,,,,,,,,,,,,,,,,,A,A,A,A,A,A,,,,,,,,,,,,,,,,,,,,,,,,,,,,,,,,,,,,,,,,,,,,,,,,,,,,,,,
BIO 680,,,,,,,,,,,,,,,,,,,,,,A,A,A,A,A,A,,,,,,,,,,,,,,,,,,,,,,,,,,,,,,,,,,,,,,,,,,,,,,,,,,,,,,,
BIO 681,,,,,,,,,,,,,,,,,,,,,,A,A,A,A,A,A,,,,,,,,,,,,,,,,,,,,,,,,,,,,,,,,,,,,,,,,,,,,,,,,,,,,,,,
BIO 751,,,,,,,,,,,,,,,,,,,,,,A,A,A,A,A,A,,,,,,,,,,,,,,,,,,,,,,,,,,,,,,,,,,,,,,,,,,,,,,,,,,,,,,,
BIO 752,,,,,,,,,,,,,,,,,,,,,,A,A,A,A,A,A,,,,,,,,,,,,,,,,,,,,,,,,,,,,,,,,,,,,,,,,,,,,,,,,,,,,,,,
CHEM 505,,,,,,,,,,,,,,,,,,,,,,A,A,A,A,A,A,,,,,,,,,,,,,,,,,,,,,,,,,,,,,,,,,,,,,,,,,,,,,,,,,,,,,,,
CONF 500,,,,,,,,,,,,,,,,,,,,,,A,A,A,A,A,A,,,,,,,,,,,,,,,,,,,,,,,,,,,,,,,,,,,,,,,,,,,,,,,,,,,,,,,
CONF 501,,,,,,,,,,,,,,,,,,,,,,A,A,A,A,A,A,,,,,,,,,,,,,,,,,,,,,,,,,,,,,,,,,,,,,,,,,,,,,,,,,,,,,,,
CONF 502,,,,,,,,,,,,,,,,,,,,,,A,A,A,A,A,A,,,,,,,,,,,,,,,,,,,,,,,,,,,,,,,,,,,,,,,,,,,,,,,,,,,,,,,
CONF 504,,,,,,,,,,,,,,,,,,,,,,A,A,A,A,A,A,,,,,,,,,,,,,,,,,,,,,,,,,,,,,,,,,,,,,,,,,,,,,,,,,,,,,,,
CONF 510,,,,,,,,,,,,,,,,,,,,,,A,A,A,A,A,A,,,,,,,,,,,,,,,,,,,,,,,,,,,,,,,,,,,,,,,,,,,,,,,,,,,,,,,
CONF 511,,,,,,,,,,,,,,,,,,,,,,A,A,A,A,A,A,,,,,,,,,,,,,,,,,,,,,,,,,,,,,,,,,,,,,,,,,,,,,,,,,,,,,,,
CONF 512,,,,,,,,,,,,,,,,,,,,,,A,A,A,A,A,A,,,,,,,,,,,,,,,,,,,,,,,,,,,,,,,,,,,,,,,,,,,,,,,,,,,,,,,
CONF 523,,,,,,,,,,,,,,,,,,,,,,A,A,A,A,A,A,,,,,,,,,,,,,,,,,,,,,,,,,,,,,,,,,,,,,,,,,,,,,,,,,,,,,,,
CONF 524,,,,,,,,,,,,,,,,,,,,,,A,A,A,A,A,A,,,,,,,,,,,,,,,,,,,,,,,,,,,,,,,,,,,,,,,,,,,,,,,,,,,,,,,
CONF 531,,,,,,,,,,,,,,,,,,,,,,A,A,A,A,A,A,,,,,,,,,,,,,,,,,,,,,,,,,,,,,,,,,,,,,,,,,,,,,,,,,,,,,,,
CONF 532,,,,,,,,,,,,,,,,,,,,,,A,A,A,A,A,A,,,,,,,,,,,,,,,,,,,,,,,,,,,,,,,,,,,,,,,,,,,,,,,,,,,,,,,
CONF 534,,,,,,,,,,,,,,,,,,,,,,A,A,A,A,A,A,,,,,,,,,,,,,,,,,,,,,,,,,,,,,,,,,,,,,,,,,,,,,,,,,,,,,,,
CONF 536,,,,,,,,,,,,,,,,,,,,,,A,A,A,A,A,A,,,,,,,,,,,,,,,,,,,,,,,,,,,,,,,,,,,,,,,,,,,,,,,,,,,,,,,
CONF 541,,,,,,,,,,,,,,,,,,,,,,A,A,A,A,A,A,,,,,,,,,,,,,,,,,,,,,,,,,,,,,,,,,,,,,,,,,,,,,,,,,,,,,,,
CONF 542,,,,,,,,,,,,,,,,,,,,,,A,A,A,,,,,,,,,,,,,,,,,,,,,,,,,,,,,,,,,,,,,,,,,,,,,,,,,,,,,,,,,,
CONF 544,,,,,,,,,,,,,,,,,,,,,,A,A,A,A,A,A,,,,,,,,,,,,,,,,,,,,,,,,,,,,,,,,,,,,,,,,,,,,,,,,,,,,,,,
CONF 552,,,,,,,,,,,,,,,,,,,,,,A,A,A,A,A,A,,,,,,,,,,,,,,,,,,,,,,,,,,,,,,,,,,,,,,,,,,,,,,,,,,,,,,,
CONF 561,,,,,,,,,,,,,,,,,,,,,,A,A,A,A,A,A,,,,,,,,,,,,,,,,,,,,,,,,,,,,,,,,,,,,,,,,,,,,,,,,,,,,,,,
CONF 580,,,,,,,,,,,,,,,,,,,,,,A,A,A,A,A,A,,,,,,,,,,,,,,,,,,,,,,,,,,,,,,,,,,,,,,,,,,,,,,,,,,,,,,,
CONF 582,,,,,,,,,,,,,,,,,,,,,,A,A,A,A,A,A,,,,,,,,,,,,,,,,,,,,,,,,,,,,,,,,,,,,,,,,,,,,,,,,,,,,,,,
CONF 585,,,,,,,,,,,,,,,,,,,,,,A,A,A,A,A,A,,,,,,,,,,,,,,,,,,,,,,,,,,,,,,,,,,,,,,,,,,,,,,,,,,,,,,,
CONF 590,,,,,,,,,,,,,,,,,,,,,,A,A,A,A,A,A,,,,,,,,,,,,,,,,,,,,,,,,,,,,,,,,,,,,,,,,,,,,,,,,,,,,,,,
CONF 592,,,,,,,,,,,,,,,,,,,,,,A,A,A,A,A,A,,,,,,,,,,,,,,,,,,,,,,,,,,,,,,,,,,,,,,,,,,,,,,,,,,,,,,,
CONF 594,,,,,,,,,,,,,,,,,,,,,,A,A,A,A,A,A,,,,,,,,,,,,,,,,,,,,,,,,,,,,,,,,,,,,,,,,,,,,,,,,,,,,,,,
CS 500,,,,,,,,,,,,,,,,,,,,,,A,A,A,A,A,A,,,,,,,,,,,,,,,,,,,,,,,,,,,,,,,,,,,,,,,,,,,,,,,,,,,,,,,
CS 501,,,,,,,,,,,,,,,,,,,,,,A,A,A,A,A,A,,,,,,,,,,,,,,,,,,,,,,,,,,,,,,,,,,,,,,,,,,,,,,,,,,,,,,,
CS 502,,,,,,,,,,,,,,,,,,,,,,A,A,A,A,A,A,,,,,,,,,,,,,,,,,,,,,,,,,,,,,,,,,,,,,,,,,,,,,,,,,,,,,,,
CS 503,,,,,,,,,,,,,,,,,,,,,,A,A,A,A,A,A,,,,,,,,,,,,,,,,,,,,,,,,,,,,,,,,,,,,,,,,,,,,,,,,,,,,,,,
CS 504,,,,,,,,,,,,,,,,,,,,,,A,A,A,A,A,A,,,,,,,,,,,,,,,,,,,,,,,,,,,,,,,,,,,,,,,,,,,,,,,,,,,,,,,
CS 505,,,,,,,,,,,,,,,,,,,,,,A,A,A,A,A,A,,,,,,,,,,,,,,,,,,,,,,,,,,,,,,,,,,,,,,,,,,,,,,,,,,,,,,,
CS 506,,,,,,,,,,,,,,,,,,,,,,A,A,A,A,A,A,,,,,,,,,,,,,,,,,,,,,,,,,,,,,,,,,,,,,,,,,,,,,,,,,,,,,,,
CS 507,,,,,,,,,,,,,,,,,,,,,,A,A,A,A,A,A,,,,,,,,,,,,,,,,,,,,,,,,,,,,,,,,,,,,,,,,,,,,,,,,,,,,,,,
CS 508,,,,,,,,,,,,,,,,,,,,,,A,A,A,A,A,A,,,,,,,,,,,,,,,,,,,,,,,,,,,,,,,,,,,,,,,,,,,,,,,,,,,,,,,
CS 510,,,,,,,,,,,,,,,,,,,,,,A,A,A,A,A,A,,,,,,,,,,,,,,,,,,,,,,,,,,,,,,,,,,,,,,,,,,,,,,,,,,,,,,,
CS 512,,,,,,,,,,,,,,,,,,,,,,A,A,A,A,A,A,,,,,,,,,,,,,,,,,,,,,,,,,,,,,,,,,,,,,,,,,,,,,,,,,,,,,,,
CS 513,,,,,,,,,,,,,,,,,,,,,,A,A,A,A,A,A,,,,,,,,,,,,,,,,,,,,,,,,,,,,,,,,,,,,,,,,,,,,,,,,,,,,,,,
CS 514,,,,,,,,,,,,,,,,,,,,,,A,A,A,A,A,A,,,,,,,,,,,,,,,,,,,,,,,,,,,,,,,,,,,,,,,,,,,,,,,,,,,,,,,
CS 515,,,,,,,,,,,,,,,,,,,,,,A,A,A,A,A,A,,,,,,,,,,,,,,,,,,,,,,,,,,,,,,,,,,,,,,,,,,,,,,,,,,,,,,,
CS 516,,,,,,,,,,,,,,,,,,,,,,A,A,A,A,A,A,,,,,,,,,,,,,,,,,,,,,,,,,,,,,,,,,,,,,,,,,,,,,,,,,,,,,,,
CS 517,,,,,,,,,,,,,,,,,,,,,,A,A,A,A,A,A,,,,,,,,,,,,,,,,,,,,,,,,,,,,,,,,,,,,,,,,,,,,,,,,,,,,,,,
CS 518,,,,,,,,,,,,,,,,,,,,,,A,A,A,A,A,A,,,,,,,,,,,,,,,,,,,,,,,,,,,,,,,,,,,,,,,,,,,,,,,,,,,,,,,
CS 522,,,,,,,,,,,,,,,,,,,,,,A,A,A,A,A,A,,,,,,,,,,,,,,,,,,,,,,,,,,,,,,,,,,,,,,,,,,,,,,,,,,,,,,,
CS 523,,,,,,,,,,,,,,,,,,,,,,A,A,A,A,A,A,,,,,,,,,,,,,,,,,,,,,,,,,,,,,,,,,,,,,,,,,,,,,,,,,,,,,,,
CS 525,,,,,,,,,,,,,,,,,,,,,,A,A,A,A,A,A,,,,,,,,,,,,,,,,,,,,,,,,,,,,,,,,,,,,,,,,,,,,,,,,,,,,,,,
CS 526,,,,,,,,,,,,,,,,,,,,,,A,A,A,A,A,A,,,,,,,,,,,,,,,,,,,,,,,,,,,,,,,,,,,,,,,,,,,,,,,,,,,,,,,
CS 528,,,,,,,,,,,,,,,,,,,,,,A,A,A,A,A,A,,,,,,,,,,,,,,,,,,,,,,,,,,,,,,,,,,,,,,,,,,,,,,,,,,,,,,,
CS 531,,,,,,,,,,,,,,,,,,,,,,A,A,A,A,A,A,,,,,,,,,,,,,,,,,,,,,,,,,,,,,,,,,,,,,,,,,,,,,,,,,,,,,,,
CS 532,,,,,,,,,,,,,,,,,,,,,,A,A,A,A,A,A,,,,,,,,,,,,,,,,,,,,,,,,,,,,,,,,,,,,,,,,,,,,,,,,,,,,,,,
CS 533,,,,,,,,,,,,,,,,,,,,,,A,A,A,A,A,A,,,,,,,,,,,,,,,,,,,,,,,,,,,,,,,,,,,,,,,,,,,,,,,,,,,,,,,
CS 534,,,,,,,,,,,,,,,,,,,,,,A,A,A,A,A,A,,,,,,,,,,,,,,,,,,,,,,,,,,,,,,,,,,,,,,,,,,,,,,,,,,,,,,,
CS 535,,,,,,,,,,,,,,,,,,,,,,A,A,A,A,A,A,,,,,,,,,,,,,,,,,,,,,,,,,,,,,,,,,,,,,,,,,,,,,,,,,,,,,,,
CS 538,,,,,,,,,,,,,,,,,,,,,,A,A,A,A,A,A,,,,,,,,,,,,,,,,,,,,,,,,,,,,,,,,,,,,,,,,,,,,,,,,,,,,,,,
CS 539,,,,,,,,,,,,,,,,,,,,,,A,A,A,A,A,A,,,,,,,,,,,,,,,,,,,,,,,,,,,,,,,,,,,,,,,,,,,,,,,,,,,,,,,
CS 540,,,,,,,,,,,,,,,,,,,,,,A,A,A,A,A,A,,,,,,,,,,,,,,,,,,,,,,,,,,,,,,,,,,,,,,,,,,,,,,,,,,,,,,,
CS 541,,,,,,,,,,,,,,,,,,,,,,A,A,A,A,A,A,,,,,,,,,,,,,,,,,,,,,,,,,,,,,,,,,,,,,,,,,,,,,,,,,,,,,,,
CS 542,,,,,,,,,,,,,,,,,,,,,,A,A,A,A,A,A,,,,,,,,,,,,,,,,,,,,,,,,,,,,,,,,,,,,,,,,,,,,,,,,,,,,,,,
CS 543,,,,,,,,,,,,,,,,,,,,,,A,A,A,A,A,A,,,,,,,,,,,,,,,,,,,,,,,,,,,,,,,,,,,,,,,,,,,,,,,,,,,,,,,
CS 545,,,,,,,,,,,,,,,,,,,,,,A,A,A,A,A,A,,,,,,,,,,,,,,,,,,,,,,,,,,,,,,,,,,,,,,,,,,,,,,,,,,,,,,,
CS 546,,,,,,,,,,,,,,,,,,,,,,A,A,A,A,A,A,,,,,,,,,,,,,,,,,,,,,,,,,,,,,,,,,,,,,,,,,,,,,,,,,,,,,,,
CS 547,,,,,,,,,,,,,,,,,,,,,,A,A,A,A,A,A,,,,,,,,,,,,,,,,,,,,,,,,,,,,,,,,,,,,,,,,,,,,,,,,,,,,,,,
CS 549,,,,,,,,,,,,,,,,,,,,,,A,A,A,A,A,A,,,,,,,,,,,,,,,,,,,,,,,,,,,,,,,,,,,,,,,,,,,,,,,,,,,,,,,
CS 555,,,,,,,,,,,,,,,,,,,,,,A,A,A,A,A,A,,,,,,,,,,,,,,,,,,,,,,,,,,,,,,,,,,,,,,,,,,,,,,,,,,,,,,,
CS 560,,,,,,,,,,,,,,,,,,,,,,A,A,A,A,A,A,,,,,,,,,,,,,,,,,,,,,,,,,,,,,,,,,,,,,,,,,,,,,,,,,,,,,,,
CS 580,,,,,,,,,,,,,,,,,,,,,,A,A,A,A,A,A,,,,,,,,,,,,,,,,,,,,,,,,,,,,,,,,,,,,,,,,,,,,,,,,,,,,,,,
CS 58000,,,,,,,,,,,,,,,,,,,,,,A,A,A,A,A,A,,,,,,,,,,,,,,,,,,,,,,,,,,,,,,,,,,,,,,,,,,,,,,,,,,,,,,,
CS 58001,,,,,,,,,,,,,,,,,,,,,,A,A,A,A,A,A,,,,,,,,,,,,,,,,,,,,,,,,,,,,,,,,,,,,,,,,,,,,,,,,,,,,,,,
CS 58002,,,,,,,,,,,,,,,,,,,,,,A,A,A,A,A,A,,,,,,,,,,,,,,,,,,,,,,,,,,,,,,,,,,,,,,,,,,,,,,,,,,,,,,,
CS 58003,,,,,,,,,,,,,,,,,,,,,,A,A,A,A,A,A,,,,,,,,,,,,,,,,,,,,,,,,,,,,,,,,,,,,,,,,,,,,,,,,,,,,,,,
CS 58004,,,,,,,,,,,,,,,,,,,,,,A,A,A,A,A,A,,,,,,,,,,,,,,,,,,,,,,,,,,,,,,,,,,,,,,,,,,,,,,,,,,,,,,,
CS 58005,,,,,,,,,,,,,,,,,,,,,,A,A,A,A,A,A,,,,,,,,,,,,,,,,,,,,,,,,,,,,,,,,,,,,,,,,,,,,,,,,,,,,,,,
CS 58007,,,,,,,,,,,,,,,,,,,,,,A,A,A,A,A,A,,,,,,,,,,,,,,,,,,,,,,,,,,,,,,,,,,,,,,,,,,,,,,,,,,,,,,,
CS 58008,,,,,,,,,,,,,,,,,,,,,,A,A,A,A,A,A,,,,,,,,,,,,,,,,,,,,,,,,,,,,,,,,,,,,,,,,,,,,,,,,,,,,,,,
CS 58009,,,,,,,,,,,,,,,,,,,,,,A,A,A,A,A,A,,,,,,,,,,,,,,,,,,,,,,,,,,,,,,,,,,,,,,,,,,,,,,,,,,,,,,,
CS 58010,,,,,,,,,,,,,,,,,,,,,,A,A,A,A,A,A,,,,,,,,,,,,,,,,,,,,,,,,,,,,,,,,,,,,,,,,,,,,,,,,,,,,,,,
CS 58011,,,,,,,,,,,,,,,,,,,,,,A,A,A,A,A,A,,,,,,,,,,,,,,,,,,,,,,,,,,,,,,,,,,,,,,,,,,,,,,,,,,,,,,,
CS 58012,,,,,,,,,,,,,,,,,,,,,,A,A,A,A,A,A,,,,,,,,,,,,,,,,,,,,,,,,,,,,,,,,,,,,,,,,,,,,,,,,,,,,,,,
CS 581,,,,,,,,,,,,,,,,,,,,,,A,A,A,A,A,A,,,,,,,,,,,,,,,,,,,,,,,,,,,,,,,,,,,,,,,,,,,,,,,,,,,,,,,
CS 582,,,,,,,,,,,,,,,,,,,,,,A,A,A,A,A,A,,,,,,,,,,,,,,,,,,,,,,,,,,,,,,,,,,,,,,,,,,,,,,,,,,,,,,,
CS 601,,,,,,,,,,,,,,,,,,,,,,A,A,A,A,A,A,,,,,,,,,,,,,,,,,,,,,,,,,,,,,,,,,,,,,,,,,,,,,,,,,,,,,,,
CS 611,,,,,,,,,,,,,,,,,,,,,,A,A,A,A,A,A,,,,,,,,,,,,,,,,,,,,,,,,,,,,,,,,,,,,,,,,,,,,,,,,,,,,,,,
CS 680,,,,,,,,,,,,,,,,,,,,,,A,A,A,A,A,A,,,,,,,,,,,,,,,,,,,,,,,,,,,,,,,,,,,,,,,,,,,,,,,,,,,,,,,
CS 68000,,,,,,,,,,,,,,,,,,,,,,A,A,A,A,A,A,,,,,,,,,,,,,,,,,,,,,,,,,,,,,,,,,,,,,,,,,,,,,,,,,,,,,,,
CS 68001,,,,,,,,,,,,,,,,,,,,,,A,A,A,A,A,A,,,,,,,,,,,,,,,,,,,,,,,,,,,,,,,,,,,,,,,,,,,,,,,,,,,,,,,
CS 681,,,,,,,,,,,,,,,,,,,,,,A,A,A,A,A,A,,,,,,,,,,,,,,,,,,,,,,,,,,,,,,,,,,,,,,,,,,,,,,,,,,,,,,,
CULT 500,,,,,,,,,,,,,,,,,,,,,,A,A,A,A,A,A,,,,,,,,,,,,,,,,,,,,,,,,,,,,,,,,,,,,,,,,,,,,,,,,,,,,,,,
CULT 501,,,,,,,,,,,,,,,,,,,,,,A,A,A,A,A,A,,,,,,,,,,,,,,,,,,,,,,,,,,,,,,,,,,,,,,,,,,,,,,,,,,,,,,,
CULT 502,,,,,,,,,,,,,,,,,,,,,,A,A,A,A,A,A,,,,,,,,,,,,,,,,,,,,,,,,,,,,,,,,,,,,,,,,,,,,,,,,,,,,,,,
CULT 503,,,,,,,,,,,,,,,,,,,,,,A,A,A,A,A,A,,,,,,,,,,,,,,,,,,,,,,,,,,,,,,,,,,,,,,,,,,,,,,,,,,,,,,,
CULT 521,,,,,,,,,,,,,,,,,,,,,,A,A,A,A,A,A,,,,,,,,,,,,,,,,,,,,,,,,,,,,,,,,,,,,,,,,,,,,,,,,,,,,,,,
CULT 522,,,,,,,,,,,,,,,,,,,,,,A,A,A,A,A,A,,,,,,,,,,,,,,,,,,,,,,,,,,,,,,,,,,,,,,,,,,,,,,,,,,,,,,,
CULT 525,,,,,,,,,,,,,,,,,,,,,,A,A,A,A,A,A,,,,,,,,,,,,,,,,,,,,,,,,,,,,,,,,,,,,,,,,,,,,,,,,,,,,,,,
CULT 527,,,,,,,,,,,,,,,,,,,,,,A,A,A,A,A,A,,,,,,,,,,,,,,,,,,,,,,,,,,,,,,,,,,,,,,,,,,,,,,,,,,,,,,,
CULT 532,,,,,,,,,,,,,,,,,,,,,,A,A,A,A,A,A,,,,,,,,,,,,,,,,,,,,,,,,,,,,,,,,,,,,,,,,,,,,,,,,,,,,,,,
CULT 535,,,,,,,,,,,,,,,,,,,,,,A,A,A,A,A,A,,,,,,,,,,,,,,,,,,,,,,,,,,,,,,,,,,,,,,,,,,,,,,,,,,,,,,,
CULT 537,,,,,,,,,,,,,,,,,,,,,,A,A,A,A,A,A,,,,,,,,,,,,,,,,,,,,,,,,,,,,,,,,,,,,,,,,,,,,,,,,,,,,,,,
CULT 541,,,,,,,,,,,,,,,,,,,,,,A,A,A,A,A,A,,,,,,,,,,,,,,,,,,,,,,,,,,,,,,,,,,,,,,,,,,,,,,,,,,,,,,,
CULT 542,,,,,,,,,,,,,,,,,,,,,,A,A,A,A,A,A,,,,,,,,,,,,,,,,,,,,,,,,,,,,,,,,,,,,,,,,,,,,,,,,,,,,,,,
CULT 543,,,,,,,,,,,,,,,,,,,,,,A,A,A,A,A,A,,,,,,,,,,,,,,,,,,,,,,,,,,,,,,,,,,,,,,,,,,,,,,,,,,,,,,,
CULT 544,,,,,,,,,,,,,,,,,,,,,,A,A,A,A,A,A,,,,,,,,,,,,,,,,,,,,,,,,,,,,,,,,,,,,,,,,,,,,,,,,,,,,,,,
CULT 551,,,,,,,,,,,,,,,,,,,,,,A,A,A,A,A,A,,,,,,,,,,,,,,,,,,,,,,,,,,,,,,,,,,,,,,,,,,,,,,,,,,,,,,,
CULT 552,,,,,,,,,,,,,,,,,,,,,,A,A,A,A,A,A,,,,,,,,,,,,,,,,,,,,,,,,,,,,,,,,,,,,,,,,,,,,,,,,,,,,,,,
CULT 553,,,,,,,,,,,,,,,,,,,,,,A,A,A,A,A,A,,,,,,,,,,,,,,,,,,,,,,,,,,,,,,,,,,,,,,,,,,,,,,,,,,,,,,,
CULT 554,,,,,,,,,,,,,,,,,,,,,,A,A,A,A,A,A,,,,,,,,,,,,,,,,,,,,,,,,,,,,,,,,,,,,,,,,,,,,,,,,,,,,,,,
CULT 555,,,,,,,,,,,,,,,,,,,,,,A,A,A,A,A,A,,,,,,,,,,,,,,,,,,,,,,,,,,,,,,,,,,,,,,,,,,,,,,,,,,,,,,,
CULT 561,,,,,,,,,,,,,,,,,,,,,,A,A,A,A,A,A,,,,,,,,,,,,,,,,,,,,,,,,,,,,,,,,,,,,,,,,,,,,,,,,,,,,,,,
CULT 562,,,,,,,,,,,,,,,,,,,,,,A,A,A,A,A,A,,,,,,,,,,,,,,,,,,,,,,,,,,,,,,,,,,,,,,,,,,,,,,,,,,,,,,,
CULT 563,,,,,,,,,,,,,,,,,,,,,,A,A,A,A,A,A,,,,,,,,,,,,,,,,,,,,,,,,,,,,,,,,,,,,,,,,,,,,,,,,,,,,,,,
CULT 568,,,,,,,,,,,,,,,,,,,,,,A,A,A,A,A,A,,,,,,,,,,,,,,,,,,,,,,,,,,,,,,,,,,,,,,,,,,,,,,,,,,,,,,,
CULT 570,,,,,,,,,,,,,,,,,,,,,,A,A,A,A,A,A,,,,,,,,,,,,,,,,,,,,,,,,,,,,,,,,,,,,,,,,,,,,,,,,,,,,,,,
CULT 584,,,,,,,,,,,,,,,,,,,,,,A,A,A,A,A,A,,,,,,,,,,,,,,,,,,,,,,,,,,,,,,,,,,,,,,,,,,,,,,,,,,,,,,,
CULT 591,,,,,,,,,,,,,,,,,,,,,,A,A,A,A,A,A,,,,,,,,,,,,,,,,,,,,,,,,,,,,,,,,,,,,,,,,,,,,,,,,,,,,,,,
CULT 592,,,,,,,,,,,,,,,,,,,,,,A,A,A,A,A,A,,,,,,,,,,,,,,,,,,,,,,,,,,,,,,,,,,,,,,,,,,,,,,,,,,,,,,,
CULT 593,,,,,,,,,,,,,,,,,,,,,,A,A,A,A,A,A,,,,,,,,,,,,,,,,,,,,,,,,,,,,,,,,,,,,,,,,,,,,,,,,,,,,,,,
CULT 598,,,,,,,,,,,,,,,,,,,,,,A,A,A,A,A,A,,,,,,,,,,,,,,,,,,,,,,,,,,,,,,,,,,,,,,,,,,,,,,,,,,,,,,,
DS 551,,,,,,,,,,,,,,,,,,,,,,A,A,A,A,A,A,,,,,,,,,,,,,,,,,,,,,,,,,,,,,,,,,,,,,,,,,,,,,,,,,,,,,,,
DS 552,,,,,,,,,,,,,,,,,,,,,,A,A,A,A,A,A,,,,,,,,,,,,,,,,,,,,,,,,,,,,,,,,,,,,,,,,,,,,,,,,,,,,,,,
DS 590,,,,,,,,,,,,,,,,,,,,,,A,A,A,A,A,A,,,,,,,,,,,,,,,,,,,,,,,,,,,,,,,,,,,,,,,,,,,,,,,,,,,,,,,
DT 501,,,,,,,,,,,,,,,,,,,,,,A,A,A,A,A,A,,,,,,,,,,,,,,,,,,,,,,,,,,,,,,,,,,,,,,,,,,,,,,,,,,,,,,,
DT 502,,,,,,,,,,,,,,,,,,,,,,A,A,A,A,A,A,,,,,,,,,,,,,,,,,,,,,,,,,,,,,,,,,,,,,,,,,,,,,,,,,,,,,,,
DT 503,,,,,,,,,,,,,,,,,,,,,,A,A,A,A,A,A,,,,,,,,,,,,,,,,,,,,,,,,,,,,,,,,,,,,,,,,,,,,,,,,,,,,,,,
DT 504,,,,,,,,,,,,,,,,,,,,,,A,A,A,A,A,A,,,,,,,,,,,,,,,,,,,,,,,,,,,,,,,,,,,,,,,,,,,,,,,,,,,,,,,
DT 511,,,,,,,,,,,,,,,,,,,,,,A,A,A,A,A,A,,,,,,,,,,,,,,,,,,,,,,,,,,,,,,,,,,,,,,,,,,,,,,,,,,,,,,,
DT 512,,,,,,,,,,,,,,,,,,,,,,A,A,A,A,A,A,,,,,,,,,,,,,,,,,,,,,,,,,,,,,,,,,,,,,,,,,,,,,,,,,,,,,,,
DT 513,,,,,,,,,,,,,,,,,,,,,,A,A,A,A,A,A,,,,,,,,,,,,,,,,,,,,,,,,,,,,,,,,,,,,,,,,,,,,,,,,,,,,,,,
DT 514,,,,,,,,,,,,,,,,,,,,,,A,A,A,A,A,A,,,,,,,,,,,,,,,,,,,,,,,,,,,,,,,,,,,,,,,,,,,,,,,,,,,,,,,
DT 521,,,,,,,,,,,,,,,,,,,,,,A,A,A,A,A,A,,,,,,,,,,,,,,,,,,,,,,,,,,,,,,,,,,,,,,,,,,,,,,,,,,,,,,,
DT 522,,,,,,,,,,,,,,,,,,,,,,A,A,A,A,A,A,,,,,,,,,,,,,,,,,,,,,,,,,,,,,,,,,,,,,,,,,,,,,,,,,,,,,,,
DT 523,,,,,,,,,,,,,,,,,,,,,,A,A,A,A,A,A,,,,,,,,,,,,,,,,,,,,,,,,,,,,,,,,,,,,,,,,,,,,,,,,,,,,,,,
DT 524,,,,,,,,,,,,,,,,,,,,,,A,A,A,A,A,A,,,,,,,,,,,,,,,,,,,,,,,,,,,,,,,,,,,,,,,,,,,,,,,,,,,,,,,
DT 532,,,,,,,,,,,,,,,,,,,,,,A,A,A,A,A,A,,,,,,,,,,,,,,,,,,,,,,,,,,,,,,,,,,,,,,,,,,,,,,,,,,,,,,,
DT 533,,,,,,,,,,,,,,,,,,,,,,A,A,A,A,A,A,,,,,,,,,,,,,,,,,,,,,,,,,,,,,,,,,,,,,,,,,,,,,,,,,,,,,,,
DT 541,,,,,,,,,,,,,,,,,,,,,,A,A,A,A,A,A,,,,,,,,,,,,,,,,,,,,,,,,,,,,,,,,,,,,,,,,,,,,,,,,,,,,,,,
DT 592,,,,,,,,,,,,,,,,,,,,,,A,A,A,A,A,A,,,,,,,,,,,,,,,,,,,,,,,,,,,,,,,,,,,,,,,,,,,,,,,,,,,,,,,
ECON 501,,,,,,,,,,,,,,,,,,,,,,A,A,A,A,A,A,,,,,,,,,,,,,,,,,,,,,,,,,,,,,,,,,,,,,,,,,,,,,,,,,,,,,,,
ECON 502,,,,,,,,,,,,,,,,,,,,,,A,A,A,A,A,A,,,,,,,,,,,,,,,,,,,,,,,,,,,,,,,,,,,,,,,,,,,,,,,,,,,,,,,
ECON 503,,,,,,,,,,,,,,,,,,,,,,A,A,A,A,A,A,,,,,,,,,,,,,,,,,,,,,,,,,,,,,,,,,,,,,,,,,,,,,,,,,,,,,,,
ECON 504,,,,,,,,,,,,,,,,,,,,,,A,A,A,A,A,A,,,,,,,,,,,,,,,,,,,,,,,,,,,,,,,,,,,,,,,,,,,,,,,,,,,,,,,
ECON 505,,,,,,,,,,,,,,,,,,,,,,A,A,A,A,A,A,,,,,,,,,,,,,,,,,,,,,,,,,,,,,,,,,,,,,,,,,,,,,,,,,,,,,,,
ECON 506,,,,,,,,,,,,,,,,,,,,,,A,A,A,A,A,A,,,,,,,,,,,,,,,,,,,,,,,,,,,,,,,,,,,,,,,,,,,,,,,,,,,,,,,
ECON 520,,,,,,,,,,,,,,,,,,,,,,A,A,A,A,A,A,,,,,,,,,,,,,,,,,,,,,,,,,,,,,,,,,,,,,,,,,,,,,,,,,,,,,,,
ECON 521,,,,,,,,,,,,,,,,,,,,,,A,A,A,A,A,A,,,,,,,,,,,,,,,,,,,,,,,,,,,,,,,,,,,,,,,,,,,,,,,,,,,,,,,
ECON 522,,,,,,,,,,,,,,,,,,,,,,A,A,A,A,A,A,,,,,,,,,,,,,,,,,,,,,,,,,,,,,,,,,,,,,,,,,,,,,,,,,,,,,,,
ECON 523,,,,,,,,,,,,,,,,,,,,,,A,A,A,A,A,A,,,,,,,,,,,,,,,,,,,,,,,,,,,,,,,,,,,,,,,,,,,,,,,,,,,,,,,
ECON 526,,,,,,,,,,,,,,,,,,,,,,A,A,A,A,A,A,,,,,,,,,,,,,,,,,,,,,,,,,,,,,,,,,,,,,,,,,,,,,,,,,,,,,,,
ECON 547,,,,,,,,,,,,,,,,,,,,,,A,A,A,A,A,A,,,,,,,,,,,,,,,,,,,,,,,,,,,,,,,,,,,,,,,,,,,,,,,,,,,,,,,
ECON 571,,,,,,,,,,,,,,,,,,,,,,A,A,A,A,A,A,,,,,,,,,,,,,,,,,,,,,,,,,,,,,,,,,,,,,,,,,,,,,,,,,,,,,,,
ECON 591,,,,,,,,,,,,,,,,,,,,,,A,A,A,A,A,A,,,,,,,,,,,,,,,,,,,,,,,,,,,,,,,,,,,,,,,,,,,,,,,,,,,,,,,
ECON 592,,,,,,,,,,,,,,,,,,,,,,A,A,A,A,A,A,,,,,,,,,,,,,,,,,,,,,,,,,,,,,,,,,,,,,,,,,,,,,,,,,,,,,,,
ECON 601,,,,,,,,,,,,,,,,,,,,,,A,A,A,A,A,A,,,,,,,,,,,,,,,,,,,,,,,,,,,,,,,,,,,,,,,,,,,,,,,,,,,,,,,
ECON 602,,,,,,,,,,,,,,,,,,,,,,A,A,A,A,A,A,,,,,,,,,,,,,,,,,,,,,,,,,,,,,,,,,,,,,,,,,,,,,,,,,,,,,,,
ECON 603,,,,,,,,,,,,,,,,,,,,,,A,A,A,A,A,A,,,,,,,,,,,,,,,,,,,,,,,,,,,,,,,,,,,,,,,,,,,,,,,,,,,,,,,
ECON 604,,,,,,,,,,,,,,,,,,,,,,A,A,A,A,A,A,,,,,,,,,,,,,,,,,,,,,,,,,,,,,,,,,,,,,,,,,,,,,,,,,,,,,,,
ECON 605,,,,,,,,,,,,,,,,,,,,,,A,A,A,A,A,A,,,,,,,,,,,,,,,,,,,,,,,,,,,,,,,,,,,,,,,,,,,,,,,,,,,,,,,
ECON 606,,,,,,,,,,,,,,,,,,,,,,A,A,A,A,A,A,,,,,,,,,,,,,,,,,,,,,,,,,,,,,,,,,,,,,,,,,,,,,,,,,,,,,,,
ECON 607,,,,,,,,,,,,,,,,,,,,,,A,A,A,A,A,A,,,,,,,,,,,,,,,,,,,,,,,,,,,,,,,,,,,,,,,,,,,,,,,,,,,,,,,
ECON 608,,,,,,,,,,,,,,,,,,,,,,A,A,A,A,A,A,,,,,,,,,,,,,,,,,,,,,,,,,,,,,,,,,,,,,,,,,,,,,,,,,,,,,,,
ECON 609,,,,,,,,,,,,,,,,,,,,,,A,A,A,A,A,A,,,,,,,,,,,,,,,,,,,,,,,,,,,,,,,,,,,,,,,,,,,,,,,,,,,,,,,
ECON 610,,,,,,,,,,,,,,,,,,,,,,A,A,A,A,A,A,,,,,,,,,,,,,,,,,,,,,,,,,,,,,,,,,,,,,,,,,,,,,,,,,,,,,,,
ECON 611,,,,,,,,,,,,,,,,,,,,,,A,A,A,A,,,,,,,,,,,,,,,,,,,,,,,,,,,,,,,,,,,,,,,,,,,,,,,,,,,,,,,,,
ECON 612,,,,,,,,,,,,,,,,,,,,,,A,A,A,A,A,A,,,,,,,,,,,,,,,,,,,,,,,,,,,,,,,,,,,,,,,,,,,,,,,,,,,,,,,
ECON 624,,,,,,,,,,,,,,,,,,,,,,A,A,A,A,A,A,,,,,,,,,,,,,,,,,,,,,,,,,,,,,,,,,,,,,,,,,,,,,,,,,,,,,,,
ECON 630,,,,,,,,,,,,,,,,,,,,,,A,A,A,A,A,A,,,,,,,,,,,,,,,,,,,,,,,,,,,,,,,,,,,,,,,,,,,,,,,,,,,,,,,
ECON 635,,,,,,,,,,,,,,,,,,,,,,A,A,A,A,A,A,,,,,,,,,,,,,,,,,,,,,,,,,,,,,,,,,,,,,,,,,,,,,,,,,,,,,,,
ECON 688,,,,,,,,,,,,,,,,,,,,,,A,A,A,A,A,A,,,,,,,,,,,,,,,,,,,,,,,,,,,,,,,,,,,,,,,,,,,,,,,,,,,,,,,
ECON 691,,,,,,,,,,,,,,,,,,,,,,A,A,A,A,A,A,,,,,,,,,,,,,,,,,,,,,,,,,,,,,,,,,,,,,,,,,,,,,,,,,,,,,,,
ECON 692,,,,,,,,,,,,,,,,,,,,,,A,A,A,A,A,A,,,,,,,,,,,,,,,,,,,,,,,,,,,,,,,,,,,,,,,,,,,,,,,,,,,,,,,
ECON 701,,,,,,,,,,,,,,,,,,,,,,A,A,A,A,A,A,,,,,,,,,,,,,,,,,,,,,,,,,,,,,,,,,,,,,,,,,,,,,,,,,,,,,,,
ECON 703,,,,,,,,,,,,,,,,,,,,,,A,A,A,A,A,A,,,,,,,,,,,,,,,,,,,,,,,,,,,,,,,,,,,,,,,,,,,,,,,,,,,,,,,
ECON 704,,,,,,,,,,,,,,,,,,,,,,A,A,A,A,A,A,,,,,,,,,,,,,,,,,,,,,,,,,,,,,,,,,,,,,,,,,,,,,,,,,,,,,,,
ECON 705,,,,,,,,,,,,,,,,,,,,,,A,A,A,A,A,A,,,,,,,,,,,,,,,,,,,,,,,,,,,,,,,,,,,,,,,,,,,,,,,,,,,,,,,
ECON 706,,,,,,,,,,,,,,,,,,,,,,A,A,A,A,A,A,,,,,,,,,,,,,,,,,,,,,,,,,,,,,,,,,,,,,,,,,,,,,,,,,,,,,,,
ECON 711,,,,,,,,,,,,,,,,,,,,,,A,A,A,A,A,A,,,,,,,,,,,,,,,,,,,,,,,,,,,,,,,,,,,,,,,,,,,,,,,,,,,,,,,
ECON 731,,,,,,,,,,,,,,,,,,,,,,A,A,A,A,A,A,,,,,,,,,,,,,,,,,,,,,,,,,,,,,,,,,,,,,,,,,,,,,,,,,,,,,,,
ECON 756,,,,,,,,,,,,,,,,,,,,,,A,A,A,A,,,,,,,,,,,,,,,,,,,,,,,,,,,,,,,,,,,,,,,,,,,,,,,,,,,,,,,,,
EE 516,,,,,,,,,,,,,,,,,,,,,,A,A,A,A,A,A,,,,,,,,,,,,,,,,,,,,,,,,,,,,,,,,,,,,,,,,,,,,,,,,,,,,,,,
EE 518,,,,,,,,,,,,,,,,,,,,,,A,A,A,A,A,A,,,,,,,,,,,,,,,,,,,,,,,,,,,,,,,,,,,,,,,,,,,,,,,,,,,,,,,
EE 520,,,,,,,,,,,,,,,,,,,,,,A,A,A,A,A,A,,,,,,,,,,,,,,,,,,,,,,,,,,,,,,,,,,,,,,,,,,,,,,,,,,,,,,,
EE 521,,,,,,,,,,,,,,,,,,,,,,A,A,A,A,A,A,,,,,,,,,,,,,,,,,,,,,,,,,,,,,,,,,,,,,,,,,,,,,,,,,,,,,,,
EE 522,,,,,,,,,,,,,,,,,,,,,,A,A,A,A,A,A,,,,,,,,,,,,,,,,,,,,,,,,,,,,,,,,,,,,,,,,,,,,,,,,,,,,,,,
EE 523,,,,,,,,,,,,,,,,,,,,,,A,A,A,A,A,A,,,,,,,,,,,,,,,,,,,,,,,,,,,,,,,,,,,,,,,,,,,,,,,,,,,,,,,
EE 524,,,,,,,,,,,,,,,,,,,,,,A,A,A,A,A,A,,,,,,,,,,,,,,,,,,,,,,,,,,,,,,,,,,,,,,,,,,,,,,,,,,,,,,,
EE 525,,,,,,,,,,,,,,,,,,,,,,A,A,A,A,A,A,,,,,,,,,,,,,,,,,,,,,,,,,,,,,,,,,,,,,,,,,,,,,,,,,,,,,,,
EE 527,,,,,,,,,,,,,,,,,,,,,,A,A,A,A,A,A,,,,,,,,,,,,,,,,,,,,,,,,,,,,,,,,,,,,,,,,,,,,,,,,,,,,,,,
EE 528,,,,,,,,,,,,,,,,,,,,,,A,A,A,A,A,A,,,,,,,,,,,,,,,,,,,,,,,,,,,,,,,,,,,,,,,,,,,,,,,,,,,,,,,
EE 529,,,,,,,,,,,,,,,,,,,,,,A,A,A,A,A,A,,,,,,,,,,,,,,,,,,,,,,,,,,,,,,,,,,,,,,,,,,,,,,,,,,,,,,,
EE 530,,,,,,,,,,,,,,,,,,,,,,A,A,A,A,A,A,,,,,,,,,,,,,,,,,,,,,,,,,,,,,,,,,,,,,,,,,,,,,,,,,,,,,,,
EE 531,,,,,,,,,,,,,,,,,,,,,,A,A,A,A,A,A,,,,,,,,,,,,,,,,,,,,,,,,,,,,,,,,,,,,,,,,,,,,,,,,,,,,,,,
EE 532,,,,,,,,,,,,,,,,,,,,,,A,A,A,A,A,A,,,,,,,,,,,,,,,,,,,,,,,,,,,,,,,,,,,,,,,,,,,,,,,,,,,,,,,
EE 533,,,,,,,,,,,,,,,,,,,,,,A,A,A,A,A,A,,,,,,,,,,,,,,,,,,,,,,,,,,,,,,,,,,,,,,,,,,,,,,,,,,,,,,,
EE 534,,,,,,,,,,,,,,,,,,,,,,A,A,A,A,A,A,,,,,,,,,,,,,,,,,,,,,,,,,,,,,,,,,,,,,,,,,,,,,,,,,,,,,,,
EE 535,,,,,,,,,,,,,,,,,,,,,,A,A,A,A,A,A,,,,,,,,,,,,,,,,,,,,,,,,,,,,,,,,,,,,,,,,,,,,,,,,,,,,,,,
EE 536,,,,,,,,,,,,,,,,,,,,,,A,A,A,A,A,A,,,,,,,,,,,,,,,,,,,,,,,,,,,,,,,,,,,,,,,,,,,,,,,,,,,,,,,
EE 537,,,,,,,,,,,,,,,,,,,,,,A,A,A,A,A,A,,,,,,,,,,,,,,,,,,,,,,,,,,,,,,,,,,,,,,,,,,,,,,,,,,,,,,,
EE 539,,,,,,,,,,,,,,,,,,,,,,A,A,A,A,A,A,,,,,,,,,,,,,,,,,,,,,,,,,,,,,,,,,,,,,,,,,,,,,,,,,,,,,,,
EE 540,,,,,,,,,,,,,,,,,,,,,,A,A,A,A,A,A,,,,,,,,,,,,,,,,,,,,,,,,,,,,,,,,,,,,,,,,,,,,,,,,,,,,,,,
EE 541,,,,,,,,,,,,,,,,,,,,,,A,A,A,A,A,A,,,,,,,,,,,,,,,,,,,,,,,,,,,,,,,,,,,,,,,,,,,,,,,,,,,,,,,
EE 542,,,,,,,,,,,,,,,,,,,,,,A,A,A,A,A,A,,,,,,,,,,,,,,,,,,,,,,,,,,,,,,,,,,,,,,,,,,,,,,,,,,,,,,,
EE 544,,,,,,,,,,,,,,,,,,,,,,A,A,A,A,A,A,,,,,,,,,,,,,,,,,,,,,,,,,,,,,,,,,,,,,,,,,,,,,,,,,,,,,,,
EE 550,,,,,,,,,,,,,,,,,,,,,,A,A,A,A,A,A,,,,,,,,,,,,,,,,,,,,,,,,,,,,,,,,,,,,,,,,,,,,,,,,,,,,,,,
EE 553,,,,,,,,,,,,,,,,,,,,,,A,A,A,A,A,A,,,,,,,,,,,,,,,,,,,,,,,,,,,,,,,,,,,,,,,,,,,,,,,,,,,,,,,
EE 554,,,,,,,,,,,,,,,,,,,,,,A,A,A,A,A,A,,,,,,,,,,,,,,,,,,,,,,,,,,,,,,,,,,,,,,,,,,,,,,,,,,,,,,,
EE 555,,,,,,,,,,,,,,,,,,,,,,A,A,A,A,A,A,,,,,,,,,,,,,,,,,,,,,,,,,,,,,,,,,,,,,,,,,,,,,,,,,,,,,,,
EE 556,,,,,,,,,,,,,,,,,,,,,,A,A,A,A,A,A,,,,,,,,,,,,,,,,,,,,,,,,,,,,,,,,,,,,,,,,,,,,,,,,,,,,,,,
EE 557,,,,,,,,,,,,,,,,,,,,,,A,A,A,A,A,A,,,,,,,,,,,,,,,,,,,,,,,,,,,,,,,,,,,,,,,,,,,,,,,,,,,,,,,
EE 560,,,,,,,,,,,,,,,,,,,,,,A,A,A,A,A,A,,,,,,,,,,,,,,,,,,,,,,,,,,,,,,,,,,,,,,,,,,,,,,,,,,,,,,,
EE 561,,,,,,,,,,,,,,,,,,,,,,A,A,A,A,A,A,,,,,,,,,,,,,,,,,,,,,,,,,,,,,,,,,,,,,,,,,,,,,,,,,,,,,,,
EE 562,,,,,,,,,,,,,,,,,,,,,,A,A,A,A,A,A,,,,,,,,,,,,,,,,,,,,,,,,,,,,,,,,,,,,,,,,,,,,,,,,,,,,,,,
EE 563,,,,,,,,,,,,,,,,,,,,,,A,A,A,A,A,A,,,,,,,,,,,,,,,,,,,,,,,,,,,,,,,,,,,,,,,,,,,,,,,,,,,,,,,
EE 565,,,,,,,,,,,,,,,,,,,,,,A,A,A,A,A,A,,,,,,,,,,,,,,,,,,,,,,,,,,,,,,,,,,,,,,,,,,,,,,,,,,,,,,,
EE 566,,,,,,,,,,,,,,,,,,,,,,A,A,A,A,A,A,,,,,,,,,,,,,,,,,,,,,,,,,,,,,,,,,,,,,,,,,,,,,,,,,,,,,,,
EE 567,,,,,,,,,,,,,,,,,,,,,,A,A,A,A,A,A,,,,,,,,,,,,,,,,,,,,,,,,,,,,,,,,,,,,,,,,,,,,,,,,,,,,,,,
EE 568,,,,,,,,,,,,,,,,,,,,,,A,A,A,A,A,A,,,,,,,,,,,,,,,,,,,,,,,,,,,,,,,,,,,,,,,,,,,,,,,,,,,,,,,
EE 569,,,,,,,,,,,,,,,,,,,,,,A,A,A,A,A,A,,,,,,,,,,,,,,,,,,,,,,,,,,,,,,,,,,,,,,,,,,,,,,,,,,,,,,,
EE 571,,,,,,,,,,,,,,,,,,,,,,A,A,A,A,A,A,,,,,,,,,,,,,,,,,,,,,,,,,,,,,,,,,,,,,,,,,,,,,,,,,,,,,,,
EE 572,,,,,,,,,,,,,,,,,,,,,,A,A,A,A,A,A,,,,,,,,,,,,,,,,,,,,,,,,,,,,,,,,,,,,,,,,,,,,,,,,,,,,,,,
EE 573,,,,,,,,,,,,,,,,,,,,,,A,A,A,A,A,A,,,,,,,,,,,,,,,,,,,,,,,,,,,,,,,,,,,,,,,,,,,,,,,,,,,,,,,
EE 575,,,,,,,,,,,,,,,,,,,,,,A,A,A,A,A,A,,,,,,,,,,,,,,,,,,,,,,,,,,,,,,,,,,,,,,,,,,,,,,,,,,,,,,,
EE 580,,,,,,,,,,,,,,,,,,,,,,A,A,A,A,A,A,,,,,,,,,,,,,,,,,,,,,,,,,,,,,,,,,,,,,,,,,,,,,,,,,,,,,,,
EE 58000,,,,,,,,,,,,,,,,,,,,,,A,A,A,A,A,A,,,,,,,,,,,,,,,,,,,,,,,,,,,,,,,,,,,,,,,,,,,,,,,,,,,,,,,
EE 58001,,,,,,,,,,,,,,,,,,,,,,A,A,A,A,A,A,,,,,,,,,,,,,,,,,,,,,,,,,,,,,,,,,,,,,,,,,,,,,,,,,,,,,,,
EE 58002,,,,,,,,,,,,,,,,,,,,,,A,A,A,A,A,A,,,,,,,,,,,,,,,,,,,,,,,,,,,,,,,,,,,,,,,,,,,,,,,,,,,,,,,
EE 58003,,,,,,,,,,,,,,,,,,,,,,A,A,A,A,A,A,,,,,,,,,,,,,,,,,,,,,,,,,,,,,,,,,,,,,,,,,,,,,,,,,,,,,,,
EE 58004,,,,,,,,,,,,,,,,,,,,,,A,A,A,A,A,A,,,,,,,,,,,,,,,,,,,,,,,,,,,,,,,,,,,,,,,,,,,,,,,,,,,,,,,
EE 58005,,,,,,,,,,,,,,,,,,,,,,A,A,A,A,A,A,,,,,,,,,,,,,,,,,,,,,,,,,,,,,,,,,,,,,,,,,,,,,,,,,,,,,,,
EE 58006,,,,,,,,,,,,,,,,,,,,,,A,A,A,A,A,A,,,,,,,,,,,,,,,,,,,,,,,,,,,,,,,,,,,,,,,,,,,,,,,,,,,,,,,
EE 58008,,,,,,,,,,,,,,,,,,,,,,A,A,A,A,A,A,,,,,,,,,,,,,,,,,,,,,,,,,,,,,,,,,,,,,,,,,,,,,,,,,,,,,,,
EE 58009,,,,,,,,,,,,,,,,,,,,,,A,A,A,A,A,A,,,,,,,,,,,,,,,,,,,,,,,,,,,,,,,,,,,,,,,,,,,,,,,,,,,,,,,
EE 58010,,,,,,,,,,,,,,,,,,,,,,A,A,A,A,A,A,,,,,,,,,,,,,,,,,,,,,,,,,,,,,,,,,,,,,,,,,,,,,,,,,,,,,,,
EE 58011,,,,,,,,,,,,,,,,,,,,,,A,A,A,A,A,A,,,,,,,,,,,,,,,,,,,,,,,,,,,,,,,,,,,,,,,,,,,,,,,,,,,,,,,
EE 5807,,,,,,,,,,,,,,,,,,,,,,A,A,A,A,A,A,,,,,,,,,,,,,,,,,,,,,,,,,,,,,,,,,,,,,,,,,,,,,,,,,,,,,,,
EE 581,,,,,,,,,,,,,,,,,,,,,,A,A,A,A,A,A,,,,,,,,,,,,,,,,,,,,,,,,,,,,,,,,,,,,,,,,,,,,,,,,,,,,,,,
EE 582,,,,,,,,,,,,,,,,,,,,,,A,A,A,A,A,A,,,,,,,,,,,,,,,,,,,,,,,,,,,,,,,,,,,,,,,,,,,,,,,,,,,,,,,
EE 583,,,,,,,,,,,,,,,,,,,,,,A,A,A,A,A,A,,,,,,,,,,,,,,,,,,,,,,,,,,,,,,,,,,,,,,,,,,,,,,,,,,,,,,,
EE 584,,,,,,,,,,,,,,,,,,,,,,A,A,A,A,A,A,,,,,,,,,,,,,,,,,,,,,,,,,,,,,,,,,,,,,,,,,,,,,,,,,,,,,,,
EE 585,,,,,,,,,,,,,,,,,,,,,,A,A,A,A,A,A,,,,,,,,,,,,,,,,,,,,,,,,,,,,,,,,,,,,,,,,,,,,,,,,,,,,,,,
EE 606,,,,,,,,,,,,,,,,,,,,,,A,A,A,A,A,A,,,,,,,,,,,,,,,,,,,,,,,,,,,,,,,,,,,,,,,,,,,,,,,,,,,,,,,
EE 620,,,,,,,,,,,,,,,,,,,,,,A,A,A,A,A,A,,,,,,,,,,,,,,,,,,,,,,,,,,,,,,,,,,,,,,,,,,,,,,,,,,,,,,,
EE 621,,,,,,,,,,,,,,,,,,,,,,A,A,A,A,A,A,,,,,,,,,,,,,,,,,,,,,,,,,,,,,,,,,,,,,,,,,,,,,,,,,,,,,,,
EE 622,,,,,,,,,,,,,,,,,,,,,,A,A,A,A,A,A,,,,,,,,,,,,,,,,,,,,,,,,,,,,,,,,,,,,,,,,,,,,,,,,,,,,,,,
EE 623,,,,,,,,,,,,,,,,,,,,,,A,A,A,A,A,A,,,,,,,,,,,,,,,,,,,,,,,,,,,,,,,,,,,,,,,,,,,,,,,,,,,,,,,
EE 624,,,,,,,,,,,,,,,,,,,,,,A,A,A,A,A,A,,,,,,,,,,,,,,,,,,,,,,,,,,,,,,,,,,,,,,,,,,,,,,,,,,,,,,,
EE 625,,,,,,,,,,,,,,,,,,,,,,A,A,A,A,A,A,,,,,,,,,,,,,,,,,,,,,,,,,,,,,,,,,,,,,,,,,,,,,,,,,,,,,,,
EE 626,,,,,,,,,,,,,,,,,,,,,,A,A,A,A,A,A,,,,,,,,,,,,,,,,,,,,,,,,,,,,,,,,,,,,,,,,,,,,,,,,,,,,,,,
EE 627,,,,,,,,,,,,,,,,,,,,,,A,A,A,A,A,A,,,,,,,,,,,,,,,,,,,,,,,,,,,,,,,,,,,,,,,,,,,,,,,,,,,,,,,
EE 628,,,,,,,,,,,,,,,,,,,,,,A,A,A,A,A,A,,,,,,,,,,,,,,,,,,,,,,,,,,,,,,,,,,,,,,,,,,,,,,,,,,,,,,,
EE 629,,,,,,,,,,,,,,,,,,,,,,A,A,A,A,A,A,,,,,,,,,,,,,,,,,,,,,,,,,,,,,,,,,,,,,,,,,,,,,,,,,,,,,,,
EE 630,,,,,,,,,,,,,,,,,,,,,,A,A,A,A,A,A,,,,,,,,,,,,,,,,,,,,,,,,,,,,,,,,,,,,,,,,,,,,,,,,,,,,,,,
EE 631,,,,,,,,,,,,,,,,,,,,,,A,A,A,A,A,A,,,,,,,,,,,,,,,,,,,,,,,,,,,,,,,,,,,,,,,,,,,,,,,,,,,,,,,
EE 632,,,,,,,,,,,,,,,,,,,,,,A,A,A,A,A,A,,,,,,,,,,,,,,,,,,,,,,,,,,,,,,,,,,,,,,,,,,,,,,,,,,,,,,,
EE 633,,,,,,,,,,,,,,,,,,,,,,A,A,A,A,A,A,,,,,,,,,,,,,,,,,,,,,,,,,,,,,,,,,,,,,,,,,,,,,,,,,,,,,,,
EE 634,,,,,,,,,,,,,,,,,,,,,,A,A,A,A,A,A,,,,,,,,,,,,,,,,,,,,,,,,,,,,,,,,,,,,,,,,,,,,,,,,,,,,,,,
EE 635,,,,,,,,,,,,,,,,,,,,,,A,A,A,A,A,A,,,,,,,,,,,,,,,,,,,,,,,,,,,,,,,,,,,,,,,,,,,,,,,,,,,,,,,
EE 636,,,,,,,,,,,,,,,,,,,,,,A,A,A,A,A,A,,,,,,,,,,,,,,,,,,,,,,,,,,,,,,,,,,,,,,,,,,,,,,,,,,,,,,,
EE 637,,,,,,,,,,,,,,,,,,,,,,A,A,A,A,A,A,,,,,,,,,,,,,,,,,,,,,,,,,,,,,,,,,,,,,,,,,,,,,,,,,,,,,,,
EE 638,,,,,,,,,,,,,,,,,,,,,,A,A,A,A,A,A,,,,,,,,,,,,,,,,,,,,,,,,,,,,,,,,,,,,,,,,,,,,,,,,,,,,,,,
EE 639,,,,,,,,,,,,,,,,,,,,,,A,A,A,A,A,A,,,,,,,,,,,,,,,,,,,,,,,,,,,,,,,,,,,,,,,,,,,,,,,,,,,,,,,
EE 651,,,,,,,,,,,,,,,,,,,,,,A,A,A,A,A,A,,,,,,,,,,,,,,,,,,,,,,,,,,,,,,,,,,,,,,,,,,,,,,,,,,,,,,,
EE 652,,,,,,,,,,,,,,,,,,,,,,A,A,A,A,A,A,,,,,,,,,,,,,,,,,,,,,,,,,,,,,,,,,,,,,,,,,,,,,,,,,,,,,,,
EE 653,,,,,,,,,,,,,,,,,,,,,,A,A,A,A,A,A,,,,,,,,,,,,,,,,,,,,,,,,,,,,,,,,,,,,,,,,,,,,,,,,,,,,,,,
EE 654,,,,,,,,,,,,,,,,,,,,,,A,A,A,A,A,A,,,,,,,,,,,,,,,,,,,,,,,,,,,,,,,,,,,,,,,,,,,,,,,,,,,,,,,
EE 661,,,,,,,,,,,,,,,,,,,,,,A,A,A,A,A,A,,,,,,,,,,,,,,,,,,,,,,,,,,,,,,,,,,,,,,,,,,,,,,,,,,,,,,,
EE 662,,,,,,,,,,,,,,,,,,,,,,A,A,A,A,A,A,,,,,,,,,,,,,,,,,,,,,,,,,,,,,,,,,,,,,,,,,,,,,,,,,,,,,,,
EE 665,,,,,,,,,,,,,,,,,,,,,,A,A,A,A,A,A,,,,,,,,,,,,,,,,,,,,,,,,,,,,,,,,,,,,,,,,,,,,,,,,,,,,,,,
EE 672,,,,,,,,,,,,,,,,,,,,,,A,A,A,A,A,A,,,,,,,,,,,,,,,,,,,,,,,,,,,,,,,,,,,,,,,,,,,,,,,,,,,,,,,
EE 680,,,,,,,,,,,,,,,,,,,,,,A,A,A,A,A,A,,,,,,,,,,,,,,,,,,,,,,,,,,,,,,,,,,,,,,,,,,,,,,,,,,,,,,,
EE 68000,,,,,,,,,,,,,,,,,,,,,,A,A,A,A,A,A,,,,,,,,,,,,,,,,,,,,,,,,,,,,,,,,,,,,,,,,,,,,,,,,,,,,,,,
EE 681,,,,,,,,,,,,,,,,,,,,,,A,A,A,A,A,A,,,,,,,,,,,,,,,,,,,,,,,,,,,,,,,,,,,,,,,,,,,,,,,,,,,,,,,
EE 682,,,,,,,,,,,,,,,,,,,,,,A,A,A,A,A,A,,,,,,,,,,,,,,,,,,,,,,,,,,,,,,,,,,,,,,,,,,,,,,,,,,,,,,,
EE 683,,,,,,,,,,,,,,,,,,,,,,A,A,A,A,A,A,,,,,,,,,,,,,,,,,,,,,,,,,,,,,,,,,,,,,,,,,,,,,,,,,,,,,,,
EE 684,,,,,,,,,,,,,,,,,,,,,,A,A,A,A,A,A,,,,,,,,,,,,,,,,,,,,,,,,,,,,,,,,,,,,,,,,,,,,,,,,,,,,,,,
EE 685,,,,,,,,,,,,,,,,,,,,,,A,A,A,A,A,A,,,,,,,,,,,,,,,,,,,,,,,,,,,,,,,,,,,,,,,,,,,,,,,,,,,,,,,
ENRG 520,,,,,,,,,,,,,,,,,,,,,,A,A,A,A,A,A,,,,,,,,,,,,,,,,,,,,,,,,,,,,,,,,,,,,,,,,,,,,,,,,,,,,,,,
ENRG 521,,,,,,,,,,,,,,,,,,,,,,A,A,A,A,A,A,,,,,,,,,,,,,,,,,,,,,,,,,,,,,,,,,,,,,,,,,,,,,,,,,,,,,,,
ENRG 522,,,,,,,,,,,,,,,,,,,,,,A,A,A,A,A,A,,,,,,,,,,,,,,,,,,,,,,,,,,,,,,,,,,,,,,,,,,,,,,,,,,,,,,,
ENRG 523,,,,,,,,,,,,,,,,,,,,,,A,A,A,A,A,A,,,,,,,,,,,,,,,,,,,,,,,,,,,,,,,,,,,,,,,,,,,,,,,,,,,,,,,
ENRG 524,,,,,,,,,,,,,,,,,,,,,,A,A,A,A,A,A,,,,,,,,,,,,,,,,,,,,,,,,,,,,,,,,,,,,,,,,,,,,,,,,,,,,,,,
ENRG 526,,,,,,,,,,,,,,,,,,,,,,A,A,A,A,A,A,,,,,,,,,,,,,,,,,,,,,,,,,,,,,,,,,,,,,,,,,,,,,,,,,,,,,,,
ENS 502,,,,,,,,,,,,,,,,,,,,,,A,A,A,A,A,A,,,,,,,,,,,,,,,,,,,,,,,,,,,,,,,,,,,,,,,,,,,,,,,,,,,,,,,
ENS 505,,,,,,,,,,,,,,,,,,,,,,A,A,A,A,A,A,,,,,,,,,,,,,,,,,,,,,,,,,,,,,,,,,,,,,,,,,,,,,,,,,,,,,,,
ENS 509,,,,,,,,,,,,,,,,,,,,,,A,A,A,A,A,A,,,,,,,,,,,,,,,,,,,,,,,,,,,,,,,,,,,,,,,,,,,,,,,,,,,,,,,
ENS 511,,,,,,,,,,,,,,,,,,,,,,A,A,A,A,A,A,,,,,,,,,,,,,,,,,,,,,,,,,,,,,,,,,,,,,,,,,,,,,,,,,,,,,,,
ENS 512,,,,,,,,,,,,,,,,,,,,,,A,A,A,A,A,A,,,,,,,,,,,,,,,,,,,,,,,,,,,,,,,,,,,,,,,,,,,,,,,,,,,,,,,
ENS 513,,,,,,,,,,,,,,,,,,,,,,A,A,A,A,A,A,,,,,,,,,,,,,,,,,,,,,,,,,,,,,,,,,,,,,,,,,,,,,,,,,,,,,,,
ENS 514,,,,,,,,,,,,,,,,,,,,,,A,A,A,A,A,A,,,,,,,,,,,,,,,,,,,,,,,,,,,,,,,,,,,,,,,,,,,,,,,,,,,,,,,
ENS 516,,,,,,,,,,,,,,,,,,,,,,A,A,A,A,A,A,,,,,,,,,,,,,,,,,,,,,,,,,,,,,,,,,,,,,,,,,,,,,,,,,,,,,,,
ENS 521,,,,,,,,,,,,,,,,,,,,,,A,A,A,A,A,A,,,,,,,,,,,,,,,,,,,,,,,,,,,,,,,,,,,,,,,,,,,,,,,,,,,,,,,
ENS 525,,,,,,,,,,,,,,,,,,,,,,A,A,A,A,A,A,,,,,,,,,,,,,,,,,,,,,,,,,,,,,,,,,,,,,,,,,,,,,,,,,,,,,,,
ENS 526,,,,,,,,,,,,,,,,,,,,,,A,A,A,A,A,A,,,,,,,,,,,,,,,,,,,,,,,,,,,,,,,,,,,,,,,,,,,,,,,,,,,,,,,
ENS 555,,,,,,,,,,,,,,,,,,,,,,A,A,A,A,A,A,,,,,,,,,,,,,,,,,,,,,,,,,,,,,,,,,,,,,,,,,,,,,,,,,,,,,,,
ENS 580,,,,,,,,,,,,,,,,,,,,,,A,A,A,A,A,A,,,,,,,,,,,,,,,,,,,,,,,,,,,,,,,,,,,,,,,,,,,,,,,,,,,,,,,
ENS 5803,,,,,,,,,,,,,,,,,,,,,,A,A,A,A,A,A,,,,,,,,,,,,,,,,,,,,,,,,,,,,,,,,,,,,,,,,,,,,,,,,,,,,,,,
ENS 581,,,,,,,,,,,,,,,,,,,,,,A,A,A,A,A,A,,,,,,,,,,,,,,,,,,,,,,,,,,,,,,,,,,,,,,,,,,,,,,,,,,,,,,,
ENS 596,,,,,,,,,,,,,,,,,,,,,,A,A,A,A,A,A,,,,,,,,,,,,,,,,,,,,,,,,,,,,,,,,,,,,,,,,,,,,,,,,,,,,,,,
ES 501,,,,,,,,,,,,,,,,,,,,,,A,A,A,A,A,A,,,,,,,,,,,,,,,,,,,,,,,,,,,,,,,,,,,,,,,,,,,,,,,,,,,,,,,
ES 502,,,,,,,,,,,,,,,,,,,,,,A,A,A,A,A,A,,,,,,,,,,,,,,,,,,,,,,,,,,,,,,,,,,,,,,,,,,,,,,,,,,,,,,,
ES 504,,,,,,,,,,,,,,,,,,,,,,A,A,A,A,A,A,,,,,,,,,,,,,,,,,,,,,,,,,,,,,,,,,,,,,,,,,,,,,,,,,,,,,,,
ES 505,,,,,,,,,,,,,,,,,,,,,,A,A,A,A,A,A,,,,,,,,,,,,,,,,,,,,,,,,,,,,,,,,,,,,,,,,,,,,,,,,,,,,,,,
ES 507,,,,,,,,,,,,,,,,,,,,,,A,A,A,A,A,A,,,,,,,,,,,,,,,,,,,,,,,,,,,,,,,,,,,,,,,,,,,,,,,,,,,,,,,
ES 523,,,,,,,,,,,,,,,,,,,,,,A,A,A,A,A,A,,,,,,,,,,,,,,,,,,,,,,,,,,,,,,,,,,,,,,,,,,,,,,,,,,,,,,,
ES 524,,,,,,,,,,,,,,,,,,,,,,A,A,A,A,A,A,,,,,,,,,,,,,,,,,,,,,,,,,,,,,,,,,,,,,,,,,,,,,,,,,,,,,,,
ES 554,,,,,,,,,,,,,,,,,,,,,,A,A,A,A,A,A,,,,,,,,,,,,,,,,,,,,,,,,,,,,,,,,,,,,,,,,,,,,,,,,,,,,,,,
ES 592,,,,,,,,,,,,,,,,,,,,,,A,A,A,A,A,A,,,,,,,,,,,,,,,,,,,,,,,,,,,,,,,,,,,,,,,,,,,,,,,,,,,,,,,
ETM 551,,,,,,,,,,,,,,,,,,,,,,A,A,A,A,A,A,,,,,,,,,,,,,,,,,,,,,,,,,,,,,,,,,,,,,,,,,,,,,,,,,,,,,,,
ETM 580,,,,,,,,,,,,,,,,,,,,,,A,A,A,A,A,A,,,,,,,,,,,,,,,,,,,,,,,,,,,,,,,,,,,,,,,,,,,,,,,,,,,,,,,
FILM 524,,,,,,,,,,,,,,,,,,,,,,A,A,A,A,A,A,,,,,,,,,,,,,,,,,,,,,,,,,,,,,,,,,,,,,,,,,,,,,,,,,,,,,,,
FILM 535,,,,,,,,,,,,,,,,,,,,,,A,A,A,A,A,A,,,,,,,,,,,,,,,,,,,,,,,,,,,,,,,,,,,,,,,,,,,,,,,,,,,,,,,
FILM 536,,,,,,,,,,,,,,,,,,,,,,A,A,A,A,A,A,,,,,,,,,,,,,,,,,,,,,,,,,,,,,,,,,,,,,,,,,,,,,,,,,,,,,,,
FIN 552,,,,,,,,,,,,,,,,,,,,,,A,A,A,A,A,A,,,,,,,,,,,,,,,,,,,,,,,,,,,,,,,,,,,,,,,,,,,,,,,,,,,,,,,
FIN 556,,,,,,,,,,,,,,,,,,,,,,A,A,A,A,A,A,,,,,,,,,,,,,,,,,,,,,,,,,,,,,,,,,,,,,,,,,,,,,,,,,,,,,,,
FIN 601,,,,,,,,,,,,,,,,,,,,,,A,A,A,A,A,A,,,,,,,,,,,,,,,,,,,,,,,,,,,,,,,,,,,,,,,,,,,,,,,,,,,,,,,
FIN 602,,,,,,,,,,,,,,,,,,,,,,A,A,A,A,A,A,,,,,,,,,,,,,,,,,,,,,,,,,,,,,,,,,,,,,,,,,,,,,,,,,,,,,,,
FIN 610,,,,,,,,,,,,,,,,,,,,,,A,A,A,A,A,A,,,,,,,,,,,,,,,,,,,,,,,,,,,,,,,,,,,,,,,,,,,,,,,,,,,,,,,
FIN 611,,,,,,,,,,,,,,,,,,,,,,A,A,A,A,A,A,,,,,,,,,,,,,,,,,,,,,,,,,,,,,,,,,,,,,,,,,,,,,,,,,,,,,,,
FIN 612,,,,,,,,,,,,,,,,,,,,,,A,A,A,A,A,A,,,,,,,,,,,,,,,,,,,,,,,,,,,,,,,,,,,,,,,,,,,,,,,,,,,,,,,
FIN 618,,,,,,,,,,,,,,,,,,,,,,A,A,A,A,A,A,,,,,,,,,,,,,,,,,,,,,,,,,,,,,,,,,,,,,,,,,,,,,,,,,,,,,,,
FIN 619,,,,,,,,,,,,,,,,,,,,,,A,A,A,A,A,A,,,,,,,,,,,,,,,,,,,,,,,,,,,,,,,,,,,,,,,,,,,,,,,,,,,,,,,
FIN 620,,,,,,,,,,,,,,,,,,,,,,A,A,A,A,A,A,,,,,,,,,,,,,,,,,,,,,,,,,,,,,,,,,,,,,,,,,,,,,,,,,,,,,,,
FIN 621,,,,,,,,,,,,,,,,,,,,,,A,A,A,A,A,A,,,,,,,,,,,,,,,,,,,,,,,,,,,,,,,,,,,,,,,,,,,,,,,,,,,,,,,
FIN 622,,,,,,,,,,,,,,,,,,,,,,A,A,A,A,A,A,,,,,,,,,,,,,,,,,,,,,,,,,,,,,,,,,,,,,,,,,,,,,,,,,,,,,,,
FIN 690,,,,,,,,,,,,,,,,,,,,,,A,A,A,A,A,A,,,,,,,,,,,,,,,,,,,,,,,,,,,,,,,,,,,,,,,,,,,,,,,,,,,,,,,
FIN 958,,,,,,,,,,,,,,,,,,,,,,A,A,A,A,A,A,,,,,,,,,,,,,,,,,,,,,,,,,,,,,,,,,,,,,,,,,,,,,,,,,,,,,,,
GEN 540,,,,,,,,,,,,,,,,,,,,,,A,A,A,A,A,A,,,,,,,,,,,,,,,,,,,,,,,,,,,,,,,,,,,,,,,,,,,,,,,,,,,,,,,
GEN 541,,,,,,,,,,,,,,,,,,,,,,A,A,A,A,A,A,,,,,,,,,,,,,,,,,,,,,,,,,,,,,,,,,,,,,,,,,,,,,,,,,,,,,,,
GEN 542,,,,,,,,,,,,,,,,,,,,,,A,A,A,A,A,A,,,,,,,,,,,,,,,,,,,,,,,,,,,,,,,,,,,,,,,,,,,,,,,,,,,,,,,
GEN 544,,,,,,,,,,,,,,,,,,,,,,A,A,A,A,A,A,,,,,,,,,,,,,,,,,,,,,,,,,,,,,,,,,,,,,,,,,,,,,,,,,,,,,,,
GEN 585,,,,,,,,,,,,,,,,,,,,,,A,A,A,A,A,A,,,,,,,,,,,,,,,,,,,,,,,,,,,,,,,,,,,,,,,,,,,,,,,,,,,,,,,
GEN 600,,,,,,,,,,,,,,,,,,,,,,A,A,A,A,A,A,,,,,,,,,,,,,,,,,,,,,,,,,,,,,,,,,,,,,,,,,,,,,,,,,,,,,,,
GEN 601,,,,,,,,,,,,,,,,,,,,,,A,A,A,A,A,A,,,,,,,,,,,,,,,,,,,,,,,,,,,,,,,,,,,,,,,,,,,,,,,,,,,,,,,
GEN 605,,,,,,,,,,,,,,,,,,,,,,A,A,A,A,A,A,,,,,,,,,,,,,,,,,,,,,,,,,,,,,,,,,,,,,,,,,,,,,,,,,,,,,,,
GEN 610,,,,,,,,,,,,,,,,,,,,,,A,A,A,A,A,A,,,,,,,,,,,,,,,,,,,,,,,,,,,,,,,,,,,,,,,,,,,,,,,,,,,,,,,
GEN 680,,,,,,,,,,,,,,,,,,,,,,A,A,A,A,A,A,,,,,,,,,,,,,,,,,,,,,,,,,,,,,,,,,,,,,,,,,,,,,,,,,,,,,,,
GEN 690,,,,,,,,,,,,,,,,,,,,,,A,A,A,A,A,A,,,,,,,,,,,,,,,,,,,,,,,,,,,,,,,,,,,,,,,,,,,,,,,,,,,,,,,
GEN 699,,,,,,,,,,,,,,,,,,,,,,A,A,A,A,A,A,,,,,,,,,,,,,,,,,,,,,,,,,,,,,,,,,,,,,,,,,,,,,,,,,,,,,,,
GEN 700,,,,,,,,,,,,,,,,,,,,,,A,A,A,A,A,A,,,,,,,,,,,,,,,,,,,,,,,,,,,,,,,,,,,,,,,,,,,,,,,,,,,,,,,
GREK 510,,,,,,,,,,,,,,,,,,,,,,A,A,A,A,A,A,,,,,,,,,,,,,,,,,,,,,,,,,,,,,,,,,,,,,,,,,,,,,,,,,,,,,,,
GR 500S,,,,,,,,,,,,,,,,,,,,,,A,A,A,A,A,A,,,,,,,,,,,,,,,,,,,,,,,,,,,,,,,,,,,,,,,,,,,,,,,,,,,,,,,
GR 501S,,,,,,,,,,,,,,,,,,,,,,A,A,A,A,A,A,,,,,,,,,,,,,,,,,,,R,R,R,R,R,R,R,R,R,R,R,R,R,R,R,R,R,R,R,R,R,R,R,R,R,R,R,,,,,,,,,,
GR 502S,,,,,,,,,,,,,,,,,,,,,,A,A,A,A,A,A,,,,,,,,,,,,,,,,,,,R,R,R,R,R,R,R,R,R,R,R,R,R,R,R,R,R,R,R,R,R,R,R,R,R,R,R,,,,,,,,,,
GR 503S,,,,,,,,,,,,,,,,,,,,,,A,A,A,A,A,A,,,,,,,,,,,,,,,,,,,R,R,R,R,R,R,R,R,R,R,R,R,R,R,R,R,R,R,R,R,R,R,R,R,R,R,R,,,,,,,,,,
GR 555S,,,,,,,,,,,,,,,,,,,,,,A,A,A,A,A,A,,,,,,,,,,,,,,,,,,,R,R,R,R,R,R,R,R,R,R,R,R,R,R,R,R,R,R,R,R,R,R,R,R,R,R,R,R,R,R,R,R,R,R,R,R,R
GR 700E,,,,,,,,,,,,,,,,,,,,,,A,A,A,A,A,A,,,,,,,,,,,,,,,,,,,,,,,,,,,,,,,,,,,,,,,,,,,,,,,,,,,,,,,
HART 513,,,,,,,,,,,,,,,,,,,,,,A,A,A,A,A,A,,,,,,,,,,,,,,,,,,,,,,,,,,,,,,,,,,,,,,,,,,,,,,,,,,,,,,,
HART 514,,,,,,,,,,,,,,,,,,,,,,A,A,A,A,A,A,,,,,,,,,,,,,,,,,,,,,,,,,,,,,,,,,,,,,,,,,,,,,,,,,,,,,,,
HART 520,,,,,,,,,,,,,,,,,,,,,,A,A,A,A,A,A,,,,,,,,,,,,,,,,,,,,,,,,,,,,,,,,,,,,,,,,,,,,,,,,,,,,,,,
HART 521,,,,,,,,,,,,,,,,,,,,,,A,A,A,A,A,A,,,,,,,,,,,,,,,,,,,,,,,,,,,,,,,,,,,,,,,,,,,,,,,,,,,,,,,
HART 524,,,,,,,,,,,,,,,,,,,,,,A,A,A,,,,,,,,,,,,,,,,,,,,,,,,,,,,,,,,,,,,,,,,,,,,,,,,,,,,,,,,,,
HART 525,,,,,,,,,,,,,,,,,,,,,,A,A,A,A,A,A,,,,,,,,,,,,,,,,,,,,,,,,,,,,,,,,,,,,,,,,,,,,,,,,,,,,,,,
HART 532,,,,,,,,,,,,,,,,,,,,,,A,A,A,A,A,A,,,,,,,,,,,,,,,,,,,,,,,,,,,,,,,,,,,,,,,,,,,,,,,,,,,,,,,
HART 550,,,,,,,,,,,,,,,,,,,,,,A,A,A,A,A,A,A,A,A,A,A,A,A,A,A,A,A,A,A,A,A,A,A,A,A,A,A,A,A,A,A,A,A,A,A,A,A,A,A,A,A,A,A,A,A,A,,,,,,,,,,,,,,,
HART 580,,,,,,,,,,,,,,,,,,,,,,A,A,A,A,A,A,,,,,,,,,,,,,,,,,,,,,,,,,,,,,,,,,,,,,,,,,,,,,,,,,,,,,,,
HART 633,,,,,,,,,,,,,,,,,,,,,,A,A,A,A,A,A,A,A,A,A,A,A,A,A,A,A,,,,,,,,,,,,,,,,,,,,,,,,,,,,,,,,,,,,,,,,,,,,,
HART 635,,,,,,,,,,,,,,,,,,,,,,A,A,A,A,A,A,A,A,A,A,A,A,A,A,A,A,A,A,,,,,,,,,,,,,,,,,,,,,,,,,,,,,,,,,,,,,,,,,,,
HART 644,,,,,,,,,,,,,,,,,,,,,,A,A,A,A,A,A,A,A,A,A,A,A,A,,,,,,,,,,,,,,,,,,,,,,,,,,,,,,,,,,,,,,,,,,,,,,,,
HIST 503,,,,,,,,,,,,,,,,,,,,,,A,A,A,A,A,A,A,A,A,A,A,A,A,A,A,A,A,A,A,A,A,A,A,A,A,A,A,A,A,A,A,A,A,A,A,A,A,A,A,A,A,A,A,A,A,A,A,A,A,,,,,,,,,,,,
HIST 504,,,,,,,,,,,,,,,,,,,,,,A,A,A,A,A,A,,,,,,,,,,,,,,,,,,,,,,,,,,,,,,,,,,,,,,,,,,,,,,,,,A,A,A,A,A,A,A
HIST 506,,,,,,,,,,,,,,,,,,,,,,A,A,A,A,A,A,,,,,,,,,,,,,A,A,A,A,A,A,A,A,A,A,A,A,A,A,A,A,A,A,A,A,A,A,A,A,A,A,A,A,A,A,A,,,,,,,,,,,,
HIST 515,,,,,,,,,,,,,,,,,,,,,,A,A,A,A,A,A,,,,,,,,,,,,,,,,,,,,,,,,,,,,,,,A,A,A,A,A,A,A,A,A,A,A,A,,,,,,,,,,,,,
HIST 527,,,,,,,,,,,,,,,,,,,,,,A,A,A,A,A,A,A,A,A,A,A,A,A,A,A,A,A,A,A,A,A,A,A,A,A,A,A,A,A,A,A,A,A,A,A,A,A,A,A,A,A,A,A,A,A,A,A,A,A,,,,,,,,,,,,
HIST 532,,,,,,,,,,,,,,,,,,,,,,A,A,A,A,A,A,,,,,,,A,A,A,A,A,A,A,A,A,A,A,A,A,A,A,A,A,A,A,A,A,A,A,A,A,A,A,A,A,A,,,,,,,,,,,,,,,,,,,
HIST 533,,,,,,,,,,,,,,,,,,,,,,A,A,A,A,A,A,A,A,A,A,A,A,A,A,A,A,A,A,A,A,A,A,A,A,A,A,A,A,A,A,A,A,A,A,A,A,A,A,A,A,A,A,A,A,A,A,A,A,A,,,,,,,,,,,,
HIST 534,,,,,,,,,,,,,,,,,,,,,,A,A,A,A,A,A,A,A,A,A,A,A,A,A,A,A,A,A,A,A,A,A,A,A,A,A,A,A,,,,,,,,,,,,,,,,,,,,,,,,,,,,,,,,,
HIST 535,,,,,,,,,,,,,,,,,,,,,,A,A,A,A,A,A,,,,,,,,,,,,,,,,,,,,,,A,A,A,A,A,A,A,A,A,A,A,A,A,A,A,A,A,A,A,A,A,A,A,A,A,A,A,A,A,A,A,A,A,A
HIST 536,,,,,,,,,,,,,,,,,,,,,,A,A,A,A,A,A,,,,,,,,,,,,,,,,,,,,,,A,A,A,A,A,A,A,A,A,A,A,A,A,A,A,A,A,A,,,,,,,,,,,,,,,,
HIST 538,,,,,,,,,,,,,,,,,,,,,,A,A,A,A,A,A,A,A,A,A,A,A,A,A,A,A,A,A,A,A,A,A,A,A,A,A,A,A,A,A,A,A,A,A,A,A,A,A,A,A,A,A,A,A,A,A,A,A,A,,,,,,,,,,,,
HIST 539,,,,,,,,,,,,,,,,,,,,,,A,A,A,A,A,A,,,,,,,A,A,A,A,A,A,,,,,,,,,,,,,,,,,,,,,,,,,,,,,,,,,,,,,,,,,,,
HIST 541,,,,,,,,,,,,,,,,,,,,,,A,A,A,A,A,A,,,,,,,,,,,,,,,,,,,,,,,,,,,,,,,,,,,,,,,,,,,,,,,,,,,,,,,
HIST 562,,,,,,,,,,,,,,,,,,,,,,A,A,A,A,,,,,,,,,,,,,,,,,,,,,,,,,,,,,,,,,,,,,,,,,,,,,,,,,,,,,,,,,
HIST 563,,,,,,,,,,,,,,,,,,,,,,A,A,A,A,A,A,A,A,A,A,A,A,A,A,A,A,A,A,A,A,A,A,A,A,A,A,A,A,A,A,A,A,A,A,A,A,A,A,A,A,A,A,A,A,A,A,A,A,A,,,,,,,,,,,,
HIST 564,,,,,,,,,,,,,,,,,,,,,,A,A,A,A,A,A,A,A,A,A,A,A,A,A,A,A,A,A,A,A,A,A,A,A,A,A,A,A,A,A,A,A,A,A,A,A,A,A,A,A,A,A,A,A,A,A,A,A,A,,,,,,,,,,,,
HIST 565,,,,,,,,,,,,,,,,,,,,,,A,A,A,A,A,A,,,,,,,,,,,,,,,,,,,,,,A,A,A,A,A,A,A,A,A,A,A,A,A,A,A,A,A,A,A,A,A,A,,,,,,,,,,,,
HIST 571,,,,,,,,,,,,,,,,,,,,,,A,A,A,A,A,A,,,,,,,,,,,,,,,,,,,,,,,,,,,,,,,,,,,,,,,,,,,A,A,A,A,A,A,A,A,A,A,A,A,A
HIST 573,,,,,,,,,,,,,,,,,,,,,,A,A,A,A,A,A,,,,,,,,,,,,,,,,,,,,,,,,,,,,,,,,,,,,,,,,,,,,,,,,,A,A,A,A,A,A,A
HIST 575,,,,,,,,,,,,,,,,,,,,,,A,A,A,A,A,A,A,A,A,A,A,A,A,A,A,A,A,A,A,A,A,A,A,A,A,A,A,A,A,A,A,A,A,A,A,A,A,A,A,A,A,A,A,A,A,A,A,A,A,,,,,,,,,,,,
HIST 576,,,,,,,,,,,,,,,,,,,,,,A,A,A,A,A,A,,,,,,,,,,,,,,,,,,,,,,A,A,A,A,A,A,A,A,A,A,A,A,A,A,A,A,A,A,A,A,A,A,,,,,,,,,,,,
HIST 586,,,,,,,,,,,,,,,,,,,,,,A,A,A,A,A,A,,,,,,,,,,,,,,,,,,,,,,,,,,,,,,,,,,,,,,,,,,,,,,,,,,,,,,,
HIST 587,,,,,,,,,,,,,,,,,,,,,,A,A,A,A,A,A,A,A,A,A,A,A,A,A,A,A,A,A,A,A,A,A,A,A,A,A,A,A,A,A,A,A,A,A,A,A,A,A,A,A,A,A,A,A,A,A,A,A,A,,,,,,,,,,,,
HIST 589,,,,,,,,,,,,,,,,,,,,,,A,A,A,A,A,A,A,A,A,A,A,A,A,A,A,A,A,A,A,A,A,A,A,A,A,A,A,A,A,A,A,A,A,A,A,A,A,A,A,A,A,A,A,A,A,A,A,A,A,A,A,A,A,A,A,A,A,A,A,A,A
HIST 593,,,,,,,,,,,,,,,,,,,,,,A,A,A,A,A,A,A,A,A,A,A,A,A,A,A,A,A,A,A,A,A,A,A,A,A,A,A,A,A,A,A,A,A,A,A,A,A,A,A,A,A,A,A,A,A,A,A,A,A,,,,,,,,,,,,
HIST 598,,,,,,,,,,,,,,,,,,,,,,A,A,A,A,A,A,,,,,,,,,,,,,,,,,,,,,,,,,,,,,,,,,,,,,,,,,,,,,,,,,,,,,,,
HIST 610,,,,,,,,,,,,,,,,,,,,,,A,A,A,A,A,A,,,,,,,,,,,,,,,,CIII,CIII,CIII,CIII,CIII,CIII,CIII,CIII,CIII,CIII,CIII,CIII,CIII,CIII,CIII,CIII,CIII,CIII,CIII,CIII,CIII,CIII,CIII,CIII,CIII,CIII,CIII,CIII,CIII,CIII,CIII,CIII,CIII,CIII,CIII,CIII,CIII,CIII,CIII,CIII
HIST 672,,,,,,,,,,,,,,,,,,,,,,A,A,A,A,A,A,CIII,CIII,CIII,CIII,CIII,CIII,CIII,CIII,CIII,CIII,CIII,CIII,CIII,CIII,CIII,CIII,CIII,CIII,CIII,CIII,CIII,CIII,CIII,CIII,CIII,CIII,CIII,CIII,CIII,CIII,CIII,CIII,CIII,CIII,CIII,CIII,CIII,CIII,CIII,CIII,CIII,CIII,CIII,CIII,CIII,CIII,CIII,CIII,CIII,CIII,CIII,CIII,CIII,CIII,CIII
HIST 681,,,,,,,,,,,,,,,,,,,,,,A,A,A,A,A,A,CIII,CIII,CIII,CIII,CIII,CIII,CIII,CIII,CIII,CIII,CIII,CIII,CIII,CIII,CIII,CIII,CIII,CIII,CIII,CIII,CIII,CIII,CIII,CIII,CIII,CIII,CIII,CIII,CIII,CIII,CIII,CIII,CIII,CIII,CIII,CIII,CIII,CIII,CIII,CIII,CIII,CIII,CIII,CIII,CIII,CIII,CIII,CIII,CIII,CIII,CIII,CIII,CIII,CIII,CIII
IE 501,,,,,,,,,,,,,,,,,,,,,,A,A,A,A,A,A,,,,,,,,,,,,,,,,,,,,,,,,,,,,,,,,,,,,,,,,,,,,,,,,,,,,,,,
IE 503,,,,,,,,,,,,,,,,,,,,,,A,A,A,A,A,A,,,,,,,,,,,,,,,,,,,,,,,,,,,,,,,,,,,,,,,,,,,,,,,,,,,,,,,
IE 509,,,,,,,,,,,,,,,,,,,,,,A,A,A,A,A,A,,,,,,,,,,,,,,,,,,,,,,,,,,,,,,,,,,,,,,,,,,,,,,,,,,,,,,,
IE 512,,,,,,,,,,,,,,,,,,,,,,A,A,A,A,A,A,,,,,,,,,,,,,,,,,,,,,,,,,,,,,,,,,,,,,,,,,,,,,,,,,,,,,,,
IE 514,,,,,,,,,,,,,,,,,,,,,,A,A,A,A,A,A,,,,,,,,,,,,,,,,,,,,,,,,,,,,,,,,,,,,,,,,,,,,,,,,,,,,,,,
IE 515,,,,,,,,,,,,,,,,,,,,,,A,A,A,A,A,A,,,,,,,,,,,,,,,,,,,,,,,,,,,,,,,,,,,,,,,,,,,,,,,,,,,,,,,
IE 516,,,,,,,,,,,,,,,,,,,,,,A,A,A,A,A,A,,,,,,,,,,,,,,,,,,,,,,,,,,,,,,,,,,,,,,,,,,,,,,,,,,,,,,,
IE 518,,,,,,,,,,,,,,,,,,,,,,A,A,A,A,A,A,,,,,,,,,,,,,,,,,,,,,,,,,,,,,,,,,,,,,,,,,,,,,,,,,,,,,,,
IE 519,,,,,,,,,,,,,,,,,,,,,,A,A,A,A,A,A,,,,,,,,,,,,,,,,,,,,,,,,,,,,,,,,,,,,,,,,,,,,,,,,,,,,,,,
IE 522,,,,,,,,,,,,,,,,,,,,,,A,A,A,A,A,A,,,,,,,,,,,,,,,,,,,,,,,,,,,,,,,,,,,,,,,,,,,,,,,,,,,,,,,
IE 524,,,,,,,,,,,,,,,,,,,,,,A,A,A,A,A,A,,,,,,,,,,,,,,,,,,,,,,,,,,,,,,,,,,,,,,,,,,,,,,,,,,,,,,,
IE 525,,,,,,,,,,,,,,,,,,,,,,A,A,A,A,A,A,,,,,,,,,,,,,,,,,,,,,,,,,,,,,,,,,,,,,,,,,,,,,,,,,,,,,,,
IE 527,,,,,,,,,,,,,,,,,,,,,,A,A,A,A,A,A,,,,,,,,,,,,,,,,,,,,,,,,,,,,,,,,,,,,,,,,,,,,,,,,,,,,,,,
IE 530,,,,,,,,,,,,,,,,,,,,,,A,A,A,A,A,A,,,,,,,,,,,,,,,,,,,,,,,,,,,,,,,,,,,,,,,,,,,,,,,,,,,,,,,
IE 532,,,,,,,,,,,,,,,,,,,,,,A,A,A,A,A,A,,,,,,,,,,,,,,,,,,,,,,,,,,,,,,,,,,,,,,,,,,,,,,,,,,,,,,,
IE 536,,,,,,,,,,,,,,,,,,,,,,A,A,A,A,A,A,,,,,,,,,,,,,,,,,,,,,,,,,,,,,,,,,,,,,,,,,,,,,,,,,,,,,,,
IE 545,,,,,,,,,,,,,,,,,,,,,,A,A,A,A,A,A,,,,,,,,,,,,,,,,,,,,,,,,,,,,,,,,,,,,,,,,,,,,,,,,,,,,,,,
IE 550,,,,,,,,,,,,,,,,,,,,,,A,A,A,A,A,A,,,,,,,,,,,,,,,,,,,,,,,,,,,,,,,,,,,,,,,,,,,,,,,,,,,,,,,
IE 553,,,,,,,,,,,,,,,,,,,,,,A,A,A,A,A,A,,,,,,,,,,,,,,,,,,,,,,,,,,,,,,,,,,,,,,,,,,,,,,,,,,,,,,,
IE 554,,,,,,,,,,,,,,,,,,,,,,A,A,A,A,A,A,,,,,,,,,,,,,,,,,,,,,,,,,,,,,,,,,,,,,,,,,,,,,,,,,,,,,,,
IE 555,,,,,,,,,,,,,,,,,,,,,,A,A,A,A,A,A,,,,,,,,,,,,,,,,,,,,,,,,,,,,,,,,,,,,,,,,,,,,,,,,,,,,,,,
IE 556,,,,,,,,,,,,,,,,,,,,,,A,A,A,A,A,A,,,,,,,,,,,,,,,,,,,,,,,,,,,,,,,,,,,,,,,,,,,,,,,,,,,,,,,
IE 563,,,,,,,,,,,,,,,,,,,,,,A,A,A,A,A,A,,,,,,,,,,,,,,,,,,,,,,,,,,,,,,,,,,,,,,,,,,,,,,,,,,,,,,,
IE 564,,,,,,,,,,,,,,,,,,,,,,A,A,A,A,A,A,,,,,,,,,,,,,,,,,,,,,,,,,,,,,,,,,,,,,,,,,,,,,,,,,,,,,,,
IE 565,,,,,,,,,,,,,,,,,,,,,,A,A,A,A,A,A,,,,,,,,,,,,,,,,,,,,,,,,,,,,,,,,,,,,,,,,,,,,,,,,,,,,,,,
IE 566,,,,,,,,,,,,,,,,,,,,,,A,A,A,A,A,A,,,,,,,,,,,,,,,,,,,,,,,,,,,,,,,,,,,,,,,,,,,,,,,,,,,,,,,
IE 567,,,,,,,,,,,,,,,,,,,,,,A,A,A,A,A,A,,,,,,,,,,,,,,,,,,,,,,,,,,,,,,,,,,,,,,,,,,,,,,,,,,,,,,,
IE 573,,,,,,,,,,,,,,,,,,,,,,A,A,A,A,A,A,,,,,,,,,,,,,,,,,,,,,,,,,,,,,,,,,,,,,,,,,,,,,,,,,,,,,,,
IE 580,,,,,,,,,,,,,,,,,,,,,,A,A,A,A,A,A,,,,,,,,,,,,,,,,,,,,,,,,,,,,,,,,,,,,,,,,,,,,,,,,,,,,,,,
IE 58000,,,,,,,,,,,,,,,,,,,,,,A,A,A,A,A,A,,,,,,,,,,,,,,,,,,,,,,,,,,,,,,,,,,,,,,,,,,,,,,,,,,,,,,,
IE 58001,,,,,,,,,,,,,,,,,,,,,,A,A,A,A,A,A,,,,,,,,,,,,,,,,,,,,,,,,,,,,,,,,,,,,,,,,,,,,,,,,,,,,,,,
IE 58002,,,,,,,,,,,,,,,,,,,,,,A,A,A,A,A,A,,,,,,,,,,,,,,,,,,,,,,,,,,,,,,,,,,,,,,,,,,,,,,,,,,,,,,,
IE 58003,,,,,,,,,,,,,,,,,,,,,,A,A,A,A,A,A,,,,,,,,,,,,,,,,,,,,,,,,,,,,,,,,,,,,,,,,,,,,,,,,,,,,,,,
IE 58004,,,,,,,,,,,,,,,,,,,,,,A,A,A,A,A,A,,,,,,,,,,,,,,,,,,,,,,,,,,,,,,,,,,,,,,,,,,,,,,,,,,,,,,,
IE 58005,,,,,,,,,,,,,,,,,,,,,,A,A,A,A,A,A,,,,,,,,,,,,,,,,,,,,,,,,,,,,,,,,,,,,,,,,,,,,,,,,,,,,,,,
IE 58006,,,,,,,,,,,,,,,,,,,,,,A,A,A,A,A,A,,,,,,,,,,,,,,,,,,,,,,,,,,,,,,,,,,,,,,,,,,,,,,,,,,,,,,,
IE 581,,,,,,,,,,,,,,,,,,,,,,A,A,A,A,A,A,,,,,,,,,,,,,,,,,,,,,,,,,,,,,,,,,,,,,,,,,,,,,,,,,,,,,,,
IE 582,,,,,,,,,,,,,,,,,,,,,,A,A,A,A,A,A,,,,,,,,,,,,,,,,,,,,,,,,,,,,,,,,,,,,,,,,,,,,,,,,,,,,,,,
IE 601,,,,,,,,,,,,,,,,,,,,,,A,A,A,A,A,A,,,,,,,,,,,,,,,,,,,,,,,,,,,,,,,,,,,,,,,,,,,,,,,,,,,,,,,
IE 602,,,,,,,,,,,,,,,,,,,,,,A,A,A,A,A,A,,,,,,,,,,,,,,,,,,,,,,,,,,,,,,,,,,,,,,,,,,,,,,,,,,,,,,,
IE 604,,,,,,,,,,,,,,,,,,,,,,A,A,A,A,A,A,,,,,,,,,,,,,,,,,,,,,,,,,,,,,,,,,,,,,,,,,,,,,,,,,,,,,,,
IE 605,,,,,,,,,,,,,,,,,,,,,,A,A,A,A,A,A,,,,,,,,,,,,,,,,,,,,,,,,,,,,,,,,,,,,,,,,,,,,,,,,,,,,,,,
IE 606,,,,,,,,,,,,,,,,,,,,,,A,A,A,A,A,A,,,,,,,,,,,,,,,,,,,,,,,,,,,,,,,,,,,,,,,,,,,,,,,,,,,,,,,
IE 609,,,,,,,,,,,,,,,,,,,,,,A,A,A,A,A,A,,,,,,,,,,,,,,,,,,,,,,,,,,,,,,,,,,,,,,,,,,,,,,,,,,,,,,,
IE 632,,,,,,,,,,,,,,,,,,,,,,A,A,A,A,A,A,,,,,,,,,,,,,,,,,,,,,,,,,,,,,,,,,,,,,,,,,,,,,,,,,,,,,,,
IE 638,,,,,,,,,,,,,,,,,,,,,,A,A,A,A,A,A,,,,,,,,,,,,,,,,,,,,,,,,,,,,,,,,,,,,,,,,,,,,,,,,,,,,,,,
IE 640,,,,,,,,,,,,,,,,,,,,,,A,A,A,A,A,A,,,,,,,,,,,,,,,,,,,,,,,,,,,,,,,,,,,,,,,,,,,,,,,,,,,,,,,
IE 680,,,,,,,,,,,,,,,,,,,,,,A,A,A,A,A,A,,,,,,,,,,,,,,,,,,,,,,,,,,,,,,,,,,,,,,,,,,,,,,,,,,,,,,,
IE 681,,,,,,,,,,,,,,,,,,,,,,A,A,A,A,A,A,,,,,,,,,,,,,,,,,,,,,,,,,,,,,,,,,,,,,,,,,,,,,,,,,,,,,,,
IE 682,,,,,,,,,,,,,,,,,,,,,,A,A,A,A,A,A,,,,,,,,,,,,,,,,,,,,,,,,,,,,,,,,,,,,,,,,,,,,,,,,,,,,,,,
IE 751,,,,,,,,,,,,,,,,,,,,,,A,A,A,A,A,A,,,,,,,,,,,,,,,,,,,,,,,,,,,,,,,,,,,,,,,,,,,,,,,,,,,,,,,
IE 752,,,,,,,,,,,,,,,,,,,,,,A,A,A,A,A,A,,,,,,,,,,,,,,,,,,,,,,,,,,,,,,,,,,,,,,,,,,,,,,,,,,,,,,,
IF 501,,,,,,,,,,,,,,,,,,,,,,A,A,A,A,A,A,,,,,,,,,,,,,,,,,,,,,,,,,,,,,,,,,,,,,,,,,,,,,,,,,,,,,,,
IR 501,,,,,,,,,,,,,,,,,,,,,,A,A,A,A,A,A,,,,,,,,,,,,,,,,,,,,,,,,,,,,,,,,,,,,,,,,,,,,,,,,,,,,,,,
IR 510,,,,,,,,,,,,,,,,,,,,,,A,A,A,A,A,A,,,,,,,,,,,,,,,,,,,,,,,,,,,,,,,,,,,,,,,,,,,,,,,,,,,,,,,
IR 537,,,,,,,,,,,,,,,,,,,,,,A,A,A,A,A,A,,,,,,,,,,,,,,,,,,,,,,,,,,,,,,,,,,,,,,,,,,,,,,,,,,,,,,,
IR 592,,,,,,,,,,,,,,,,,,,,,,A,A,A,A,A,A,,,,,,,,,,,,,,,,,,,,,,,,,,,,,,,,,,,,,,,,,,,,,,,,,,,,,,,
IR 597,,,,,,,,,,,,,,,,,,,,,,A,A,A,A,A,A,,,,,,,,,,,,,,,,,,,,,,,,,,,,,,,,,,,,,,,,,,,,,,,,,,,,,,,
KUR 501,,,,,,,,,,,,,,,,,,,,,,A,A,A,A,A,A,,,,,,,,,,,,,,,,,,,,,,,,,,,,,,,,,,,,,,,,,,,,,,,,,,,,,,,
KUR 502,,,,,,,,,,,,,,,,,,,,,,A,A,A,A,A,A,,,,,,,,,,,,,,,,,,,,,,,,,,,,,,,,,,,,,,,,,,,,,,,,,,,,,,,
KUR 503,,,,,,,,,,,,,,,,,,,,,,A,A,A,A,A,A,,,,,,,,,,,,,,,,,,,,,,,,,,,,,,,,,,,,,,,,,,,,,,,,,,,,,,,
KUR 504,,,,,,,,,,,,,,,,,,,,,,A,A,A,A,A,A,,,,,,,,,,,,,,,,,,,,,,,,,,,,,,,,,,,,,,,,,,,,,,,,,,,,,,,
KUR 505,,,,,,,,,,,,,,,,,,,,,,A,A,A,A,A,A,,,,,,,,,,,,,,,,,,,,,,,,,,,,,,,,,,,,,,,,,,,,,,,,,,,,,,,
KUR 506,,,,,,,,,,,,,,,,,,,,,,A,A,A,A,A,A,,,,,,,,,,,,,,,,,,,,,,,,,,,,,,,,,,,,,,,,,,,,,,,,,,,,,,,
KUR 510,,,,,,,,,,,,,,,,,,,,,,A,A,A,A,A,A,,,,,,,,,,,,,,,,,,,,,,,,,,,,,,,,,,,,,,,,,,,,,,,,,,,,,,,
KUR 520,,,,,,,,,,,,,,,,,,,,,,A,A,A,A,A,A,,,,,,,,,,,,,,,,,,,,,,,,,,,,,,,,,,,,,,,,,,,,,,,,,,,,,,,
KUR 530,,,,,,,,,,,,,,,,,,,,,,A,A,A,A,A,A,,,,,,,,,,,,,,,,,,,,,,,,,,,,,,,,,,,,,,,,,,,,,,,,,,,,,,,
LAT 510,,,,,,,,,,,,,,,,,,,,,,A,A,A,A,A,A,,,,,,,,,,,,,,,,,,,,,,,,,,,,,,,,,,,,,,,,,,,,,,,,,,,,,,,
LAT 520,,,,,,,,,,,,,,,,,,,,,,A,A,A,A,A,A,,,,,,,,,,,,,,,,,,,,,,,,,,,,,,,,,,,,,,,,,,,,,,,,,,,,,,,
LAT 530,,,,,,,,,,,,,,,,,,,,,,A,A,A,A,A,A,,,,,,,,,,,,,,,,,,,,,,,,,,,,,,,,,,,,,,,,,,,,,,,,,,,,,,,
LAT 540,,,,,,,,,,,,,,,,,,,,,,A,A,A,A,A,A,,,,,,,,,,,,,,,,,,,,,,,,,,,,,,,,,,,,,,,,,,,,,,,,,,,,,,,
LAT 550,,,,,,,,,,,,,,,,,,,,,,A,A,A,A,A,A,,,,,,,,,,,,,,,,,,,,,,,,,,,,,,,,,,,,,,,,,,,,,,,,,,,,,,,
LAW 501,,,,,,,,,,,,,,,,,,,,,,A,A,A,A,A,A,,,,,,,,,,,,,,,,,,,,,,,,,,,,,,,,,,,,,,,,,,,,,,,,,,,,,,,
LAW 504,,,,,,,,,,,,,,,,,,,,,,A,A,A,A,A,A,,,,,,,,,,,,,,,,,,,,,,,,,,,,,,,,,,,,,,,,,,,,,,,,,,,,,,,
LAW 511,,,,,,,,,,,,,,,,,,,,,,A,A,A,A,A,A,,,,,,,,,,,,,,,,,,,,,,,,,,,,,,,,,,,,,,,,,,,,,,,,,,,,,,,
LAW 512,,,,,,,,,,,,,,,,,,,,,,A,A,A,A,A,A,,,,,,,,,,,,,,,,,,,,,,,,,,,,,,,,,,,,,,,,,,,,,,,,,,,,,,,
LIT 530,,,,,,,,,,,,,,,,,,,,,,A,A,A,A,A,A,A,A,A,A,A,A,A,A,A,A,A,A,A,A,A,A,A,A,,,,,,,,,,,,,,,,,,,,,,,,,,,,,,,,,,,,,
LIT 534,,,,,,,,,,,,,,,,,,,,,,A,A,A,A,A,A,,,,,,,,,,,,,,,,,,,,,,,,,,,,,,,,,,,,,,,,,,,,,,,,,,,,,,,
LIT 540,,,,,,,,,,,,,,,,,,,,,,A,A,A,A,A,A,,,,,,,,,,,,,,,,,,,,,,,,,,,,,,,,,,,,,,,,,,,,,,,,,,,,,,,
LIT 545,,,,,,,,,,,,,,,,,,,,,,A,A,A,A,A,A,,,,,,,,,,,,,,,,,,,,,,,,,,,,,,,,,,,,,,,,,,,,,,,,,,,,,,,
LIT 552,,,,,,,,,,,,,,,,,,,,,,A,A,A,A,A,A,,,,,,,,,,,,,,,,,,,,,,,,,,,,,,,,,,,,,,,,,,,,,,,,,,,,,,,
LIT 554,,,,,,,,,,,,,,,,,,,,,,A,A,A,A,,,,,,,,,,,,,,,,,,,,,,,,,,,,,,,,,,,,,,,,,,,,,,,,,,,,,,,,,
LIT 559,,,,,,,,,,,,,,,,,,,,,,A,A,A,A,A,A,,,,,,,,,,,,,,,,,,,,,,,,,,,,,,,,,,,,,,,,,,,,,,,,,,,,,,,
LIT 570,,,,,,,,,,,,,,,,,,,,,,A,A,A,A,A,A,,,,,,,,,,,,,,,,,,,,,,,,,,,,,,,,,,,,,,,,,,,,,,,,,,,,,,,
LIT 594,,,,,,,,,,,,,,,,,,,,,,A,A,A,A,A,A,,,,,,,,,,,,,,,,,,,,,,,,,,,,,,,,,,,,,,,,,,,,,,,,,,,,,,,
MATH 501,,,,,,,,,,,,,,,,,,,,,,A,A,A,A,A,A,,,,,,,,,,,,,,,,,,,,,,,,,,,,,,,,,,,,,,,,,,,,,,,,,,,,,,,
MATH 502,,,,,,,,,,,,,,,,,,,,,,A,A,A,A,A,A,,,,,,,,,,,,,,,,,,,,,,,,,,,,,,,,,,,,,,,,,,,,,,,,,,,,,,,
MATH 503,,,,,,,,,,,,,,,,,,,,,,A,A,A,A,A,A,,,,,,,,,,,,,,,,,,,,,,,,,,,,,,,,,,,,,,,,,,,,,,,,,,,,,,,
MATH 504,,,,,,,,,,,,,,,,,,,,,,A,A,A,A,A,A,,,,,,,,,,,,,,,,,,,,,,,,,,,,,,,,,,,,,,,,,,,,,,,,,,,,,,,
MATH 505,,,,,,,,,,,,,,,,,,,,,,A,A,A,A,A,A,,,,,,,,,,,,,,,,,,,,,,,,,,,,,,,,,,,,,,,,,,,,,,,,,,,,,,,
MATH 506,,,,,,,,,,,,,,,,,,,,,,A,A,A,A,A,A,,,,,,,,,,,,,,,,,,,,,,,,,,,,,,,,,,,,,,,,,,,,,,,,,,,,,,,
MATH 507,,,,,,,,,,,,,,,,,,,,,,A,A,A,A,,,,,,,,,,,,,,,,,,,,,,,,,,,,,,,,,,,,,,,,,,,,,,,,,,,,,,,,,
MATH 508,,,,,,,,,,,,,,,,,,,,,,A,A,A,A,A,A,,,,,,,,,,,,,,,,,,,,,,,,,,,,,,,,,,,,,,,,,,,,,,,,,,,,,,,
MATH 509,,,,,,,,,,,,,,,,,,,,,,A,A,A,A,A,A,,,,,,,,,,,,,,,,,,,,,,,,,,,,,,,,,,,,,,,,,,,,,,,,,,,,,,,
MATH 510,,,,,,,,,,,,,,,,,,,,,,A,A,A,A,A,A,,,,,,,,,,,,,,,,,,,,,,,,,,,,,,,,,,,,,,,,,,,,,,,,,,,,,,,
MATH 511,,,,,,,,,,,,,,,,,,,,,,A,A,A,A,A,A,,,,,,,,,,,,,,,,,,,,,,,,,,,,,,,,,,,,,,,,,,,,,,,,,,,,,,,
MATH 512,,,,,,,,,,,,,,,,,,,,,,A,A,A,A,A,A,,,,,,,,,,,,,,,,,,,,,,,,,,,,,,,,,,,,,,,,,,,,,,,,,,,,,,,
MATH 513,,,,,,,,,,,,,,,,,,,,,,A,A,A,A,A,A,,,,,,,,,,,,,,,,,,,,,,,,,,,,,,,,,,,,,,,,,,,,,,,,,,,,,,,
MATH 514,,,,,,,,,,,,,,,,,,,,,,A,A,A,A,A,A,,,,,,,,,,,,,,,,,,,,,,,,,,,,,,,,,,,,,,,,,,,,,,,,,,,,,,,
MATH 516,,,,,,,,,,,,,,,,,,,,,,A,A,A,A,A,A,,,,,,,,,,,,,,,,,,,,,,,,,,,,,,,,,,,,,,,,,,,,,,,,,,,,,,,
MATH 517,,,,,,,,,,,,,,,,,,,,,,A,A,A,A,A,A,,,,,,,,,,,,,,,,,,,,,,,,,,,,,,,,,,,,,,,,,,,,,,,,,,,,,,,
MATH 518,,,,,,,,,,,,,,,,,,,,,,A,A,A,A,A,A,,,,,,,,,,,,,,,,,,,,,,,,,,,,,,,,,,,,,,,,,,,,,,,,,,,,,,,
MATH 519,,,,,,,,,,,,,,,,,,,,,,A,A,A,A,A,A,,,,,,,,,,,,,,,,,,,,,,,,,,,,,,,,,,,,,,,,,,,,,,,,,,,,,,,
MATH 520,,,,,,,,,,,,,,,,,,,,,,A,A,A,A,A,A,,,,,,,,,,,,,,,,,,,,,,,,,,,,,,,,,,,,,,,,,,,,,,,,,,,,,,,
MATH 521,,,,,,,,,,,,,,,,,,,,,,A,A,A,A,A,A,,,,,,,,,,,,,,,,,,,,,,,,,,,,,,,,,,,,,,,,,,,,,,,,,,,,,,,
MATH 522,,,,,,,,,,,,,,,,,,,,,,A,A,A,A,A,A,,,,,,,,,,,,,,,,,,,,,,,,,,,,,,,,,,,,,,,,,,,,,,,,,,,,,,,
MATH 523,,,,,,,,,,,,,,,,,,,,,,A,A,A,A,A,A,,,,,,,,,,,,,,,,,,,,,,,,,,,,,,,,,,,,,,,,,,,,,,,,,,,,,,,
MATH 524,,,,,,,,,,,,,,,,,,,,,,A,A,A,A,A,A,,,,,,,,,,,,,,,,,,,,,,,,,,,,,,,,,,,,,,,,,,,,,,,,,,,,,,,
MATH 525,,,,,,,,,,,,,,,,,,,,,,A,A,A,A,A,A,,,,,,,,,,,,,,,,,,,,,,,,,,,,,,,,,,,,,,,,,,,,,,,,,,,,,,,
MATH 526,,,,,,,,,,,,,,,,,,,,,,A,A,A,A,A,A,,,,,,,,,,,,,,,,,,,,,,,,,,,,,,,,,,,,,,,,,,,,,,,,,,,,,,,
MATH 527,,,,,,,,,,,,,,,,,,,,,,A,A,A,A,A,A,,,,,,,,,,,,,,,,,,,,,,,,,,,,,,,,,,,,,,,,,,,,,,,,,,,,,,,
MATH 528,,,,,,,,,,,,,,,,,,,,,,A,A,A,A,A,A,,,,,,,,,,,,,,,,,,,,,,,,,,,,,,,,,,,,,,,,,,,,,,,,,,,,,,,
MATH 531,,,,,,,,,,,,,,,,,,,,,,A,A,A,A,A,A,,,,,,,,,,,,,,,,,,,,,,,,,,,,,,,,,,,,,,,,,,,,,,,,,,,,,,,
MATH 532,,,,,,,,,,,,,,,,,,,,,,A,A,A,A,A,A,,,,,,,,,,,,,,,,,,,,,,,,,,,,,,,,,,,,,,,,,,,,,,,,,,,,,,,
MATH 533,,,,,,,,,,,,,,,,,,,,,,A,A,A,A,A,A,,,,,,,,,,,,,,,,,,,,,,,,,,,,,,,,,,,,,,,,,,,,,,,,,,,,,,,
MATH 541,,,,,,,,,,,,,,,,,,,,,,A,A,A,A,A,A,,,,,,,,,,,,,,,,,,,,,,,,,,,,,,,,,,,,,,,,,,,,,,,,,,,,,,,
MATH 542,,,,,,,,,,,,,,,,,,,,,,A,A,A,A,A,A,,,,,,,,,,,,,,,,,,,,,,,,,,,,,,,,,,,,,,,,,,,,,,,,,,,,,,,
MATH 543,,,,,,,,,,,,,,,,,,,,,,A,A,A,A,A,A,,,,,,,,,,,,,,,,,,,,,,,,,,,,,,,,,,,,,,,,,,,,,,,,,,,,,,,
MATH 545,,,,,,,,,,,,,,,,,,,,,,A,A,A,A,A,A,,,,,,,,,,,,,,,,,,,,,,,,,,,,,,,,,,,,,,,,,,,,,,,,,,,,,,,
MATH 546,,,,,,,,,,,,,,,,,,,,,,A,A,A,A,A,A,,,,,,,,,,,,,,,,,,,,,,,,,,,,,,,,,,,,,,,,,,,,,,,,,,,,,,,
MATH 547,,,,,,,,,,,,,,,,,,,,,,A,A,A,A,A,A,,,,,,,,,,,,,,,,,,,,,,,,,,,,,,,,,,,,,,,,,,,,,,,,,,,,,,,
MATH 555,,,,,,,,,,,,,,,,,,,,,,A,A,A,A,A,A,,,,,,,,,,,,,,,,,,,,,,,,,,,,,,,,,,,,,,,,,,,,,,,,,,,,,,,
MATH 561,,,,,,,,,,,,,,,,,,,,,,A,A,A,A,A,A,,,,,,,,,,,,,,,,,,,,,,,,,,,,,,,,,,,,,,,,,,,,,,,,,,,,,,,
MATH 571,,,,,,,,,,,,,,,,,,,,,,A,A,A,A,A,A,,,,,,,,,,,,,,,,,,,,,,,,,,,,,,,,,,,,,,,,,,,,,,,,,,,,,,,
MATH 572,,,,,,,,,,,,,,,,,,,,,,A,A,A,A,A,A,,,,,,,,,,,,,,,,,,,,,,,,,,,,,,,,,,,,,,,,,,,,,,,,,,,,,,,
MATH 573,,,,,,,,,,,,,,,,,,,,,,A,A,A,A,A,A,,,,,,,,,,,,,,,,,,,,,,,,,,,,,,,,,,,,,,,,,,,,,,,,,,,,,,,
MATH 574,,,,,,,,,,,,,,,,,,,,,,A,A,A,A,A,A,,,,,,,,,,,,,,,,,,,,,,,,,,,,,,,,,,,,,,,,,,,,,,,,,,,,,,,
MATH 575,,,,,,,,,,,,,,,,,,,,,,A,A,A,A,A,A,,,,,,,,,,,,,,,,,,,,,,,,,,,,,,,,,,,,,,,,,,,,,,,,,,,,,,,
MATH 576,,,,,,,,,,,,,,,,,,,,,,A,A,A,A,A,A,,,,,,,,,,,,,,,,,,,,,,,,,,,,,,,,,,,,,,,,,,,,,,,,,,,,,,,
MATH 577,,,,,,,,,,,,,,,,,,,,,,A,A,A,A,A,A,,,,,,,,,,,,,,,,,,,,,,,,,,,,,,,,,,,,,,,,,,,,,,,,,,,,,,,
MATH 578,,,,,,,,,,,,,,,,,,,,,,A,A,A,A,A,A,,,,,,,,,,,,,,,,,,,,,,,,,,,,,,,,,,,,,,,,,,,,,,,,,,,,,,,
MATH 579,,,,,,,,,,,,,,,,,,,,,,A,A,A,A,A,A,,,,,,,,,,,,,,,,,,,,,,,,,,,,,,,,,,,,,,,,,,,,,,,,,,,,,,,
MATH 58000,,,,,,,,,,,,,,,,,,,,,,A,A,A,A,A,A,,,,,,,,,,,,,,,,,,,,,,,,,,,,,,,,,,,,,,,,,,,,,,,,,,,,,,,
MATH 58001,,,,,,,,,,,,,,,,,,,,,,A,A,A,A,A,A,,,,,,,,,,,,,,,,,,,,,,,,,,,,,,,,,,,,,,,,,,,,,,,,,,,,,,,
MATH 58002,,,,,,,,,,,,,,,,,,,,,,A,A,A,A,A,A,,,,,,,,,,,,,,,,,,,,,,,,,,,,,,,,,,,,,,,,,,,,,,,,,,,,,,,
MATH 58003,,,,,,,,,,,,,,,,,,,,,,A,A,A,A,A,A,,,,,,,,,,,,,,,,,,,,,,,,,,,,,,,,,,,,,,,,,,,,,,,,,,,,,,,
MATH 58004,,,,,,,,,,,,,,,,,,,,,,A,A,A,A,A,A,,,,,,,,,,,,,,,,,,,,,,,,,,,,,,,,,,,,,,,,,,,,,,,,,,,,,,,
MATH 58005,,,,,,,,,,,,,,,,,,,,,,A,A,A,A,A,A,,,,,,,,,,,,,,,,,,,,,,,,,,,,,,,,,,,,,,,,,,,,,,,,,,,,,,,
MATH 58006,,,,,,,,,,,,,,,,,,,,,,A,A,A,A,A,A,,,,,,,,,,,,,,,,,,,,,,,,,,,,,,,,,,,,,,,,,,,,,,,,,,,,,,,
MATH 581,,,,,,,,,,,,,,,,,,,,,,A,A,A,A,A,A,,,,,,,,,,,,,,,,,,,,,,,,,,,,,,,,,,,,,,,,,,,,,,,,,,,,,,,
MATH 584,,,,,,,,,,,,,,,,,,,,,,A,A,A,A,A,A,,,,,,,,,,,,,,,,,,,,,,,,,,,,,,,,,,,,,,,,,,,,,,,,,,,,,,,
MATH 601,,,,,,,,,,,,,,,,,,,,,,A,A,A,A,A,A,,,,,,,,,,,,,,,,,,,,,,,,,,,,,,,,,,,,,,,,,,,,,,,,,,,,,,,
MATH 602,,,,,,,,,,,,,,,,,,,,,,A,A,A,A,A,A,,,,,,,,,,,,,,,,,,,,,,,,,,,,,,,,,,,,,,,,,,,,,,,,,,,,,,,
MATH 603,,,,,,,,,,,,,,,,,,,,,,A,A,A,A,A,A,,,,,,,,,,,,,,,,,,,,,,,,,,,,,,,,,,,,,,,,,,,,,,,,,,,,,,,
MATH 604,,,,,,,,,,,,,,,,,,,,,,A,A,A,A,A,A,,,,,,,,,,,,,,,,,,,,,,,,,,,,,,,,,,,,,,,,,,,,,,,,,,,,,,,
MATH 610,,,,,,,,,,,,,,,,,,,,,,A,A,A,A,A,A,,,,,,,,,,,,,,,,,,,,,,,,,,,,,,,,,,,,,,,,,,,,,,,,,,,,,,,
MATH 612,,,,,,,,,,,,,,,,,,,,,,A,A,A,A,A,A,,,,,,,,,,,,,,,,,,,,,,,,,,,,,,,,,,,,,,,,,,,,,,,,,,,,,,,
MATH 613,,,,,,,,,,,,,,,,,,,,,,A,A,A,A,A,A,,,,,,,,,,,,,,,,,,,,,,,,,,,,,,,,,,,,,,,,,,,,,,,,,,,,,,,
MATH 615,,,,,,,,,,,,,,,,,,,,,,A,A,A,A,A,A,,,,,,,,,,,,,,,,,,,,,,,,,,,,,,,,,,,,,,,,,,,,,,,,,,,,,,,
MATH 616,,,,,,,,,,,,,,,,,,,,,,A,A,A,A,A,A,,,,,,,,,,,,,,,,,,,,,,,,,,,,,,,,,,,,,,,,,,,,,,,,,,,,,,,
MATH 617,,,,,,,,,,,,,,,,,,,,,,A,A,A,A,A,A,,,,,,,,,,,,,,,,,,,,,,,,,,,,,,,,,,,,,,,,,,,,,,,,,,,,,,,
MATH 618,,,,,,,,,,,,,,,,,,,,,,A,A,A,A,A,A,,,,,,,,,,,,,,,,,,,,,,,,,,,,,,,,,,,,,,,,,,,,,,,,,,,,,,,
MATH 621,,,,,,,,,,,,,,,,,,,,,,A,A,A,A,A,A,,,,,,,,,,,,,,,,,,,,,,,,,,,,,,,,,,,,,,,,,,,,,,,,,,,,,,,
MATH 622,,,,,,,,,,,,,,,,,,,,,,A,A,A,A,A,A,,,,,,,,,,,,,,,,,,,,,,,,,,,,,,,,,,,,,,,,,,,,,,,,,,,,,,,
MATH 631,,,,,,,,,,,,,,,,,,,,,,A,A,A,A,A,A,,,,,,,,,,,,,,,,,,,,,,,,,,,,,,,,,,,,,,,,,,,,,,,,,,,,,,,
MATH 632,,,,,,,,,,,,,,,,,,,,,,A,A,A,A,A,A,,,,,,,,,,,,,,,,,,,,,,,,,,,,,,,,,,,,,,,,,,,,,,,,,,,,,,,
MATH 636,,,,,,,,,,,,,,,,,,,,,,A,A,A,A,A,A,,,,,,,,,,,,,,,,,,,,,,,,,,,,,,,,,,,,,,,,,,,,,,,,,,,,,,,
MATH 637,,,,,,,,,,,,,,,,,,,,,,A,A,A,A,A,A,,,,,,,,,,,,,,,,,,,,,,,,,,,,,,,,,,,,,,,,,,,,,,,,,,,,,,,
MATH 638,,,,,,,,,,,,,,,,,,,,,,A,A,A,A,A,A,,,,,,,,,,,,,,,,,,,,,,,,,,,,,,,,,,,,,,,,,,,,,,,,,,,,,,,
MATH 639,,,,,,,,,,,,,,,,,,,,,,A,A,A,A,A,A,,,,,,,,,,,,,,,,,,,,,,,,,,,,,,,,,,,,,,,,,,,,,,,,,,,,,,,
MATH 664,,,,,,,,,,,,,,,,,,,,,,A,A,A,A,A,A,,,,,,,,,,,,,,,,,,,,,,,,,,,,,,,,,,,,,,,,,,,,,,,,,,,,,,,
MATH 68001,,,,,,,,,,,,,,,,,,,,,,A,A,A,A,A,A,,,,,,,,,,,,,,,,,,,,,,,,,,,,,,,,,,,,,,,,,,,,,,,,,,,,,,,
MATH 68002,,,,,,,,,,,,,,,,,,,,,,A,A,A,A,A,A,,,,,,,,,,,,,,,,,,,,,,,,,,,,,,,,,,,,,,,,,,,,,,,,,,,,,,,
MATH 68003,,,,,,,,,,,,,,,,,,,,,,A,A,A,A,A,A,,,,,,,,,,,,,,,,,,,,,,,,,,,,,,,,,,,,,,,,,,,,,,,,,,,,,,,
MATH 68004,,,,,,,,,,,,,,,,,,,,,,A,A,A,A,A,A,,,,,,,,,,,,,,,,,,,,,,,,,,,,,,,,,,,,,,,,,,,,,,,,,,,,,,,
MATH 68005,,,,,,,,,,,,,,,,,,,,,,A,A,A,A,A,A,,,,,,,,,,,,,,,,,,,,,,,,,,,,,,,,,,,,,,,,,,,,,,,,,,,,,,,
MATH 68006,,,,,,,,,,,,,,,,,,,,,,A,A,A,A,A,A,,,,,,,,,,,,,,,,,,,,,,,,,,,,,,,,,,,,,,,,,,,,,,,,,,,,,,,
MATH 68007,,,,,,,,,,,,,,,,,,,,,,A,A,A,A,A,A,,,,,,,,,,,,,,,,,,,,,,,,,,,,,,,,,,,,,,,,,,,,,,,,,,,,,,,
MATH 68008,,,,,,,,,,,,,,,,,,,,,,A,A,A,A,A,A,,,,,,,,,,,,,,,,,,,,,,,,,,,,,,,,,,,,,,,,,,,,,,,,,,,,,,,
MAT 501,,,,,,,,,,,,,,,,,,,,,,A,A,A,A,A,A,,,,,,,,,,,,,,,,,,,,,,,,,,,,,,,,,,,,,,,,,,,,,,,,,,,,,,,
MAT 502,,,,,,,,,,,,,,,,,,,,,,A,A,A,A,A,A,,,,,,,,,,,,,,,,,,,,,,,,,,,,,,,,,,,,,,,,,,,,,,,,,,,,,,,
MAT 503,,,,,,,,,,,,,,,,,,,,,,A,A,A,A,A,A,,,,,,,,,,,,,,,,,,,,,,,,,,,,,,,,,,,,,,,,,,,,,,,,,,,,,,,
MAT 504,,,,,,,,,,,,,,,,,,,,,,A,A,A,A,A,A,,,,,,,,,,,,,,,,,,,,,,,,,,,,,,,,,,,,,,,,,,,,,,,,,,,,,,,
MAT 505,,,,,,,,,,,,,,,,,,,,,,A,A,A,A,A,A,,,,,,,,,,,,,,,,,,,,,,,,,,,,,,,,,,,,,,,,,,,,,,,,,,,,,,,
MAT 506,,,,,,,,,,,,,,,,,,,,,,A,A,A,A,A,A,,,,,,,,,,,,,,,,,,,,,,,,,,,,,,,,,,,,,,,,,,,,,,,,,,,,,,,
MAT 507,,,,,,,,,,,,,,,,,,,,,,A,A,A,A,A,A,,,,,,,,,,,,,,,,,,,,,,,,,,,,,,,,,,,,,,,,,,,,,,,,,,,,,,,
MAT 508,,,,,,,,,,,,,,,,,,,,,,A,A,A,A,A,A,,,,,,,,,,,,,,,,,,,,,,,,,,,,,,,,,,,,,,,,,,,,,,,,,,,,,,,
MAT 509,,,,,,,,,,,,,,,,,,,,,,A,A,A,A,A,A,,,,,,,,,,,,,,,,,,,,,,,,,,,,,,,,,,,,,,,,,,,,,,,,,,,,,,,
MAT 510,,,,,,,,,,,,,,,,,,,,,,A,A,A,A,A,A,,,,,,,,,,,,,,,,,,,,,,,,,,,,,,,,,,,,,,,,,,,,,,,,,,,,,,,
MAT 511,,,,,,,,,,,,,,,,,,,,,,A,A,A,A,A,A,,,,,,,,,,,,,,,,,,,,,,,,,,,,,,,,,,,,,,,,,,,,,,,,,,,,,,,
MAT 512,,,,,,,,,,,,,,,,,,,,,,A,A,A,A,A,A,,,,,,,,,,,,,,,,,,,,,,,,,,,,,,,,,,,,,,,,,,,,,,,,,,,,,,,
MAT 514,,,,,,,,,,,,,,,,,,,,,,A,A,A,A,A,A,,,,,,,,,,,,,,,,,,,,,,,,,,,,,,,,,,,,,,,,,,,,,,,,,,,,,,,
MAT 516,,,,,,,,,,,,,,,,,,,,,,A,A,A,A,A,A,,,,,,,,,,,,,,,,,,,,,,,,,,,,,,,,,,,,,,,,,,,,,,,,,,,,,,,
MAT 518,,,,,,,,,,,,,,,,,,,,,,A,A,A,A,A,A,,,,,,,,,,,,,,,,,,,,,,,,,,,,,,,,,,,,,,,,,,,,,,,,,,,,,,,
MAT 520,,,,,,,,,,,,,,,,,,,,,,A,A,A,A,A,A,,,,,,,,,,,,,,,,,,,,,,,,,,,,,,,,,,,,,,,,,,,,,,,,,,,,,,,
MAT 521,,,,,,,,,,,,,,,,,,,,,,A,A,A,A,A,A,,,,,,,,,,,,,,,,,,,,,,,,,,,,,,,,,,,,,,,,,,,,,,,,,,,,,,,
MAT 522,,,,,,,,,,,,,,,,,,,,,,A,A,A,A,A,A,,,,,,,,,,,,,,,,,,,,,,,,,,,,,,,,,,,,,,,,,,,,,,,,,,,,,,,
MAT 523,,,,,,,,,,,,,,,,,,,,,,A,A,A,A,A,A,,,,,,,,,,,,,,,,,,,,,,,,,,,,,,,,,,,,,,,,,,,,,,,,,,,,,,,
MAT 524,,,,,,,,,,,,,,,,,,,,,,A,A,A,A,A,A,,,,,,,,,,,,,,,,,,,,,,,,,,,,,,,,,,,,,,,,,,,,,,,,,,,,,,,
MAT 525,,,,,,,,,,,,,,,,,,,,,,A,A,A,A,A,A,,,,,,,,,,,,,,,,,,,,,,,,,,,,,,,,,,,,,,,,,,,,,,,,,,,,,,,
MAT 526,,,,,,,,,,,,,,,,,,,,,,A,A,A,A,A,A,,,,,,,,,,,,,,,,,,,,,,,,,,,,,,,,,,,,,,,,,,,,,,,,,,,,,,,
MAT 528,,,,,,,,,,,,,,,,,,,,,,A,A,A,A,A,A,,,,,,,,,,,,,,,,,,,,,,,,,,,,,,,,,,,,,,,,,,,,,,,,,,,,,,,
MAT 542,,,,,,,,,,,,,,,,,,,,,,A,A,A,A,A,A,,,,,,,,,,,,,,,,,,,,,,,,,,,,,,,,,,,,,,,,,,,,,,,,,,,,,,,
MAT 555,,,,,,,,,,,,,,,,,,,,,,A,A,A,A,A,A,,,,,,,,,,,,,,,,,,,,,,,,,,,,,,,,,,,,,,,,,,,,,,,,,,,,,,,
MAT 560,,,,,,,,,,,,,,,,,,,,,,A,A,A,A,A,A,,,,,,,,,,,,,,,,,,,,,,,,,,,,,,,,,,,,,,,,,,,,,,,,,,,,,,,
MAT 563,,,,,,,,,,,,,,,,,,,,,,A,A,A,A,A,A,,,,,,,,,,,,,,,,,,,,,,,,,,,,,,,,,,,,,,,,,,,,,,,,,,,,,,,
MAT 570,,,,,,,,,,,,,,,,,,,,,,A,A,A,A,A,A,,,,,,,,,,,,,,,,,,,,,,,,,,,,,,,,,,,,,,,,,,,,,,,,,,,,,,,
MAT 571,,,,,,,,,,,,,,,,,,,,,,A,A,A,A,A,A,,,,,,,,,,,,,,,,,,,,,,,,,,,,,,,,,,,,,,,,,,,,,,,,,,,,,,,
MAT 580,,,,,,,,,,,,,,,,,,,,,,A,A,A,A,A,A,,,,,,,,,,,,,,,,,,,,,,,,,,,,,,,,,,,,,,,,,,,,,,,,,,,,,,,
MAT 58000,,,,,,,,,,,,,,,,,,,,,,A,A,A,A,A,A,,,,,,,,,,,,,,,,,,,,,,,,,,,,,,,,,,,,,,,,,,,,,,,,,,,,,,,
MAT 58001,,,,,,,,,,,,,,,,,,,,,,A,A,A,A,A,A,,,,,,,,,,,,,,,,,,,,,,,,,,,,,,,,,,,,,,,,,,,,,,,,,,,,,,,
MAT 58005,,,,,,,,,,,,,,,,,,,,,,A,A,A,A,A,A,,,,,,,,,,,,,,,,,,,,,,,,,,,,,,,,,,,,,,,,,,,,,,,,,,,,,,,
MAT 581,,,,,,,,,,,,,,,,,,,,,,A,A,A,A,A,A,,,,,,,,,,,,,,,,,,,,,,,,,,,,,,,,,,,,,,,,,,,,,,,,,,,,,,,
MAT 601,,,,,,,,,,,,,,,,,,,,,,A,A,A,A,A,A,,,,,,,,,,,,,,,,,,,,,,,,,,,,,,,,,,,,,,,,,,,,,,,,,,,,,,,
MAT 602,,,,,,,,,,,,,,,,,,,,,,A,A,A,A,A,A,,,,,,,,,,,,,,,,,,,,,,,,,,,,,,,,,,,,,,,,,,,,,,,,,,,,,,,
MAT 611,,,,,,,,,,,,,,,,,,,,,,A,A,A,A,A,A,,,,,,,,,,,,,,,,,,,,,,,,,,,,,,,,,,,,,,,,,,,,,,,,,,,,,,,
MAT 620,,,,,,,,,,,,,,,,,,,,,,A,A,A,A,A,A,,,,,,,,,,,,,,,,,,,,,,,,,,,,,,,,,,,,,,,,,,,,,,,,,,,,,,,
MAT 621,,,,,,,,,,,,,,,,,,,,,,A,A,A,A,A,A,,,,,,,,,,,,,,,,,,,,,,,,,,,,,,,,,,,,,,,,,,,,,,,,,,,,,,,
MAT 622,,,,,,,,,,,,,,,,,,,,,,A,A,A,A,A,A,,,,,,,,,,,,,,,,,,,,,,,,,,,,,,,,,,,,,,,,,,,,,,,,,,,,,,,
MAT 630,,,,,,,,,,,,,,,,,,,,,,A,A,A,A,A,A,,,,,,,,,,,,,,,,,,,,,,,,,,,,,,,,,,,,,,,,,,,,,,,,,,,,,,,
MAT 632,,,,,,,,,,,,,,,,,,,,,,A,A,A,A,A,A,,,,,,,,,,,,,,,,,,,,,,,,,,,,,,,,,,,,,,,,,,,,,,,,,,,,,,,
MAT 671,,,,,,,,,,,,,,,,,,,,,,A,A,A,A,A,A,,,,,,,,,,,,,,,,,,,,,,,,,,,,,,,,,,,,,,,,,,,,,,,,,,,,,,,
MAT 672,,,,,,,,,,,,,,,,,,,,,,A,A,A,A,A,A,,,,,,,,,,,,,,,,,,,,,,,,,,,,,,,,,,,,,,,,,,,,,,,,,,,,,,,
MAT 680,,,,,,,,,,,,,,,,,,,,,,A,A,A,A,A,A,,,,,,,,,,,,,,,,,,,,,,,,,,,,,,,,,,,,,,,,,,,,,,,,,,,,,,,
MAT 68000,,,,,,,,,,,,,,,,,,,,,,A,A,A,A,A,A,,,,,,,,,,,,,,,,,,,,,,,,,,,,,,,,,,,,,,,,,,,,,,,,,,,,,,,
MAT 68001,,,,,,,,,,,,,,,,,,,,,,A,A,A,A,A,A,,,,,,,,,,,,,,,,,,,,,,,,,,,,,,,,,,,,,,,,,,,,,,,,,,,,,,,
MAT 68002,,,,,,,,,,,,,,,,,,,,,,A,A,A,A,A,A,,,,,,,,,,,,,,,,,,,,,,,,,,,,,,,,,,,,,,,,,,,,,,,,,,,,,,,
MAT 68003,,,,,,,,,,,,,,,,,,,,,,A,A,A,A,A,A,,,,,,,,,,,,,,,,,,,,,,,,,,,,,,,,,,,,,,,,,,,,,,,,,,,,,,,
MAT 68004,,,,,,,,,,,,,,,,,,,,,,A,A,A,A,A,A,,,,,,,,,,,,,,,,,,,,,,,,,,,,,,,,,,,,,,,,,,,,,,,,,,,,,,,
MAT 68005,,,,,,,,,,,,,,,,,,,,,,A,A,A,A,A,A,,,,,,,,,,,,,,,,,,,,,,,,,,,,,,,,,,,,,,,,,,,,,,,,,,,,,,,
MAT 681,,,,,,,,,,,,,,,,,,,,,,A,A,A,A,A,A,,,,,,,,,,,,,,,,,,,,,,,,,,,,,,,,,,,,,,,,,,,,,,,,,,,,,,,
ME 501,,,,,,,,,,,,,,,,,,,,,,A,A,A,A,A,A,,,,,,,,,,,,,,,,,,,,,,,,,,,,,,,,,,,,,,,,,,,,,,,,,,,,,,,
ME 502,,,,,,,,,,,,,,,,,,,,,,A,A,A,A,A,A,,,,,,,,,,,,,,,,,,,,,,,,,,,,,,,,,,,,,,,,,,,,,,,,,,,,,,,
ME 503,,,,,,,,,,,,,,,,,,,,,,A,A,A,A,A,A,,,,,,,,,,,,,,,,,,,,,,,,,,,,,,,,,,,,,,,,,,,,,,,,,,,,,,,
ME 505,,,,,,,,,,,,,,,,,,,,,,A,A,A,A,A,A,,,,,,,,,,,,,,,,,,,,,,,,,,,,,,,,,,,,,,,,,,,,,,,,,,,,,,,
ME 507,,,,,,,,,,,,,,,,,,,,,,A,A,A,A,A,A,,,,,,,,,,,,,,,,,,,,,,,,,,,,,,,,,,,,,,,,,,,,,,,,,,,,,,,
ME 508,,,,,,,,,,,,,,,,,,,,,,A,A,A,A,A,A,,,,,,,,,,,,,,,,,,,,,,,,,,,,,,,,,,,,,,,,,,,,,,,,,,,,,,,
ME 509,,,,,,,,,,,,,,,,,,,,,,A,A,A,A,A,A,,,,,,,,,,,,,,,,,,,,,,,,,,,,,,,,,,,,,,,,,,,,,,,,,,,,,,,
ME 512,,,,,,,,,,,,,,,,,,,,,,A,A,A,A,A,A,,,,,,,,,,,,,,,,,,,,,,,,,,,,,,,,,,,,,,,,,,,,,,,,,,,,,,,
ME 514,,,,,,,,,,,,,,,,,,,,,,A,A,A,A,A,A,,,,,,,,,,,,,,,,,,,,,,,,,,,,,,,,,,,,,,,,,,,,,,,,,,,,,,,
ME 515,,,,,,,,,,,,,,,,,,,,,,A,A,A,A,A,A,,,,,,,,,,,,,,,,,,,,,,,,,,,,,,,,,,,,,,,,,,,,,,,,,,,,,,,
ME 518,,,,,,,,,,,,,,,,,,,,,,A,A,A,A,A,A,,,,,,,,,,,,,,,,,,,,,,,,,,,,,,,,,,,,,,,,,,,,,,,,,,,,,,,
ME 520,,,,,,,,,,,,,,,,,,,,,,A,A,A,A,A,A,,,,,,,,,,,,,,,,,,,,,,,,,,,,,,,,,,,,,,,,,,,,,,,,,,,,,,,
ME 525,,,,,,,,,,,,,,,,,,,,,,A,A,A,A,A,A,,,,,,,,,,,,,,,,,,,,,,,,,,,,,,,,,,,,,,,,,,,,,,,,,,,,,,,
ME 530,,,,,,,,,,,,,,,,,,,,,,A,A,A,A,A,A,,,,,,,,,,,,,,,,,,,,,,,,,,,,,,,,,,,,,,,,,,,,,,,,,,,,,,,
ME 535,,,,,,,,,,,,,,,,,,,,,,A,A,A,A,A,A,,,,,,,,,,,,,,,,,,,,,,,,,,,,,,,,,,,,,,,,,,,,,,,,,,,,,,,
ME 537,,,,,,,,,,,,,,,,,,,,,,A,A,A,A,A,A,,,,,,,,,,,,,,,,,,,,,,,,,,,,,,,,,,,,,,,,,,,,,,,,,,,,,,,
ME 540,,,,,,,,,,,,,,,,,,,,,,A,A,A,A,A,A,,,,,,,,,,,,,,,,,,,,,,,,,,,,,,,,,,,,,,,,,,,,,,,,,,,,,,,
ME 541,,,,,,,,,,,,,,,,,,,,,,A,A,A,A,A,A,,,,,,,,,,,,,,,,,,,,,,,,,,,,,,,,,,,,,,,,,,,,,,,,,,,,,,,
ME 560,,,,,,,,,,,,,,,,,,,,,,A,A,A,A,A,A,,,,,,,,,,,,,,,,,,,,,,,,,,,,,,,,,,,,,,,,,,,,,,,,,,,,,,,
ME 561,,,,,,,,,,,,,,,,,,,,,,A,A,A,A,A,A,,,,,,,,,,,,,,,,,,,,,,,,,,,,,,,,,,,,,,,,,,,,,,,,,,,,,,,
ME 562,,,,,,,,,,,,,,,,,,,,,,A,A,A,A,A,A,,,,,,,,,,,,,,,,,,,,,,,,,,,,,,,,,,,,,,,,,,,,,,,,,,,,,,,
ME 58000,,,,,,,,,,,,,,,,,,,,,,A,A,A,A,A,A,,,,,,,,,,,,,,,,,,,,,,,,,,,,,,,,,,,,,,,,,,,,,,,,,,,,,,,
ME 58001,,,,,,,,,,,,,,,,,,,,,,A,A,A,A,A,A,,,,,,,,,,,,,,,,,,,,,,,,,,,,,,,,,,,,,,,,,,,,,,,,,,,,,,,
ME 58002,,,,,,,,,,,,,,,,,,,,,,A,A,A,A,A,A,,,,,,,,,,,,,,,,,,,,,,,,,,,,,,,,,,,,,,,,,,,,,,,,,,,,,,,
ME 58003,,,,,,,,,,,,,,,,,,,,,,A,A,A,A,A,A,,,,,,,,,,,,,,,,,,,,,,,,,,,,,,,,,,,,,,,,,,,,,,,,,,,,,,,
ME 58004,,,,,,,,,,,,,,,,,,,,,,A,A,A,A,A,A,,,,,,,,,,,,,,,,,,,,,,,,,,,,,,,,,,,,,,,,,,,,,,,,,,,,,,,
ME 58005,,,,,,,,,,,,,,,,,,,,,,A,A,A,A,A,A,,,,,,,,,,,,,,,,,,,,,,,,,,,,,,,,,,,,,,,,,,,,,,,,,,,,,,,
ME 58006,,,,,,,,,,,,,,,,,,,,,,A,A,A,A,A,A,,,,,,,,,,,,,,,,,,,,,,,,,,,,,,,,,,,,,,,,,,,,,,,,,,,,,,,
ME 58007,,,,,,,,,,,,,,,,,,,,,,A,A,A,A,A,A,,,,,,,,,,,,,,,,,,,,,,,,,,,,,,,,,,,,,,,,,,,,,,,,,,,,,,,
ME 58008,,,,,,,,,,,,,,,,,,,,,,A,A,A,A,A,A,,,,,,,,,,,,,,,,,,,,,,,,,,,,,,,,,,,,,,,,,,,,,,,,,,,,,,,
ME 582,,,,,,,,,,,,,,,,,,,,,,A,A,A,A,A,A,,,,,,,,,,,,,,,,,,,,,,,,,,,,,,,,,,,,,,,,,,,,,,,,,,,,,,,
ME 583,,,,,,,,,,,,,,,,,,,,,,A,A,A,A,A,A,,,,,,,,,,,,,,,,,,,,,,,,,,,,,,,,,,,,,,,,,,,,,,,,,,,,,,,
ME 601,,,,,,,,,,,,,,,,,,,,,,A,A,A,A,A,A,,,,,,,,,,,,,,,,,,,,,,,,,,,,,,,,,,,,,,,,,,,,,,,,,,,,,,,
ME 609,,,,,,,,,,,,,,,,,,,,,,A,A,A,A,A,A,,,,,,,,,,,,,,,,,,,,,,,,,,,,,,,,,,,,,,,,,,,,,,,,,,,,,,,
ME 68000,,,,,,,,,,,,,,,,,,,,,,A,A,A,A,A,A,,,,,,,,,,,,,,,,,,,,,,,,,,,,,,,,,,,,,,,,,,,,,,,,,,,,,,,
ME 68001,,,,,,,,,,,,,,,,,,,,,,A,A,A,A,A,A,,,,,,,,,,,,,,,,,,,,,,,,,,,,,,,,,,,,,,,,,,,,,,,,,,,,,,,
ME 682,,,,,,,,,,,,,,,,,,,,,,A,A,A,A,A,A,,,,,,,,,,,,,,,,,,,,,,,,,,,,,,,,,,,,,,,,,,,,,,,,,,,,,,,
ME 683,,,,,,,,,,,,,,,,,,,,,,A,A,A,A,A,A,,,,,,,,,,,,,,,,,,,,,,,,,,,,,,,,,,,,,,,,,,,,,,,,,,,,,,,
ME 684,,,,,,,,,,,,,,,,,,,,,,A,A,A,A,A,A,,,,,,,,,,,,,,,,,,,,,,,,,,,,,,,,,,,,,,,,,,,,,,,,,,,,,,,
MFE 751,,,,,,,,,,,,,,,,,,,,,,A,A,A,A,A,A,,,,,,,,,,,,,,,,,,,,,,,,,,,,,,,,,,,,,,,,,,,,,,,,,,,,,,,
MFE 752,,,,,,,,,,,,,,,,,,,,,,A,A,A,A,A,A,,,,,,,,,,,,,,,,,,,,,,,,,,,,,,,,,,,,,,,,,,,,,,,,,,,,,,,
MFG 511,,,,,,,,,,,,,,,,,,,,,,A,A,A,A,A,A,,,,,,,,,,,,,,,,,,,,,,,,,,,,,,,,,,,,,,,,,,,,,,,,,,,,,,,
MFG 512,,,,,,,,,,,,,,,,,,,,,,A,A,A,A,A,A,,,,,,,,,,,,,,,,,,,,,,,,,,,,,,,,,,,,,,,,,,,,,,,,,,,,,,,
MFG 513,,,,,,,,,,,,,,,,,,,,,,A,A,A,A,A,A,,,,,,,,,,,,,,,,,,,,,,,,,,,,,,,,,,,,,,,,,,,,,,,,,,,,,,,
MFG 516,,,,,,,,,,,,,,,,,,,,,,A,A,A,A,A,A,,,,,,,,,,,,,,,,,,,,,,,,,,,,,,,,,,,,,,,,,,,,,,,,,,,,,,,
MFG 563,,,,,,,,,,,,,,,,,,,,,,A,A,A,A,A,A,,,,,,,,,,,,,,,,,,,,,,,,,,,,,,,,,,,,,,,,,,,,,,,,,,,,,,,
MFG 565,,,,,,,,,,,,,,,,,,,,,,A,A,A,A,A,A,,,,,,,,,,,,,,,,,,,,,,,,,,,,,,,,,,,,,,,,,,,,,,,,,,,,,,,
MFG 566,,,,,,,,,,,,,,,,,,,,,,A,A,A,A,A,A,,,,,,,,,,,,,,,,,,,,,,,,,,,,,,,,,,,,,,,,,,,,,,,,,,,,,,,
MFG 568,,,,,,,,,,,,,,,,,,,,,,A,A,A,A,A,A,,,,,,,,,,,,,,,,,,,,,,,,,,,,,,,,,,,,,,,,,,,,,,,,,,,,,,,
MFG 58000,,,,,,,,,,,,,,,,,,,,,,A,A,A,A,A,A,,,,,,,,,,,,,,,,,,,,,,,,,,,,,,,,,,,,,,,,,,,,,,,,,,,,,,,
MFG 58002,,,,,,,,,,,,,,,,,,,,,,A,A,A,A,A,A,,,,,,,,,,,,,,,,,,,,,,,,,,,,,,,,,,,,,,,,,,,,,,,,,,,,,,,
MFG 5801,,,,,,,,,,,,,,,,,,,,,,A,A,A,A,A,A,,,,,,,,,,,,,,,,,,,,,,,,,,,,,,,,,,,,,,,,,,,,,,,,,,,,,,,
MFIN 532,,,,,,,,,,,,,,,,,,,,,,A,A,A,A,A,A,,,,,,,,,,,,,,,,,,,,,,,,,,,,,,,,,,,,,,,,,,,,,,,,,,,,,,,
MGMT 504,,,,,,,,,,,,,,,,,,,,,,A,A,A,A,A,A,,,,,,,,,,,,,,,,,,,,,,,,,,,,,,,,,,,,,,,,,,,,,,,,,,,,,,,
MGMT 505,,,,,,,,,,,,,,,,,,,,,,A,A,A,A,A,A,,,,,,,,,,,,,,,,,,,,,,,,,,,,,,,,,,,,,,,,,,,,,,,,,,,,,,,
MGMT 514,,,,,,,,,,,,,,,,,,,,,,A,A,A,A,A,A,,,,,,,,,,,,,,,,,,,,,,,,,,,,,,,,,,,,,,,,,,,,,,,,,,,,,,,
MGMT 515,,,,,,,,,,,,,,,,,,,,,,A,A,A,A,A,A,,,,,,,,,,,,,,,,,,,,,,,,,,,,,,,,,,,,,,,,,,,,,,,,,,,,,,,
MGMT 517,,,,,,,,,,,,,,,,,,,,,,A,A,A,A,A,A,,,,,,,,,,,,,,,,,,,,,,,,,,,,,,,,,,,,,,,,,,,,,,,,,,,,,,,
MGMT 523,,,,,,,,,,,,,,,,,,,,,,A,A,A,A,A,A,,,,,,,,,,,,,,,,,,,,,,,,,,,,,,,,,,,,,,,,,,,,,,,,,,,,,,,
MGMT 541,,,,,,,,,,,,,,,,,,,,,,A,A,A,A,A,A,,,,,,,,,,,,,,,,,,,,,,,,,,,,,,,,,,,,,,,,,,,,,,,,,,,,,,,
MGMT 550,,,,,,,,,,,,,,,,,,,,,,A,A,A,A,A,A,,,,,,,,,,,,,,,,,,,,,,,,,,,,,,,,,,,,,,,,,,,,,,,,,,,,,,,
MGMT 551,,,,,,,,,,,,,,,,,,,,,,A,A,A,A,A,A,,,,,,,,,,,,,,,,,,,,,,,,,,,,,,,,,,,,,,,,,,,,,,,,,,,,,,,
MGMT 580,,,,,,,,,,,,,,,,,,,,,,A,A,A,A,A,A,,,,,,,,,,,,,,,,,,,,,,,,,,,,,,,,,,,,,,,,,,,,,,,,,,,,,,,
MGMT 581,,,,,,,,,,,,,,,,,,,,,,A,A,A,A,A,A,,,,,,,,,,,,,,,,,,,,,,,,,,,,,,,,,,,,,,,,,,,,,,,,,,,,,,,
MGMT 590,,,,,,,,,,,,,,,,,,,,,,A,A,A,A,A,A,,,,,,,,,,,,,,,,,,,,,,,,,,,,,,,,,,,,,,,,,,,,,,,,,,,,,,,
MGMT 595,,,,,,,,,,,,,,,,,,,,,,A,A,A,A,A,A,,,,,,,,,,,,,,,,,,,,,,,,,,,,,,,,,,,,,,,,,,,,,,,,,,,,,,,
MGMT 597,,,,,,,,,,,,,,,,,,,,,,A,A,A,A,A,A,,,,,,,,,,,,,,,,,,,,,,,,,,,,,,,,,,,,,,,,,,,,,,,,,,,,,,,
MGMT 601,,,,,,,,,,,,,,,,,,,,,,A,A,A,A,A,A,,,,,,,,,,,,,,,,,,,,,,,,,,,,,,,,,,,,,,,,,,,,,,,,,,,,,,,
MGMT 602,,,,,,,,,,,,,,,,,,,,,,A,A,A,A,A,A,,,,,,,,,,,,,,,,,,,,,,,,,,,,,,,,,,,,,,,,,,,,,,,,,,,,,,,
MGMT 817,,,,,,,,,,,,,,,,,,,,,,A,A,A,A,A,A,,,,,,,,,,,,,,,,,,,,,,,,,,,,,,,,,,,,,,,,,,,,,,,,,,,,,,,
MIM 830,,,,,,,,,,,,,,,,,,,,,,A,A,A,A,A,A,,,,,,,,,,,,,,,,,,,,,,,,,,,,,,,,,,,,,,,,,,,,,,,,,,,,,,,
MKTG 507,,,,,,,,,,,,,,,,,,,,,,A,A,A,A,A,A,,,,,,,,,,,,,,,,,,,,,,,,,,,,,,,,,,,,,,,,,,,,,,,,,,,,,,,
MKTG 529,,,,,,,,,,,,,,,,,,,,,,A,A,A,A,A,A,,,,,,,,,,,,,,,,,,,,,,,,,,,,,,,,,,,,,,,,,,,,,,,,,,,,,,,
MKTG 530,,,,,,,,,,,,,,,,,,,,,,A,A,A,A,A,A,,,,,,,,,,,,,,,,,,,,,,,,,,,,,,,,,,,,,,,,,,,,,,,,,,,,,,,
MKTG 551,,,,,,,,,,,,,,,,,,,,,,A,A,A,A,A,A,,,,,,,,,,,,,,,,,,,,,,,,,,,,,,,,,,,,,,,,,,,,,,,,,,,,,,,
MKTG 601,,,,,,,,,,,,,,,,,,,,,,A,A,A,A,A,A,,,,,,,,,,,,,,,,,,,,,,,,,,,,,,,,,,,,,,,,,,,,,,,,,,,,,,,
MKTG 602,,,,,,,,,,,,,,,,,,,,,,A,A,A,A,A,A,,,,,,,,,,,,,,,,,,,,,,,,,,,,,,,,,,,,,,,,,,,,,,,,,,,,,,,
MKTG 603,,,,,,,,,,,,,,,,,,,,,,A,A,A,A,A,A,,,,,,,,,,,,,,,,,,,,,,,,,,,,,,,,,,,,,,,,,,,,,,,,,,,,,,,
MKTG 631,,,,,,,,,,,,,,,,,,,,,,A,A,A,A,A,A,,,,,,,,,,,,,,,,,,,,,,,,,,,,,,,,,,,,,,,,,,,,,,,,,,,,,,,
MKTG 690,,,,,,,,,,,,,,,,,,,,,,A,A,A,A,A,A,,,,,,,,,,,,,,,,,,,,,,,,,,,,,,,,,,,,,,,,,,,,,,,,,,,,,,,
MKTG 811,,,,,,,,,,,,,,,,,,,,,,A,A,A,A,A,A,,,,,,,,,,,,,,,,,,,,,,,,,,,,,,,,,,,,,,,,,,,,,,,,,,,,,,,
MKTG 826,,,,,,,,,,,,,,,,,,,,,,A,A,A,A,A,A,,,,,,,,,,,,,,,,,,,,,,,,,,,,,,,,,,,,,,,,,,,,,,,,,,,,,,,
MRES 599,,,,,,,,,,,,,,,,,,,,,,A,A,A,A,A,A,,,,,,,,,,,,,,,,,,,,,,,,,,,,,,,,,,,,,,,,,,,,,,,,,,,,,,,
MRES 600,,,,,,,,,,,,,,,,,,,,,,A,A,A,A,A,A,,,,,,,,,,,,,,,,,,,,,,,,,,,,,,,,,,,,,,,,,,,,,,,,,,,,,,,
MRES 601,,,,,,,,,,,,,,,,,,,,,,A,A,A,A,A,A,,,,,,,,,,,,,,,,,,,,,,,,,,,,,,,,,,,,,,,,,,,,,,,,,,,,,,,
MRES 602,,,,,,,,,,,,,,,,,,,,,,A,A,A,A,A,A,,,,,,,,,,,,,,,,,,,,,,,,,,,,,,,,,,,,,,,,,,,,,,,,,,,,,,,
MRES 603,,,,,,,,,,,,,,,,,,,,,,A,A,A,A,A,A,,,,,,,,,,,,,,,,,,,,,,,,,,,,,,,,,,,,,,,,,,,,,,,,,,,,,,,
MRES 604,,,,,,,,,,,,,,,,,,,,,,A,A,A,A,A,A,,,,,,,,,,,,,,,,,,,,,,,,,,,,,,,,,,,,,,,,,,,,,,,,,,,,,,,
MRES 611,,,,,,,,,,,,,,,,,,,,,,A,A,A,A,A,A,,,,,,,,,,,,,,,,,,,,,,,,,,,,,,,,,,,,,,,,,,,,,,,,,,,,,,,
MRES 699,,,,,,,,,,,,,,,,,,,,,,A,A,A,A,A,A,,,,,,,,,,,,,,,,,,,,,,,,,,,,,,,,,,,,,,,,,,,,,,,,,,,,,,,
NS 501,,,,,,,,,,,,,,,,,,,,,,A,A,A,A,A,A,,,,,,,,,,,,,,,,,,,,,,,,,,,,,,,,,,,,,,,,,,,,,,,,,,,,,,,
NS 502,,,,,,,,,,,,,,,,,,,,,,A,A,A,A,A,A,,,,,,,,,,,,,,,,,,,,,,,,,,,,,,,,,,,,,,,,,,,,,,,,,,,,,,,
NS 566,,,,,,,,,,,,,,,,,,,,,,A,A,A,A,A,A,,,,,,,,,,,,,,,,,,,,,,,,,,,,,,,,,,,,,,,,,,,,,,,,,,,,,,,
NT 546,,,,,,,,,,,,,,,,,,,,,,A,A,A,A,A,A,,,,,,,,,,,,,,,,,,,,,,,,,,,,,,,,,,,,,,,,,,,,,,,,,,,,,,,
OPIM 506,,,,,,,,,,,,,,,,,,,,,,A,A,A,A,A,A,,,,,,,,,,,,,,,,,,,,,,,,,,,,,,,,,,,,,,,,,,,,,,,,,,,,,,,
OPIM 508,,,,,,,,,,,,,,,,,,,,,,A,A,A,A,A,A,,,,,,,,,,,,,,,,,,,,,,,,,,,,,,,,,,,,,,,,,,,,,,,,,,,,,,,
OPIM 523,,,,,,,,,,,,,,,,,,,,,,A,A,A,A,A,A,,,,,,,,,,,,,,,,,,,,,,,,,,,,,,,,,,,,,,,,,,,,,,,,,,,,,,,
OPIM 603,,,,,,,,,,,,,,,,,,,,,,A,A,A,A,A,A,,,,,,,,,,,,,,,,,,,,,,,,,,,,,,,,,,,,,,,,,,,,,,,,,,,,,,,
OPIM 611,,,,,,,,,,,,,,,,,,,,,,A,A,A,A,A,A,,,,,,,,,,,,,,,,,,,,,,,,,,,,,,,,,,,,,,,,,,,,,,,,,,,,,,,
OPIM 612,,,,,,,,,,,,,,,,,,,,,,A,A,A,A,A,A,,,,,,,,,,,,,,,,,,,,,,,,,,,,,,,,,,,,,,,,,,,,,,,,,,,,,,,
OPIM 613,,,,,,,,,,,,,,,,,,,,,,A,A,A,A,A,A,,,,,,,,,,,,,,,,,,,,,,,,,,,,,,,,,,,,,,,,,,,,,,,,,,,,,,,
OPIM 614,,,,,,,,,,,,,,,,,,,,,,A,A,A,A,A,A,,,,,,,,,,,,,,,,,,,,,,,,,,,,,,,,,,,,,,,,,,,,,,,,,,,,,,,
OPIM 615,,,,,,,,,,,,,,,,,,,,,,A,A,A,A,A,A,,,,,,,,,,,,,,,,,,,,,,,,,,,,,,,,,,,,,,,,,,,,,,,,,,,,,,,
OPIM 616,,,,,,,,,,,,,,,,,,,,,,A,A,A,A,A,A,,,,,,,,,,,,,,,,,,,,,,,,,,,,,,,,,,,,,,,,,,,,,,,,,,,,,,,
OPIM 617,,,,,,,,,,,,,,,,,,,,,,A,A,A,A,A,A,,,,,,,,,,,,,,,,,,,,,,,,,,,,,,,,,,,,,,,,,,,,,,,,,,,,,,,
OPIM 621,,,,,,,,,,,,,,,,,,,,,,A,A,A,A,A,A,,,,,,,,,,,,,,,,,,,,,,,,,,,,,,,,,,,,,,,,,,,,,,,,,,,,,,,
OPIM 622,,,,,,,,,,,,,,,,,,,,,,A,A,A,A,A,A,,,,,,,,,,,,,,,,,,,,,,,,,,,,,,,,,,,,,,,,,,,,,,,,,,,,,,,
OPIM 623,,,,,,,,,,,,,,,,,,,,,,A,A,A,A,A,A,,,,,,,,,,,,,,,,,,,,,,,,,,,,,,,,,,,,,,,,,,,,,,,,,,,,,,,
OPIM 624,,,,,,,,,,,,,,,,,,,,,,A,A,A,A,A,A,,,,,,,,,,,,,,,,,,,,,,,,,,,,,,,,,,,,,,,,,,,,,,,,,,,,,,,
OPIM 627,,,,,,,,,,,,,,,,,,,,,,A,A,A,A,A,A,,,,,,,,,,,,,,,,,,,,,,,,,,,,,,,,,,,,,,,,,,,,,,,,,,,,,,,
OPIM 628,,,,,,,,,,,,,,,,,,,,,,A,A,A,A,A,A,,,,,,,,,,,,,,,,,,,,,,,,,,,,,,,,,,,,,,,,,,,,,,,,,,,,,,,
OPIM 629,,,,,,,,,,,,,,,,,,,,,,A,A,A,A,A,A,,,,,,,,,,,,,,,,,,,,,,,,,,,,,,,,,,,,,,,,,,,,,,,,,,,,,,,
OPIM 630,,,,,,,,,,,,,,,,,,,,,,A,A,A,A,A,A,,,,,,,,,,,,,,,,,,,,,,,,,,,,,,,,,,,,,,,,,,,,,,,,,,,,,,,
OPIM 631,,,,,,,,,,,,,,,,,,,,,,A,A,A,A,A,A,,,,,,,,,,,,,,,,,,,,,,,,,,,,,,,,,,,,,,,,,,,,,,,,,,,,,,,
OPIM 632,,,,,,,,,,,,,,,,,,,,,,A,A,A,A,A,A,,,,,,,,,,,,,,,,,,,,,,,,,,,,,,,,,,,,,,,,,,,,,,,,,,,,,,,
OPIM 652,,,,,,,,,,,,,,,,,,,,,,A,A,A,A,A,A,,,,,,,,,,,,,,,,,,,,,,,,,,,,,,,,,,,,,,,,,,,,,,,,,,,,,,,
OPIM 690,,,,,,,,,,,,,,,,,,,,,,A,A,A,A,A,A,,,,,,,,,,,,,,,,,,,,,,,,,,,,,,,,,,,,,,,,,,,,,,,,,,,,,,,
ORG 551,,,,,,,,,,,,,,,,,,,,,,A,A,A,,,,,,,,,,,,,,,,,,,,,,,,,,,,,,,,,,,,,,,,,,,,,,,,,,,,,,,,,,
ORG 612,,,,,,,,,,,,,,,,,,,,,,A,A,A,A,A,A,,,,,,,,,,,,,,,,,,,,,,,,,,,,,,,,,,,,,,,,,,,,,,,,,,,,,,,
ORG 613,,,,,,,,,,,,,,,,,,,,,,A,A,A,A,A,A,,,,,,,,,,,,,,,,,,,,,,,,,,,,,,,,,,,,,,,,,,,,,,,,,,,,,,,
ORG 614,,,,,,,,,,,,,,,,,,,,,,A,A,A,A,A,A,,,,,,,,,,,,,,,,,,,,,,,,,,,,,,,,,,,,,,,,,,,,,,,,,,,,,,,
ORG 615,,,,,,,,,,,,,,,,,,,,,,A,A,A,A,A,A,,,,,,,,,,,,,,,,,,,,,,,,,,,,,,,,,,,,,,,,,,,,,,,,,,,,,,,
ORG 627,,,,,,,,,,,,,,,,,,,,,,A,A,A,A,A,A,,,,,,,,,,,,,,,,,,,,,,,,,,,,,,,,,,,,,,,,,,,,,,,,,,,,,,,
ORG 628,,,,,,,,,,,,,,,,,,,,,,A,A,A,A,A,A,,,,,,,,,,,,,,,,,,,,,,,,,,,,,,,,,,,,,,,,,,,,,,,,,,,,,,,
ORG 629,,,,,,,,,,,,,,,,,,,,,,A,A,A,A,A,A,,,,,,,,,,,,,,,,,,,,,,,,,,,,,,,,,,,,,,,,,,,,,,,,,,,,,,,
ORG 630,,,,,,,,,,,,,,,,,,,,,,A,A,A,A,A,A,,,,,,,,,,,,,,,,,,,,,,,,,,,,,,,,,,,,,,,,,,,,,,,,,,,,,,,
ORG 631,,,,,,,,,,,,,,,,,,,,,,A,A,A,A,A,A,,,,,,,,,,,,,,,,,,,,,,,,,,,,,,,,,,,,,,,,,,,,,,,,,,,,,,,
ORG 632,,,,,,,,,,,,,,,,,,,,,,A,A,A,A,A,A,,,,,,,,,,,,,,,,,,,,,,,,,,,,,,,,,,,,,,,,,,,,,,,,,,,,,,,
ORG 690,,,,,,,,,,,,,,,,,,,,,,A,A,A,A,A,A,,,,,,,,,,,,,,,,,,,,,,,,,,,,,,,,,,,,,,,,,,,,,,,,,,,,,,,
PERS 510,,,,,,,,,,,,,,,,,,,,,,A,A,A,A,A,A,,,,,,,,,,,,,,,,,,,,,,,,,,,,,,,,,,,,,,,,,,,,,,,,,,,,,,,
PERS 520,,,,,,,,,,,,,,,,,,,,,,A,A,A,A,A,A,,,,,,,,,,,,,,,,,,,,,,,,,,,,,,,,,,,,,,,,,,,,,,,,,,,,,,,
PERS 530,,,,,,,,,,,,,,,,,,,,,,A,A,A,A,A,A,,,,,,,,,,,,,,,,,,,,,,,,,,,,,,,,,,,,,,,,,,,,,,,,,,,,,,,
PERS 540,,,,,,,,,,,,,,,,,,,,,,A,A,A,A,A,A,,,,,,,,,,,,,,,,,,,,,,,,,,,,,,,,,,,,,,,,,,,,,,,,,,,,,,,
PHIL 501,,,,,,,,,,,,,,,,,,,,,,A,A,A,A,A,A,,,,,,,,,,,,,,,,,,,,,,,,,,,,,,,,,,,,,,,,,,,,,,,,,,,,,,,
PHIL 521,,,,,,,,,,,,,,,,,,,,,,A,A,A,A,A,A,,,,,,,,,,,,,,,,,,,,,,,,,,,,,,,,,,,,,,,,,,,,,,,,,,,,,,,
PHIL 522,,,,,,,,,,,,,,,,,,,,,,A,A,A,A,A,A,,,,,,,,,,,,,,,,,,,,,,,,,,,,,,,,,,,,,,,,,,,,,,,,,,,,,,,
PHIL 525,,,,,,,,,,,,,,,,,,,,,,A,A,A,A,A,A,,,,,,,,,,,,,,,,,,,,,,,,,,,,,,,,,,,,,,,,,,,,,,,,,,,,,,,
PHIL 550,,,,,,,,,,,,,,,,,,,,,,A,A,A,A,A,A,,,,,,,,,,,,,,,,,,,,,,,,,,,,,,,,,,,,,,,,,,,,,,,,,,,,,,,
PHIL 560,,,,,,,,,,,,,,,,,,,,,,A,A,A,A,A,A,,,,,,,,,,,,,,,,,,,,,,,,,,,,,,,,,,,,,,,,,,,,,,,,,,,,,,,
PHIL 570,,,,,,,,,,,,,,,,,,,,,,A,A,A,A,A,A,,,,,,,,,,,,,,,,,,,,,,,,,,,,,,,,,,,,,,,,,,,,,,,,,,,,,,,
PHYS 501,,,,,,,,,,,,,,,,,,,,,,A,A,A,A,A,A,,,,,,,,,,,,,,,,,,,,,,,,,,,,,,,,,,,,,,,,,,,,,,,,,,,,,,,
PHYS 511,,,,,,,,,,,,,,,,,,,,,,A,A,A,A,A,A,,,,,,,,,,,,,,,,,,,,,,,,,,,,,,,,,,,,,,,,,,,,,,,,,,,,,,,
PHYS 512,,,,,,,,,,,,,,,,,,,,,,A,A,A,A,A,A,,,,,,,,,,,,,,,,,,,,,,,,,,,,,,,,,,,,,,,,,,,,,,,,,,,,,,,
PHYS 531,,,,,,,,,,,,,,,,,,,,,,A,A,A,A,A,A,,,,,,,,,,,,,,,,,,,,,,,,,,,,,,,,,,,,,,,,,,,,,,,,,,,,,,,
PHYS 532,,,,,,,,,,,,,,,,,,,,,,A,A,A,A,A,A,,,,,,,,,,,,,,,,,,,,,,,,,,,,,,,,,,,,,,,,,,,,,,,,,,,,,,,
PHYS 533,,,,,,,,,,,,,,,,,,,,,,A,A,A,A,A,A,,,,,,,,,,,,,,,,,,,,,,,,,,,,,,,,,,,,,,,,,,,,,,,,,,,,,,,
PHYS 538,,,,,,,,,,,,,,,,,,,,,,A,A,A,A,A,A,,,,,,,,,,,,,,,,,,,,,,,,,,,,,,,,,,,,,,,,,,,,,,,,,,,,,,,
PHYS 541,,,,,,,,,,,,,,,,,,,,,,A,A,A,A,A,A,,,,,,,,,,,,,,,,,,,,,,,,,,,,,,,,,,,,,,,,,,,,,,,,,,,,,,,
PHYS 542,,,,,,,,,,,,,,,,,,,,,,A,A,A,A,A,A,,,,,,,,,,,,,,,,,,,,,,,,,,,,,,,,,,,,,,,,,,,,,,,,,,,,,,,
PHYS 545,,,,,,,,,,,,,,,,,,,,,,A,A,A,A,A,A,,,,,,,,,,,,,,,,,,,,,,,,,,,,,,,,,,,,,,,,,,,,,,,,,,,,,,,
PHYS 546,,,,,,,,,,,,,,,,,,,,,,A,A,A,A,A,A,,,,,,,,,,,,,,,,,,,,,,,,,,,,,,,,,,,,,,,,,,,,,,,,,,,,,,,
PHYS 548,,,,,,,,,,,,,,,,,,,,,,A,A,A,A,A,A,,,,,,,,,,,,,,,,,,,,,,,,,,,,,,,,,,,,,,,,,,,,,,,,,,,,,,,
PHYS 550,,,,,,,,,,,,,,,,,,,,,,A,A,A,A,A,A,,,,,,,,,,,,,,,,,,,,,,,,,,,,,,,,,,,,,,,,,,,,,,,,,,,,,,,
PHYS 553,,,,,,,,,,,,,,,,,,,,,,A,A,A,A,A,A,,,,,,,,,,,,,,,,,,,,,,,,,,,,,,,,,,,,,,,,,,,,,,,,,,,,,,,
PHYS 555,,,,,,,,,,,,,,,,,,,,,,A,A,A,A,A,A,,,,,,,,,,,,,,,,,,,,,,,,,,,,,,,,,,,,,,,,,,,,,,,,,,,,,,,
PHYS 556,,,,,,,,,,,,,,,,,,,,,,A,A,A,A,A,A,,,,,,,,,,,,,,,,,,,,,,,,,,,,,,,,,,,,,,,,,,,,,,,,,,,,,,,
PHYS 561,,,,,,,,,,,,,,,,,,,,,,A,A,A,A,A,A,,,,,,,,,,,,,,,,,,,,,,,,,,,,,,,,,,,,,,,,,,,,,,,,,,,,,,,
PHYS 562,,,,,,,,,,,,,,,,,,,,,,A,A,A,A,A,A,,,,,,,,,,,,,,,,,,,,,,,,,,,,,,,,,,,,,,,,,,,,,,,,,,,,,,,
PHYS 565,,,,,,,,,,,,,,,,,,,,,,A,A,A,A,A,A,,,,,,,,,,,,,,,,,,,,,,,,,,,,,,,,,,,,,,,,,,,,,,,,,,,,,,,
PHYS 566,,,,,,,,,,,,,,,,,,,,,,A,A,A,A,A,A,,,,,,,,,,,,,,,,,,,,,,,,,,,,,,,,,,,,,,,,,,,,,,,,,,,,,,,
PHYS 576,,,,,,,,,,,,,,,,,,,,,,A,A,A,A,A,A,,,,,,,,,,,,,,,,,,,,,,,,,,,,,,,,,,,,,,,,,,,,,,,,,,,,,,,
PHYS 580,,,,,,,,,,,,,,,,,,,,,,A,A,A,A,A,A,,,,,,,,,,,,,,,,,,,,,,,,,,,,,,,,,,,,,,,,,,,,,,,,,,,,,,,
PHYS 581,,,,,,,,,,,,,,,,,,,,,,A,A,A,A,A,A,,,,,,,,,,,,,,,,,,,,,,,,,,,,,,,,,,,,,,,,,,,,,,,,,,,,,,,
PHYS 584,,,,,,,,,,,,,,,,,,,,,,A,A,A,A,A,A,,,,,,,,,,,,,,,,,,,,,,,,,,,,,,,,,,,,,,,,,,,,,,,,,,,,,,,
PHYS 591,,,,,,,,,,,,,,,,,,,,,,A,A,A,A,A,A,,,,,,,,,,,,,,,,,,,,,,,,,,,,,,,,,,,,,,,,,,,,,,,,,,,,,,,
PHYS 592,,,,,,,,,,,,,,,,,,,,,,A,A,A,A,A,A,,,,,,,,,,,,,,,,,,,,,,,,,,,,,,,,,,,,,,,,,,,,,,,,,,,,,,,
PHYS 611,,,,,,,,,,,,,,,,,,,,,,A,A,A,A,A,A,,,,,,,,,,,,,,,,,,,,,,,,,,,,,,,,,,,,,,,,,,,,,,,,,,,,,,,
PHYS 612,,,,,,,,,,,,,,,,,,,,,,A,A,A,A,A,A,,,,,,,,,,,,,,,,,,,,,,,,,,,,,,,,,,,,,,,,,,,,,,,,,,,,,,,
PHYS 613,,,,,,,,,,,,,,,,,,,,,,A,A,A,A,A,A,,,,,,,,,,,,,,,,,,,,,,,,,,,,,,,,,,,,,,,,,,,,,,,,,,,,,,,
PHYS 614,,,,,,,,,,,,,,,,,,,,,,A,A,A,A,A,A,,,,,,,,,,,,,,,,,,,,,,,,,,,,,,,,,,,,,,,,,,,,,,,,,,,,,,,
PHYS 617,,,,,,,,,,,,,,,,,,,,,,A,A,A,A,A,A,,,,,,,,,,,,,,,,,,,,,,,,,,,,,,,,,,,,,,,,,,,,,,,,,,,,,,,
PHYS 618,,,,,,,,,,,,,,,,,,,,,,A,A,A,A,A,A,,,,,,,,,,,,,,,,,,,,,,,,,,,,,,,,,,,,,,,,,,,,,,,,,,,,,,,
POLS 500,,,,,,,,,,,,,,,,,,,,,,A,A,A,A,A,A,,,,,,,,,,,,,,,,,,,,,,,,,,,,,,,,,,,,,,,,,,,,,,,,,,,,,,,
POLS 502,,,,,,,,,,,,,,,,,,,,,,A,A,A,A,A,A,,,,,,,,,,,,,,,,,,,,,,,,,,,,,,,,,,,,,,,,,,,,,,,,,,,,,,,
POLS 503,,,,,,,,,,,,,,,,,,,,,,A,A,A,A,A,A,,,,,,,,,,,,,,,,,,,,,,,,,,,,,,,,,,,,,,,,,,,,,,,,,,,,,,,
POLS 504,,,,,,,,,,,,,,,,,,,,,,A,A,A,A,A,A,,,,,,,,,,,,,,,,,,,,,,,,,,,,,,,,,,A,A,A,A,A,A,A,A,A,A,A,A,A,A,A,A,A,A,A,A,A,A
POLS 505,,,,,,,,,,,,,,,,,,,,,,A,A,A,A,A,A,,,,,,,,,,,,,,,,,,,,,,,,,,,,,,,,,,,,,,,,,,,,,,,,,,,,,,,
POLS 507,,,,,,,,,,,,,,,,,,,,,,A,A,A,A,A,A,,,,,,,,,,,,,,,,,,,,,,,,,,,,,,,,,,,,,,,,,,,,,,,,,,,,,,,
POLS 508,,,,,,,,,,,,,,,,,,,,,,A,A,A,A,A,A,,,,,,,,,,,,,,,,,,,,,,,,,,,,,,,,,,,,,,,,,,,,,,,,,,,,,,,
POLS 509,,,,,,,,,,,,,,,,,,,,,,A,A,A,A,A,A,,,,,,,,,,,,,,,,,,,,,,,,,,,,,,,,,,,,,,,,,,,,,,,,,,,,,,,
POLS 510,,,,,,,,,,,,,,,,,,,,,,A,A,A,A,A,A,,,,,,,,,,,,,,,,,,,,,,,,,,,,,,,,,,,,,,,,,,,,,,,,,,,,,,,
POLS 511,,,,,,,,,,,,,,,,,,,,,,A,A,A,A,A,A,,,,,,,,,,,,,,,,,,,,,,,,,,,,,,,,,,,,,,,,,,,,,,,,,,,,,,,
POLS 513,,,,,,,,,,,,,,,,,,,,,,A,A,A,A,A,A,,,,,,,,,,,,,,,,,,,,,,,,,,,,,,,,,,,,,,,,,,,,,,,,,,,,,,,
POLS 514,,,,,,,,,,,,,,,,,,,,,,A,A,A,A,A,A,,,,,,,,,,,,,,,,,,,,,,,,,,,,,,,,,,,,,,,,,,,,,,,,,,,,,,,
POLS 522,,,,,,,,,,,,,,,,,,,,,,A,A,A,A,A,A,,,,,,,,,,,,,,,,,,,,,,,,,,,,,,,,,,,,,,,,,,,,,,,,,,,,,,,
POLS 523,,,,,,,,,,,,,,,,,,,,,,A,A,A,A,A,A,,,,,,,,,,,,,,,,,,,,,,,,,,,,,,,,,,,,,,,,,,,,,,,,,,,,,,,
POLS 525,,,,,,,,,,,,,,,,,,,,,,A,A,A,A,A,A,,,,,,,,,,,,,,,,,,,,,,,,,,,,,,,,,,,,,,,,,,,,,,,,,,,,,,,
POLS 526,,,,,,,,,,,,,,,,,,,,,,A,A,A,A,A,A,,,,,,,,,,,,,,,,,,,,,,,,,,,,,,,,,,,,,,,,,,,,,,,,,,,,,,,
POLS 529,,,,,,,,,,,,,,,,,,,,,,A,A,A,A,A,A,,,,,,,,,,,,,,,,,,,,,,,,,,,,,,,,,,,,,,,,,,,,,,,,,,,,,,,
POLS 530,,,,,,,,,,,,,,,,,,,,,,A,A,A,A,A,A,,,,,,,,,,,,,,,,,,,,,,,,,,,,,,,,,,,,,,,,,,,,,,,,,,,,,,,
POLS 531,,,,,,,,,,,,,,,,,,,,,,A,A,A,A,A,A,,,,,,,,,,,,,,,,,,,,,,,,,,,,,,,,,,,,,,,,,,,,,,,,,,,,,,,
POLS 532,,,,,,,,,,,,,,,,,,,,,,A,A,A,A,A,A,,,,,,,,,,,,,,,,,,,,,,,,,,,,,,,,,,,,,,,,,,,,,,,,,,,,,,,
POLS 533,,,,,,,,,,,,,,,,,,,,,,A,A,A,A,A,A,,,,,,,,,,,,,,,,,,,,,,,,,,,,,,,,,,,,,,,,,,,,,,,,,,,,,,,
POLS 534,,,,,,,,,,,,,,,,,,,,,,A,A,A,A,A,A,,,,,,,,,,,,,,,,,,,,,,,,,,,,,,,,,,,,,,,,,,,,,,,,,,,,,,,
POLS 535,,,,,,,,,,,,,,,,,,,,,,A,A,A,A,A,A,,,,,,,,,,,,,,,,,,,,,,,,,,,,,,,,,,,,,,,,,,,,,,,,,,,,,,,
POLS 536,,,,,,,,,,,,,,,,,,,,,,A,A,A,A,A,A,,,,,,,,,,,,,,,,,,,,,,,,,,,,,,,,,,,,,,,,,,,,,,,,,,,,,,,
POLS 537,,,,,,,,,,,,,,,,,,,,,,A,A,A,A,A,A,,,,,,,,,,,,,,,,,,,,,,,,,,,,,,,,,,,,,,,,,,,,,,,,,,,,,,,
POLS 539,,,,,,,,,,,,,,,,,,,,,,A,A,A,A,A,A,,,,,,,,,,,,,,,,,,,,,,,,,,,,,,,,,,,,,,,,,,,,,,,,,,,,,,,
POLS 540,,,,,,,,,,,,,,,,,,,,,,A,A,A,A,A,A,,,,,,,,,,,,,,,,,,,,,,,,,,,,,,,,,,,,,,,,,,,,,,,,,,,,,,,
POLS 541,,,,,,,,,,,,,,,,,,,,,,A,A,A,A,A,A,,,,,,,,,,,,,,,,,,,,,,,,,,,,,,,,,,,,,,,,,,,,,,,,,,,,,,,
POLS 542,,,,,,,,,,,,,,,,,,,,,,A,A,A,A,A,A,,,,,,,,,,,,,,,,,,,,,,,,,,,,,,,,,,,,,,,,,,,,,,,,,,,,,,,
POLS 543,,,,,,,,,,,,,,,,,,,,,,A,A,A,A,A,A,,,,,,,,,,,,,,,,,,,,,,,,,,,,,,,,,,,,,,,,,,,,,,,,,,,,,,,
POLS 546,,,,,,,,,,,,,,,,,,,,,,A,A,A,A,A,A,,,,,,,,,,,,,,,,,,,,,,,,,,,,,,,,,,,,,,,,,,,,,,,,,,,,,,,
POLS 548,,,,,,,,,,,,,,,,,,,,,,A,A,A,A,A,A,,,,,,,,,,,,,,,,,,,,,,,,,,,,,,,,,,,,,,,,,,,,,,,,,,,,,,,
POLS 549,,,,,,,,,,,,,,,,,,,,,,A,A,A,A,A,A,,,,,,,,,,,,,,,,,,,,,,,,,,,,,,,,,,,,,,,,,,,,,,,,,,,,,,,
POLS 550,,,,,,,,,,,,,,,,,,,,,,A,A,A,A,A,A,,,,,,,,,,,,,,,,,,,,,,,,,,,,,,,,,,,,,,,,,,,,,,,,,,,,,,,
POLS 553,,,,,,,,,,,,,,,,,,,,,,A,A,A,A,A,A,,,,,,,,,,,,,,,,,,,,,,,,,,,,,,,,,,,,,,,,,,,,,,,,,,,,,,,
POLS 554,,,,,,,,,,,,,,,,,,,,,,A,A,A,A,A,A,,,,,,,,,,,,,,,,,,,,,,,,,,,,,,,,,,,,,,,,,,,,,,,,,,,,,,,
POLS 555,,,,,,,,,,,,,,,,,,,,,,A,A,A,A,A,A,,,,,,,,,,,,,,,,,,,,,,,,,,,,,,,,,,,,,,,,,,,,,,,,,,,,,,,
POLS 557,,,,,,,,,,,,,,,,,,,,,,A,A,A,A,A,A,,,,,,,,,,,,,,,,,,,,,,,,,,,,,,,,,,,,,,,,,,,,,,,,,,,,,,,
POLS 560,,,,,,,,,,,,,,,,,,,,,,A,A,A,A,A,A,,,,,,,,,,,,,,,,,,,,,,,,,,,,,,,,,,,,,,,,,,,,,,,,,,,,,,,
POLS 562,,,,,,,,,,,,,,,,,,,,,,A,A,A,A,A,A,,,,,,,,,,,,,,,,,,,,,,,,,,,,,,,,,,,,,,,,,,,,,,,,,,,,,,,
POLS 563,,,,,,,,,,,,,,,,,,,,,,A,A,A,A,A,A,,,,,,,,,,,,,,,,,,,,,,,,,,,,,,,,,,,,,,,,,,,,,,,,,,,,,,,
POLS 564,,,,,,,,,,,,,,,,,,,,,,A,A,A,A,A,A,,,,,,,,,,,,,,,,,,,,,,,,,,,,,,,,,,,,,,,,,,,,,,,,,,,,,,,
POLS 565,,,,,,,,,,,,,,,,,,,,,,A,A,A,A,A,A,,,,,,,,,,,,,,,,,,,,,,,,,,,,,,,,,,,,,,,,,,,,,,,,,,,,,,,
POLS 566,,,,,,,,,,,,,,,,,,,,,,A,A,A,A,A,A,,,,,,,,,,,,,,,,,,,,,,,,,,,,,,,,,,,,,,,,,,,,,,,,,,,,,,,
POLS 570,,,,,,,,,,,,,,,,,,,,,,A,A,A,A,A,A,,,,,,,,,,,,,,,,,,,,,,,,,,,,,,,,,,,,,,,,,,,,,,,,,,,,,,,
POLS 571,,,,,,,,,,,,,,,,,,,,,,A,A,A,A,A,A,,,,,,,,,,,,,,,,,,,,,,,,,,,,,,,,,,,,,,,,,,,,,,,,,,,,,,,
POLS 572,,,,,,,,,,,,,,,,,,,,,,A,A,A,A,A,A,,,,,,,,,,,,,,,,,,,,,,,,,,,,,,,,,,,,,,,,,,,,,,,,,,,,,,,
POLS 573,,,,,,,,,,,,,,,,,,,,,,A,A,A,A,A,A,,,,,,,,,,,,,,,,,,,,,,,,,,,,,,,,,,,,,,,,,,,,,,,,,,,,,,,
POLS 580,,,,,,,,,,,,,,,,,,,,,,A,A,A,A,A,A,,,,,,,,,,,,,,,,,,,,,,,,,,,,,,,,,,,,,,,,,,,,,,,,,,,,,,,
POLS 581,,,,,,,,,,,,,,,,,,,,,,A,A,A,A,A,A,,,,,,,,,,,,,,,,,,,,,,,,,,,,,,,,,,,,,,,,,,,,,,,,,,,,,,,
POLS 582,,,,,,,,,,,,,,,,,,,,,,A,A,A,A,A,A,,,,,,,,,,,,,,,,,,,,,,,,,,,,,,,,,,,,,,,,,,,,,,,,,,,,,,,
POLS 589,,,,,,,,,,,,,,,,,,,,,,A,A,A,A,A,A,,,,,,,,,,,,,,,,,,,,,,,,,,,,,,,,,,,,,,,,,,,,,,,,,,,,,,,
POLS 592,,,,,,,,,,,,,,,,,,,,,,A,A,A,A,A,A,,,,,,,,,,,,,,,,,,,,,,,,,,,,,,,,,,,,,,,,,,,,,,,,,,,,,,,
POLS 595,,,,,,,,,,,,,,,,,,,,,,A,A,A,A,A,A,,,,,,,,,,,,,,,,,,,,,,,,,,,,,,,,,,,,,,,,,,,,,,,,,,,,,,,
POLS 596,,,,,,,,,,,,,,,,,,,,,,A,A,A,A,A,A,,,,,,,,,,,,,,,,,,,,,,,,,,,,,,,,,,,,,,,,,,,,,,,,,,,,,,,
POLS 598,,,,,,,,,,,,,,,,,,,,,,A,A,A,A,A,A,,,,,,,,,,,,,,,,,,,,,,,,,,,,,,,,,,,,,,,,,,,,,,,,,,,,,,,
POLS 600,,,,,,,,,,,,,,,,,,,,,,A,A,A,A,A,A,,,,,,,,,,,,,,,,,,,,,,,,,,,,,,,,,,,,,,,,,,,,,,,,,,,,,,,
POLS 601,,,,,,,,,,,,,,,,,,,,,,A,A,A,A,A,A,,,,,,,,,,,,,,,,,,,,,,,,,,,,,,,,,,,,,,,,,,,,,,,,,,,,,,,
POLS 620,,,,,,,,,,,,,,,,,,,,,,A,A,A,A,A,A,,,,,,,,,,,,,,,,,,,,,,,,,,,,,,,,,,,,,,,,,,,,,,,,,,,,,,,
POLS 630,,,,,,,,,,,,,,,,,,,,,,A,A,A,A,A,A,,,,,,,,,,,,,,,,,,,,,,,,,,,,,,,,,,,,,,,,,,,,,,,,,,,,,,,
POLS 640,,,,,,,,,,,,,,,,,,,,,,A,A,A,A,A,A,,,,,,,,,,,,,,,,,,,,,,,,,,,,,,,,,,,,,,,,,,,,,,,,,,,,,,,
POLS 650,,,,,,,,,,,,,,,,,,,,,,A,A,A,A,A,A,,,,,,,,,,,,,,,,,,,,,,,,,,,,,,,,,,,,,,,,,,,,,,,,,,,,,,,
POLS 700A,,,,,,,,,,,,,,,,,,,,,,A,A,A,A,A,A,,,,,,,,,,,,,,,,,,,,,,,,,,,,,,,,,,,,,,,,,,,,,,,,,,,,,,,
POLS 700B,,,,,,,,,,,,,,,,,,,,,,A,A,A,A,A,A,,,,,,,,,,,,,,,,,,,,,,,,,,,,,,,,,,,,,,,,,,,,,,,,,,,,,,,
POLS 700C,,,,,,,,,,,,,,,,,,,,,,A,A,A,A,A,A,,,,,,,,,,,,,,,,,,,,,,,,,,,,,,,,,,,,,,,,,,,,,,,,,,,,,,,
POLS 700FT,,,,,,,,,,,,,,,,,,,,,,A,A,A,A,A,A,,,,,,,,,,,,,,,,,,,,,,,,,,,,,,,,,,,,,,,,,,,,,,,,,,,,,,,
POLS 700I,,,,,,,,,,,,,,,,,,,,,,A,A,A,A,A,A,,,,,,,,,,,,,,,,,,,,,,,,,,,,,,,,,,,,,,,,,,,,,,,,,,,,,,,
POLS 700P,,,,,,,,,,,,,,,,,,,,,,A,A,A,A,A,A,,,,,,,,,,,,,,,,,,,,,,,,,,,,,,,,,,,,,,,,,,,,,,,,,,,,,,,
POLS 700R,,,,,,,,,,,,,,,,,,,,,,A,A,A,A,A,A,,,,,,,,,,,,,,,,,,,,,,,,,,,,,,,,,,,,,,,,,,,,,,,,,,,,,,,
POLS 700T,,,,,,,,,,,,,,,,,,,,,,A,A,A,A,A,A,,,,,,,,,,,,,,,,,,,,,,,,,,,,,,,,,,,,,,,,,,,,,,,,,,,,,,,
POLS 700TR,,,,,,,,,,,,,,,,,,,,,,A,A,A,A,A,A,,,,,,,,,,,,,,,,,,,,,,,,,,,,,,,,,,,,,,,,,,,,,,,,,,,,,,,
POLS 790,,,,,,,,,,,,,,,,,,,,,,A,A,A,A,A,A,,,,,,,,,,,,,,,,,,,,,,,,,,,,,,,,,,,,,,,,,,,,,,,,,,,,,,,
POLS 791,,,,,,,,,,,,,,,,,,,,,,A,A,A,A,A,A,,,,,,,,,,,,,,,,,,,,,,,,,,,,,,,,,,,,,,,,,,,,,,,,,,,,,,,
POLS 792,,,,,,,,,,,,,,,,,,,,,,A,A,A,A,A,A,,,,,,,,,,,,,,,,,,,,,,,,,,,,,,,,,,,,,,,,,,,,,,,,,,,,,,,
PROJ 501,,,,,,,,,,,,,,,,,,,,,,A,A,A,A,A,A,,,,,,,,,,,,,,,,,,,,,,,,,,,,,,,,,,,,,,,,,,,,,,,,,,,,,,,
PSY 501,,,,,,,,,,,,,,,,,,,,,,A,A,A,A,A,A,,,,,,,,,,,,,,,,,,,,,,,,,,,,,,,,,,,,,,,,,,,,,,,,,,,,,,,
PSY 502,,,,,,,,,,,,,,,,,,,,,,A,A,A,A,A,A,,,,,,,,,,,,,,,,,,,,,,,,,,,,,,,,,,,,,,,,,,,,,,,,,,,,,,,
PSY 503,,,,,,,,,,,,,,,,,,,,,,A,A,A,A,A,A,,,,,,,,,,,,,,,,,,,,,,,,,,,,,,,,,,,,,,,,,,,,,,,,,,,,,,,
PSY 505,,,,,,,,,,,,,,,,,,,,,,A,A,A,A,A,A,,,,,,,,,,,,,,,,,,,,,,,,,,,,,,,,,,,,,,,,,,,,,,,,,,,,,,,
PSY 507,,,,,,,,,,,,,,,,,,,,,,A,A,A,A,A,A,,,,,,,,,,,,,,,,,,,,,,,,,,,,,,,,,,,,,,,,,,,,,,,,,,,,,,,
PSY 510,,,,,,,,,,,,,,,,,,,,,,A,A,A,A,A,A,,,,,,,,,,,,,,,,,,,,,,,,,,,,,,,,,,,,,,,,,,,,,,,,,,,,,,,
PSY 511,,,,,,,,,,,,,,,,,,,,,,A,A,A,A,A,A,,,,,,,,,,,,,,,,,,,,,,,,,,,,,,,,,,,,,,,,,,,,,,,,,,,,,,,
PSY 512,,,,,,,,,,,,,,,,,,,,,,A,A,A,A,A,A,,,,,,,,,,,,,,,,,,,,,,,,,,,,,,,,,,,,,,,,,,,,,,,,,,,,,,,
PSY 514,,,,,,,,,,,,,,,,,,,,,,A,A,A,A,A,A,,,,,,,,,,,,,,,,,,,,,,,,,,,,,,,,,,,,,,,,,,,,,,,,,,,,,,,
PSY 515,,,,,,,,,,,,,,,,,,,,,,A,A,A,A,A,A,,,,,,,,,,,,,,,,,,,,,,,,,,,,,,,,,,,,,,,,,,,,,,,,,,,,,,,
PSY 516,,,,,,,,,,,,,,,,,,,,,,A,A,A,A,A,A,,,,,,,,,,,,,,,,,,,,,,,,,,,,,,,,,,,,,,,,,,,,,,,,,,,,,,,
PSY 518,,,,,,,,,,,,,,,,,,,,,,A,A,A,A,A,A,,,,,,,,,,,,,,,,,,,,,,,,,,,,,,,,,,,,,,,,,,,,,,,,,,,,,,,
PSY 521,,,,,,,,,,,,,,,,,,,,,,A,A,A,A,A,A,,,,,,,,,,,,,,,,,,,,,,,,,,,,,,,,,,,,,,,,,,,,,,,,,,,,,,,
PSY 522,,,,,,,,,,,,,,,,,,,,,,A,A,A,A,A,A,,,,,,,,,,,,,,,,,,,,,,,,,,,,,,,,,,,,,,,,,,,,,,,,,,,,,,,
PSY 524,,,,,,,,,,,,,,,,,,,,,,A,A,A,A,A,A,,,,,,,,,,,,,,,,,,,,,,,,,,,,,,,,,,,,,,,,,,,,,,,,,,,,,,,
PSY 540,,,,,,,,,,,,,,,,,,,,,,A,A,A,A,A,A,,,,,,,,,,,,,,,,,,,,,,,,,,,,,,,,,,,,,,,,,,,,,,,,,,,,,,,
PSY 542,,,,,,,,,,,,,,,,,,,,,,A,A,A,A,A,A,,,,,,,,,,,,,,,,,,,,,,,,,,,,,,,,,,,,,,,,,,,,,,,,,,,,,,,
PSY 543,,,,,,,,,,,,,,,,,,,,,,A,A,A,A,A,A,,,,,,,,,,,,,,,,,,,,,,,,,,,,,,,,,,,,,,,,,,,,,,,,,,,,,,,
PSY 544,,,,,,,,,,,,,,,,,,,,,,A,A,A,A,A,A,,,,,,,,,,,,,,,,,,,,,,,,,,,,,,,,,,,,,,,,,,,,,,,,,,,,,,,
PSY 545,,,,,,,,,,,,,,,,,,,,,,A,A,A,A,A,A,,,,,,,,,,,,,,,,,,,,,,,,,,,,,,,,,,,,,,,,,,,,,,,,,,,,,,,
PSY 552,,,,,,,,,,,,,,,,,,,,,,A,A,A,A,A,A,,,,,,,,,,,,,,,,,,,,,,,,,,,,,,,,,,,,,,,,,,,,,,,,,,,,,,,
PSY 567,,,,,,,,,,,,,,,,,,,,,,A,A,A,A,A,A,,,,,,,,,,,,,,,,,,,,,,,,,,,,,,,,,,,,,,,,,,,,,,,,,,,,,,,
PSY 569,,,,,,,,,,,,,,,,,,,,,,A,A,A,A,A,A,,,,,,,,,,,,,,,,,,,,,,,,,,,,,,,,,,,,,,,,,,,,,,,,,,,,,,,
PSY 580,,,,,,,,,,,,,,,,,,,,,,A,A,A,A,A,A,,,,,,,,,,,,,,,,,,,,,,,,,,,,,,,,,,,,,,,,,,,,,,,,,,,,,,,
PSY 581,,,,,,,,,,,,,,,,,,,,,,A,A,A,A,A,A,,,,,,,,,,,,,,,,,,,,,,,,,,,,,,,,,,,,,,,,,,,,,,,,,,,,,,,
PSY 590,,,,,,,,,,,,,,,,,,,,,,A,A,A,A,A,A,,,,,,,,,,,,,,,,,,,,,,,,,,,,,,,,,,,,,,,,,,,,,,,,,,,,,,,
PSY 595,,,,,,,,,,,,,,,,,,,,,,A,A,A,A,A,A,,,,,,,,,,,,,,,,,,,,,,,,,,,,,,,,,,,,,,,,,,,,,,,,,,,,,,,
PSY 599,,,,,,,,,,,,,,,,,,,,,,A,A,A,A,A,A,,,,,,,,,,,,,,,,,,,,,,,,,,,,,,,,,,,,,,,,,,,,,,,,,,,,,,,
PSY 620,,,,,,,,,,,,,,,,,,,,,,A,A,A,A,A,A,,,,,,,,,,,,,,,,,,,,,,,,,,,,,,,,,,,,,,,,,,,,,,,,,,,,,,,
PSY 622,,,,,,,,,,,,,,,,,,,,,,A,A,A,A,A,A,,,,,,,,,,,,,,,,,,,,,,,,,,,,,,,,,,,,,,,,,,,,,,,,,,,,,,,
PSY 690,,,,,,,,,,,,,,,,,,,,,,A,A,A,A,A,A,,,,,,,,,,,,,,,,,,,,,,,,,,,,,,,,,,,,,,,,,,,,,,,,,,,,,,,
PUBL 500,,,,,,,,,,,,,,,,,,,,,,A,A,A,A,A,A,,,,,,,,,,,,,,,,,,,,,,,,,,,,,,,,,,,,,,,,,,,,,,,,,,,,,,,
PUBL 501,,,,,,,,,,,,,,,,,,,,,,A,A,A,A,A,A,,,,,,,,,,,,,,,,,,,,,,,,,,,,,,,,,,,,,,,,,,,,,,,,,,,,,,,
PUBL 503,,,,,,,,,,,,,,,,,,,,,,A,A,A,A,A,A,,,,,,,,,,,,,,,,,,,,,,,,,,,,,,,,,,,,,,,,,,,,,,,,,,,,,,,
PUBL 504,,,,,,,,,,,,,,,,,,,,,,A,A,A,A,A,A,,,,,,,,,,,,,,,,,,,,,,,,,,,,,,,,,,,,,,,,,,,,,,,,,,,,,,,
PUBL 550,,,,,,,,,,,,,,,,,,,,,,A,A,A,A,A,A,,,,,,,,,,,,,,,,,,,,,,,,,,,,,,,,,,,,,,,,,,,,,,,,,,,,,,,
QL 700,,,,,,,,,,,,,,,,,,,,,,A,A,A,A,A,A,,,,,,,,,,,,,,,,,,,,,,,,,,,,,,,,,,,,,,,,,,,,,,,,,,,,,,,
SEC 530,,,,,,,,,,,,,,,,,,,,,,A,A,A,A,A,A,,,,,,,,,,,,,,,,,,,,,,,,,,,,,,,,,,,,,,,,,,,,,,,,,,,,,,,
SEC 531,,,,,,,,,,,,,,,,,,,,,,A,A,A,A,A,A,,,,,,,,,,,,,,,,,,,,,,,,,,,,,,,,,,,,,,,,,,,,,,,,,,,,,,,
SEC 532,,,,,,,,,,,,,,,,,,,,,,A,A,A,A,A,A,,,,,,,,,,,,,,,,,,,,,,,,,,,,,,,,,,,,,,,,,,,,,,,,,,,,,,,
SEC 533,,,,,,,,,,,,,,,,,,,,,,A,A,A,A,A,A,,,,,,,,,,,,,,,,,,,,,,,,,,,,,,,,,,,,,,,,,,,,,,,,,,,,,,,
SEC 534,,,,,,,,,,,,,,,,,,,,,,A,A,A,A,A,A,,,,,,,,,,,,,,,,,,,,,,,,,,,,,,,,,,,,,,,,,,,,,,,,,,,,,,,
SEC 535,,,,,,,,,,,,,,,,,,,,,,A,A,A,A,A,A,,,,,,,,,,,,,,,,,,,,,,,,,,,,,,,,,,,,,,,,,,,,,,,,,,,,,,,
SEC 537,,,,,,,,,,,,,,,,,,,,,,A,A,A,A,A,A,,,,,,,,,,,,,,,,,,,,,,,,,,,,,,,,,,,,,,,,,,,,,,,,,,,,,,,
SEC 540,,,,,,,,,,,,,,,,,,,,,,A,A,A,A,A,A,,,,,,,,,,,,,,,,,,,,,,,,,,,,,,,,,,,,,,,,,,,,,,,,,,,,,,,
SEC 58006,,,,,,,,,,,,,,,,,,,,,,A,A,A,A,A,A,,,,,,,,,,,,,,,,,,,,,,,,,,,,,,,,,,,,,,,,,,,,,,,,,,,,,,,
SEC 592,,,,,,,,,,,,,,,,,,,,,,A,A,A,A,A,A,,,,,,,,,,,,,,,,,,,,,,,,,,,,,,,,,,,,,,,,,,,,,,,,,,,,,,,
SOC 501,,,,,,,,,,,,,,,,,,,,,,A,A,A,A,A,A,,,,,,,,,,,,,,,,,,,,,,,,,,,,,,,,,,,,,,,,,,,,,,,,,,,,,,,
SOC 502,,,,,,,,,,,,,,,,,,,,,,A,A,A,A,A,A,,,,,,,,,,,,,,,,,,,,,,,,,,,,,,,,,,,,,,,,,,,,,,,,,,,,,,,
SOC 504,,,,,,,,,,,,,,,,,,,,,,A,A,A,A,A,A,,,,,,,,,,,,,,,,,,,,,,,,,,,,,,,,,,,,,,,,,,,,,,,,,,,,,,,
SOC 508,,,,,,,,,,,,,,,,,,,,,,A,A,A,A,A,A,,,,,,,,,,,,,,,,,,,,,,,,,,,,,,,,,,,,,,,,,,,,,,,,,,,,,,,
SOC 513,,,,,,,,,,,,,,,,,,,,,,A,A,A,A,A,A,,,,,,,,,,,,,,,,,,,,,,,,,,,,,,,,,,,,,,,,,,,,,,,,,,,,,,,
SOC 518,,,,,,,,,,,,,,,,,,,,,,A,A,A,A,A,A,,,,,,,,,,,,,,,,,,,,,,,,,,,,,,,,,,,,,,,,,,,,,,,,,,,,,,,
SOC 520,,,,,,,,,,,,,,,,,,,,,,A,A,A,A,A,A,,,,,,,,,,,,,,,,,,,,,,,,,,,,,,,,,,,,,,,,,,,,,,,,,,,,,,,
SOC 521,,,,,,,,,,,,,,,,,,,,,,A,A,A,A,A,A,,,,,,,,,,,,,,,,,,,,,,,,,,,,,,,,,,,,,,,,,,,,,,,,,,,,,,,
SOC 525,,,,,,,,,,,,,,,,,,,,,,A,A,A,A,A,A,,,,,,,,,,,,,,,,,,,,,,,,,,,,,,,,,,,,,,,,,,,,,,,,,,,,,,,
SOC 526,,,,,,,,,,,,,,,,,,,,,,A,A,A,A,A,A,,,,,,,,,,,,,,,,,,,,,,,,,,,,,,,,,,,,,,,,,,,,,,,,,,,,,,,
SOC 532,,,,,,,,,,,,,,,,,,,,,,A,A,A,A,A,A,,,,,,,,,,,,,,,,,,,,,,,,,,,,,,,,,,,,,,,,,,,,,,,,,,,,,,,
SPS 500,,,,,,,,,,,,,,,,,,,,,,A,A,A,A,A,A,,,,,,,,,,,,,,,,,,,,,,,,,,,,,,,,,,,,,,,,,,,,,,,,,,,,,,,
SPS 501,,,,,,,,,,,,,,,,,,,,,,A,A,A,A,A,A,,,,,,,,,,,,,,,,,,,,,,,,,,,,,,,,,,,,,,,,,,,,,,,,,,,,,,,
SPS 502,,,,,,,,,,,,,,,,,,,,,,A,A,A,A,A,A,,,,,,,,,,,,,,,,,,,,,,,,,,,,,,,,,,,,,,,,,,,,,,,,,,,,,,,
TLL 510,,,,,,,,,,,,,,,,,,,,,,A,A,A,A,A,A,,,,,,,,,,,,,,,,CI,CI,CI,CI,CI,CI,CI,CI,CI,CI,CI,CI,CI,CI,CI,CI,CI,CI,CI,CI,CI,CI,CI,CI,CI,CI,CI,CI,CI,CI,CI,CI,CI,CI,CI,CI,CI,CI,CI,CI
TLL 520,,,,,,,,,,,,,,,,,,,,,,A,A,A,A,A,A,,,,,,,,,,,,,,,,CI,CI,CI,CI,CI,CI,CI,CI,CI,CI,CI,CI,CI,CI,CI,,,,,,,,,,,,,,,,,,,,,,,,,
TLL 530,,,,,,,,,,,,,,,,,,,,,,A,A,A,A,A,A,,,,,,,,,,,,,,,,CI,CI,CI,CI,CI,CI,CI,CI,CI,CI,CI,CI,CI,CI,CI,CI,CI,CI,CI,CI,CI,CI,CI,CI,CI,CI,CI,CI,CI,CI,CI,CI,CI,CI,CI,CI,CI,CI,CI,CI
TLL 550,,,,,,,,,,,,,,,,,,,,,,A,A,A,A,A,A,,,,,,,,,,,,,,,,,,,,,,CI,CI,CI,CI,CI,CI,CI,CI,CI,CI,CI,CI,CI,CI,CI,CI,CI,CI,CI,CI,CI,CI,CI,CI,CI,CI,CI,CI,CI,CI,CI,CI,CI,CI
TLL 570,,,,,,,,,,,,,,,,,,,,,,A,A,A,A,A,A,,,,,,,,,,,,,,,,,,,,,,,,,,,,,,,,,,,,,,,,,,,,,,,,,,,,,,,
TS 509,,,,,,,,,,,,,,,,,,,,,,A,A,A,A,A,A,,,,,,,,,,,,,,,,,,,,,,,,,,,,,,,,,,,,,,,,,,,A,A,A,A,A,A,A,A,A,A,A,A,A
TS 515,,,,,,,,,,,,,,,,,,,,,,A,A,A,A,A,A,,,,,,,,,,,,,,,,,,,,,,,,,,,,,,,,,,,,,,,,,,,,,,,,,,,,,,,
TS 520,,,,,,,,,,,,,,,,,,,,,,A,A,A,A,A,A,,,,,,,,,,,,,,,,,,,,,,,,,,,,,,,,,,,,,,,,,,,,,,,,,,,,,,,
TS 521,,,,,,,,,,,,,,,,,,,,,,A,A,A,A,A,A,,,,,,,,,,,,,,,,,,,,,,,,,,,,,,,,,,,,,,,,,,,,,,A,A,A,A,A,A,A,A,A,A
TS 550,,,,,,,,,,,,,,,,,,,,,,A,A,A,A,A,A,,,,,,,,,,,,,,,,,,,,,,,,,,,,,,,,,,,,,,,,,,,,,,,,,,,,,,,
TS 551,,,,,,,,,,,,,,,,,,,,,,A,A,A,A,A,A,,,,,,,,,,,,,,,,,,,,,,,,,,,,,,,,,,,,,,,,,,,A,A,A,A,A,A,A,A,A,A,A,A,A
TS 552,,,,,,,,,,,,,,,,,,,,,,A,A,A,A,A,A,,,,,,,,,,,,,,,,,,,,,,,,,,,,,,,,,,,,,,,,,,,,,,,,,,,,,,,
TS 555,,,,,,,,,,,,,,,,,,,,,,A,A,A,A,A,A,,,,,,,,,,,,,,,,,,,,,,,,,,,,,,,,,,,,,,,,,,,,,,,,,,,,,,,
TS 590,,,,,,,,,,,,,,,,,,,,,,A,A,A,A,A,A,,,,,,,,,,,,,,,,,,,,,,,,,,,,,,,,,,,,,,,,,,,,,,,,,,,,,,,
TUR 501,,,,,,,,,,,,,,,,,,,,,,A,A,A,A,A,A,,,,,,,,,,,,,,,,,,,,,,,,,,,,,,,,,,,,,,,,,,,,,,,,,,,,,,,
TUR 502,,,,,,,,,,,,,,,,,,,,,,A,A,A,A,A,A,,,,,,,,,,,,,,,,,,,,,,,,,,,,,,,,,,,,,,,,,,,,,,,,,,,,,,,
TUR 503,,,,,,,,,,,,,,,,,,,,,,A,A,A,A,A,A,,,,,,,,,,,,,,,,,,,,,,,,,,,,,,,,,,,,,,,,,,,,,,,,,,,,,,,
TUR 504,,,,,,,,,,,,,,,,,,,,,,A,A,A,A,A,A,,,,,,,,,,,,,,,,,,,,,,,,,,,,,,,,,,,,,,,,,,,,,,,,,,,,,,,
TUR 505,,,,,,,,,,,,,,,,,,,,,,A,A,A,A,A,A,,,,,,,,,,,,,,,,,,,,,,,,,,,,,,,,,,,,,,,,,,,,,,,,,,,,,,,
TUR 511,,,,,,,,,,,,,,,,,,,,,,A,A,A,A,A,A,,,,,,,,,,,,,,,,,,,,,,,,,,,,,,,,,,,,,,,,,,,,,,,,,,,,,,,
TUR 512,,,,,,,,,,,,,,,,,,,,,,A,A,A,A,A,A,,,,,,,,,,,,,,,,,,,,,,,,,,,,,,,,,,,,,,,,,,,,,,,,,,,,,,,
TUR 521,,,,,,,,,,,,,,,,,,,,,,A,A,A,A,A,A,,,,,,,,,,,,,,,,,,,,,,,,,,,,,,,,,,,,,,,,,,,,,,,,,,,,,,,
TUR 522,,,,,,,,,,,,,,,,,,,,,,A,A,A,A,A,A,,,,,,,,,,,,,,,,,,,,,,,,,,,,,,,,,,,,,,,,,,,,,,,,,,,,,,,
VA 500,,,,,,,,,,,,,,,,,,,,,,A,A,A,A,A,A,,,,,,,,,,,,,,,,,,,,,,,,,,,,,,,,,,,,,,,,,,,,,,,,,,,,,,,
VA 501,,,,,,,,,,,,,,,,,,,,,,A,A,A,A,A,A,,,,,,,,,,,,,,,,,,,,,,,,,,,,,,,,,,,,,,,,,,,,,,,,,,,,,,,
VA 502,,,,,,,,,,,,,,,,,,,,,,A,A,A,A,A,A,,,,,,,,,,,,,,,,,,,,,,,,,,,,,,,,,,,,,,,,,,,,,,,,,,,,,,,
VA 503,,,,,,,,,,,,,,,,,,,,,,A,A,A,A,A,A,,,,,,,,,,,,,,,,,,,,,,,,,,,,,,,,,,,,,,,,,,,,,,,,,,,,,,,
VA 504,,,,,,,,,,,,,,,,,,,,,,A,A,A,A,A,A,,,,,,,,,,,,,,,,,,,,,,,,,,,,,,,,,,,,,,,,,,,,,,,,,,,,,,,
VA 505,,,,,,,,,,,,,,,,,,,,,,A,A,A,A,A,A,,,,,,,,,,,,,,,,,,,,,,,,,,,,,,,,,,,,,,,,,,,,,,,,,,,,,,,
VA 510,,,,,,,,,,,,,,,,,,,,,,A,A,A,A,A,A,,,,,,,,,,,,,,,,,,,,,,,,,,,,,,,,,,,,,,,,,,,,,,,,,,,,,,,
VA 511,,,,,,,,,,,,,,,,,,,,,,A,A,A,A,A,A,,,,,,,,,,,,,,,,,,,,,,,,,,,,,,,,,,,,,,,,,,,,,,,,,,,,,,,
VA 512,,,,,,,,,,,,,,,,,,,,,,A,A,,,,,,,,,,,,,,,,,,,,,,,,,,,,,,,,,,,,,,,,,,,,,,,,,,,,,,,,,,,
VA 513,,,,,,,,,,,,,,,,,,,,,,A,A,,,,,,,,,,,,,,,,,,,,,,,,,,,,,,,,,,,,,,,,,,,,,,,,,,,,,,,,,,,
VA 514,,,,,,,,,,,,,,,,,,,,,,A,A,A,A,A,A,,,,,,,,,,,,,,,,,,,,,,,,,,,,,,,,,,,,,,,,,,,,,,,,,,,,,,,
VA 515,,,,,,,,,,,,,,,,,,,,,,A,A,A,A,A,A,,,,,,,,,,,,,,,,,,,,,,,,,,,,,,,,,,,,,,,,,,,,,,,,,,,,,,,
VA 516,,,,,,,,,,,,,,,,,,,,,,A,A,A,A,A,A,,,,,,,,,,,,,,,,,,,,,,,,,,,,,,,,,,,,,,,,,,,,,,,,,,,,,,,
VA 520,,,,,,,,,,,,,,,,,,,,,,A,A,A,A,A,A,,,,,,,,,,,,,,,,,,,,,,,,,,,,,,,,,,,,,,,,,,,,,,,,,,,,,,,
VA 521,,,,,,,,,,,,,,,,,,,,,,A,A,A,A,A,A,,,,,,,,,,,,,,,,,,,,,,,,,,,,,,,,,,,,,,,,,,,,,,,,,,,,,,,
VA 522,,,,,,,,,,,,,,,,,,,,,,A,A,,,,,,,,,,,,,,,,,,,,,,,,,,,,,,,,,,,,,,,,,,,,,,,,,,,,,,,,,,,
VA 523,,,,,,,,,,,,,,,,,,,,,,A,A,,,,,,,,,,,,,,,,,,,,,,,,,,,,,,,,,,,,,,,,,,,,,,,,,,,,,,,,,,,
VA 524,,,,,,,,,,,,,,,,,,,,,,A,A,A,A,A,A,,,,,,,,,,,,,,,,,,,,,,,,,,,,,,,,,,,,,,,,,,,,,,,,,,,,,,,
VA 525,,,,,,,,,,,,,,,,,,,,,,A,A,,,,,,,,,,,,,,,,,,,,,,,,,,,,,,,,,,,,,,,,,,,,,,,,,,,,,,,,,,,
VA 526,,,,,,,,,,,,,,,,,,,,,,A,A,,,,,,,,,,,,,,,,,,,,,,,,,,,,,,,,,,,,,,,,,,,,,,,,,,,,,,,,,,,
VA 527,,,,,,,,,,,,,,,,,,,,,,A,A,,,,,,,,,,,,,,,,,,,,,,,,,,,,,,,,,,,,,,,,,,,,,,,,,,,,,,,,,,,
VA 528,,,,,,,,,,,,,,,,,,,,,,A,A,,,,,,,,,,,,,,,,,,,,,,,,,,,,,,,,,,,,,,,,,,,,,,,,,,,,,,,,,,,
VA 529,,,,,,,,,,,,,,,,,,,,,,A,A,A,A,A,A,,,,,,,,,,,,,,,,,,,,,,,,,,,,,,,,,,,,,,,,,,,,,,,,,,,,,,,
VA 530,,,,,,,,,,,,,,,,,,,,,,A,A,A,A,A,A,,,,,,,,,,,,,,,,,,,,,,,,,,,,,,,,,,,,,,,,,,,,,,,,,,,,,,,
VA 531,,,,,,,,,,,,,,,,,,,,,,A,A,,,,,,,,,,,,,,,,,,,,,,,,,,,,,,,,,,,,,,,,,,,,,,,,,,,,,,,,,,,
VA 532,,,,,,,,,,,,,,,,,,,,,,A,A,,,,,,,,,,,,,,,,,,,,,,,,,,,,,,,,,,,,,,,,,,,,,,,,,,,,,,,,,,,
VA 533,,,,,,,,,,,,,,,,,,,,,,A,A,A,A,A,A,,,,,,,,,,,,,,,,,,,,,,,,,,,,,,,,,,,,,,,,,,,,,,,,,,,,,,,
VA 534,,,,,,,,,,,,,,,,,,,,,,A,A,A,A,A,A,,,,,,,,,,,,,,,,,,,,,,,,,,,,,,,,,,,,,,,,,,,,,,,,,,,,,,,
VA 535,,,,,,,,,,,,,,,,,,,,,,A,A,,,,,,,,,,,,,,,,,,,,,,,,,,,,,,,,,,,,,,,,,,,,,,,,,,,,,,,,,,,
VA 536,,,,,,,,,,,,,,,,,,,,,,A,A,,,,,,,,,,,,,,,,,,,,,,,,,,,,,,,,,,,,,,,,,,,,,,,,,,,,,,,,,,,
VA 537,,,,,,,,,,,,,,,,,,,,,,A,A,A,A,A,A,,,,,,,,,,,,,,,,,,,,,,,,,,,,,,,,,,,,,,,,,,,,,,,,,,,,,,,
VA 538,,,,,,,,,,,,,,,,,,,,,,A,A,A,A,A,A,,,,,,,,,,,,,,,,,,,,,,,,,,,,,,,,,,,,,,,,,,,,,,,,,,,,,,,
VA 539,,,,,,,,,,,,,,,,,,,,,,A,A,A,A,A,A,,,,,,,,,,,,,,,,,,,,,,,,,,,,,,,,,,,,,,,,,,,,,,,,,,,,,,,
VA 540,,,,,,,,,,,,,,,,,,,,,,A,A,,,,,,,,,,,,,,,,,,,,,,,,,,,,,,,,,,,,,,,,,,,,,,,,,,,,,,,,,,,
VA 541,,,,,,,,,,,,,,,,,,,,,,A,A,,,,,,,,,,,,,,,,,,,,,,,,,,,,,,,,,,,,,,,,,,,,,,,,,,,,,,,,,,,
VA 542,,,,,,,,,,,,,,,,,,,,,,A,A,A,A,A,A,,,,,,,,,,,,,,,,,,,,,,,,,,,,,,,,,,,,,,,,,,,,,,,,,,,,,,,
VA 544,,,,,,,,,,,,,,,,,,,,,,A,A,A,A,A,A,,,,,,,,,,,,,,,,,,,,,,,,,,,,,,,,,,,,,,,,,,,,,,,,,,,,,,,
VA 545,,,,,,,,,,,,,,,,,,,,,,A,A,A,A,A,A,,,,,,,,,,,,,,,,,,,,,,,,,,,,,,,,,,,,,,,,,,,,,,,,,,,,,,,
VA 546,,,,,,,,,,,,,,,,,,,,,,A,A,A,A,A,A,,,,,,,,,,,,,,,,,,,,,,,,,,,,,,,,,,,,,,,,,,,,,,,,,,,,,,,
VA 547,,,,,,,,,,,,,,,,,,,,,,A,A,A,A,A,A,,,,,,,,,,,,,,,,,,,,,,,,,,,,,,,,,,,,,,,,,,,,,,,,,,,,,,,
VA 548,,,,,,,,,,,,,,,,,,,,,,A,A,A,A,A,A,,,,,,,,,,,,,,,,,,,,,,,,,,,,,,,,,,,,,,,,,,,,,,,,,,,,,,,
VA 549,,,,,,,,,,,,,,,,,,,,,,A,A,A,A,A,A,,,,,,,,,,,,,,,,,,,,,,,,,,,,,,,,,,,,,,,,,,,,,,,,,,,,,,,
VA 550,,,,,,,,,,,,,,,,,,,,,,A,A,A,A,A,A,,,,,,,,,,,,,,,,,,,,,,,,,,,,,,,,,,,,,,,,,,,,,,,,,,,,,,,
VA 551,,,,,,,,,,,,,,,,,,,,,,A,A,A,A,A,A,,,,,,,,,,,,,,,,,,,,,,,,,,,,,,,,,,,,,,,,,,,,,,,,,,,,,,,
VA 553,,,,,,,,,,,,,,,,,,,,,,A,A,A,A,A,A,,,,,,,,,,,,,,,,,,,,,,,,,,,,,,,,,,,,,,,,,,,,,,,,,,,,,,,
VA 554,,,,,,,,,,,,,,,,,,,,,,A,A,A,A,A,A,,,,,,,,,,,,,,,,,,,,,,,,,,,,,,,,,,,,,,,,,,,,,,,,,,,,,,,
VA 555,,,,,,,,,,,,,,,,,,,,,,A,A,A,A,A,A,,,,,,,,,,,,,,,,,,,,,,,,,,,,,,,,,,,,,,,,,,,,,,,,,,,,,,,
VA 556,,,,,,,,,,,,,,,,,,,,,,A,A,A,A,A,A,,,,,,,,,,,,,,,,,,,,,,,,,,,,,,,,,,,,,,,,,,,,,,,,,,,,,,,
VA 561,,,,,,,,,,,,,,,,,,,,,,A,A,A,A,A,A,,,,,,,,,,,,,,,,,,,,,,,,,,,,,,,,,,,,,,,,,,,,,,,,,,,,,,,
VA 565,,,,,,,,,,,,,,,,,,,,,,A,A,A,A,A,A,,,,,,,,,,,,,,,,,,,,,,,,,,,,,,,,,,,,,,,,,,,,,,,,,,,,,,,
VA 571,,,,,,,,,,,,,,,,,,,,,,A,A,A,A,A,A,,,,,,,,,,,,,,,,,,,,,,,,,,,,,,,,,,,,,,,,,,,,,,,,,,,,,,,
VA 580,,,,,,,,,,,,,,,,,,,,,,A,A,A,A,A,A,,,,,,,,,,,,,,,,,,,,,,,,,,,,,,,,,,,,,,,,,,,,,,,,,,,,,,,
VA 581,,,,,,,,,,,,,,,,,,,,,,A,A,A,A,A,A,,,,,,,,,,,,,,,,,,,,,,,,,,,,,,,,,,,,,,,,,,,,,,,,,,,,,,,
VA 582,,,,,,,,,,,,,,,,,,,,,,A,A,A,A,A,A,,,,,,,,,,,,,,,,,,,,,,,,,,,,,,,,,,,,,,,,,,,,,,,,,,,,,,,
VIS 508,,,,,,,,,,,,,,,,,,,,,,A,A,A,A,A,A,,,,,,,,,,,,,,,,,,,,,,,,,,,,,,,,,,,,,,,,,,,,,,,,,,,,,,,
VIS 510,,,,,,,,,,,,,,,,,,,,,,A,A,A,A,A,A,,,,,,,,,,,,,,,,,,,,,,,,,,,,,,,,,,,,,,,,,,,,,,,,,,,,,,,
VIS 512,,,,,,,,,,,,,,,,,,,,,,A,A,A,A,A,A,,,,,,,,,,,,,,,,,,,,,,,,,,,,,,,,,,,,,,,,,,,,,,,,,,,,,,,
XM 590,,,,,,,,,,,,,,,,,,,,,,A,A,A,A,A,A,,,,,,,,,,,,,,,,,,,,,,,,,,,,,,,,,,,,,,,,,,,,,,,,,,,,,,,
XM 591,,,,,,,,,,,,,,,,,,,,,,A,A,A,A,A,A,,,,,,,,,,,,,,,,,,,,,,,,,,,,,,,,,,,,,,,,,,,,,,,,,,,,,,,
CULT 520,,,,,,,,,,,,,,,,,,,,,,A,,,,,,,,,,,,,,,,,,,,,,,,,,,,,,,,,,,,,,,,,,,,,,,,,,,,,,,,,,,,