"Management Ph.D. - Operations and Supply Chain Management Area - With Master's Degree","200501","200502","200503","200601","200602","200603","200701","200702","200703","200801","200802","200803","200901","200902","200903","201001","201002","201003","201101","201102","201103","201201","201202","201203","201301","201302","201303","201401","201402","201403","201501","201502","201503","201601","201602","201603","201701","201702","201703","201801","201802","201803","201901","201902","201903","202001","202002","202003","202101","202102","202103","202201","202202","202203","202301","202302","202303","202401","202402","202403","202501","202502","202503","202601"
Requirement:credits,33,33,33,33,33,33,33,33,33,30,30,30,27,27,27,27,27,27,27,27,27,27,27,27,27,27,27,30,30,30,30,30,30,30,30,30,30,30,30,30,30,30,30,30,30,30,30,30,30,30,30,30,30,30,30,30,30,30,30,30,30,30,30,30
Requirement:courses,14,14,14,14,14,14,14,14,14,11,11,11,10,10,10,10,10,10,10,10,10,10,10,10,10,10,10,15,15,15,15,15,15,15,15,15,15,15,15,16,16,16,16,16,16,16,16,16,16,16,16,16,16,16,16,16,16,16,16,16,16,16,16,16
Requirement:ECTS,,,,,,,,,,,,,,,,,,,,,,,,,,,,261,261,261,261,261,261,261,261,261,261,261,261,245,245,245,245,245,245,245,245,245,245,245,245,245,245,245,245,245,245,245,245,245,245,245,245,245
MRES 700,DS,DS,DS,DS,DS,DS,DS,DS,DS,DS,DS,DS,DS,DS,DS,DS,DS,DS,DS,DS,DS,DS,DS,DS,DS,DS,DS,DS,DS,DS,DS,DS,DS,DS,DS,DS,DS,DS,DS,DS,DS,DS,DS,DS,DS,DS,DS,DS,DS,DS,DS,DS,DS,DS,DS,DS,DS,DS,DS,DS,DS,DS,DS,DS
MRES 609,PDS,PDS,PDS,PDS,PDS,PDS,PDS,PDS,PDS,,,,,,,,,,,,,,,,,,,F,F,F,F,F,F,F,F,F,F,F,F,R,R,R,R,R,R,R,R,R,R,R,R,R,R,R,R,R,R,R,R,R,R,R,R,R
MRES 610,PDS,PDS,PDS,PDS,PDS,PDS,PDS,PDS,PDS,,,,,,,,,,,,,,,,,,,F,F,F,F,F,F,F,F,F,F,F,F,C,C,C,C,C,C,C,C,C,C,C,C,C,C,C,C,C,C,C,C,C,C,C,C,C
MRES 602,C,C,C,C,C,C,C,C,C,C,C,C,C,C,C,C,C,C,C,C,C,C,C,C,C,C,C,F,F,F,F,F,F,F,F,F,F,F,F,C,C,C,C,C,C,C,C,C,C,C,C,C,C,C,C,C,C,C,C,C,C,C,C,C
OPIM 616,C,C,C,C,C,C,C,C,C,C,C,C,C,C,C,C,C,C,C,C,C,C,C,C,C,C,C,F,F,F,F,F,F,F,F,F,F,F,F,C,C,C,C,C,C,C,C,C,C,C,C,C,C,C,C,C,C,C,C,C,C,C,C,C
OPIM 617,C,C,C,C,C,C,C,C,C,C,C,C,C,C,C,C,C,C,C,C,C,C,C,C,C,C,C,F,F,F,F,F,F,F,F,F,F,F,F,C,C,C,C,C,C,C,C,C,C,C,C,C,C,C,C,C,C,C,C,C,C,C,C,C
OPIM 621,C,C,C,C,C,C,C,C,C,C,C,C,C,C,C,C,C,C,C,C,C,C,C,C,C,C,C,F,F,F,F,F,F,F,F,F,F,F,F,C,C,C,C,C,C,C,C,C,C,C,C,C,C,C,C,C,C,C,C,C,C,C,C,C
OPIM 622,C,C,C,C,C,C,C,C,C,C,C,C,C,C,C,C,C,C,C,C,C,C,C,C,C,C,C,F,F,F,F,F,F,F,F,F,F,F,F,C,C,C,C,C,C,C,C,C,C,C,C,C,C,C,C,C,C,C,C,C,C,C,C,C
OPIM 623,C,C,C,C,C,C,C,C,C,C,C,C,C,C,C,C,C,C,C,C,C,C,C,C,C,C,C,F,F,F,F,F,F,F,F,F,F,F,F,C,C,C,C,C,C,C,C,C,C,C,C,C,C,C,C,C,C,C,C,C,C,C,C,C
OPIM 624,C,C,C,C,C,C,C,C,C,C,C,C,C,C,C,C,C,C,C,C,C,C,C,C,C,C,C,F,F,F,F,F,F,F,F,F,F,F,F,C,C,C,C,C,C,C,C,C,C,C,C,C,C,C,C,C,C,C,C,C,C,C,C,C
OPIM 627,C,C,C,C,C,C,C,C,C,C,C,C,C,C,C,C,C,C,C,C,C,C,C,C,C,C,C,F,F,F,F,F,F,F,F,F,F,F,F,C,C,C,C,C,C,C,C,C,C,C,C,C,C,C,C,C,C,C,C,C,C,C,C,C
OPIM 628,C,C,C,C,C,C,C,C,C,C,C,C,C,C,C,C,C,C,C,C,C,C,C,C,C,C,C,F,F,F,F,F,F,F,F,F,F,F,F,C,C,C,C,C,C,C,C,C,C,C,C,C,C,C,C,C,C,C,C,C,C,C,C,C
OPIM 629,C,C,C,C,C,C,C,C,C,C,C,C,C,C,C,C,C,C,C,C,C,C,C,C,C,C,C,F,F,F,F,F,F,F,F,F,F,F,F,C,C,C,C,C,C,C,C,C,C,C,C,C,C,C,C,C,C,C,C,C,C,C,C,C
OPIM 630,C,C,C,C,C,C,C,C,C,C,C,C,C,C,C,C,C,C,C,C,C,C,C,C,C,C,C,F,F,F,F,F,F,F,F,F,F,F,F,C,C,C,C,C,C,C,C,C,C,C,C,C,C,C,C,C,C,C,C,C,C,C,C,C
OPIM 631,C,C,C,C,C,C,C,C,C,C,C,C,C,C,C,C,C,C,C,C,C,C,C,C,C,C,C,F,F,F,F,F,F,F,F,F,F,F,F,C,C,C,C,C,C,C,C,C,C,C,C,C,C,C,C,C,C,C,C,C,C,C,C,C
OPIM 632,C,C,C,C,C,C,C,C,C,C,C,C,C,C,C,C,C,C,C,C,C,C,C,C,C,C,C,F,F,F,F,F,F,F,F,F,F,F,F,C,C,C,C,C,C,C,C,C,C,C,C,C,C,C,C,C,C,C,C,C,C,C,C,C
ECON 607,,,,,,,,,,C,C,C,C,C,C,C,C,C,C,C,C,C,C,C,C,C,C,F,F,F,F,F,F,F,F,F,F,F,F,C,C,C,C,C,C,C,C,C,C,C,C,C,C,C,C,C,C,C,C,C,C,C,C,C
MGMT 602,,,,,,,,,,C,C,C,C,C,C,C,C,C,C,C,C,C,C,C,C,C,C,F,F,F,F,F,F,F,F,F,F,F,F,,,,,,,,,,,,,,,,,,,,,,,,,
BAN 599,,,,,,,,,,,,,,,,,,,,,,,,,,,,R,R,R,R,R,R,R,R,R,R,R,R,R,R,R,,,,,,,,,,,,,,,,,,,,,,
ECON 502,,,,,,,,,,,,,,,,,,,,,,,,,,,,R,R,R,R,R,R,R,R,R,R,R,R,,,,,,,,,,,,,,,,,,,,,,,,,
ECON 505,,,,,,,,,,,,,,,,,,,,,,,,,,,,R,R,R,R,R,R,R,R,R,R,R,R,,,,,,,,,,,,,,,,,,,,,,,,,
ECON 605,,,,,,,,,,,,,,,,,,,,,,,,,,,,R,R,R,R,R,R,R,R,R,R,R,R,C,C,C,C,C,C,C,C,C,C,C,C,C,C,C,C,C,C,C,C,C,C,C,C,C
ENS 505,,,,,,,,,,,,,,,,,,,,,,,,,,,,R,R,R,R,R,R,R,R,R,R,R,R,,,,,,,,,,,,,,,,,,,,,,,,,
GR 501M,,,,,,,,,,,,,,,,,,,,,,,,,,,,R,R,R,R,R,R,R,R,R,R,R,R,R,R,R,R,R,R,R,R,R,R,R,R,R,R,R,R,R,R,R,R,R,R,R,R,R
GR 502M,,,,,,,,,,,,,,,,,,,,,,,,,,,,R,R,R,R,R,R,R,R,R,R,R,R,R,R,R,R,R,R,R,R,R,R,R,R,R,R,R,R,R,R,R,R,R,R,R,R,R
GR 503M,,,,,,,,,,,,,,,,,,,,,,,,,,,,R,R,R,R,R,R,R,R,R,R,R,R,R,R,R,R,R,R,R,R,R,R,R,R,R,R,R,R,R,R,R,R,R,R,R,R,R
GR 555M,,,,,,,,,,,,,,,,,,,,,,,,,,,,R,R,R,R,R,R,R,R,R,R,R,R,R,R,R,R,R,R,R,R,R,R,R,R,R,R,R,R,R,R,R,R,R,R,R,R,R
IE 501,,,,,,,,,,,,,,,,,,,,,,,,,,,,R,R,R,R,R,R,R,R,R,R,R,R,,,,,,,,,,,,,,,,,,,,,,,,,
IE 503,,,,,,,,,,,,,,,,,,,,,,,,,,,,R,R,R,R,R,R,R,R,R,R,R,R,,,,,,,,,,,,,,,,,,,,,,,,,
MRES 603,,,,,,,,,,,,,,,,,,,,,,,,,,,,R,R,R,R,R,R,R,R,R,R,R,R,,,,,,,,,,,,,,,,,,,,,,,,,
MRES 604,,,,,,,,,,,,,,,,,,,,,,,,,,,,R,R,R,R,R,R,R,R,R,R,R,R,,,,,,,,,,,,,,,,,,,,,,,,,
OPIM 611,,,,,,,,,,,,,,,,,,,,,,,,,,,,R,R,R,R,R,R,R,R,R,R,R,R,,,,,,,,,,,,,,,,,,,,,,,,,
OPIM 615,,,,,,,,,,,,,,,,,,,,,,,,,,,,R,R,R,R,R,R,R,R,R,R,R,R,,,,,,,,,,,,,,,,,,,,,,,,,
IE 524,,,,,,,,,,,,,,,,,,,,,,,,,,,,A,A,A,A,A,A,A,A,A,A,,,,,,,,,,,,,,,,,,,,,,,,,,,
IE 545,,,,,,,,,,,,,,,,,,,,,,,,,,,,A,A,A,A,,,,,,,,,,,,,,,,,,,,,,,,,,,,,,,,,
IE 554,,,,,,,,,,,,,,,,,,,,,,,,,,,,A,,,,,,,,,,,,,,,,,,,,,,,,,,,,,,,,,,,,
IE 638,,,,,,,,,,,,,,,,,,,,,,,,,,,,A,A,A,A,A,A,A,A,A,A,A,A,C,C,C,C,C,C,C,C,C,C,C,C,C,,,,,,,,,,,,
OPIM 524,,,,,,,,,,,,,,,,,,,,,,,,,,,,A,A,A,A,A,A,A,A,A,A,A,A,C,C,C,C,C,C,C,C,C,C,C,C,C,C,C,C,C,C,C,C,C,C,C,C,C
OPIM 612,,,,,,,,,,,,,,,,,,,,,,,,,,,,A,A,A,A,A,A,A,A,A,A,A,A,C,C,C,C,C,C,C,C,C,C,C,C,C,C,C,C,C,C,C,C,C,C,C,C,C
OPIM 613,,,,,,,,,,,,,,,,,,,,,,,,,,,,A,A,A,A,A,A,A,A,A,A,A,A,,,,,,,,,,,,,,,,,,,,,,,,,
OPIM 614,,,,,,,,,,,,,,,,,,,,,,,,,,,,A,A,A,A,A,A,A,A,A,A,A,A,C,C,C,C,C,C,C,C,C,C,C,C,C,C,C,C,C,C,C,C,C,C,C,C,C
OPIM 690,,,,,,,,,,,,,,,,,,,,,,,,,,,,A,A,A,A,A,A,A,A,A,A,A,A,C,C,C,C,C,C,C,C,C,C,C,C,C,C,C,C,C,C,C,C,C,C,C,C,C
ANTH 521,,,,,,,,,,,,,,,,,,,,,,,,,,,,F,F,F,F,F,F,F,F,F,F,F,F,C,C,C,C,C,C,C,C,C,C,C,C,C,C,C,C,C,C,C,C,C,C,C,C,C
ANTH 526,,,,,,,,,,,,,,,,,,,,,,,,,,,,F,F,F,F,F,F,F,F,F,F,F,F,C,C,C,C,C,C,C,C,C,C,C,C,C,C,C,C,C,C,C,C,C,C,C,C,C
ANTH 528,,,,,,,,,,,,,,,,,,,,,,,,,,,,F,,,,,,,,,,,,,,,,,,,,,,,,,,,,,,,,,,,,
ANTH 554,,,,,,,,,,,,,,,,,,,,,,,,,,,,F,F,F,F,F,F,,,,,,,,,,,,,,,,,,,,,,,,,,,,,,,
ANTH 568,,,,,,,,,,,,,,,,,,,,,,,,,,,,F,F,F,F,F,F,F,F,F,F,F,F,C,C,C,C,C,C,C,C,C,C,C,C,C,C,C,C,C,C,C,C,C,C,C,C,C
BAN 506,,,,,,,,,,,,,,,,,,,,,,,,,,,,F,F,F,F,F,F,F,F,F,F,F,F,C,C,C,C,C,C,C,C,C,C,C,C,C,C,C,C,C,C,C,C,C,C,C,C,C
BAN 872,,,,,,,,,,,,,,,,,,,,,,,,,,,,F,F,F,F,F,F,F,F,F,F,F,F,C,C,C,C,C,C,C,C,C,C,C,C,C,C,C,C,C,C,C,C,C,C,C,C,C
BIO 501,,,,,,,,,,,,,,,,,,,,,,,,,,,,F,F,F,F,F,F,F,F,F,F,F,F,C,C,C,C,C,C,C,C,C,C,,,,,,,,,,,,,,,
BIO 502,,,,,,,,,,,,,,,,,,,,,,,,,,,,F,F,F,F,F,F,F,F,F,F,F,F,C,C,C,C,C,C,C,C,C,C,C,C,C,C,C,C,C,C,C,C,C,C,C,C,C
BIO 503,,,,,,,,,,,,,,,,,,,,,,,,,,,,F,F,F,F,F,F,F,F,F,F,F,F,C,C,C,C,C,C,C,C,C,C,C,C,C,C,C,C,C,C,C,C,C,C,C,C,C
BIO 504,,,,,,,,,,,,,,,,,,,,,,,,,,,,F,F,F,F,F,F,F,F,F,F,F,F,C,C,C,C,C,C,C,C,C,C,C,C,C,,,,,,,,,,,,
BIO 511,,,,,,,,,,,,,,,,,,,,,,,,,,,,F,F,F,F,F,F,F,F,F,F,F,F,C,C,C,C,C,C,C,C,C,C,C,C,C,,,,,,,,,,,,
BIO 512,,,,,,,,,,,,,,,,,,,,,,,,,,,,F,F,F,F,F,F,F,F,F,F,F,F,C,C,C,C,C,C,C,C,C,C,C,C,C,,,,,,,,,,,,
BIO 521,,,,,,,,,,,,,,,,,,,,,,,,,,,,F,F,F,F,F,F,F,F,F,F,F,F,C,C,C,C,C,C,C,C,C,C,C,C,C,C,C,C,C,C,C,C,C,C,C,C,C
BIO 523,,,,,,,,,,,,,,,,,,,,,,,,,,,,F,F,F,F,F,F,F,F,F,F,F,F,C,C,C,C,C,C,C,C,C,C,C,C,C,C,C,C,C,C,C,C,C,C,C,C,C
BIO 532,,,,,,,,,,,,,,,,,,,,,,,,,,,,F,F,F,F,F,F,F,F,F,F,F,F,C,C,C,C,C,C,C,C,C,C,C,C,C,C,C,C,C,C,C,C,C,C,C,C,C
BIO 541,,,,,,,,,,,,,,,,,,,,,,,,,,,,F,F,F,F,F,F,F,F,F,F,F,F,C,C,C,C,C,C,C,C,C,C,C,C,C,C,C,C,C,C,C,C,C,C,C,C,C
BIO 542,,,,,,,,,,,,,,,,,,,,,,,,,,,,F,F,F,F,F,F,F,F,F,F,F,F,C,C,C,C,C,C,C,C,C,C,C,C,C,,,,,,,,,,,,
BIO 543,,,,,,,,,,,,,,,,,,,,,,,,,,,,F,F,F,F,F,F,F,F,F,F,F,F,C,C,C,C,C,C,C,C,C,C,C,C,C,,,,,,,,,,,,
BIO 544,,,,,,,,,,,,,,,,,,,,,,,,,,,,F,F,F,F,F,F,F,F,F,F,F,F,C,C,C,C,C,C,C,C,C,C,C,C,C,C,C,C,C,C,C,C,C,C,C,C,C
BIO 545,,,,,,,,,,,,,,,,,,,,,,,,,,,,F,F,F,F,F,F,F,F,F,F,F,F,C,C,C,C,C,C,C,C,C,C,C,C,C,,,,,,,,,,,,
BIO 546,,,,,,,,,,,,,,,,,,,,,,,,,,,,F,F,F,F,F,F,F,F,F,F,F,F,C,C,C,C,C,C,C,C,C,C,C,C,C,C,C,C,C,C,C,C,C,C,C,C,C
BIO 550,,,,,,,,,,,,,,,,,,,,,,,,,,,,F,F,F,F,F,F,F,F,F,F,F,F,C,C,C,C,C,C,C,C,C,C,C,C,C,,,,,,,,,,,,
BIO 560,,,,,,,,,,,,,,,,,,,,,,,,,,,,F,F,F,F,F,F,F,F,F,F,F,F,C,C,C,C,C,C,C,C,C,C,C,C,C,C,C,C,C,C,C,C,C,C,C,C,C
BIO 567,,,,,,,,,,,,,,,,,,,,,,,,,,,,F,F,F,F,F,F,F,F,F,F,F,F,C,C,C,C,C,C,C,C,C,C,C,C,C,C,C,C,C,C,C,C,C,C,C,C,C
BIO 568,,,,,,,,,,,,,,,,,,,,,,,,,,,,F,F,F,F,F,F,F,F,F,F,F,F,C,C,C,C,C,C,C,C,C,C,C,C,C,C,C,,,,,,,,,,
BIO 569,,,,,,,,,,,,,,,,,,,,,,,,,,,,F,F,F,F,F,F,F,F,F,F,F,F,C,C,C,C,C,C,C,C,C,C,C,C,C,C,C,C,C,C,C,C,C,C,C,C,C
BIO 570,,,,,,,,,,,,,,,,,,,,,,,,,,,,F,F,F,F,F,F,F,F,F,F,F,F,C,C,C,C,C,C,C,C,C,C,C,C,C,,,,,,,,,,,,
BIO 580,,,,,,,,,,,,,,,,,,,,,,,,,,,,F,F,F,F,F,F,,,,,,,,,,,,,,,,,,,,,,,,,,,,,,,
BIO 58000,,,,,,,,,,,,,,,,,,,,,,,,,,,,F,F,F,F,F,F,F,F,F,F,F,F,C,C,C,C,C,C,C,C,C,C,C,C,C,C,,,,,,,,,,,
BIO 58001,,,,,,,,,,,,,,,,,,,,,,,,,,,,F,F,F,F,F,F,F,F,F,F,F,F,C,C,C,C,C,C,C,C,C,C,C,C,C,,,,,,,,,,,,
BIO 58002,,,,,,,,,,,,,,,,,,,,,,,,,,,,F,F,F,F,F,F,F,F,F,F,F,F,C,C,C,C,C,C,C,C,C,C,C,C,C,C,C,C,C,C,C,C,C,C,C,C,C
BIO 58003,,,,,,,,,,,,,,,,,,,,,,,,,,,,F,F,F,F,F,F,F,F,F,F,F,F,C,C,C,C,C,C,C,C,C,C,C,C,C,,,,,,,,,,,,
BIO 58004,,,,,,,,,,,,,,,,,,,,,,,,,,,,F,F,F,F,F,F,F,F,F,F,F,F,C,C,C,C,C,C,C,C,C,C,C,C,C,,,,,,,,,,,,
BIO 58005,,,,,,,,,,,,,,,,,,,,,,,,,,,,F,F,F,F,F,F,F,F,F,F,F,F,C,C,C,C,C,C,C,C,C,C,C,C,C,C,C,C,C,C,C,C,C,C,C,C,C
BIO 58006,,,,,,,,,,,,,,,,,,,,,,,,,,,,F,F,F,F,F,F,F,F,F,F,F,F,C,C,C,C,C,C,C,C,C,C,C,C,C,C,,,,,,,,,,,
BIO 58007,,,,,,,,,,,,,,,,,,,,,,,,,,,,F,F,F,F,F,F,F,F,F,F,F,F,C,C,C,C,C,C,C,C,C,C,C,C,C,C,,,,,,,,,,,
BIO 581,,,,,,,,,,,,,,,,,,,,,,,,,,,,F,F,F,F,F,F,,,,,,,,,,,,,,,,,,,,,,,,,,,,,,,
BIO 601,,,,,,,,,,,,,,,,,,,,,,,,,,,,F,F,F,F,F,F,F,F,F,F,F,F,C,C,C,C,C,C,C,C,C,C,C,C,,,,,,,,,,,,,
BIO 602,,,,,,,,,,,,,,,,,,,,,,,,,,,,F,F,F,F,F,F,F,F,F,F,F,F,C,C,C,C,C,C,C,C,C,C,C,C,C,,,,,,,,,,,,
BIO 606,,,,,,,,,,,,,,,,,,,,,,,,,,,,F,F,F,F,F,F,F,F,F,F,F,F,C,C,C,C,C,C,C,C,C,C,C,C,C,,,,,,,,,,,,
BIO 610,,,,,,,,,,,,,,,,,,,,,,,,,,,,F,F,F,F,F,F,F,F,F,F,F,F,C,C,C,C,C,C,C,C,C,C,C,C,C,,,,,,,,,,,,
BIO 631,,,,,,,,,,,,,,,,,,,,,,,,,,,,F,F,F,F,F,F,F,F,F,F,F,F,C,C,C,C,C,C,C,C,C,C,C,C,C,,,,,,,,,,,,
BIO 633,,,,,,,,,,,,,,,,,,,,,,,,,,,,F,F,F,F,F,F,F,F,F,F,F,F,C,C,C,C,C,C,C,C,C,C,C,C,C,,,,,,,,,,,,
BIO 634,,,,,,,,,,,,,,,,,,,,,,,,,,,,F,F,F,F,F,F,F,F,F,F,F,F,C,C,C,C,C,C,C,C,C,C,C,C,C,C,C,C,C,C,C,C,C,C,C,C,C
BIO 635,,,,,,,,,,,,,,,,,,,,,,,,,,,,F,F,F,F,F,F,F,F,F,F,F,F,C,C,C,C,C,C,C,C,C,C,C,C,C,C,C,C,C,C,C,C,C,C,C,C,C
BIO 636,,,,,,,,,,,,,,,,,,,,,,,,,,,,F,F,F,F,F,F,F,F,F,F,F,F,C,C,C,C,C,C,C,C,C,C,C,C,C,C,C,C,C,C,C,C,C,C,C,C,C
BIO 641,,,,,,,,,,,,,,,,,,,,,,,,,,,,F,F,F,F,F,F,F,F,F,F,F,F,,,,,,,,,,,,,,,,,,,,,,,,,
BIO 642,,,,,,,,,,,,,,,,,,,,,,,,,,,,F,F,F,F,F,F,F,F,F,F,F,F,C,C,C,C,C,C,C,C,C,C,C,C,C,,,,,,,,,,,,
BIO 643,,,,,,,,,,,,,,,,,,,,,,,,,,,,F,F,F,F,F,F,F,F,F,F,F,F,C,C,C,C,C,C,C,C,C,C,C,C,C,,,,,,,,,,,,
BIO 644,,,,,,,,,,,,,,,,,,,,,,,,,,,,F,F,F,F,F,F,F,F,F,F,F,F,C,C,C,C,C,C,C,C,C,C,C,C,C,,,,,,,,,,,,
BIO 645,,,,,,,,,,,,,,,,,,,,,,,,,,,,F,F,F,F,F,F,F,F,F,F,F,F,C,C,C,C,C,C,C,C,C,C,C,C,C,,,,,,,,,,,,
BIO 676,,,,,,,,,,,,,,,,,,,,,,,,,,,,F,F,F,F,F,F,F,F,F,F,F,F,C,C,C,C,C,C,C,C,C,C,C,C,C,,,,,,,,,,,,
BIO 680,,,,,,,,,,,,,,,,,,,,,,,,,,,,F,F,F,F,F,F,,,,,,,,,,,,,,,,,,,,,,,,,,,,,,,
BIO 681,,,,,,,,,,,,,,,,,,,,,,,,,,,,F,F,F,F,F,F,,,,,,,,,,,,,,,,,,,,,,,,,,,,,,,
BIO 751,,,,,,,,,,,,,,,,,,,,,,,,,,,,F,F,F,F,F,F,F,F,F,F,F,F,C,C,C,C,C,C,C,C,C,C,C,C,C,C,C,C,C,C,C,C,C,C,C,C,C
BIO 752,,,,,,,,,,,,,,,,,,,,,,,,,,,,F,F,F,F,F,F,F,F,F,F,F,F,C,C,C,C,C,C,C,C,C,C,C,C,C,C,C,C,C,C,C,C,C,C,C,C,C
CHEM 505,,,,,,,,,,,,,,,,,,,,,,,,,,,,F,F,F,F,F,F,F,F,F,F,F,F,C,C,C,C,C,C,C,C,C,C,C,C,C,C,C,C,C,C,C,C,C,C,C,C,C
CONF 500,,,,,,,,,,,,,,,,,,,,,,,,,,,,F,F,F,F,F,F,F,F,F,F,F,F,C,C,C,C,C,C,C,C,C,C,C,C,C,C,C,C,C,C,C,C,C,C,C,C,C
CONF 501,,,,,,,,,,,,,,,,,,,,,,,,,,,,F,F,F,F,F,F,F,F,F,F,F,F,C,C,C,C,,,,,,,,,,,,,,,,,,,,,
CONF 502,,,,,,,,,,,,,,,,,,,,,,,,,,,,F,F,F,F,F,F,F,F,F,F,F,F,C,C,C,,,,,,,,,,,,,,,,,,,,,,
CONF 510,,,,,,,,,,,,,,,,,,,,,,,,,,,,F,,,,,,,,,,,,,,,,,,,,,,,,,,,,,,,,,,,,
CONF 511,,,,,,,,,,,,,,,,,,,,,,,,,,,,F,F,F,F,F,F,F,F,F,F,F,F,C,C,C,C,C,C,C,C,C,C,C,C,C,C,C,C,C,C,C,C,C,C,C,C,C
CONF 512,,,,,,,,,,,,,,,,,,,,,,,,,,,,F,F,F,F,F,F,F,F,F,F,F,F,C,C,C,C,C,C,C,C,C,C,C,C,C,C,C,C,C,C,C,C,C,C,C,C,C
CONF 523,,,,,,,,,,,,,,,,,,,,,,,,,,,,F,F,F,F,F,F,F,F,F,F,F,F,C,C,C,C,C,C,C,C,C,C,C,C,C,C,C,C,C,C,C,C,C,C,C,C,C
CONF 524,,,,,,,,,,,,,,,,,,,,,,,,,,,,F,F,F,F,F,F,F,F,F,F,F,F,C,C,C,C,C,C,C,C,C,C,C,C,C,C,C,C,C,C,C,C,C,C,C,C,C
CONF 531,,,,,,,,,,,,,,,,,,,,,,,,,,,,F,F,F,F,F,F,F,F,F,F,F,F,C,C,C,C,C,C,C,C,C,C,C,C,C,C,C,C,C,C,C,C,C,C,C,C,C
CONF 534,,,,,,,,,,,,,,,,,,,,,,,,,,,,F,F,F,F,F,F,F,F,F,F,F,F,,,,,,,,,,,,,,,,,,,,,,,,,
CONF 590,,,,,,,,,,,,,,,,,,,,,,,,,,,,F,F,F,F,F,F,F,F,F,F,F,F,C,C,C,C,C,C,,,,,,,,,,,,,,,,,,,
CS 500,,,,,,,,,,,,,,,,,,,,,,,,,,,,F,F,F,F,F,F,F,F,F,F,F,F,C,C,C,C,C,C,C,C,C,C,C,C,C,C,C,C,C,C,C,C,C,C,C,C,C
CS 501,,,,,,,,,,,,,,,,,,,,,,,,,,,,F,F,F,F,F,F,F,F,F,F,F,F,C,C,C,C,C,C,C,C,C,C,C,C,C,,,,,,,,,,,,
CS 502,,,,,,,,,,,,,,,,,,,,,,,,,,,,F,F,F,F,F,F,F,F,F,F,F,F,C,C,C,C,C,C,C,,,,,,,,,,,,,,,,,,
CS 503,,,,,,,,,,,,,,,,,,,,,,,,,,,,F,F,F,F,F,F,F,F,F,F,F,F,C,C,C,C,C,C,C,C,C,C,C,C,C,C,C,C,C,C,C,C,C,C,C,C,C
CS 504,,,,,,,,,,,,,,,,,,,,,,,,,,,,F,F,F,F,F,F,F,F,F,F,F,F,C,C,C,C,C,C,C,C,C,C,C,C,C,C,C,C,C,C,C,C,C,C,C,C,C
CS 505,,,,,,,,,,,,,,,,,,,,,,,,,,,,F,F,F,F,F,F,F,F,F,F,F,F,C,C,C,C,C,C,C,,,,,,,,,,,,,,,,,,
CS 506,,,,,,,,,,,,,,,,,,,,,,,,,,,,F,F,F,F,F,F,F,,,,,,,,,,,,,,,,,,,,,,,,,,,,,,
CS 507,,,,,,,,,,,,,,,,,,,,,,,,,,,,F,F,F,F,F,F,F,F,F,F,F,F,C,C,C,C,C,C,C,C,C,C,C,C,C,C,C,C,C,C,C,C,C,C,C,C,C
CS 508,,,,,,,,,,,,,,,,,,,,,,,,,,,,F,F,F,F,F,F,F,F,F,F,F,F,C,C,C,C,C,C,C,C,C,C,C,C,C,,,,,,,,,,,,
CS 510,,,,,,,,,,,,,,,,,,,,,,,,,,,,F,F,F,F,F,F,F,F,F,F,F,F,C,C,C,C,C,C,C,C,C,C,C,C,C,C,C,C,C,C,C,C,C,C,C,C,C
CS 512,,,,,,,,,,,,,,,,,,,,,,,,,,,,F,F,F,F,F,F,F,F,F,F,F,F,C,C,C,C,C,C,C,C,C,C,C,C,C,C,C,C,C,C,C,C,C,C,C,C,C
CS 514,,,,,,,,,,,,,,,,,,,,,,,,,,,,F,F,F,F,F,F,F,F,F,F,F,F,C,C,C,C,C,C,C,C,C,C,C,C,C,C,C,C,C,C,C,C,C,C,C,C,C
CS 515,,,,,,,,,,,,,,,,,,,,,,,,,,,,F,F,F,F,F,F,F,F,F,F,F,F,C,C,C,C,C,C,C,C,C,C,C,C,C,C,C,C,C,C,C,C,C,C,C,C,C
CS 516,,,,,,,,,,,,,,,,,,,,,,,,,,,,F,F,F,F,F,F,F,F,F,F,F,F,C,C,C,C,,,,,,,,,,,,,,,,,,,,,
CS 517,,,,,,,,,,,,,,,,,,,,,,,,,,,,F,F,F,F,F,F,F,F,F,F,F,F,C,C,C,C,C,C,C,C,C,C,C,C,C,C,C,C,C,C,C,C,C,C,C,C,C
CS 518,,,,,,,,,,,,,,,,,,,,,,,,,,,,F,F,F,F,F,F,F,F,F,F,F,F,C,C,C,C,C,C,C,C,C,C,C,C,C,,,,,,,,,,,,
CS 522,,,,,,,,,,,,,,,,,,,,,,,,,,,,F,F,F,F,F,F,F,F,F,F,F,F,C,C,C,C,C,C,C,C,C,C,C,C,C,,,,,,,,,,,,
CS 523,,,,,,,,,,,,,,,,,,,,,,,,,,,,F,F,F,F,F,F,F,F,F,F,F,F,C,C,C,C,C,C,C,C,C,C,C,C,C,,,,,,,,,,,,
CS 525,,,,,,,,,,,,,,,,,,,,,,,,,,,,F,F,F,F,F,F,F,F,F,F,F,F,C,C,C,C,C,C,C,C,C,C,C,C,C,C,C,C,C,C,C,C,C,C,C,C,C
CS 526,,,,,,,,,,,,,,,,,,,,,,,,,,,,F,F,F,F,F,F,F,F,F,F,F,F,C,C,C,C,C,C,C,C,C,C,C,C,C,,,,,,,,,,,,
CS 528,,,,,,,,,,,,,,,,,,,,,,,,,,,,F,F,F,F,F,F,F,F,F,F,F,F,C,C,C,C,C,C,C,C,C,C,C,C,C,C,C,C,C,C,C,C,C,C,C,C,C
CS 531,,,,,,,,,,,,,,,,,,,,,,,,,,,,F,F,F,F,F,F,F,F,F,F,F,F,C,C,C,C,C,C,C,C,C,C,C,C,C,C,C,C,C,C,C,C,C,C,C,C,C
CS 532,,,,,,,,,,,,,,,,,,,,,,,,,,,,F,F,F,F,F,F,F,F,F,F,F,F,C,C,C,C,C,C,C,C,C,C,C,C,C,C,C,C,C,C,C,C,C,C,C,C,C
CS 533,,,,,,,,,,,,,,,,,,,,,,,,,,,,F,F,F,F,F,F,F,F,F,F,F,F,C,C,C,C,C,C,C,C,C,C,C,C,C,,,,,,,,,,,,
CS 534,,,,,,,,,,,,,,,,,,,,,,,,,,,,F,F,F,F,F,F,F,F,F,F,F,F,C,C,C,C,C,C,C,C,C,C,C,C,C,C,C,C,C,C,C,C,C,C,C,C,C
CS 535,,,,,,,,,,,,,,,,,,,,,,,,,,,,F,F,F,F,F,F,F,F,F,F,F,F,C,C,C,C,C,C,C,C,C,C,C,C,C,C,C,C,C,C,C,C,C,C,C,C,C
CS 538,,,,,,,,,,,,,,,,,,,,,,,,,,,,F,F,F,F,F,F,F,F,F,F,F,F,C,C,C,C,C,C,C,C,C,C,C,C,C,,,,,,,,,,,,
CS 539,,,,,,,,,,,,,,,,,,,,,,,,,,,,F,F,F,F,F,F,F,F,F,F,F,F,C,C,C,C,C,C,C,C,C,,,,,,,,,,,,,,,,
CS 540,,,,,,,,,,,,,,,,,,,,,,,,,,,,F,F,F,F,F,F,F,F,F,F,F,F,C,C,C,C,C,C,C,C,C,C,C,C,C,C,C,C,C,C,C,C,C,C,C,C,C
CS 541,,,,,,,,,,,,,,,,,,,,,,,,,,,,F,F,F,F,F,F,F,F,F,F,F,F,C,C,C,C,C,C,C,C,C,C,C,C,C,,,,,,,,,,,,
CS 542,,,,,,,,,,,,,,,,,,,,,,,,,,,,F,F,F,F,F,F,F,F,F,F,F,F,C,C,C,C,C,C,C,C,C,C,C,C,C,C,C,C,C,C,C,C,C,C,C,C,C
CS 543,,,,,,,,,,,,,,,,,,,,,,,,,,,,F,F,F,F,F,F,F,F,F,F,F,F,C,C,C,C,C,C,C,C,C,C,C,C,C,C,C,C,C,C,C,C,C,C,C,C,C
CS 545,,,,,,,,,,,,,,,,,,,,,,,,,,,,F,F,F,F,F,F,F,F,F,F,F,F,C,C,C,C,C,C,C,C,C,C,C,C,,,,,,,,,,,,,
CS 546,,,,,,,,,,,,,,,,,,,,,,,,,,,,F,F,F,F,F,F,F,F,F,F,F,F,C,C,C,C,C,C,C,C,C,C,,,,,,,,,,,,,,,
CS 547,,,,,,,,,,,,,,,,,,,,,,,,,,,,F,F,F,F,F,F,F,F,F,F,F,F,C,C,C,C,C,C,C,C,C,C,C,C,C,C,C,C,C,C,C,C,C,C,C,C,C
CS 549,,,,,,,,,,,,,,,,,,,,,,,,,,,,F,F,F,F,F,F,F,F,F,F,F,F,C,C,C,C,C,C,C,C,C,C,C,C,C,C,C,C,C,C,C,C,C,C,C,C,C
CS 555,,,,,,,,,,,,,,,,,,,,,,,,,,,,F,F,F,F,F,F,F,F,F,F,F,F,C,C,C,C,C,C,C,C,C,C,C,C,C,C,C,C,C,C,C,C,C,C,C,C,C
CS 560,,,,,,,,,,,,,,,,,,,,,,,,,,,,F,F,F,F,F,F,F,F,F,F,F,F,C,C,C,C,C,C,C,C,C,C,C,C,C,C,C,C,C,C,C,C,C,C,C,C,C
CS 580,,,,,,,,,,,,,,,,,,,,,,,,,,,,F,F,F,F,F,F,,,,,,,,,,,,,,,,,,,,,,,,,,,,,,,
CS 58000,,,,,,,,,,,,,,,,,,,,,,,,,,,,F,F,F,F,F,F,F,F,F,F,F,F,C,C,C,C,C,C,C,C,C,C,C,C,C,C,C,C,C,C,C,C,C,C,C,C,C
CS 58001,,,,,,,,,,,,,,,,,,,,,,,,,,,,F,F,F,F,F,F,F,F,F,F,F,F,C,C,C,C,C,C,C,C,C,C,C,C,C,,,,,,,,,,,,
CS 58002,,,,,,,,,,,,,,,,,,,,,,,,,,,,F,F,F,F,F,F,F,F,F,F,F,F,C,C,C,C,C,C,C,C,C,C,C,C,C,,,,,,,,,,,,
CS 58003,,,,,,,,,,,,,,,,,,,,,,,,,,,,F,F,F,F,F,F,F,F,F,F,F,F,C,C,C,C,C,C,C,C,C,C,C,C,C,,,,,,,,,,,,
CS 58004,,,,,,,,,,,,,,,,,,,,,,,,,,,,F,F,F,F,F,F,F,F,F,F,F,F,C,C,C,C,C,C,C,C,C,,,,,,,,,,,,,,,,
CS 58005,,,,,,,,,,,,,,,,,,,,,,,,,,,,F,F,F,F,F,F,F,F,F,F,F,F,C,C,C,C,C,C,C,C,C,C,C,C,C,,,,,,,,,,,,
CS 58007,,,,,,,,,,,,,,,,,,,,,,,,,,,,F,F,F,F,F,F,F,F,F,F,F,F,C,C,C,C,C,C,C,C,C,C,C,C,C,C,C,C,C,C,C,C,C,C,,,
CS 58008,,,,,,,,,,,,,,,,,,,,,,,,,,,,F,F,F,F,F,F,F,F,F,F,F,F,C,C,C,C,C,C,C,C,C,C,C,C,C,C,C,C,C,C,C,C,C,C,C,C,C
CS 58009,,,,,,,,,,,,,,,,,,,,,,,,,,,,F,F,F,F,F,F,F,F,F,F,F,F,C,C,C,C,C,C,C,C,C,C,C,C,C,C,C,C,C,C,C,C,C,C,C,C,C
CS 58010,,,,,,,,,,,,,,,,,,,,,,,,,,,,F,F,F,F,F,F,F,F,F,F,F,F,C,C,C,C,C,C,C,C,C,C,C,C,C,C,C,C,C,C,C,C,C,C,C,C,C
CS 58011,,,,,,,,,,,,,,,,,,,,,,,,,,,,F,F,F,F,F,F,F,F,F,F,F,F,C,C,C,C,C,C,C,C,C,C,C,C,C,C,C,C,C,C,C,C,C,C,C,C,C
CS 58012,,,,,,,,,,,,,,,,,,,,,,,,,,,,F,F,F,F,F,F,F,F,F,F,F,F,C,C,C,C,C,C,C,C,C,C,C,C,C,C,C,C,C,C,C,C,C,C,C,C,C
CS 581,,,,,,,,,,,,,,,,,,,,,,,,,,,,F,F,F,F,F,F,,,,,,,,,,,,,,,,,,,,,,,,,,,,,,,
CS 582,,,,,,,,,,,,,,,,,,,,,,,,,,,,F,F,F,F,F,F,,,,,,,,,,,,,,,,,,,,,,,,,,,,,,,
CS 601,,,,,,,,,,,,,,,,,,,,,,,,,,,,F,F,F,F,F,F,F,F,F,F,F,F,C,C,C,C,C,C,C,C,C,C,C,C,C,,,,,,,,,,,,
CS 611,,,,,,,,,,,,,,,,,,,,,,,,,,,,F,F,F,F,F,F,F,F,F,F,F,F,C,C,C,C,C,C,C,C,C,C,C,C,C,C,C,C,C,C,C,C,C,C,C,C,C
CS 680,,,,,,,,,,,,,,,,,,,,,,,,,,,,F,F,F,F,F,F,,,,,,,,,,,,,,,,,,,,,,,,,,,,,,,
CS 68000,,,,,,,,,,,,,,,,,,,,,,,,,,,,F,F,F,F,F,F,F,F,F,F,F,F,C,C,C,C,C,C,C,C,C,C,C,C,C,,,,,,,,,,,,
CS 68001,,,,,,,,,,,,,,,,,,,,,,,,,,,,F,F,F,F,F,F,F,F,F,F,F,F,C,C,C,C,C,C,C,C,C,C,C,C,C,,,,,,,,,,,,
CS 681,,,,,,,,,,,,,,,,,,,,,,,,,,,,F,F,F,F,F,F,,,,,,,,,,,,,,,,,,,,,,,,,,,,,,,
CULT 500,,,,,,,,,,,,,,,,,,,,,,,,,,,,F,F,F,F,F,F,F,F,F,F,F,F,C,C,C,C,C,C,C,C,C,C,C,C,C,C,C,C,C,C,C,C,C,C,C,C,C
CULT 501,,,,,,,,,,,,,,,,,,,,,,,,,,,,F,F,F,F,F,F,F,F,F,F,F,F,C,C,C,C,C,C,C,C,C,C,C,C,C,C,C,C,C,C,C,C,C,C,C,C,C
CULT 502,,,,,,,,,,,,,,,,,,,,,,,,,,,,F,F,F,F,F,F,F,F,F,F,F,F,C,C,C,C,C,C,C,C,C,C,C,C,C,C,C,C,C,C,C,C,C,C,C,C,C
CULT 503,,,,,,,,,,,,,,,,,,,,,,,,,,,,F,F,F,F,F,F,F,F,F,F,F,F,C,C,C,C,C,C,C,C,C,C,C,C,C,C,C,C,C,C,C,C,C,C,C,C,C
CULT 521,,,,,,,,,,,,,,,,,,,,,,,,,,,,F,F,F,F,F,F,F,F,F,F,F,F,C,C,C,C,C,C,C,C,C,C,C,C,C,,,,,,,,,,,,
CULT 522,,,,,,,,,,,,,,,,,,,,,,,,,,,,F,F,F,F,F,F,F,F,F,F,F,F,C,C,C,C,C,C,C,C,C,C,C,C,C,C,C,C,C,C,C,C,C,C,C,C,C
CULT 532,,,,,,,,,,,,,,,,,,,,,,,,,,,,F,F,F,F,F,F,F,F,F,F,F,F,C,C,C,C,C,C,C,C,C,C,C,C,C,C,C,C,C,C,C,C,C,C,C,C,C
CULT 541,,,,,,,,,,,,,,,,,,,,,,,,,,,,F,F,F,F,F,F,F,F,F,F,F,F,C,C,C,,,,,,,,,,,,,,,,,,,,,,
CULT 542,,,,,,,,,,,,,,,,,,,,,,,,,,,,F,F,F,F,F,F,F,F,F,F,F,F,C,C,C,,,,,,,,,,,,,,,,,,,,,,
CULT 543,,,,,,,,,,,,,,,,,,,,,,,,,,,,F,F,F,F,F,F,F,F,F,F,F,F,C,C,C,,,,,,,,,,,,,,,,,,,,,,
CULT 544,,,,,,,,,,,,,,,,,,,,,,,,,,,,F,F,F,F,F,F,F,F,F,F,F,F,C,C,C,,,,,,,,,,,,,,,,,,,,,,
CULT 551,,,,,,,,,,,,,,,,,,,,,,,,,,,,F,F,F,F,F,F,F,F,F,F,F,F,C,C,C,C,C,C,C,C,C,C,C,C,C,C,C,,,,,,,,,,
CULT 552,,,,,,,,,,,,,,,,,,,,,,,,,,,,F,F,F,F,F,F,F,F,F,F,F,F,C,C,C,C,C,C,,,,,,,,,,,,,,,,,,,
CULT 553,,,,,,,,,,,,,,,,,,,,,,,,,,,,F,F,F,F,F,F,F,F,F,F,F,F,C,C,C,C,C,C,C,C,C,C,C,C,C,C,C,C,C,C,C,C,C,C,C,C,C
CULT 554,,,,,,,,,,,,,,,,,,,,,,,,,,,,F,F,F,,,,,,,,,,,,,,,,,,,,,,,,,,,,,,,,,,
CULT 555,,,,,,,,,,,,,,,,,,,,,,,,,,,,F,F,F,F,F,F,F,F,F,F,F,F,C,C,C,C,C,C,C,C,C,C,C,C,C,C,C,C,C,C,C,C,C,C,C,C,C
CULT 561,,,,,,,,,,,,,,,,,,,,,,,,,,,,F,F,F,F,F,F,F,F,F,F,F,F,C,C,C,C,C,C,C,C,C,C,C,C,C,C,C,,,,,,,,,,
CULT 562,,,,,,,,,,,,,,,,,,,,,,,,,,,,F,F,F,F,F,F,F,F,F,F,F,F,C,C,C,C,,,,,,,,,,,,,,,,,,,,,
CULT 568,,,,,,,,,,,,,,,,,,,,,,,,,,,,F,F,F,F,F,F,F,F,F,F,F,F,C,C,C,C,C,C,C,C,C,C,C,C,C,C,C,C,C,C,C,C,C,C,C,C,C
CULT 570,,,,,,,,,,,,,,,,,,,,,,,,,,,,F,F,F,F,F,F,F,F,F,F,F,F,C,C,C,C,C,C,C,C,C,C,C,C,C,C,C,C,C,C,C,C,C,C,C,C,C
CULT 584,,,,,,,,,,,,,,,,,,,,,,,,,,,,F,F,F,F,F,F,F,F,F,F,F,F,C,C,C,C,C,C,C,C,C,C,C,C,C,C,C,C,C,C,C,C,C,C,C,C,C
CULT 591,,,,,,,,,,,,,,,,,,,,,,,,,,,,F,F,F,F,F,F,F,F,F,F,F,F,C,C,C,C,C,C,C,C,C,C,C,C,C,,,,,,,,,,,,
CULT 592,,,,,,,,,,,,,,,,,,,,,,,,,,,,F,F,F,F,F,F,F,F,F,,,,,,,,,,,,,,,,,,,,,,,,,,,,
CULT 593,,,,,,,,,,,,,,,,,,,,,,,,,,,,F,F,F,F,F,F,F,F,F,F,F,F,,,,,,,,,,,,,,,,,,,,,,,,,
CULT 598,,,,,,,,,,,,,,,,,,,,,,,,,,,,F,F,F,F,F,F,F,F,F,F,F,F,C,C,C,C,C,C,C,C,C,C,C,C,C,C,C,C,C,C,C,C,C,C,C,C,C
DS 551,,,,,,,,,,,,,,,,,,,,,,,,,,,,F,F,F,F,F,F,F,F,F,F,F,F,C,C,C,C,C,C,C,C,C,C,C,C,C,C,C,C,C,C,C,C,C,C,C,C,C
DS 552,,,,,,,,,,,,,,,,,,,,,,,,,,,,F,F,F,F,F,F,F,F,F,F,F,F,C,C,C,C,C,C,C,C,C,C,C,C,C,C,C,C,C,C,C,C,C,C,C,C,C
DS 590,,,,,,,,,,,,,,,,,,,,,,,,,,,,F,F,F,F,F,F,F,F,F,F,F,F,C,C,C,C,C,C,C,C,C,C,C,C,C,C,C,C,C,C,C,C,C,C,C,C,C
DT 501,,,,,,,,,,,,,,,,,,,,,,,,,,,,F,F,F,F,F,F,F,F,F,F,F,F,C,C,C,C,C,C,C,C,C,C,C,C,C,C,C,C,C,C,C,C,C,C,C,C,C
DT 502,,,,,,,,,,,,,,,,,,,,,,,,,,,,F,F,F,F,F,F,F,F,F,F,F,F,C,C,C,C,C,C,C,C,C,C,C,C,C,C,C,C,C,C,C,C,C,C,C,C,C
DT 503,,,,,,,,,,,,,,,,,,,,,,,,,,,,F,F,F,F,F,F,F,F,F,F,F,F,C,C,C,C,C,C,C,C,C,C,C,C,C,C,C,C,C,C,C,C,C,C,C,C,C
DT 504,,,,,,,,,,,,,,,,,,,,,,,,,,,,F,F,F,F,F,F,F,F,F,F,F,F,C,C,C,C,C,C,C,C,C,C,C,C,C,C,C,C,C,C,C,C,C,C,C,C,C
DT 511,,,,,,,,,,,,,,,,,,,,,,,,,,,,F,F,F,F,F,F,F,F,F,F,F,F,C,C,C,C,C,C,C,C,C,C,C,C,C,C,C,C,C,C,C,C,C,C,C,C,C
DT 512,,,,,,,,,,,,,,,,,,,,,,,,,,,,F,F,F,F,F,F,F,F,F,F,F,F,C,C,C,C,C,C,C,C,C,C,C,C,C,C,C,C,C,C,C,C,C,C,C,C,C
DT 513,,,,,,,,,,,,,,,,,,,,,,,,,,,,F,F,F,F,F,F,F,F,F,F,F,F,C,C,C,C,C,C,C,C,C,C,C,C,C,C,C,C,C,C,C,C,C,C,C,C,C
DT 514,,,,,,,,,,,,,,,,,,,,,,,,,,,,F,F,F,F,F,F,F,F,F,F,F,F,C,C,C,C,C,C,C,C,C,C,C,C,C,C,C,C,C,C,C,C,C,C,C,C,C
DT 521,,,,,,,,,,,,,,,,,,,,,,,,,,,,F,F,F,F,F,F,F,F,F,F,F,F,C,C,C,C,C,C,C,C,C,C,C,C,C,C,C,C,C,C,C,C,C,C,C,C,C
DT 522,,,,,,,,,,,,,,,,,,,,,,,,,,,,F,F,F,F,F,F,F,F,F,F,F,F,C,C,C,C,C,C,C,C,C,C,C,C,C,C,C,C,C,C,C,C,C,C,C,C,C
DT 523,,,,,,,,,,,,,,,,,,,,,,,,,,,,F,F,F,F,F,F,F,F,F,F,F,F,C,C,C,C,C,C,C,C,C,C,C,C,C,C,C,C,C,C,C,C,C,C,C,C,C
DT 524,,,,,,,,,,,,,,,,,,,,,,,,,,,,F,F,F,F,F,F,F,F,F,F,F,F,C,C,C,C,C,C,C,C,C,C,C,C,C,C,C,C,C,C,C,C,C,C,C,C,C
DT 532,,,,,,,,,,,,,,,,,,,,,,,,,,,,F,F,F,F,F,F,F,F,F,F,F,F,C,C,C,C,C,C,C,C,C,C,C,C,C,C,C,C,C,C,C,C,C,C,C,C,C
DT 533,,,,,,,,,,,,,,,,,,,,,,,,,,,,F,F,F,F,F,F,F,F,F,F,F,F,C,C,C,C,C,C,C,C,C,C,C,C,C,C,C,C,C,C,C,C,C,C,C,C,C
DT 541,,,,,,,,,,,,,,,,,,,,,,,,,,,,F,F,F,F,F,F,F,F,F,F,F,F,C,C,C,C,C,C,C,C,C,C,C,C,C,C,C,C,C,C,C,C,C,C,C,C,C
DT 592,,,,,,,,,,,,,,,,,,,,,,,,,,,,F,F,F,F,F,F,F,F,F,F,F,F,C,C,C,C,C,C,C,C,C,C,C,C,C,C,C,C,C,C,C,C,C,C,C,C,C
ECON 501,,,,,,,,,,,,,,,,,,,,,,,,,,,,F,F,F,F,F,F,F,F,F,F,F,F,,,,,,,,,,,,,,,,,,,,,,,,,
ECON 503,,,,,,,,,,,,,,,,,,,,,,,,,,,,F,F,F,F,F,F,F,F,F,F,F,F,C,C,C,C,C,C,C,C,C,C,C,C,C,C,C,C,C,C,C,C,C,C,C,C,C
ECON 504,,,,,,,,,,,,,,,,,,,,,,,,,,,,F,F,F,F,F,F,F,F,F,F,F,F,C,C,C,C,C,C,C,C,C,C,C,C,C,C,C,C,C,C,C,C,C,C,C,C,C
ECON 506,,,,,,,,,,,,,,,,,,,,,,,,,,,,F,F,F,F,F,F,F,F,F,F,F,F,,,,,,,,,,,,,,,,,,,,,,,,,
ECON 520,,,,,,,,,,,,,,,,,,,,,,,,,,,,F,F,F,F,F,F,F,F,F,F,F,F,C,C,C,C,C,C,C,C,C,C,C,C,C,C,C,C,C,C,C,C,C,C,C,C,C
ECON 521,,,,,,,,,,,,,,,,,,,,,,,,,,,,F,F,F,F,F,F,,,,,,,,,,,,,,,,,,,,,,,,,,,,,,,
ECON 522,,,,,,,,,,,,,,,,,,,,,,,,,,,,F,F,F,F,F,F,F,F,F,F,F,F,C,C,C,C,C,C,C,C,C,C,C,C,C,C,C,C,C,C,C,C,C,C,C,C,C
ECON 523,,,,,,,,,,,,,,,,,,,,,,,,,,,,F,F,F,F,F,F,F,F,F,F,,,,,,,,,,,,,,,,,,,,,,,,,,,
ECON 526,,,,,,,,,,,,,,,,,,,,,,,,,,,,F,F,F,F,F,F,F,F,F,F,F,F,C,C,C,C,C,C,C,C,C,C,C,C,C,C,C,C,C,C,C,C,C,,,,
ECON 571,,,,,,,,,,,,,,,,,,,,,,,,,,,,F,F,F,F,F,F,F,F,F,F,F,F,C,C,C,C,C,C,C,C,C,C,C,C,C,C,C,C,C,C,C,C,C,C,C,C,C
ECON 591,,,,,,,,,,,,,,,,,,,,,,,,,,,,F,F,F,F,F,F,F,F,F,F,F,F,C,C,C,C,C,C,C,C,C,C,C,C,C,C,C,C,C,C,C,C,C,C,C,C,C
ECON 592,,,,,,,,,,,,,,,,,,,,,,,,,,,,F,F,F,F,F,F,F,F,F,F,F,F,C,C,C,C,C,C,C,C,C,C,C,C,C,C,C,C,C,C,C,C,C,C,C,C,C
ECON 601,,,,,,,,,,,,,,,,,,,,,,,,,,,,F,F,F,F,F,F,F,F,F,F,F,F,C,C,C,C,C,C,C,C,C,C,C,C,C,C,C,C,C,C,C,C,C,C,C,C,C
ECON 602,,,,,,,,,,,,,,,,,,,,,,,,,,,,F,F,F,F,F,F,F,F,F,F,F,F,C,C,C,C,C,C,C,C,C,C,C,C,C,C,C,C,C,C,C,C,C,C,C,C,C
ECON 603,,,,,,,,,,,,,,,,,,,,,,,,,,,,F,F,F,F,F,F,F,F,F,F,F,F,C,C,C,C,C,C,C,C,C,C,C,C,C,C,C,C,C,C,C,C,C,C,C,C,C
ECON 604,,,,,,,,,,,,,,,,,,,,,,,,,,,,F,F,F,F,F,F,F,F,F,F,F,F,C,C,C,C,C,C,C,C,C,C,C,C,C,C,C,C,C,C,C,C,C,C,C,C,C
ECON 606,,,,,,,,,,,,,,,,,,,,,,,,,,,,F,F,F,F,F,F,F,F,F,F,F,F,,,,,,,,,,,,,,,,,,,,,,,,,
ECON 609,,,,,,,,,,,,,,,,,,,,,,,,,,,,F,F,F,F,F,F,F,F,F,F,F,F,,,,,,,,,,,,,,,,,,,,,,,,,
ECON 610,,,,,,,,,,,,,,,,,,,,,,,,,,,,F,F,F,F,F,F,F,F,F,F,F,F,C,C,C,C,,,,,,,,,,,,,,,,,,,,,
ECON 612,,,,,,,,,,,,,,,,,,,,,,,,,,,,F,,,,,,,,,,,,,,,,,,,,,,,,,,,,,,,,,,,,
ECON 624,,,,,,,,,,,,,,,,,,,,,,,,,,,,F,F,F,F,F,F,F,F,F,,,,,,,,,,,,,,,,,,,,,,,,,,,,
ECON 630,,,,,,,,,,,,,,,,,,,,,,,,,,,,F,F,F,F,F,F,F,F,F,F,F,F,C,C,C,C,C,C,C,C,C,C,C,C,C,C,C,C,C,C,C,C,C,C,C,C,C
ECON 635,,,,,,,,,,,,,,,,,,,,,,,,,,,,F,F,F,F,F,F,F,F,F,F,F,F,C,C,C,C,C,C,C,C,C,C,C,C,C,C,C,C,C,C,C,C,C,C,C,C,C
ECON 688,,,,,,,,,,,,,,,,,,,,,,,,,,,,F,F,F,F,F,F,F,F,F,F,F,F,C,C,C,C,C,C,C,C,C,C,C,C,C,C,C,C,C,C,C,C,C,C,C,C,C
ECON 691,,,,,,,,,,,,,,,,,,,,,,,,,,,,F,F,F,F,F,F,F,F,F,F,F,F,C,C,C,C,C,C,C,C,C,C,C,C,C,C,C,C,C,C,C,C,C,C,C,C,C
ECON 692,,,,,,,,,,,,,,,,,,,,,,,,,,,,F,F,F,F,F,F,F,F,F,F,F,F,C,C,C,C,C,C,C,C,C,C,C,C,C,C,C,C,C,C,C,C,C,C,C,C,C
ECON 706,,,,,,,,,,,,,,,,,,,,,,,,,,,,F,F,F,F,F,F,F,F,F,F,F,F,,,,,,,,,,,,,,,,,,,,,,,,,
EE 516,,,,,,,,,,,,,,,,,,,,,,,,,,,,F,F,F,F,F,F,F,F,F,F,F,F,C,C,C,C,C,C,C,C,C,C,C,C,C,,,,,,,,,,,,
EE 518,,,,,,,,,,,,,,,,,,,,,,,,,,,,F,F,F,F,F,F,F,F,F,F,F,F,C,C,C,C,C,C,C,C,C,C,C,C,,,,,,,,,,,,,
EE 520,,,,,,,,,,,,,,,,,,,,,,,,,,,,F,F,F,F,F,F,F,F,F,F,F,F,C,C,C,C,C,C,C,C,C,C,C,C,C,,,,,,,,,,,,
EE 521,,,,,,,,,,,,,,,,,,,,,,,,,,,,F,F,F,F,F,F,F,F,F,F,F,F,C,C,C,C,C,C,C,C,C,C,C,C,C,C,C,C,C,C,C,C,C,C,C,C,C
EE 522,,,,,,,,,,,,,,,,,,,,,,,,,,,,F,F,F,F,F,F,F,F,F,F,F,F,C,C,C,C,C,C,C,C,C,C,C,C,C,,,,,,,,,,,,
EE 523,,,,,,,,,,,,,,,,,,,,,,,,,,,,F,F,F,F,F,F,F,F,F,F,F,F,C,C,C,C,C,C,C,C,C,C,C,C,C,,,,,,,,,,,,
EE 524,,,,,,,,,,,,,,,,,,,,,,,,,,,,F,F,F,F,F,F,F,F,F,F,F,F,C,C,C,C,C,C,C,C,C,C,C,C,C,C,C,C,C,C,C,C,C,C,C,C,C
EE 525,,,,,,,,,,,,,,,,,,,,,,,,,,,,F,F,F,F,F,F,F,F,F,F,F,F,C,C,C,C,C,C,C,C,C,C,C,C,C,C,C,C,C,C,C,C,C,C,C,C,C
EE 528,,,,,,,,,,,,,,,,,,,,,,,,,,,,F,F,F,F,F,F,F,F,F,F,,,,,,,,,,,,,,,,,,,,,,,,,,,
EE 529,,,,,,,,,,,,,,,,,,,,,,,,,,,,F,F,F,F,F,F,F,F,F,F,F,F,C,C,C,C,C,C,C,C,C,C,C,C,C,C,C,C,C,C,C,C,C,C,C,C,C
EE 530,,,,,,,,,,,,,,,,,,,,,,,,,,,,F,F,F,F,F,F,F,F,F,F,F,F,C,C,C,C,C,C,C,C,C,C,C,C,C,,,,,,,,,,,,
EE 531,,,,,,,,,,,,,,,,,,,,,,,,,,,,F,F,F,F,F,F,F,F,F,F,F,F,C,C,C,C,C,C,C,C,C,C,C,C,C,,,,,,,,,,,,
EE 532,,,,,,,,,,,,,,,,,,,,,,,,,,,,F,F,F,F,F,F,F,F,F,F,F,F,C,C,C,C,C,C,C,C,C,C,C,C,C,,,,,,,,,,,,
EE 533,,,,,,,,,,,,,,,,,,,,,,,,,,,,F,F,F,F,F,F,F,F,F,F,F,F,C,C,C,C,C,C,C,C,C,C,C,C,C,C,C,C,C,C,C,C,C,C,C,C,C
EE 534,,,,,,,,,,,,,,,,,,,,,,,,,,,,F,F,F,F,F,F,F,F,F,F,F,F,C,C,C,C,C,C,C,C,C,C,C,C,C,C,C,C,C,C,C,C,C,C,C,C,C
EE 535,,,,,,,,,,,,,,,,,,,,,,,,,,,,F,F,F,F,F,F,F,F,F,F,F,F,C,C,C,C,C,C,C,C,C,C,C,C,C,C,C,C,C,C,C,C,C,C,C,C,C
EE 536,,,,,,,,,,,,,,,,,,,,,,,,,,,,F,F,F,F,F,F,F,F,F,F,F,F,C,C,C,C,C,C,C,C,C,C,C,C,C,C,C,C,C,C,C,C,C,C,C,C,C
EE 537,,,,,,,,,,,,,,,,,,,,,,,,,,,,F,F,F,F,F,F,F,F,F,F,F,F,C,C,C,C,C,C,C,C,C,C,C,C,C,C,C,C,C,C,C,C,C,C,C,C,C
EE 539,,,,,,,,,,,,,,,,,,,,,,,,,,,,F,F,F,F,F,F,F,F,F,F,F,F,C,C,C,C,C,C,C,C,C,C,C,C,C,C,C,C,C,C,C,C,C,C,C,C,C
EE 540,,,,,,,,,,,,,,,,,,,,,,,,,,,,F,F,F,F,F,F,F,F,F,F,F,F,C,C,C,C,C,C,C,C,C,C,C,C,C,C,C,C,C,C,C,C,C,C,C,C,C
EE 541,,,,,,,,,,,,,,,,,,,,,,,,,,,,F,F,F,F,F,F,F,F,F,F,F,F,C,C,C,C,C,C,C,C,C,C,C,C,C,C,C,C,C,C,C,C,C,C,C,C,C
EE 542,,,,,,,,,,,,,,,,,,,,,,,,,,,,F,F,F,F,F,F,F,F,F,F,F,F,C,C,C,C,C,C,C,C,C,C,C,C,C,,,,,,,,,,,,
EE 544,,,,,,,,,,,,,,,,,,,,,,,,,,,,F,F,F,F,F,F,F,F,F,F,F,F,C,C,C,C,C,C,C,C,C,C,C,C,C,,,,,,,,,,,,
EE 550,,,,,,,,,,,,,,,,,,,,,,,,,,,,F,F,F,F,F,F,F,F,F,F,F,F,C,C,C,C,C,C,C,C,C,C,C,C,C,C,C,C,C,C,C,C,C,C,C,C,C
EE 553,,,,,,,,,,,,,,,,,,,,,,,,,,,,F,F,F,F,F,F,F,F,F,F,F,F,C,C,C,C,C,C,C,C,C,C,C,C,C,,,,,,,,,,,,
EE 554,,,,,,,,,,,,,,,,,,,,,,,,,,,,F,F,F,F,F,F,F,F,F,F,F,F,C,C,C,C,C,C,C,C,C,C,C,C,C,C,C,C,C,C,C,C,C,C,C,C,C
EE 555,,,,,,,,,,,,,,,,,,,,,,,,,,,,F,F,F,F,F,F,F,F,F,F,F,F,C,C,C,C,C,C,C,C,C,C,C,C,C,C,C,C,C,C,C,C,C,C,C,C,C
EE 556,,,,,,,,,,,,,,,,,,,,,,,,,,,,F,F,F,F,F,F,F,F,F,F,F,F,C,C,C,C,C,C,C,C,C,C,C,C,C,C,C,C,C,C,C,C,C,C,C,C,C
EE 557,,,,,,,,,,,,,,,,,,,,,,,,,,,,F,F,F,F,F,F,F,F,F,F,F,F,C,C,C,C,C,C,C,C,C,C,C,C,C,,,,,,,,,,,,
EE 560,,,,,,,,,,,,,,,,,,,,,,,,,,,,F,F,F,F,F,F,F,F,F,F,F,F,C,C,C,C,C,C,C,C,C,C,C,C,C,,,,,,,,,,,,
EE 561,,,,,,,,,,,,,,,,,,,,,,,,,,,,F,F,F,F,F,F,F,F,F,F,F,F,C,C,C,C,C,C,C,C,C,C,C,C,C,C,C,C,C,C,C,C,C,C,C,C,C
EE 562,,,,,,,,,,,,,,,,,,,,,,,,,,,,F,F,F,F,F,F,F,F,F,F,F,F,C,C,C,C,C,C,C,C,C,C,C,C,C,,,,,,,,,,,,
EE 563,,,,,,,,,,,,,,,,,,,,,,,,,,,,F,F,F,F,F,F,F,F,F,F,F,F,C,C,C,C,C,C,C,C,C,C,C,C,C,C,C,C,C,C,C,C,C,C,C,C,C
EE 565,,,,,,,,,,,,,,,,,,,,,,,,,,,,F,F,F,F,F,F,F,F,F,F,F,F,C,C,C,C,C,C,C,C,C,C,C,C,C,,,,,,,,,,,,
EE 566,,,,,,,,,,,,,,,,,,,,,,,,,,,,F,F,F,F,F,F,F,F,F,F,F,F,C,C,C,C,C,C,C,C,C,C,C,C,C,C,C,C,C,C,C,C,C,C,C,C,C
EE 567,,,,,,,,,,,,,,,,,,,,,,,,,,,,F,F,F,F,F,F,F,F,F,F,F,F,C,C,C,C,C,C,C,C,C,C,C,C,C,C,C,C,C,C,C,C,C,C,C,C,C
EE 568,,,,,,,,,,,,,,,,,,,,,,,,,,,,F,F,F,F,F,F,F,F,F,F,F,F,C,C,C,C,C,C,C,C,C,C,C,C,C,C,C,C,C,C,C,C,C,C,C,C,C
EE 569,,,,,,,,,,,,,,,,,,,,,,,,,,,,F,F,F,F,F,F,F,F,F,F,F,F,C,C,C,C,C,C,C,C,C,C,C,C,C,,,,,,,,,,,,
EE 571,,,,,,,,,,,,,,,,,,,,,,,,,,,,F,F,F,F,F,F,F,F,F,F,F,F,C,C,C,C,C,C,C,C,C,C,C,C,C,C,C,C,C,C,C,C,C,C,C,C,C
EE 572,,,,,,,,,,,,,,,,,,,,,,,,,,,,F,F,F,F,F,F,F,F,F,F,F,F,C,C,C,C,C,C,C,C,C,C,C,C,C,,,,,,,,,,,,
EE 573,,,,,,,,,,,,,,,,,,,,,,,,,,,,F,F,F,F,F,F,F,F,F,F,F,F,C,C,C,C,C,C,C,C,C,C,C,C,C,C,C,C,C,C,C,C,C,C,C,C,C
EE 575,,,,,,,,,,,,,,,,,,,,,,,,,,,,F,F,F,F,F,F,F,F,F,F,F,F,C,C,C,C,C,C,C,C,C,C,C,C,C,,,,,,,,,,,,
EE 580,,,,,,,,,,,,,,,,,,,,,,,,,,,,F,F,F,F,F,F,,,,,,,,,,,,,,,,,,,,,,,,,,,,,,,
EE 58000,,,,,,,,,,,,,,,,,,,,,,,,,,,,F,F,F,F,F,F,F,F,F,F,F,F,C,C,C,C,C,C,C,C,C,C,C,C,,,,,,,,,,,,,
EE 58001,,,,,,,,,,,,,,,,,,,,,,,,,,,,F,F,F,F,F,F,F,F,F,F,F,F,C,C,C,C,C,C,C,C,C,C,C,C,C,C,C,C,C,C,C,C,C,,,,
EE 58002,,,,,,,,,,,,,,,,,,,,,,,,,,,,F,F,F,F,F,F,F,F,F,F,F,F,C,C,C,C,C,C,,,,,,,,,,,,,,,,,,,
EE 58003,,,,,,,,,,,,,,,,,,,,,,,,,,,,F,F,F,F,F,F,F,F,F,F,F,F,C,C,C,C,C,C,C,C,C,C,C,C,C,C,C,C,C,C,C,C,C,C,C,C,C
EE 58004,,,,,,,,,,,,,,,,,,,,,,,,,,,,F,F,F,F,F,F,F,F,F,F,F,F,C,C,C,C,C,C,,,,,,,,,,,,,,,,,,,
EE 58005,,,,,,,,,,,,,,,,,,,,,,,,,,,,F,F,F,F,F,F,F,F,F,F,F,F,C,C,C,C,,,,,,,,,,,,,,,,,,,,,
EE 58006,,,,,,,,,,,,,,,,,,,,,,,,,,,,F,F,F,F,F,F,F,F,F,F,F,F,C,C,C,C,C,C,C,C,C,C,C,C,C,C,C,C,C,C,C,C,C,C,C,C,C
EE 58008,,,,,,,,,,,,,,,,,,,,,,,,,,,,F,F,F,F,F,F,F,F,F,F,F,F,C,C,C,C,C,C,C,C,C,C,C,C,C,C,C,C,C,C,C,C,C,C,C,C,C
EE 58009,,,,,,,,,,,,,,,,,,,,,,,,,,,,F,F,F,F,F,F,F,F,F,F,F,F,C,C,C,C,C,C,C,C,C,C,C,C,C,C,C,C,C,C,C,C,C,C,C,C,C
EE 58010,,,,,,,,,,,,,,,,,,,,,,,,,,,,F,F,F,F,F,F,F,F,F,F,F,F,C,C,C,C,C,C,C,C,C,C,C,C,C,C,C,C,C,C,C,C,C,C,C,C,C
EE 58011,,,,,,,,,,,,,,,,,,,,,,,,,,,,F,F,F,F,F,F,F,F,F,F,F,F,C,C,C,C,C,C,C,C,C,C,C,C,C,C,C,C,C,C,C,C,C,C,C,C,C
EE 5807,,,,,,,,,,,,,,,,,,,,,,,,,,,,F,F,F,F,F,F,F,F,F,F,F,F,C,C,C,C,C,C,C,C,C,C,C,C,C,C,C,C,C,C,C,C,C,C,C,C,C
EE 581,,,,,,,,,,,,,,,,,,,,,,,,,,,,F,F,F,F,F,F,,,,,,,,,,,,,,,,,,,,,,,,,,,,,,,
EE 584,,,,,,,,,,,,,,,,,,,,,,,,,,,,F,F,F,F,F,F,,,,,,,,,,,,,,,,,,,,,,,,,,,,,,,
EE 585,,,,,,,,,,,,,,,,,,,,,,,,,,,,F,F,F,F,F,F,,,,,,,,,,,,,,,,,,,,,,,,,,,,,,,
EE 606,,,,,,,,,,,,,,,,,,,,,,,,,,,,F,F,F,F,F,F,F,F,F,F,F,F,C,C,C,C,C,C,C,C,C,C,C,C,C,C,C,C,C,C,C,C,C,C,C,C,C
EE 620,,,,,,,,,,,,,,,,,,,,,,,,,,,,F,F,F,F,F,F,F,F,F,F,F,F,C,C,C,C,C,C,C,C,C,C,C,C,C,,,,,,,,,,,,
EE 621,,,,,,,,,,,,,,,,,,,,,,,,,,,,F,F,F,F,F,F,F,F,F,F,F,F,C,C,C,C,C,C,C,C,C,C,C,C,C,,,,,,,,,,,,
EE 625,,,,,,,,,,,,,,,,,,,,,,,,,,,,F,F,F,F,F,F,F,F,F,F,F,F,C,C,C,C,C,C,C,C,C,C,C,C,C,,,,,,,,,,,,
EE 626,,,,,,,,,,,,,,,,,,,,,,,,,,,,F,F,F,F,F,F,F,F,F,F,F,F,C,C,C,C,C,C,C,C,C,C,C,C,C,C,C,C,C,C,C,C,C,C,C,C,C
EE 627,,,,,,,,,,,,,,,,,,,,,,,,,,,,F,F,F,F,F,F,F,F,F,F,F,F,C,C,C,C,C,C,C,C,C,C,C,C,C,,,,,,,,,,,,
EE 628,,,,,,,,,,,,,,,,,,,,,,,,,,,,F,F,F,F,F,F,F,F,F,F,F,F,C,C,C,C,C,C,C,C,C,C,C,C,C,C,C,C,C,C,C,C,C,C,C,C,C
EE 629,,,,,,,,,,,,,,,,,,,,,,,,,,,,F,F,F,F,F,F,F,F,F,F,F,F,C,C,C,C,C,C,C,C,C,C,C,C,C,,,,,,,,,,,,
EE 630,,,,,,,,,,,,,,,,,,,,,,,,,,,,F,F,F,F,F,F,F,F,F,F,F,F,C,C,C,C,C,C,C,C,C,C,C,C,C,,,,,,,,,,,,
EE 631,,,,,,,,,,,,,,,,,,,,,,,,,,,,F,F,F,F,F,F,F,F,F,F,F,F,C,C,C,C,C,C,C,C,C,C,C,C,C,,,,,,,,,,,,
EE 632,,,,,,,,,,,,,,,,,,,,,,,,,,,,F,F,F,F,F,F,F,F,F,F,F,F,C,C,C,C,C,C,C,C,C,C,C,C,C,C,C,C,C,C,C,C,C,C,C,C,C
EE 633,,,,,,,,,,,,,,,,,,,,,,,,,,,,F,F,F,F,F,F,F,F,F,F,F,F,C,C,C,C,C,C,C,C,C,C,C,C,C,C,C,C,C,C,C,C,C,C,C,C,C
EE 634,,,,,,,,,,,,,,,,,,,,,,,,,,,,F,F,F,F,F,F,F,F,F,F,F,F,C,C,C,C,C,C,C,C,C,C,C,C,C,C,C,C,C,C,C,C,C,C,C,C,C
EE 635,,,,,,,,,,,,,,,,,,,,,,,,,,,,F,F,F,F,F,F,F,F,F,F,F,F,C,C,C,C,C,C,C,C,C,C,C,C,C,,,,,,,,,,,,
EE 636,,,,,,,,,,,,,,,,,,,,,,,,,,,,F,F,F,F,F,F,F,F,F,F,F,F,C,C,C,C,C,C,C,C,C,C,C,C,C,C,C,C,C,C,C,C,C,C,C,C,C
EE 637,,,,,,,,,,,,,,,,,,,,,,,,,,,,F,F,F,F,F,F,F,F,F,F,F,F,C,C,C,C,C,C,C,C,C,C,C,C,C,,,,,,,,,,,,
EE 638,,,,,,,,,,,,,,,,,,,,,,,,,,,,F,F,F,F,F,F,F,F,F,F,F,F,C,C,C,C,C,C,C,C,C,C,C,C,C,,,,,,,,,,,,
EE 639,,,,,,,,,,,,,,,,,,,,,,,,,,,,F,F,F,F,F,F,,,,,,,,,,,,,,,,,,,,,,,,,,,,,,,
EE 651,,,,,,,,,,,,,,,,,,,,,,,,,,,,F,F,F,F,F,F,F,F,F,F,F,F,C,C,C,C,C,C,C,C,C,C,C,C,C,,,,,,,,,,,,
EE 652,,,,,,,,,,,,,,,,,,,,,,,,,,,,F,F,F,F,F,F,F,F,F,F,F,F,C,C,C,C,C,C,C,C,C,C,C,C,C,,,,,,,,,,,,
EE 653,,,,,,,,,,,,,,,,,,,,,,,,,,,,F,F,F,F,F,F,F,F,F,F,F,F,C,C,C,C,C,C,C,C,C,C,C,C,C,C,C,C,C,C,C,C,C,C,C,C,C
EE 654,,,,,,,,,,,,,,,,,,,,,,,,,,,,F,F,F,F,F,F,F,F,F,F,F,F,C,C,C,C,C,C,C,C,C,C,C,C,C,C,C,C,C,C,C,C,C,C,C,C,C
EE 661,,,,,,,,,,,,,,,,,,,,,,,,,,,,F,F,F,F,F,F,F,F,F,F,F,F,C,C,C,C,C,C,C,C,C,C,C,C,C,,,,,,,,,,,,
EE 662,,,,,,,,,,,,,,,,,,,,,,,,,,,,F,F,F,F,F,F,F,F,F,F,F,F,C,C,C,C,C,C,C,C,C,C,C,C,C,,,,,,,,,,,,
EE 665,,,,,,,,,,,,,,,,,,,,,,,,,,,,F,F,F,F,F,F,F,F,F,F,F,F,C,C,C,C,C,C,C,C,C,C,C,C,C,,,,,,,,,,,,
EE 672,,,,,,,,,,,,,,,,,,,,,,,,,,,,F,F,F,F,F,F,F,F,F,F,F,F,C,C,C,C,C,C,C,C,C,C,C,C,C,C,C,C,C,C,C,C,C,C,C,C,C
EE 680,,,,,,,,,,,,,,,,,,,,,,,,,,,,F,F,F,F,F,F,,,,,,,,,,,,,,,,,,,,,,,,,,,,,,,
EE 68000,,,,,,,,,,,,,,,,,,,,,,,,,,,,F,F,F,F,F,F,F,,,,,,,,,,,,,,,,,,,,,,,,,,,,,,
EE 681,,,,,,,,,,,,,,,,,,,,,,,,,,,,F,F,F,F,F,F,,,,,,,,,,,,,,,,,,,,,,,,,,,,,,,
EE 684,,,,,,,,,,,,,,,,,,,,,,,,,,,,F,F,F,F,F,F,,,,,,,,,,,,,,,,,,,,,,,,,,,,,,,
EE 685,,,,,,,,,,,,,,,,,,,,,,,,,,,,F,F,F,F,F,F,,,,,,,,,,,,,,,,,,,,,,,,,,,,,,,
ENRG 520,,,,,,,,,,,,,,,,,,,,,,,,,,,,F,F,F,F,F,F,F,F,F,F,F,F,C,C,C,C,C,C,C,C,C,C,C,C,C,C,C,C,C,C,C,C,C,C,C,C,C
ENRG 521,,,,,,,,,,,,,,,,,,,,,,,,,,,,F,F,F,F,F,F,F,F,F,F,F,F,C,C,C,C,C,C,C,C,C,C,C,C,C,C,C,C,C,C,C,C,C,C,C,C,C
ENRG 522,,,,,,,,,,,,,,,,,,,,,,,,,,,,F,F,F,F,F,F,F,F,F,F,F,F,C,C,C,C,C,C,C,C,C,C,C,C,C,C,C,C,C,C,C,C,C,C,C,C,C
ENRG 523,,,,,,,,,,,,,,,,,,,,,,,,,,,,F,F,F,F,F,F,F,F,F,F,F,F,C,C,C,C,C,C,C,C,C,C,C,C,C,C,C,C,C,C,C,C,C,C,C,C,C
ENRG 524,,,,,,,,,,,,,,,,,,,,,,,,,,,,F,F,F,F,F,F,F,F,F,F,F,F,C,C,C,C,C,C,C,C,C,C,C,C,C,C,C,C,C,C,C,C,C,C,C,C,C
ENRG 526,,,,,,,,,,,,,,,,,,,,,,,,,,,,F,F,F,F,F,F,F,F,F,F,F,F,C,C,C,C,C,C,C,C,C,C,C,C,C,C,C,C,C,C,C,C,C,C,C,C,C
ENS 509,,,,,,,,,,,,,,,,,,,,,,,,,,,,F,F,F,F,F,F,F,F,F,F,F,F,C,C,C,C,C,C,C,C,,,,,,,,,,,,,,,,,
ENS 511,,,,,,,,,,,,,,,,,,,,,,,,,,,,F,F,F,F,F,F,F,F,F,F,F,F,,,,,,,,,,,,,,,,,,,,,,,,,
ENS 512,,,,,,,,,,,,,,,,,,,,,,,,,,,,F,F,F,F,F,F,F,F,F,,,,,,,,,,,,,,,,,,,,,,,,,,,,
ENS 513,,,,,,,,,,,,,,,,,,,,,,,,,,,,F,F,F,F,F,F,F,F,F,F,F,F,C,C,C,C,C,C,C,C,C,C,C,C,C,C,C,C,C,C,C,C,C,C,C,C,C
ENS 514,,,,,,,,,,,,,,,,,,,,,,,,,,,,F,F,F,F,F,F,F,F,F,F,F,F,C,C,C,C,C,C,C,C,C,C,C,C,C,C,C,C,C,C,C,C,C,C,C,C,C
ENS 516,,,,,,,,,,,,,,,,,,,,,,,,,,,,F,F,F,F,F,F,F,F,F,F,,,,,,,,,,,,,,,,,,,,,,,,,,,
ENS 521,,,,,,,,,,,,,,,,,,,,,,,,,,,,F,F,F,F,F,F,F,F,F,F,F,F,C,C,C,C,C,C,C,C,C,C,C,C,C,C,C,,,,,,,,,,
ENS 525,,,,,,,,,,,,,,,,,,,,,,,,,,,,F,F,F,F,F,F,F,F,F,F,F,F,C,C,C,C,C,C,C,C,C,C,C,C,C,C,C,C,C,C,C,C,C,C,C,C,C
ENS 526,,,,,,,,,,,,,,,,,,,,,,,,,,,,F,F,F,,,,,,,,,,,,,,,,,,,,,,,,,,,,,,,,,,
ENS 555,,,,,,,,,,,,,,,,,,,,,,,,,,,,F,F,F,,,,,,,,,,,,,,,,,,,,,,,,,,,,,,,,,,
ENS 580,,,,,,,,,,,,,,,,,,,,,,,,,,,,F,F,F,F,F,F,,,,,,,,,,,,,,,,,,,,,,,,,,,,,,,
ENS 5803,,,,,,,,,,,,,,,,,,,,,,,,,,,,F,F,F,F,F,F,F,F,F,F,F,F,C,C,C,C,C,C,C,C,C,C,C,C,C,C,,,,,,,,,,,
ENS 581,,,,,,,,,,,,,,,,,,,,,,,,,,,,F,F,F,F,F,F,,,,,,,,,,,,,,,,,,,,,,,,,,,,,,,
ES 501,,,,,,,,,,,,,,,,,,,,,,,,,,,,F,F,F,F,,,,,,,,,,,,,,,,,,,,,,,,,,,,,,,,,
ES 502,,,,,,,,,,,,,,,,,,,,,,,,,,,,F,F,F,F,F,F,F,F,F,F,F,F,C,C,C,C,C,C,C,C,C,C,C,C,C,C,C,C,C,C,C,C,C,C,C,C,C
ES 504,,,,,,,,,,,,,,,,,,,,,,,,,,,,F,F,F,F,F,F,F,F,F,F,F,F,C,C,C,C,C,C,C,C,C,,,,,,,,,,,,,,,,
ES 505,,,,,,,,,,,,,,,,,,,,,,,,,,,,F,F,F,F,F,F,F,F,F,F,F,F,C,C,C,C,C,C,C,C,C,C,C,C,C,C,C,C,C,C,C,C,C,C,C,C,C
ES 507,,,,,,,,,,,,,,,,,,,,,,,,,,,,F,F,F,F,F,F,F,F,F,F,F,F,C,C,C,C,,,,,,,,,,,,,,,,,,,,,
ES 523,,,,,,,,,,,,,,,,,,,,,,,,,,,,F,F,F,F,F,F,,,,,,,,,,,,,,,,,,,,,,,,,,,,,,,
ES 524,,,,,,,,,,,,,,,,,,,,,,,,,,,,F,F,F,F,F,F,F,F,F,F,F,F,C,C,C,C,C,C,C,C,C,C,C,C,C,C,C,C,C,C,C,C,C,C,C,C,C
ES 554,,,,,,,,,,,,,,,,,,,,,,,,,,,,F,F,F,F,F,F,F,F,F,F,F,F,C,C,C,C,C,C,C,C,C,C,C,C,C,C,C,C,C,C,C,C,C,C,C,C,C
ES 592,,,,,,,,,,,,,,,,,,,,,,,,,,,,F,F,F,F,F,F,F,F,F,F,F,F,C,C,C,C,C,C,C,C,C,C,C,C,C,C,C,C,C,C,C,C,C,C,C,C,C
ETM 551,,,,,,,,,,,,,,,,,,,,,,,,,,,,F,F,F,F,F,F,F,F,F,F,F,F,C,C,C,C,C,C,C,C,C,C,C,C,C,C,C,C,C,C,C,C,C,C,C,C,C
ETM 580,,,,,,,,,,,,,,,,,,,,,,,,,,,,F,F,F,F,F,F,F,F,F,F,F,F,C,C,C,C,C,C,C,C,C,C,C,C,C,,,,,,,,,,,,
FILM 524,,,,,,,,,,,,,,,,,,,,,,,,,,,,F,F,F,F,F,F,F,F,F,F,F,F,C,C,C,C,C,C,C,C,C,C,C,C,C,C,C,C,C,,,,,,,,
FILM 535,,,,,,,,,,,,,,,,,,,,,,,,,,,,F,F,F,F,F,F,F,F,F,F,F,F,C,C,C,C,C,C,C,C,C,C,C,C,C,C,C,C,C,,,,,,,,
FILM 536,,,,,,,,,,,,,,,,,,,,,,,,,,,,F,F,F,F,F,F,F,F,F,F,F,F,C,C,C,C,C,C,C,C,C,C,C,C,C,C,C,C,C,,,,,,,,
FIN 552,,,,,,,,,,,,,,,,,,,,,,,,,,,,F,F,F,F,F,F,F,F,F,F,F,F,C,C,C,C,C,C,C,C,C,C,,,,,,,,,,,,,,,
FIN 601,,,,,,,,,,,,,,,,,,,,,,,,,,,,F,F,F,F,F,F,F,F,F,F,F,F,C,C,C,C,C,C,C,C,C,C,C,C,C,C,C,C,C,C,C,C,C,C,C,C,C
FIN 602,,,,,,,,,,,,,,,,,,,,,,,,,,,,F,F,F,F,F,F,F,F,F,F,F,F,C,C,C,C,C,C,C,C,C,C,C,C,C,C,C,C,C,C,C,C,C,C,C,C,C
FIN 611,,,,,,,,,,,,,,,,,,,,,,,,,,,,F,F,F,F,F,F,F,F,F,F,F,F,C,C,C,C,C,C,C,C,C,C,C,C,C,C,C,C,C,C,C,C,C,C,C,C,C
FIN 612,,,,,,,,,,,,,,,,,,,,,,,,,,,,F,F,F,F,F,F,F,F,F,F,F,F,C,C,C,C,C,C,C,C,C,C,C,C,C,C,C,C,C,C,C,C,C,C,C,C,C
FIN 618,,,,,,,,,,,,,,,,,,,,,,,,,,,,F,F,F,F,F,F,F,F,F,F,F,F,C,C,C,C,C,C,C,C,C,C,C,C,C,C,C,C,C,C,C,C,C,C,C,C,C
FIN 619,,,,,,,,,,,,,,,,,,,,,,,,,,,,F,F,F,F,F,F,F,F,F,F,F,F,C,C,C,C,C,C,C,C,C,C,C,C,C,C,C,C,C,C,C,C,C,C,C,C,C
FIN 620,,,,,,,,,,,,,,,,,,,,,,,,,,,,F,F,F,F,F,F,F,F,F,F,F,F,C,C,C,C,C,C,C,C,C,C,C,C,C,C,C,C,C,C,C,C,C,C,C,C,C
FIN 621,,,,,,,,,,,,,,,,,,,,,,,,,,,,F,F,F,F,F,F,F,F,F,F,F,F,C,C,C,C,C,C,C,C,C,C,C,C,C,C,C,C,C,C,C,C,C,C,C,C,C
FIN 622,,,,,,,,,,,,,,,,,,,,,,,,,,,,F,F,F,F,F,F,F,F,F,F,F,F,C,C,C,C,C,C,C,C,C,C,C,C,C,C,C,C,C,C,C,C,C,C,C,C,C
FIN 690,,,,,,,,,,,,,,,,,,,,,,,,,,,,F,F,F,F,F,F,F,F,F,F,F,F,C,C,C,C,C,C,C,C,C,C,C,C,C,C,C,C,C,C,C,C,C,C,C,C,C
GEN 540,,,,,,,,,,,,,,,,,,,,,,,,,,,,F,F,F,F,F,F,F,F,F,F,F,F,C,C,C,C,C,C,C,C,C,C,C,C,C,C,C,C,C,C,C,C,C,C,C,C,C
GEN 541,,,,,,,,,,,,,,,,,,,,,,,,,,,,F,F,F,F,F,F,F,F,F,F,F,F,C,C,C,C,C,C,C,C,C,C,,,,,,,,,,,,,,,
GEN 542,,,,,,,,,,,,,,,,,,,,,,,,,,,,F,F,F,F,F,F,F,F,F,F,F,F,C,C,C,C,C,C,C,C,C,C,C,C,C,C,C,C,C,C,C,C,C,C,C,C,C
GEN 544,,,,,,,,,,,,,,,,,,,,,,,,,,,,F,F,F,F,F,F,F,F,F,F,F,F,C,C,C,C,C,C,C,C,C,C,C,C,C,C,C,C,C,C,C,C,C,C,C,C,C
GEN 585,,,,,,,,,,,,,,,,,,,,,,,,,,,,F,F,F,F,F,F,F,F,F,F,F,F,C,C,C,C,C,C,C,C,C,C,C,C,C,C,C,C,C,C,C,C,C,C,C,C,C
GEN 600,,,,,,,,,,,,,,,,,,,,,,,,,,,,F,F,F,F,F,F,F,F,F,F,F,F,C,C,C,C,C,C,C,C,C,C,C,C,C,C,C,C,C,C,C,C,C,C,C,C,C
GEN 601,,,,,,,,,,,,,,,,,,,,,,,,,,,,F,F,F,F,F,F,F,F,F,F,F,F,C,C,C,C,C,C,C,C,C,C,C,C,C,C,C,C,C,C,C,C,C,C,C,C,C
GEN 605,,,,,,,,,,,,,,,,,,,,,,,,,,,,F,F,F,F,F,F,F,F,F,F,F,F,C,C,C,C,C,C,C,C,C,C,C,C,C,C,C,C,C,C,C,C,C,C,C,C,C
GEN 610,,,,,,,,,,,,,,,,,,,,,,,,,,,,F,F,F,F,F,F,F,F,F,F,F,F,C,C,C,C,C,C,C,C,C,C,C,C,C,C,C,C,C,C,C,C,C,C,C,C,C
GEN 680,,,,,,,,,,,,,,,,,,,,,,,,,,,,F,F,F,F,F,F,F,F,F,F,F,F,C,C,C,C,C,C,C,C,C,C,C,C,C,C,C,C,C,C,C,C,C,C,C,C,C
GEN 690,,,,,,,,,,,,,,,,,,,,,,,,,,,,F,F,F,F,F,F,F,F,F,F,F,F,C,C,C,C,C,C,C,C,C,C,C,C,C,C,C,C,C,C,C,C,C,C,C,C,C
GEN 699,,,,,,,,,,,,,,,,,,,,,,,,,,,,F,F,F,F,F,F,F,F,F,F,F,F,C,C,C,C,C,C,C,C,C,C,C,C,C,C,C,C,C,C,C,C,C,C,C,C,C
GEN 700,,,,,,,,,,,,,,,,,,,,,,,,,,,,F,F,F,F,F,F,F,F,F,F,F,F,C,C,C,C,C,C,C,C,C,C,C,C,C,C,C,C,C,C,C,C,C,C,C,C,C
GR 700E,,,,,,,,,,,,,,,,,,,,,,,,,,,,F,F,F,F,F,F,F,F,F,F,F,F,C,C,C,C,C,C,C,C,C,C,C,C,C,C,C,C,C,C,C,C,C,C,C,C,C
HART 511,,,,,,,,,,,,,,,,,,,,,,,,,,,,F,F,F,F,F,F,F,F,F,F,F,F,C,C,C,C,C,C,C,C,C,C,C,C,C,,,,,,,,,,,,
HART 513,,,,,,,,,,,,,,,,,,,,,,,,,,,,F,F,F,F,F,F,F,F,F,F,F,F,C,C,C,C,C,C,C,C,C,C,C,C,C,C,C,C,C,C,C,C,C,C,C,C,C
HART 514,,,,,,,,,,,,,,,,,,,,,,,,,,,,F,F,F,F,F,F,F,F,F,F,F,F,C,C,C,C,C,C,C,C,C,C,C,C,C,C,C,C,C,,,,,,,,
HART 520,,,,,,,,,,,,,,,,,,,,,,,,,,,,F,F,F,F,F,F,F,F,F,F,F,F,C,C,C,C,C,C,C,C,C,C,C,C,C,C,C,C,C,C,C,C,C,C,C,C,C
HART 521,,,,,,,,,,,,,,,,,,,,,,,,,,,,F,F,F,F,F,F,F,F,F,F,F,F,C,C,C,C,C,C,C,C,C,C,C,C,C,C,C,C,C,,,,,,,,
HART 525,,,,,,,,,,,,,,,,,,,,,,,,,,,,F,F,F,F,F,F,F,F,F,F,F,F,C,C,C,C,C,C,C,C,C,C,C,C,C,C,C,C,C,C,C,C,C,C,C,C,C
HART 532,,,,,,,,,,,,,,,,,,,,,,,,,,,,F,F,F,F,F,F,F,F,F,F,F,F,C,C,C,C,C,C,C,C,C,C,C,C,C,C,C,C,C,C,C,C,C,C,C,C,C
HART 550,,,,,,,,,,,,,,,,,,,,,,,,,,,,F,F,F,F,F,F,F,F,F,F,F,F,C,C,C,C,C,C,C,C,C,C,,,,,,,,,,,,,,,
HART 580,,,,,,,,,,,,,,,,,,,,,,,,,,,,F,F,F,F,F,F,F,F,F,F,F,F,C,C,C,C,C,C,C,C,C,C,C,C,C,,,,,,,,,,,,
HART 623,,,,,,,,,,,,,,,,,,,,,,,,,,,,F,F,F,F,F,F,F,F,F,,,,,,,,,,,,,,,,,,,,,,,,,,,,
HART 626,,,,,,,,,,,,,,,,,,,,,,,,,,,,F,F,F,F,F,F,F,F,F,,,,,,,,,,,,,,,,,,,,,,,,,,,,
HIST 501,,,,,,,,,,,,,,,,,,,,,,,,,,,,F,F,F,F,F,F,F,F,F,F,F,F,C,C,C,C,C,C,C,C,C,C,C,C,C,C,C,C,C,C,C,C,C,C,C,C,C
HIST 502,,,,,,,,,,,,,,,,,,,,,,,,,,,,F,F,F,F,F,F,F,F,F,F,F,F,C,C,C,C,C,C,C,C,C,C,C,C,C,C,C,C,C,C,C,C,C,C,C,C,C
HIST 503,,,,,,,,,,,,,,,,,,,,,,,,,,,,F,F,F,F,F,F,F,F,F,F,F,F,C,C,C,C,C,C,C,C,C,C,C,C,C,,,,,,,,,,,,
HIST 504,,,,,,,,,,,,,,,,,,,,,,,,,,,,F,F,F,F,F,F,F,F,F,F,F,F,C,C,C,C,C,C,C,C,C,C,C,C,C,C,C,C,C,C,C,C,C,C,C,C,C
HIST 506,,,,,,,,,,,,,,,,,,,,,,,,,,,,F,F,F,F,F,F,F,F,F,F,F,F,C,C,C,C,C,C,C,C,C,C,C,C,C,,,,,,,,,,,,
HIST 511,,,,,,,,,,,,,,,,,,,,,,,,,,,,F,F,F,F,F,F,F,F,F,F,F,F,C,C,C,C,C,C,C,C,C,C,C,C,C,C,C,C,C,C,C,C,C,C,C,C,C
HIST 512,,,,,,,,,,,,,,,,,,,,,,,,,,,,F,F,F,F,F,F,F,F,F,F,F,F,C,C,C,C,C,C,C,C,C,C,C,C,C,C,C,C,C,C,C,C,C,C,C,C,C
HIST 513,,,,,,,,,,,,,,,,,,,,,,,,,,,,F,F,F,F,F,F,F,F,F,F,F,F,C,C,C,C,C,C,C,C,C,C,C,C,C,,,,,,,,,,,,
HIST 514,,,,,,,,,,,,,,,,,,,,,,,,,,,,F,F,F,F,F,F,F,F,F,F,F,F,C,C,C,C,C,C,C,C,C,C,C,C,C,,,,,,,,,,,,
HIST 515,,,,,,,,,,,,,,,,,,,,,,,,,,,,F,F,F,F,F,F,F,F,F,F,F,F,C,C,C,C,C,C,C,C,C,C,C,C,,,,,,,,,,,,,
HIST 516,,,,,,,,,,,,,,,,,,,,,,,,,,,,F,F,F,F,F,F,F,F,F,F,F,F,C,C,C,C,C,C,C,C,C,C,C,C,C,,,,,,,,,,,,
HIST 517,,,,,,,,,,,,,,,,,,,,,,,,,,,,F,F,F,F,F,F,F,F,F,F,F,F,C,C,C,C,C,C,C,C,C,C,C,C,,,,,,,,,,,,,
HIST 519,,,,,,,,,,,,,,,,,,,,,,,,,,,,F,F,F,F,F,F,F,F,F,F,F,F,C,C,C,C,C,C,C,C,C,C,C,C,C,,,,,,,,,,,,
HIST 521,,,,,,,,,,,,,,,,,,,,,,,,,,,,F,F,F,F,F,F,F,F,F,F,F,F,C,C,C,C,C,C,C,C,C,C,C,C,C,C,C,C,C,C,C,C,C,C,C,C,C
HIST 524,,,,,,,,,,,,,,,,,,,,,,,,,,,,F,F,F,F,F,F,F,F,F,F,F,F,C,C,C,C,C,C,C,C,C,C,C,C,C,C,C,C,C,C,C,C,C,C,C,C,C
HIST 525,,,,,,,,,,,,,,,,,,,,,,,,,,,,F,F,F,F,F,F,F,F,F,F,F,F,C,C,C,C,C,C,C,C,C,C,C,C,C,C,C,C,C,C,C,C,C,C,C,C,C
HIST 527,,,,,,,,,,,,,,,,,,,,,,,,,,,,F,F,F,F,F,F,F,F,F,F,F,F,C,C,C,C,C,C,C,C,C,C,C,C,C,,,,,,,,,,,,
HIST 531,,,,,,,,,,,,,,,,,,,,,,,,,,,,F,F,F,F,F,F,F,F,F,F,F,F,C,C,C,C,C,C,C,C,C,C,C,C,,,,,,,,,,,,,
HIST 532,,,,,,,,,,,,,,,,,,,,,,,,,,,,F,F,F,F,F,F,F,F,F,F,F,F,C,C,C,C,C,C,,,,,,,,,,,,,,,,,,,
HIST 533,,,,,,,,,,,,,,,,,,,,,,,,,,,,F,F,F,F,F,F,F,F,F,F,F,F,C,C,C,C,C,C,C,C,C,C,C,C,C,,,,,,,,,,,,
HIST 534,,,,,,,,,,,,,,,,,,,,,,,,,,,,F,F,F,F,,,,,,,,,,,,,,,,,,,,,,,,,,,,,,,,,
HIST 535,,,,,,,,,,,,,,,,,,,,,,,,,,,,F,F,F,F,F,F,F,F,F,F,F,F,C,C,C,C,C,C,C,C,C,C,C,C,C,C,C,C,C,C,C,C,C,C,C,C,C
HIST 536,,,,,,,,,,,,,,,,,,,,,,,,,,,,F,F,F,F,F,F,F,F,F,F,F,F,C,C,C,C,C,C,C,C,C,,,,,,,,,,,,,,,,
HIST 538,,,,,,,,,,,,,,,,,,,,,,,,,,,,F,F,F,F,F,F,F,F,F,F,F,F,C,C,C,C,C,C,C,C,C,C,C,C,C,,,,,,,,,,,,
HIST 539,,,,,,,,,,,,,,,,,,,,,,,,,,,,F,F,F,F,F,F,F,F,F,F,F,F,C,C,C,C,C,C,C,C,C,C,C,C,C,C,C,C,C,C,C,C,C,C,C,C,C
HIST 547,,,,,,,,,,,,,,,,,,,,,,,,,,,,F,F,F,F,F,F,F,F,F,F,F,F,C,C,C,C,C,C,C,C,C,C,C,C,C,,,,,,,,,,,,
HIST 549,,,,,,,,,,,,,,,,,,,,,,,,,,,,F,F,F,F,F,F,F,F,F,,,,,,,,,,,,,,,,,,,,,,,,,,,,
HIST 550,,,,,,,,,,,,,,,,,,,,,,,,,,,,F,F,F,F,F,F,F,F,F,F,F,F,C,C,C,C,C,C,C,C,C,C,C,C,C,,,,,,,,,,,,
HIST 553,,,,,,,,,,,,,,,,,,,,,,,,,,,,F,F,F,F,F,F,F,F,F,F,F,F,C,C,C,C,C,C,C,C,C,C,C,C,C,,,,,,,,,,,,
HIST 555,,,,,,,,,,,,,,,,,,,,,,,,,,,,F,F,F,F,F,F,F,F,F,F,F,F,C,C,C,C,C,C,C,C,C,C,C,C,C,,,,,,,,,,,,
HIST 556,,,,,,,,,,,,,,,,,,,,,,,,,,,,F,F,F,F,F,F,F,F,F,F,F,F,C,C,C,C,C,C,C,C,C,C,C,C,C,,,,,,,,,,,,
HIST 561,,,,,,,,,,,,,,,,,,,,,,,,,,,,F,F,F,F,F,F,F,F,F,F,F,F,C,C,C,C,C,C,C,C,C,C,C,C,C,C,C,C,C,C,C,C,C,C,C,C,C
HIST 563,,,,,,,,,,,,,,,,,,,,,,,,,,,,F,F,F,F,F,F,F,F,F,F,F,F,C,C,C,C,C,C,C,C,C,C,C,C,C,,,,,,,,,,,,
HIST 564,,,,,,,,,,,,,,,,,,,,,,,,,,,,F,F,F,F,F,F,F,F,F,F,F,F,C,C,C,C,C,C,C,C,C,C,C,C,C,,,,,,,,,,,,
HIST 565,,,,,,,,,,,,,,,,,,,,,,,,,,,,F,F,F,F,F,F,F,F,F,F,F,F,C,C,C,C,C,C,C,C,C,C,C,C,C,,,,,,,,,,,,
HIST 570,,,,,,,,,,,,,,,,,,,,,,,,,,,,F,F,F,F,F,F,F,F,F,F,F,F,C,C,C,C,C,C,C,C,C,C,C,C,C,,,,,,,,,,,,
HIST 571,,,,,,,,,,,,,,,,,,,,,,,,,,,,F,F,F,F,F,F,F,F,F,F,F,F,C,C,C,C,C,C,C,C,C,C,C,C,C,C,C,C,C,C,C,C,C,C,C,C,C
HIST 572,,,,,,,,,,,,,,,,,,,,,,,,,,,,F,F,F,F,F,F,F,F,F,F,F,F,C,C,C,C,C,C,C,C,C,C,C,C,C,C,C,C,C,C,C,C,C,C,C,C,C
HIST 573,,,,,,,,,,,,,,,,,,,,,,,,,,,,F,F,F,F,F,F,F,F,F,F,F,F,C,C,C,C,C,C,C,C,C,C,C,C,C,C,C,C,C,C,C,C,C,C,C,C,C
HIST 575,,,,,,,,,,,,,,,,,,,,,,,,,,,,F,F,F,F,F,F,F,F,F,F,F,F,C,C,C,C,C,C,C,C,C,C,C,C,C,,,,,,,,,,,,
HIST 576,,,,,,,,,,,,,,,,,,,,,,,,,,,,F,F,F,F,F,F,F,F,F,F,F,F,C,C,C,C,C,C,C,C,C,C,C,C,C,,,,,,,,,,,,
HIST 581,,,,,,,,,,,,,,,,,,,,,,,,,,,,F,F,F,F,F,F,F,F,F,F,F,F,C,C,C,C,C,C,C,C,C,C,C,C,C,C,C,C,C,C,C,C,C,C,C,C,C
HIST 585,,,,,,,,,,,,,,,,,,,,,,,,,,,,F,F,F,F,F,F,F,F,F,F,F,F,C,C,C,,,,,,,,,,,,,,,,,,,,,,
HIST 586,,,,,,,,,,,,,,,,,,,,,,,,,,,,F,F,F,F,F,F,F,F,F,F,F,F,C,C,C,C,C,C,C,C,C,C,C,C,C,,,,,,,,,,,,
HIST 587,,,,,,,,,,,,,,,,,,,,,,,,,,,,F,F,F,F,F,F,F,F,F,F,F,F,C,C,C,C,C,C,C,C,C,C,C,C,C,,,,,,,,,,,,
HIST 588,,,,,,,,,,,,,,,,,,,,,,,,,,,,F,F,F,F,F,F,F,F,F,F,F,F,C,C,C,C,C,C,C,C,C,C,C,C,C,,,,,,,,,,,,
HIST 589,,,,,,,,,,,,,,,,,,,,,,,,,,,,F,F,F,F,F,F,F,F,F,F,F,F,C,C,C,C,C,C,C,C,C,C,C,C,C,C,C,C,C,C,C,C,C,C,C,C,C
HIST 591,,,,,,,,,,,,,,,,,,,,,,,,,,,,F,F,F,F,F,F,F,F,F,F,F,F,C,C,C,C,C,C,C,C,C,C,C,C,C,C,C,C,C,C,C,C,C,C,C,C,C
HIST 592,,,,,,,,,,,,,,,,,,,,,,,,,,,,F,F,F,F,F,F,F,F,F,F,F,F,C,C,C,C,C,C,C,C,C,C,C,C,C,C,C,C,C,C,,,,,,,
HIST 593,,,,,,,,,,,,,,,,,,,,,,,,,,,,F,F,F,F,F,F,F,F,F,F,F,F,C,C,C,C,C,C,C,C,C,C,C,C,C,,,,,,,,,,,,
HIST 596,,,,,,,,,,,,,,,,,,,,,,,,,,,,F,F,F,F,F,F,F,F,F,F,F,F,C,C,C,C,C,C,C,C,C,C,C,C,C,,,,,,,,,,,,
HIST 597,,,,,,,,,,,,,,,,,,,,,,,,,,,,F,F,F,F,F,F,F,F,F,F,F,F,C,C,C,C,C,C,C,C,C,C,C,C,C,,,,,,,,,,,,
HIST 601,,,,,,,,,,,,,,,,,,,,,,,,,,,,F,F,F,F,F,F,F,F,F,F,F,F,C,C,C,C,C,C,C,C,C,C,C,C,C,C,C,C,C,C,C,C,C,C,C,C,C
HIST 602,,,,,,,,,,,,,,,,,,,,,,,,,,,,F,F,F,F,F,F,F,F,F,F,F,F,C,C,C,C,C,C,C,C,C,C,C,C,C,C,C,C,C,C,C,C,C,C,C,C,C
HIST 609,,,,,,,,,,,,,,,,,,,,,,,,,,,,F,F,F,F,F,F,F,F,F,F,F,F,C,C,C,C,C,C,C,C,C,C,C,C,C,C,C,C,C,C,C,C,C,C,C,C,C
HIST 610,,,,,,,,,,,,,,,,,,,,,,,,,,,,F,F,F,F,F,F,F,F,F,F,F,F,C,C,C,C,C,C,C,C,C,C,C,C,C,C,C,C,C,C,C,C,C,C,C,C,C
HIST 611,,,,,,,,,,,,,,,,,,,,,,,,,,,,F,F,F,F,F,F,F,F,F,,,,,,,,,,,,,,,,,,,,,,,,,,,,
HIST 613,,,,,,,,,,,,,,,,,,,,,,,,,,,,F,F,F,F,F,F,F,F,F,F,F,F,C,C,C,C,C,C,C,C,C,C,C,C,C,C,C,C,C,C,C,C,C,C,C,C,C
HIST 621,,,,,,,,,,,,,,,,,,,,,,,,,,,,F,F,F,F,F,F,F,F,F,,,,,,,,,,,,,,,,,,,,,,,,,,,,
HIST 622,,,,,,,,,,,,,,,,,,,,,,,,,,,,F,F,F,F,F,F,F,F,F,,,,,,,,,,,,,,,,,,,,,,,,,,,,
HIST 623,,,,,,,,,,,,,,,,,,,,,,,,,,,,F,F,F,F,F,F,F,F,F,F,F,F,C,C,C,C,C,C,C,C,C,C,C,C,C,,,,,,,,,,,,
HIST 625,,,,,,,,,,,,,,,,,,,,,,,,,,,,F,F,F,F,F,F,F,F,F,F,F,F,C,C,C,C,C,C,C,C,C,C,C,C,C,C,C,C,C,C,C,C,C,C,C,C,C
HIST 631,,,,,,,,,,,,,,,,,,,,,,,,,,,,F,F,F,F,F,F,F,F,F,F,F,F,C,C,C,C,C,C,C,C,C,C,C,C,C,,,,,,,,,,,,
HIST 632,,,,,,,,,,,,,,,,,,,,,,,,,,,,F,F,F,F,F,F,F,F,F,F,F,F,C,C,C,C,C,C,C,C,C,C,C,C,C,,,,,,,,,,,,
HIST 633,,,,,,,,,,,,,,,,,,,,,,,,,,,,F,F,F,F,F,F,F,F,F,F,F,F,C,C,C,C,C,C,C,C,C,C,C,C,C,,,,,,,,,,,,
HIST 634,,,,,,,,,,,,,,,,,,,,,,,,,,,,F,F,F,F,F,F,F,F,F,F,F,F,C,C,C,C,C,C,C,C,C,C,C,C,C,,,,,,,,,,,,
HIST 635,,,,,,,,,,,,,,,,,,,,,,,,,,,,F,F,F,F,F,F,F,F,F,F,F,F,C,C,C,C,C,C,C,C,C,C,C,C,C,,,,,,,,,,,,
HIST 636,,,,,,,,,,,,,,,,,,,,,,,,,,,,F,F,F,F,F,F,F,F,F,F,F,F,C,C,C,C,C,C,C,C,C,C,C,C,C,,,,,,,,,,,,
HIST 637,,,,,,,,,,,,,,,,,,,,,,,,,,,,F,F,F,F,F,F,F,F,F,F,F,F,C,C,C,C,C,C,C,C,C,C,C,C,C,,,,,,,,,,,,
HIST 638,,,,,,,,,,,,,,,,,,,,,,,,,,,,F,F,F,F,F,F,F,F,F,F,F,F,C,C,C,C,C,C,C,C,C,C,C,C,C,,,,,,,,,,,,
HIST 647,,,,,,,,,,,,,,,,,,,,,,,,,,,,F,F,F,F,F,F,F,F,F,,,,,,,,,,,,,,,,,,,,,,,,,,,,
HIST 650,,,,,,,,,,,,,,,,,,,,,,,,,,,,F,F,F,F,F,F,F,F,F,F,F,F,C,C,C,C,C,C,C,C,C,C,C,C,C,,,,,,,,,,,,
HIST 652,,,,,,,,,,,,,,,,,,,,,,,,,,,,F,F,F,F,F,F,F,F,F,,,,,,,,,,,,,,,,,,,,,,,,,,,,
HIST 653,,,,,,,,,,,,,,,,,,,,,,,,,,,,F,F,F,F,F,F,F,F,F,,,,,,,,,,,,,,,,,,,,,,,,,,,,
HIST 664,,,,,,,,,,,,,,,,,,,,,,,,,,,,F,F,F,F,F,F,F,F,F,F,F,F,C,C,C,C,C,C,C,C,C,C,C,C,C,,,,,,,,,,,,
HIST 669,,,,,,,,,,,,,,,,,,,,,,,,,,,,F,F,F,F,F,F,F,F,F,F,F,F,C,C,C,C,C,C,C,C,C,C,C,C,C,,,,,,,,,,,,
HIST 671,,,,,,,,,,,,,,,,,,,,,,,,,,,,F,F,F,F,F,F,F,F,F,F,F,F,C,C,C,C,C,C,C,C,C,C,C,C,C,,,,,,,,,,,,
HIST 672,,,,,,,,,,,,,,,,,,,,,,,,,,,,F,F,F,F,F,F,F,F,F,F,F,F,C,C,C,C,C,C,C,C,C,C,C,C,C,C,C,C,C,C,C,C,C,C,C,C,C
HIST 681,,,,,,,,,,,,,,,,,,,,,,,,,,,,F,F,F,F,F,F,F,F,F,F,F,F,C,C,C,C,C,C,C,C,C,C,C,C,C,C,C,C,C,C,C,C,C,C,C,C,C
HIST 682,,,,,,,,,,,,,,,,,,,,,,,,,,,,F,F,F,F,F,F,F,F,F,F,F,F,C,C,C,C,C,C,C,C,C,C,C,C,C,C,C,C,C,C,C,C,C,C,C,C,C
HIST 689,,,,,,,,,,,,,,,,,,,,,,,,,,,,F,F,F,F,F,F,F,F,F,F,F,F,C,C,C,C,C,C,C,C,C,C,C,C,C,,,,,,,,,,,,
HIST 690,,,,,,,,,,,,,,,,,,,,,,,,,,,,F,F,F,F,F,F,F,F,F,F,F,F,C,C,C,C,C,C,C,C,C,C,C,C,C,,,,,,,,,,,,
HIST 692,,,,,,,,,,,,,,,,,,,,,,,,,,,,F,F,F,F,F,F,F,F,F,F,F,F,C,C,C,C,C,C,C,C,C,C,C,C,C,C,C,C,C,C,C,C,C,C,C,C,C
HIST 694,,,,,,,,,,,,,,,,,,,,,,,,,,,,F,F,F,F,F,F,F,F,F,,,,,,,,,,,,,,,,,,,,,,,,,,,,
HIST 695,,,,,,,,,,,,,,,,,,,,,,,,,,,,F,F,F,F,F,F,F,F,F,F,F,F,C,C,C,C,C,C,C,C,C,C,C,C,C,,,,,,,,,,,,
HIST 696,,,,,,,,,,,,,,,,,,,,,,,,,,,,F,F,F,F,F,F,F,F,F,F,F,F,C,C,C,C,C,C,C,C,C,C,C,C,C,,,,,,,,,,,,
HIST 697,,,,,,,,,,,,,,,,,,,,,,,,,,,,F,F,F,F,F,F,F,F,F,F,F,F,C,C,C,C,C,C,C,C,C,C,C,C,C,,,,,,,,,,,,
HIST 702,,,,,,,,,,,,,,,,,,,,,,,,,,,,F,F,F,F,F,F,F,F,F,F,F,F,C,C,C,C,C,C,C,C,C,C,C,C,C,C,C,C,C,C,C,C,C,C,C,C,C
HIST 712,,,,,,,,,,,,,,,,,,,,,,,,,,,,F,F,F,F,F,F,F,F,F,F,F,F,C,C,C,C,C,C,C,C,C,C,C,C,C,C,C,C,C,C,C,C,C,C,C,C,C
HIST 714,,,,,,,,,,,,,,,,,,,,,,,,,,,,F,F,F,F,F,F,F,F,F,F,F,F,C,C,C,C,C,C,C,C,C,C,C,C,C,C,C,C,C,C,C,C,C,C,C,C,C
HIST 715,,,,,,,,,,,,,,,,,,,,,,,,,,,,F,F,F,F,F,F,F,F,F,F,F,F,C,C,C,C,C,C,C,C,C,C,C,C,C,C,C,C,C,C,C,C,C,C,C,C,C
HIST 742,,,,,,,,,,,,,,,,,,,,,,,,,,,,F,F,F,F,F,F,F,F,F,F,F,F,C,C,C,C,C,C,C,C,C,C,C,C,C,C,C,C,C,C,C,C,C,C,C,C,C
HIST 751,,,,,,,,,,,,,,,,,,,,,,,,,,,,F,F,F,F,F,F,F,F,F,F,F,F,C,C,C,C,C,C,C,C,C,C,C,C,C,C,C,C,C,C,C,C,C,C,C,C,C
HIST 762,,,,,,,,,,,,,,,,,,,,,,,,,,,,F,F,F,F,F,F,F,F,F,F,F,F,C,C,C,C,C,C,C,C,C,C,C,C,C,C,C,C,C,C,C,C,C,C,C,C,C
HIST 771,,,,,,,,,,,,,,,,,,,,,,,,,,,,F,F,F,F,F,F,F,F,F,F,F,F,C,C,C,C,C,C,C,C,C,C,C,C,C,C,C,C,C,C,C,C,C,C,C,C,C
HIST 781,,,,,,,,,,,,,,,,,,,,,,,,,,,,F,F,F,F,F,F,F,F,F,F,F,F,C,C,C,C,C,C,C,C,C,C,C,C,C,C,C,C,C,C,C,C,C,C,C,C,C
HIST 791,,,,,,,,,,,,,,,,,,,,,,,,,,,,F,F,F,F,F,F,F,F,F,F,F,F,C,C,C,C,C,C,C,C,C,C,C,C,C,C,C,C,C,C,C,C,C,C,C,C,C
HIST 799,,,,,,,,,,,,,,,,,,,,,,,,,,,,F,F,F,F,F,F,F,F,F,F,F,F,C,C,C,C,C,C,C,C,C,C,C,C,C,C,C,C,C,C,C,C,C,C,C,C,C
IE 509,,,,,,,,,,,,,,,,,,,,,,,,,,,,F,F,F,F,F,F,F,F,F,F,F,F,C,C,C,C,C,C,C,C,C,C,C,C,C,,,,,,,,,,,,
IE 512,,,,,,,,,,,,,,,,,,,,,,,,,,,,F,F,F,F,F,F,F,F,F,F,F,F,C,C,C,C,C,C,C,C,C,C,C,C,C,C,C,C,C,C,C,C,C,C,C,C,C
IE 514,,,,,,,,,,,,,,,,,,,,,,,,,,,,F,F,F,F,F,F,F,F,F,F,F,F,C,C,C,,,,,,,,,,,,,,,,,,,,,,
IE 515,,,,,,,,,,,,,,,,,,,,,,,,,,,,F,F,F,F,F,F,F,F,F,F,F,F,C,C,C,C,C,C,C,C,C,C,C,C,C,C,C,C,C,C,C,C,C,C,C,C,C
IE 516,,,,,,,,,,,,,,,,,,,,,,,,,,,,F,F,F,F,F,F,F,F,F,F,F,F,,,,,,,,,,,,,,,,,,,,,,,,,
IE 519,,,,,,,,,,,,,,,,,,,,,,,,,,,,F,F,F,F,F,F,F,F,F,F,F,F,C,C,C,C,C,C,C,C,C,C,C,C,C,,,,,,,,,,,,
IE 522,,,,,,,,,,,,,,,,,,,,,,,,,,,,F,F,F,F,F,F,F,F,F,F,F,F,C,,,,,,,,,,,,,,,,,,,,,,,,
IE 525,,,,,,,,,,,,,,,,,,,,,,,,,,,,F,F,F,F,F,F,F,F,F,F,F,F,C,C,C,C,C,C,C,C,C,C,C,C,C,C,C,C,C,C,C,C,C,C,C,C,C
IE 527,,,,,,,,,,,,,,,,,,,,,,,,,,,,F,F,F,F,F,F,F,F,F,F,F,F,C,C,C,C,,,,,,,,,,,,,,,,,,,,,
IE 530,,,,,,,,,,,,,,,,,,,,,,,,,,,,F,F,F,F,F,F,F,F,F,F,F,F,C,C,C,C,C,C,C,C,C,C,C,C,C,C,C,C,C,C,C,C,C,C,C,C,C
IE 532,,,,,,,,,,,,,,,,,,,,,,,,,,,,F,F,F,F,F,F,F,F,F,F,F,F,C,C,C,C,C,C,C,C,C,C,C,C,C,C,C,C,C,C,C,C,C,C,C,C,C
IE 536,,,,,,,,,,,,,,,,,,,,,,,,,,,,F,F,F,F,F,F,F,F,F,F,F,F,C,C,C,C,C,C,C,C,C,C,C,C,C,C,C,C,C,C,C,C,C,C,C,C,C
IE 550,,,,,,,,,,,,,,,,,,,,,,,,,,,,F,F,F,F,F,F,F,F,F,F,F,F,C,C,C,C,C,C,C,C,C,C,C,C,C,C,C,C,C,C,C,C,C,C,C,C,C
IE 553,,,,,,,,,,,,,,,,,,,,,,,,,,,,F,F,F,F,F,F,F,F,F,F,F,F,C,C,C,C,C,C,C,C,C,C,C,C,C,C,C,C,C,C,C,C,C,C,C,C,C
IE 555,,,,,,,,,,,,,,,,,,,,,,,,,,,,F,F,F,F,F,F,F,F,F,F,F,F,C,C,C,C,C,C,C,C,C,C,C,C,C,,,,,,,,,,,,
IE 556,,,,,,,,,,,,,,,,,,,,,,,,,,,,F,F,F,F,F,F,F,F,F,F,F,F,C,C,C,C,C,C,C,C,C,C,C,C,C,,,,,,,,,,,,
IE 563,,,,,,,,,,,,,,,,,,,,,,,,,,,,F,F,F,F,F,F,F,F,F,F,F,F,,,,,,,,,,,,,,,,,,,,,,,,,
IE 564,,,,,,,,,,,,,,,,,,,,,,,,,,,,F,F,F,F,F,F,F,F,F,F,F,F,C,C,C,C,C,C,C,C,C,C,C,C,C,,,,,,,,,,,,
IE 565,,,,,,,,,,,,,,,,,,,,,,,,,,,,F,F,F,F,F,F,F,F,F,F,F,F,,,,,,,,,,,,,,,,,,,,,,,,,
IE 566,,,,,,,,,,,,,,,,,,,,,,,,,,,,F,F,F,F,F,F,F,F,F,F,F,F,,,,,,,,,,,,,,,,,,,,,,,,,
IE 567,,,,,,,,,,,,,,,,,,,,,,,,,,,,F,F,F,F,F,F,F,F,F,F,F,F,C,C,C,C,C,C,C,C,C,C,C,C,C,C,C,C,C,C,C,C,C,C,C,C,C
IE 573,,,,,,,,,,,,,,,,,,,,,,,,,,,,F,F,F,F,F,F,F,F,F,F,F,F,C,C,C,C,C,C,C,C,C,C,C,C,C,C,C,C,C,C,C,C,C,C,C,C,C
IE 580,,,,,,,,,,,,,,,,,,,,,,,,,,,,F,F,F,F,F,F,,,,,,,,,,,,,,,,,,,,,,,,,,,,,,,
IE 58000,,,,,,,,,,,,,,,,,,,,,,,,,,,,F,F,F,F,F,F,F,F,F,F,F,F,C,C,C,C,C,C,C,C,C,C,C,C,C,C,C,C,C,C,C,,,,,,
IE 58001,,,,,,,,,,,,,,,,,,,,,,,,,,,,F,F,F,F,F,F,F,,,,,,,,,,,,,,,,,,,,,,,,,,,,,,
IE 58002,,,,,,,,,,,,,,,,,,,,,,,,,,,,F,F,F,F,F,F,F,F,F,F,F,F,C,,,,,,,,,,,,,,,,,,,,,,,,
IE 58003,,,,,,,,,,,,,,,,,,,,,,,,,,,,F,F,F,F,F,F,F,F,F,F,F,F,C,C,C,C,C,C,C,C,C,C,C,C,C,,,,,,,,,,,,
IE 58004,,,,,,,,,,,,,,,,,,,,,,,,,,,,F,F,F,F,F,F,F,F,F,F,F,F,C,C,C,C,C,C,C,C,C,C,C,C,C,C,C,C,C,C,C,C,C,C,C,C,C
IE 58005,,,,,,,,,,,,,,,,,,,,,,,,,,,,F,F,F,F,F,F,F,F,F,F,F,F,C,C,C,C,C,C,C,C,C,C,C,C,C,,,,,,,,,,,,
IE 58006,,,,,,,,,,,,,,,,,,,,,,,,,,,,F,F,F,F,F,F,F,F,F,F,F,F,C,C,C,C,C,C,C,C,C,C,C,C,C,C,C,C,C,C,C,C,C,C,C,C,C
IE 581,,,,,,,,,,,,,,,,,,,,,,,,,,,,F,F,F,F,F,F,,,,,,,,,,,,,,,,,,,,,,,,,,,,,,,
IE 582,,,,,,,,,,,,,,,,,,,,,,,,,,,,F,F,F,F,F,F,,,,,,,,,,,,,,,,,,,,,,,,,,,,,,,
IE 601,,,,,,,,,,,,,,,,,,,,,,,,,,,,F,F,F,F,F,F,F,F,F,F,F,F,C,C,C,C,C,C,C,C,C,C,C,C,C,C,C,C,C,C,C,C,C,C,C,C,C
IE 602,,,,,,,,,,,,,,,,,,,,,,,,,,,,F,F,F,F,F,F,F,F,,,,,,,,,,,,,,,,,,,,,,,,,,,,,
IE 604,,,,,,,,,,,,,,,,,,,,,,,,,,,,F,F,F,F,F,F,F,F,F,F,F,F,C,C,C,C,C,C,C,C,C,C,C,C,C,C,C,C,C,C,C,C,C,C,C,C,C
IE 605,,,,,,,,,,,,,,,,,,,,,,,,,,,,F,F,,,,,,,,,,,,,,,,,,,,,,,,,,,,,,,,,,,
IE 606,,,,,,,,,,,,,,,,,,,,,,,,,,,,F,F,F,F,F,F,F,F,F,F,F,F,C,C,C,C,C,C,C,C,C,C,C,C,C,C,C,C,C,C,C,C,C,C,C,C,C
IE 609,,,,,,,,,,,,,,,,,,,,,,,,,,,,F,F,F,F,F,F,F,F,F,F,F,F,C,C,C,C,C,C,C,C,C,C,C,C,C,,,,,,,,,,,,
IE 632,,,,,,,,,,,,,,,,,,,,,,,,,,,,F,F,F,F,F,F,F,F,F,F,F,F,C,C,C,C,C,C,C,C,C,C,C,C,C,,,,,,,,,,,,
IE 640,,,,,,,,,,,,,,,,,,,,,,,,,,,,F,F,F,F,F,F,F,F,F,F,F,F,C,C,C,C,C,C,C,C,C,C,C,C,C,C,C,C,C,C,C,C,C,C,C,C,C
IE 680,,,,,,,,,,,,,,,,,,,,,,,,,,,,F,F,F,F,F,F,,,,,,,,,,,,,,,,,,,,,,,,,,,,,,,
IE 681,,,,,,,,,,,,,,,,,,,,,,,,,,,,F,F,F,F,F,F,,,,,,,,,,,,,,,,,,,,,,,,,,,,,,,
IE 682,,,,,,,,,,,,,,,,,,,,,,,,,,,,F,F,F,F,F,F,F,F,F,F,F,F,C,C,C,C,C,C,C,C,C,C,C,C,C,,,,,,,,,,,,
IE 751,,,,,,,,,,,,,,,,,,,,,,,,,,,,F,F,F,F,F,F,F,F,F,F,F,F,C,C,C,C,C,C,C,C,C,C,C,C,C,C,C,C,C,C,C,C,C,C,C,C,C
IE 752,,,,,,,,,,,,,,,,,,,,,,,,,,,,F,F,F,F,F,F,F,F,F,F,F,F,C,C,C,C,C,C,C,C,C,C,C,C,C,C,C,C,C,C,C,C,C,C,C,C,C
IF 501,,,,,,,,,,,,,,,,,,,,,,,,,,,,F,F,F,F,F,F,F,F,F,F,F,F,C,C,C,C,C,C,C,C,C,,,,,,,,,,,,,,,,
IR 501,,,,,,,,,,,,,,,,,,,,,,,,,,,,F,F,F,F,F,F,F,F,F,F,F,F,C,C,C,C,C,C,C,C,C,C,C,C,C,C,C,C,C,C,C,C,C,C,C,C,C
IR 510,,,,,,,,,,,,,,,,,,,,,,,,,,,,F,F,F,F,F,F,F,F,F,F,F,F,C,C,C,C,C,C,C,C,C,C,C,C,C,C,C,C,C,C,C,C,C,C,C,C,C
IR 537,,,,,,,,,,,,,,,,,,,,,,,,,,,,F,F,F,,,,,,,,,,,,,,,,,,,,,,,,,,,,,,,,,,
IR 592,,,,,,,,,,,,,,,,,,,,,,,,,,,,F,F,F,F,F,F,F,F,F,F,F,F,C,C,C,C,C,C,C,C,C,C,C,C,C,C,C,C,C,C,C,C,C,C,C,C,C
IR 597,,,,,,,,,,,,,,,,,,,,,,,,,,,,F,F,F,F,F,F,F,F,F,F,F,F,C,C,C,C,C,C,C,C,C,C,C,C,C,C,C,C,C,C,C,C,C,C,C,C,C
LAW 504,,,,,,,,,,,,,,,,,,,,,,,,,,,,F,F,F,,,,,,,,,,,,,,,,,,,,,,,,,,,,,,,,,,
LAW 511,,,,,,,,,,,,,,,,,,,,,,,,,,,,F,F,F,F,F,F,F,F,F,F,F,F,C,C,C,C,C,C,C,C,C,C,C,C,C,C,C,C,C,C,C,C,C,C,C,C,C
LAW 512,,,,,,,,,,,,,,,,,,,,,,,,,,,,F,F,F,F,F,F,F,F,F,F,F,F,C,C,C,C,C,C,C,C,C,C,C,C,C,C,C,C,C,C,C,C,C,C,C,C,C
LIT 534,,,,,,,,,,,,,,,,,,,,,,,,,,,,F,F,F,F,F,F,F,F,F,F,F,F,,,,,,,,,,,,,,,,,,,,,,,,,
LIT 540,,,,,,,,,,,,,,,,,,,,,,,,,,,,F,F,F,F,F,F,F,F,F,F,F,F,C,C,C,C,C,C,C,C,C,C,C,C,C,C,C,C,C,C,C,C,C,C,C,C,C
LIT 545,,,,,,,,,,,,,,,,,,,,,,,,,,,,F,F,F,F,F,F,F,F,F,F,F,F,C,C,C,C,C,C,C,C,C,C,C,C,C,C,C,C,C,C,C,C,C,C,C,C,C
LIT 559,,,,,,,,,,,,,,,,,,,,,,,,,,,,F,F,F,F,F,F,F,F,F,F,F,F,C,C,C,C,C,C,C,C,C,C,C,C,C,C,C,C,C,C,C,C,C,C,C,C,C
LIT 594,,,,,,,,,,,,,,,,,,,,,,,,,,,,F,F,F,F,F,F,F,F,F,F,F,F,C,C,C,C,C,C,C,C,C,C,C,C,C,C,C,C,C,C,C,C,C,C,C,C,C
LIT 692,,,,,,,,,,,,,,,,,,,,,,,,,,,,F,F,F,F,F,F,F,F,F,F,F,F,C,C,C,C,,,,,,,,,,,,,,,,,,,,,
MATH 501,,,,,,,,,,,,,,,,,,,,,,,,,,,,F,F,F,F,F,F,F,F,F,F,F,F,C,C,C,C,C,C,C,C,C,C,C,C,C,C,C,C,C,C,C,C,C,C,C,C,C
MATH 502,,,,,,,,,,,,,,,,,,,,,,,,,,,,F,F,F,F,F,F,F,F,F,F,F,F,C,C,C,C,C,C,C,C,C,C,C,C,C,C,C,C,C,C,C,C,C,C,C,C,C
MATH 505,,,,,,,,,,,,,,,,,,,,,,,,,,,,F,F,F,F,F,F,F,F,F,F,F,F,C,C,C,C,C,C,C,C,C,C,C,C,C,C,C,C,C,C,C,C,C,C,C,C,C
MATH 511,,,,,,,,,,,,,,,,,,,,,,,,,,,,F,F,F,F,F,F,F,F,F,F,F,F,C,C,C,C,C,C,C,C,C,C,C,C,C,C,C,C,C,C,C,C,C,C,C,C,C
MATH 512,,,,,,,,,,,,,,,,,,,,,,,,,,,,F,F,F,F,F,F,F,F,F,F,F,F,C,C,C,C,C,C,C,C,C,C,C,C,C,C,C,C,C,C,C,C,C,C,C,C,C
MATH 514,,,,,,,,,,,,,,,,,,,,,,,,,,,,F,F,F,F,F,F,F,F,F,F,F,F,C,C,C,C,C,C,C,C,C,C,C,C,C,C,C,C,C,C,C,C,C,C,C,C,C
MATH 516,,,,,,,,,,,,,,,,,,,,,,,,,,,,F,F,F,F,F,F,F,F,F,F,F,F,C,C,C,C,C,C,C,C,C,C,C,C,C,,,,,,,,,,,,
MATH 517,,,,,,,,,,,,,,,,,,,,,,,,,,,,F,F,F,F,F,F,F,F,F,F,F,F,C,C,C,C,C,C,C,C,C,C,C,C,C,,,,,,,,,,,,
MATH 518,,,,,,,,,,,,,,,,,,,,,,,,,,,,F,F,F,F,F,F,F,F,F,F,F,F,C,C,C,C,C,C,C,C,C,C,C,C,C,,,,,,,,,,,,
MATH 519,,,,,,,,,,,,,,,,,,,,,,,,,,,,F,F,F,F,F,F,F,F,F,F,F,F,C,C,C,C,C,C,C,C,C,C,C,C,C,C,C,C,C,C,C,C,C,C,C,C,C
MATH 520,,,,,,,,,,,,,,,,,,,,,,,,,,,,F,F,F,F,F,F,F,F,F,F,F,F,C,C,C,C,C,C,C,C,C,C,C,C,C,,,,,,,,,,,,
MATH 522,,,,,,,,,,,,,,,,,,,,,,,,,,,,F,F,F,F,F,F,F,F,F,F,F,F,C,C,C,C,C,C,C,C,C,C,C,C,,,,,,,,,,,,,
MATH 523,,,,,,,,,,,,,,,,,,,,,,,,,,,,F,F,F,F,F,F,F,F,F,F,F,F,C,C,C,C,C,C,,,,,,,,,,,,,,,,,,,
MATH 524,,,,,,,,,,,,,,,,,,,,,,,,,,,,F,F,F,F,F,F,F,F,F,F,F,F,C,C,C,C,C,C,C,C,C,C,C,C,C,C,C,C,C,C,C,C,C,C,C,C,C
MATH 526,,,,,,,,,,,,,,,,,,,,,,,,,,,,F,F,F,F,F,F,F,F,F,F,F,F,C,C,C,C,C,C,C,C,C,C,C,C,,,,,,,,,,,,,
MATH 527,,,,,,,,,,,,,,,,,,,,,,,,,,,,F,F,F,F,F,F,F,F,F,F,F,F,C,C,C,C,C,C,,,,,,,,,,,,,,,,,,,
MATH 528,,,,,,,,,,,,,,,,,,,,,,,,,,,,F,F,F,F,F,F,F,F,F,F,F,F,C,C,C,C,C,C,C,C,C,C,C,C,C,C,C,C,C,C,C,C,C,C,C,C,C
MATH 532,,,,,,,,,,,,,,,,,,,,,,,,,,,,F,F,F,F,F,F,F,F,F,F,F,F,C,C,C,C,C,C,C,C,C,,,,,,,,,,,,,,,,
MATH 541,,,,,,,,,,,,,,,,,,,,,,,,,,,,F,F,F,F,F,F,F,F,F,F,F,F,C,,,,,,,,,,,,,,,,,,,,,,,,
MATH 542,,,,,,,,,,,,,,,,,,,,,,,,,,,,F,F,F,F,F,F,F,F,F,F,F,F,C,C,C,C,C,C,C,C,C,C,C,C,,,,,,,,,,,,,
MATH 543,,,,,,,,,,,,,,,,,,,,,,,,,,,,F,F,F,F,F,F,F,F,F,F,F,F,C,C,C,C,C,C,C,C,C,C,C,C,C,C,C,C,C,C,C,C,C,C,C,C,C
MATH 546,,,,,,,,,,,,,,,,,,,,,,,,,,,,F,F,F,F,F,F,F,F,F,F,F,F,C,C,C,C,C,C,C,C,C,C,C,C,C,C,C,C,C,C,C,C,C,C,C,C,C
MATH 547,,,,,,,,,,,,,,,,,,,,,,,,,,,,F,F,F,F,F,F,F,F,F,F,F,F,C,C,C,C,C,C,C,C,C,C,C,C,C,C,C,C,C,C,C,C,C,C,C,C,C
MATH 555,,,,,,,,,,,,,,,,,,,,,,,,,,,,F,F,F,F,F,F,F,F,F,F,F,F,C,C,C,C,C,C,C,C,C,C,C,C,C,C,C,C,C,C,C,C,C,C,C,C,C
MATH 561,,,,,,,,,,,,,,,,,,,,,,,,,,,,F,F,F,F,F,F,F,F,F,F,F,F,C,C,C,C,C,C,C,C,C,C,C,C,C,C,C,C,C,C,C,C,C,C,C,C,C
MATH 571,,,,,,,,,,,,,,,,,,,,,,,,,,,,F,F,F,F,F,F,F,F,F,F,F,F,C,C,C,C,C,C,C,C,C,C,C,C,C,C,C,C,C,C,C,C,C,C,C,C,C
MATH 572,,,,,,,,,,,,,,,,,,,,,,,,,,,,F,F,F,F,F,F,F,F,F,F,F,F,C,C,C,C,C,C,C,C,C,C,C,C,C,C,C,C,C,C,C,C,C,C,C,C,C
MATH 573,,,,,,,,,,,,,,,,,,,,,,,,,,,,F,F,F,F,F,F,F,F,F,F,F,F,C,C,C,C,C,C,C,C,C,C,C,C,C,C,C,C,C,C,C,C,C,C,C,C,C
MATH 574,,,,,,,,,,,,,,,,,,,,,,,,,,,,F,F,F,F,F,F,F,F,F,F,F,F,C,C,C,C,C,C,C,C,C,C,C,C,C,C,C,C,C,C,C,C,C,C,C,C,C
MATH 575,,,,,,,,,,,,,,,,,,,,,,,,,,,,F,F,F,F,,,,,,,,,,,,,,,,,,,,,,,,,,,,,,,,,
MATH 578,,,,,,,,,,,,,,,,,,,,,,,,,,,,F,F,F,F,F,F,F,F,F,F,F,F,C,C,C,C,C,C,C,C,C,C,C,C,C,C,C,C,C,C,C,C,C,C,C,C,C
MATH 579,,,,,,,,,,,,,,,,,,,,,,,,,,,,F,F,F,F,F,F,F,F,F,F,F,F,C,C,C,C,C,C,C,C,C,C,C,C,C,,,,,,,,,,,,
MATH 58000,,,,,,,,,,,,,,,,,,,,,,,,,,,,F,F,F,F,F,F,F,F,F,F,F,F,C,C,C,C,C,C,C,C,C,,,,,,,,,,,,,,,,
MATH 58001,,,,,,,,,,,,,,,,,,,,,,,,,,,,F,F,F,F,F,F,F,F,F,F,F,F,C,C,C,C,C,C,C,C,C,C,C,C,C,C,C,C,C,C,C,C,C,C,C,C,C
MATH 58002,,,,,,,,,,,,,,,,,,,,,,,,,,,,F,F,F,F,F,F,F,F,F,F,F,F,C,C,C,C,C,C,C,C,C,C,C,C,C,C,C,C,C,C,C,C,C,C,C,C,C
MATH 58003,,,,,,,,,,,,,,,,,,,,,,,,,,,,F,F,F,F,F,F,F,F,F,F,F,F,C,C,C,C,C,C,C,C,C,C,C,C,C,C,C,C,C,C,C,C,C,C,C,C,C
MATH 58004,,,,,,,,,,,,,,,,,,,,,,,,,,,,F,F,F,F,F,F,F,F,F,F,F,F,C,C,C,C,C,C,C,C,C,C,C,C,C,,,,,,,,,,,,
MATH 58005,,,,,,,,,,,,,,,,,,,,,,,,,,,,F,F,F,F,F,F,F,F,F,F,F,F,C,C,C,C,C,C,,,,,,,,,,,,,,,,,,,
MATH 58006,,,,,,,,,,,,,,,,,,,,,,,,,,,,F,F,F,F,F,F,F,F,F,F,F,F,C,C,C,C,C,C,,,,,,,,,,,,,,,,,,,
MATH 581,,,,,,,,,,,,,,,,,,,,,,,,,,,,F,F,F,F,F,F,,,,,,,,,,,,,,,,,,,,,,,,,,,,,,,
MATH 584,,,,,,,,,,,,,,,,,,,,,,,,,,,,F,F,F,F,F,F,F,F,F,F,F,F,C,C,C,C,C,C,C,C,C,C,C,C,C,C,C,C,C,C,C,C,C,C,C,C,C
MATH 601,,,,,,,,,,,,,,,,,,,,,,,,,,,,F,F,F,F,F,F,,,,,,,,,,,,,,,,,,,,,,,,,,,,,,,
MATH 602,,,,,,,,,,,,,,,,,,,,,,,,,,,,F,F,F,F,F,F,,,,,,,,,,,,,,,,,,,,,,,,,,,,,,,
MATH 603,,,,,,,,,,,,,,,,,,,,,,,,,,,,F,F,F,F,F,F,F,F,F,F,F,F,C,C,C,C,C,C,C,C,C,C,C,C,C,C,C,C,C,C,C,C,C,C,C,C,C
MATH 604,,,,,,,,,,,,,,,,,,,,,,,,,,,,F,F,F,F,F,F,F,F,F,F,F,F,C,C,C,C,C,C,C,C,C,C,C,C,C,C,C,C,C,C,C,C,C,C,C,C,C
MATH 612,,,,,,,,,,,,,,,,,,,,,,,,,,,,F,F,F,F,F,F,,,,,,,,,,,,,,,,,,,,,,,,,,,,,,,
MATH 613,,,,,,,,,,,,,,,,,,,,,,,,,,,,F,F,F,F,F,F,,,,,,,,,,,,,,,,,,,,,,,,,,,,,,,
MATH 615,,,,,,,,,,,,,,,,,,,,,,,,,,,,F,F,F,F,F,F,,,,,,,,,,,,,,,,,,,,,,,,,,,,,,,
MATH 616,,,,,,,,,,,,,,,,,,,,,,,,,,,,F,F,F,F,F,F,,,,,,,,,,,,,,,,,,,,,,,,,,,,,,,
MATH 617,,,,,,,,,,,,,,,,,,,,,,,,,,,,F,F,F,F,F,F,,,,,,,,,,,,,,,,,,,,,,,,,,,,,,,
MATH 618,,,,,,,,,,,,,,,,,,,,,,,,,,,,F,F,F,F,F,F,,,,,,,,,,,,,,,,,,,,,,,,,,,,,,,
MATH 621,,,,,,,,,,,,,,,,,,,,,,,,,,,,F,F,F,F,F,F,,,,,,,,,,,,,,,,,,,,,,,,,,,,,,,
MATH 622,,,,,,,,,,,,,,,,,,,,,,,,,,,,F,F,F,F,F,F,,,,,,,,,,,,,,,,,,,,,,,,,,,,,,,
MATH 631,,,,,,,,,,,,,,,,,,,,,,,,,,,,F,F,F,F,F,F,,,,,,,,,,,,,,,,,,,,,,,,,,,,,,,
MATH 632,,,,,,,,,,,,,,,,,,,,,,,,,,,,F,F,F,F,F,F,,,,,,,,,,,,,,,,,,,,,,,,,,,,,,,
MATH 636,,,,,,,,,,,,,,,,,,,,,,,,,,,,F,F,F,F,F,F,F,F,F,F,F,F,C,C,C,C,C,C,C,C,C,C,C,C,C,,,,,,,,,,,,
MATH 637,,,,,,,,,,,,,,,,,,,,,,,,,,,,F,F,F,F,F,F,,,,,,,,,,,,,,,,,,,,,,,,,,,,,,,
MATH 638,,,,,,,,,,,,,,,,,,,,,,,,,,,,F,F,F,F,F,F,,,,,,,,,,,,,,,,,,,,,,,,,,,,,,,
MATH 639,,,,,,,,,,,,,,,,,,,,,,,,,,,,F,F,F,F,F,F,F,F,F,F,F,F,C,C,C,C,C,C,C,,,,,,,,,,,,,,,,,,
MATH 68001,,,,,,,,,,,,,,,,,,,,,,,,,,,,F,F,F,F,F,F,F,,,,,,,,,,,,,,,,,,,,,,,,,,,,,,
MATH 68002,,,,,,,,,,,,,,,,,,,,,,,,,,,,F,F,F,F,F,F,F,F,F,F,F,F,C,C,C,C,C,C,C,C,C,C,C,C,,,,,,,,,,,,,
MATH 68003,,,,,,,,,,,,,,,,,,,,,,,,,,,,F,F,F,F,F,F,F,F,F,F,F,F,C,C,C,C,C,C,,,,,,,,,,,,,,,,,,,
MATH 68004,,,,,,,,,,,,,,,,,,,,,,,,,,,,F,F,F,F,F,F,F,F,F,F,F,F,C,C,C,C,C,C,C,C,C,C,C,C,C,C,C,C,C,C,C,C,C,C,C,C,C
MATH 68005,,,,,,,,,,,,,,,,,,,,,,,,,,,,F,F,F,F,F,F,F,F,F,F,F,F,C,C,C,C,C,C,C,C,C,C,C,C,C,C,C,C,C,C,C,C,C,C,C,C,C
MATH 68006,,,,,,,,,,,,,,,,,,,,,,,,,,,,F,F,F,F,F,F,F,F,F,F,F,F,C,C,C,C,C,C,C,C,C,,,,,,,,,,,,,,,,
MATH 68007,,,,,,,,,,,,,,,,,,,,,,,,,,,,F,F,F,F,F,F,F,F,F,F,F,F,C,C,C,C,C,C,C,C,C,C,C,C,C,C,C,C,C,C,C,C,C,C,C,C,C
MATH 68008,,,,,,,,,,,,,,,,,,,,,,,,,,,,F,F,F,F,F,F,F,F,F,F,F,F,C,C,C,C,C,C,C,C,C,C,C,C,C,C,C,C,C,C,C,C,C,C,C,C,C
MAT 501,,,,,,,,,,,,,,,,,,,,,,,,,,,,F,F,F,F,F,F,F,F,F,F,F,F,C,C,C,C,C,C,C,C,C,C,C,C,C,C,C,C,C,C,C,C,C,C,C,C,C
MAT 502,,,,,,,,,,,,,,,,,,,,,,,,,,,,F,F,F,F,F,F,F,F,F,F,F,F,C,C,C,C,C,C,C,C,C,C,C,C,C,C,C,C,C,C,C,C,C,C,C,C,C
MAT 504,,,,,,,,,,,,,,,,,,,,,,,,,,,,F,F,F,F,F,F,F,F,F,F,F,F,C,C,C,C,C,C,C,C,C,C,C,C,C,C,C,C,C,C,C,C,C,C,C,C,C
MAT 505,,,,,,,,,,,,,,,,,,,,,,,,,,,,F,F,F,F,F,F,F,F,F,F,F,F,C,C,C,C,C,C,C,C,C,C,C,C,C,C,C,C,C,C,C,C,C,C,C,C,C
MAT 509,,,,,,,,,,,,,,,,,,,,,,,,,,,,F,F,F,F,F,F,F,F,F,F,F,F,C,C,C,C,C,C,C,C,C,C,C,C,C,C,C,C,C,C,C,C,C,C,C,C,C
MAT 510,,,,,,,,,,,,,,,,,,,,,,,,,,,,F,F,F,,,,,,,,,,,,,,,,,,,,,,,,,,,,,,,,,,
MAT 511,,,,,,,,,,,,,,,,,,,,,,,,,,,,F,F,F,F,F,F,F,F,F,F,F,F,C,C,C,C,C,C,C,C,C,C,C,C,C,C,C,C,C,C,C,C,C,C,C,C,C
MAT 514,,,,,,,,,,,,,,,,,,,,,,,,,,,,F,F,F,F,F,F,F,F,F,F,F,F,C,C,C,C,C,C,C,C,C,C,C,C,C,C,C,C,C,C,C,C,C,C,C,C,C
MAT 516,,,,,,,,,,,,,,,,,,,,,,,,,,,,F,F,F,F,F,F,F,F,F,F,F,F,C,C,C,C,C,C,C,C,C,C,C,C,C,C,C,C,C,C,C,C,C,C,C,C,C
MAT 518,,,,,,,,,,,,,,,,,,,,,,,,,,,,F,F,F,F,F,F,F,F,F,F,F,F,C,C,C,C,C,C,C,C,C,,,,,,,,,,,,,,,,
MAT 520,,,,,,,,,,,,,,,,,,,,,,,,,,,,F,F,F,F,F,F,F,F,F,F,F,F,C,C,C,C,C,C,C,C,C,C,C,C,C,C,C,C,C,C,C,C,C,C,C,C,C
MAT 521,,,,,,,,,,,,,,,,,,,,,,,,,,,,F,F,F,F,F,F,F,F,F,F,F,F,C,C,C,C,C,C,C,C,C,C,C,C,C,C,C,C,C,C,C,C,C,C,C,C,C
MAT 522,,,,,,,,,,,,,,,,,,,,,,,,,,,,F,F,F,F,F,F,F,F,F,F,F,F,C,C,C,C,C,C,C,C,C,C,C,C,C,C,C,C,C,C,C,C,C,C,C,C,C
MAT 523,,,,,,,,,,,,,,,,,,,,,,,,,,,,F,F,F,F,F,F,F,F,F,F,F,F,C,C,C,C,C,C,C,C,C,C,C,C,C,C,C,C,C,C,C,C,C,C,C,C,C
MAT 524,,,,,,,,,,,,,,,,,,,,,,,,,,,,F,F,F,F,F,F,F,F,F,F,F,F,C,C,C,C,C,C,C,C,C,C,C,C,C,,,,,,,,,,,,
MAT 525,,,,,,,,,,,,,,,,,,,,,,,,,,,,F,F,F,F,F,F,F,F,F,F,F,F,C,C,C,C,C,C,C,C,C,C,C,C,C,C,C,C,C,C,C,C,C,C,C,C,C
MAT 526,,,,,,,,,,,,,,,,,,,,,,,,,,,,F,F,F,F,F,F,F,F,F,F,F,F,C,C,C,C,C,C,C,C,C,C,C,C,C,C,C,C,C,C,C,C,C,C,C,C,C
MAT 528,,,,,,,,,,,,,,,,,,,,,,,,,,,,F,F,F,F,F,F,F,F,F,F,F,F,C,C,C,C,C,C,C,C,C,C,C,C,C,C,C,C,C,C,C,C,C,C,C,C,C
MAT 542,,,,,,,,,,,,,,,,,,,,,,,,,,,,F,F,F,F,F,F,F,F,F,F,F,F,C,C,C,C,C,C,C,C,C,C,C,C,C,C,C,C,C,C,C,C,C,C,C,C,C
MAT 560,,,,,,,,,,,,,,,,,,,,,,,,,,,,F,F,F,F,F,F,F,F,F,F,F,F,C,C,C,C,C,C,C,C,C,C,C,C,C,,,,,,,,,,,,
MAT 570,,,,,,,,,,,,,,,,,,,,,,,,,,,,F,F,F,F,F,F,F,F,F,F,F,F,C,C,C,C,C,C,C,C,C,C,C,C,C,,,,,,,,,,,,
MAT 571,,,,,,,,,,,,,,,,,,,,,,,,,,,,F,F,F,F,F,F,F,F,F,F,F,F,C,C,C,C,C,C,C,C,C,C,C,C,C,C,C,C,C,C,C,C,C,C,C,C,C
MAT 580,,,,,,,,,,,,,,,,,,,,,,,,,,,,F,F,F,F,F,F,,,,,,,,,,,,,,,,,,,,,,,,,,,,,,,
MAT 58000,,,,,,,,,,,,,,,,,,,,,,,,,,,,F,F,F,F,F,F,F,F,F,F,F,F,C,C,C,C,C,C,C,C,C,C,C,C,C,C,C,C,C,C,C,C,C,C,C,C,C
MAT 58001,,,,,,,,,,,,,,,,,,,,,,,,,,,,F,F,F,F,F,F,F,F,F,F,F,F,C,C,C,C,C,C,C,C,C,C,C,C,C,C,C,C,C,C,,,,,,,
MAT 58005,,,,,,,,,,,,,,,,,,,,,,,,,,,,F,F,F,F,F,F,F,F,F,F,F,F,C,C,C,C,C,C,C,C,C,C,C,C,C,C,C,C,C,C,C,C,,,,,
MAT 581,,,,,,,,,,,,,,,,,,,,,,,,,,,,F,F,F,F,F,F,,,,,,,,,,,,,,,,,,,,,,,,,,,,,,,
MAT 630,,,,,,,,,,,,,,,,,,,,,,,,,,,,F,F,F,F,F,F,F,F,F,F,F,F,C,C,C,C,C,C,C,C,C,C,C,C,C,C,C,C,C,C,C,C,C,C,C,C,C
MAT 632,,,,,,,,,,,,,,,,,,,,,,,,,,,,F,F,F,F,F,F,F,F,F,F,F,F,C,C,C,C,C,C,C,C,C,C,C,C,C,,,,,,,,,,,,
MAT 671,,,,,,,,,,,,,,,,,,,,,,,,,,,,F,F,F,F,F,F,F,F,F,F,F,F,C,C,C,C,C,C,C,C,C,C,C,C,C,C,C,C,C,C,C,C,C,C,C,C,C
MAT 672,,,,,,,,,,,,,,,,,,,,,,,,,,,,F,F,F,F,F,F,F,F,F,F,F,F,C,C,C,C,C,C,C,C,C,C,C,C,,,,,,,,,,,,,
MAT 680,,,,,,,,,,,,,,,,,,,,,,,,,,,,F,F,F,F,F,F,,,,,,,,,,,,,,,,,,,,,,,,,,,,,,,
MAT 68000,,,,,,,,,,,,,,,,,,,,,,,,,,,,F,F,F,F,F,F,F,F,F,F,F,F,C,C,C,C,C,C,C,C,C,C,C,C,C,C,C,C,C,C,C,C,C,C,C,C,C
MAT 68001,,,,,,,,,,,,,,,,,,,,,,,,,,,,F,F,F,F,F,F,F,F,F,F,F,F,C,C,C,C,C,C,C,C,C,C,C,C,C,,,,,,,,,,,,
MAT 68002,,,,,,,,,,,,,,,,,,,,,,,,,,,,F,F,F,F,F,F,F,F,F,F,F,F,C,C,C,C,C,C,C,C,C,C,C,C,C,,,,,,,,,,,,
MAT 68003,,,,,,,,,,,,,,,,,,,,,,,,,,,,F,F,F,F,F,F,F,F,F,F,F,F,C,C,C,C,C,C,C,C,C,C,C,C,C,C,C,C,C,C,C,C,C,C,C,C,C
MAT 68004,,,,,,,,,,,,,,,,,,,,,,,,,,,,F,F,F,F,F,F,F,F,F,F,F,F,C,C,C,C,C,C,C,C,C,C,C,C,C,C,C,C,C,C,C,C,C,C,C,C,C
MAT 68005,,,,,,,,,,,,,,,,,,,,,,,,,,,,F,F,F,F,F,F,F,F,F,F,F,F,C,C,C,C,C,C,C,C,C,C,C,C,C,C,C,C,C,C,C,C,C,C,C,C,C
MAT 681,,,,,,,,,,,,,,,,,,,,,,,,,,,,F,F,F,F,F,F,,,,,,,,,,,,,,,,,,,,,,,,,,,,,,,
ME 501,,,,,,,,,,,,,,,,,,,,,,,,,,,,F,F,F,F,F,F,F,F,F,F,F,F,C,C,C,C,C,C,C,C,C,C,C,C,C,,,,,,,,,,,,
ME 502,,,,,,,,,,,,,,,,,,,,,,,,,,,,F,F,F,F,F,F,F,F,F,F,F,F,C,C,C,C,C,C,C,C,C,C,C,C,C,C,C,C,C,C,C,C,C,C,C,C,C
ME 503,,,,,,,,,,,,,,,,,,,,,,,,,,,,F,F,F,F,F,F,F,F,F,F,F,F,C,C,C,C,C,C,C,C,C,C,C,C,C,C,C,C,C,C,C,C,C,C,C,C,C
ME 505,,,,,,,,,,,,,,,,,,,,,,,,,,,,F,F,F,F,F,F,F,F,F,F,F,F,C,C,C,C,C,C,C,C,C,C,C,C,C,C,C,C,C,C,C,C,C,C,C,C,C
ME 507,,,,,,,,,,,,,,,,,,,,,,,,,,,,F,F,F,F,F,F,F,F,F,F,F,F,C,C,C,C,C,C,C,C,C,C,C,C,C,C,C,C,C,C,C,C,C,C,C,C,C
ME 508,,,,,,,,,,,,,,,,,,,,,,,,,,,,F,F,F,F,F,F,F,F,F,F,F,F,C,C,C,C,C,C,C,C,C,C,C,C,C,C,C,C,C,C,C,C,C,C,C,C,C
ME 509,,,,,,,,,,,,,,,,,,,,,,,,,,,,F,F,F,F,F,F,F,F,F,F,F,F,C,C,C,C,C,C,C,C,C,C,C,C,C,,,,,,,,,,,,
ME 512,,,,,,,,,,,,,,,,,,,,,,,,,,,,F,F,F,F,F,F,F,F,F,F,F,F,C,C,C,C,C,C,C,C,C,C,C,C,C,C,C,C,C,C,C,C,C,C,C,C,C
ME 514,,,,,,,,,,,,,,,,,,,,,,,,,,,,F,F,F,F,F,F,F,F,F,F,F,F,C,C,C,C,C,C,C,C,C,C,C,C,C,,,,,,,,,,,,
ME 515,,,,,,,,,,,,,,,,,,,,,,,,,,,,F,F,F,F,F,F,F,F,F,F,F,F,C,C,C,C,C,C,C,C,C,C,C,C,C,C,C,C,C,C,C,C,C,C,C,C,C
ME 518,,,,,,,,,,,,,,,,,,,,,,,,,,,,F,F,F,F,F,F,F,F,F,F,F,F,C,C,C,C,C,C,C,C,C,C,C,C,C,C,C,C,C,C,C,C,C,C,C,C,C
ME 520,,,,,,,,,,,,,,,,,,,,,,,,,,,,F,F,F,F,F,F,F,F,F,F,F,F,C,C,C,C,C,C,C,C,C,C,C,C,C,C,C,C,C,C,C,C,C,C,C,C,C
ME 525,,,,,,,,,,,,,,,,,,,,,,,,,,,,F,F,F,F,F,F,F,F,F,F,F,F,C,C,C,C,C,C,C,C,C,C,C,C,C,C,C,C,C,C,C,C,C,C,C,C,C
ME 530,,,,,,,,,,,,,,,,,,,,,,,,,,,,F,F,F,F,F,F,F,F,F,F,F,F,C,C,C,C,C,C,C,C,C,C,C,C,C,C,C,C,C,C,C,C,C,C,C,C,C
ME 535,,,,,,,,,,,,,,,,,,,,,,,,,,,,F,F,F,F,F,F,F,F,F,F,F,F,C,C,C,C,C,C,C,C,C,C,C,C,C,C,C,C,C,C,C,C,C,C,C,C,C
ME 537,,,,,,,,,,,,,,,,,,,,,,,,,,,,F,F,F,F,F,F,F,F,F,F,F,F,C,C,C,C,C,C,C,C,C,C,C,C,C,C,C,C,C,C,C,C,C,C,C,C,C
ME 540,,,,,,,,,,,,,,,,,,,,,,,,,,,,F,F,F,F,F,F,F,F,F,F,F,F,C,C,C,C,C,C,C,C,C,C,C,C,C,C,C,C,C,C,C,C,C,C,C,C,C
ME 541,,,,,,,,,,,,,,,,,,,,,,,,,,,,F,F,F,F,F,F,F,F,F,F,F,F,C,C,C,C,C,C,C,C,C,C,C,C,C,C,C,C,C,C,C,C,C,C,C,C,C
ME 560,,,,,,,,,,,,,,,,,,,,,,,,,,,,F,F,F,F,F,F,F,F,F,F,F,F,C,C,C,C,C,C,C,C,C,C,C,C,C,,,,,,,,,,,,
ME 561,,,,,,,,,,,,,,,,,,,,,,,,,,,,F,F,F,F,F,F,F,F,F,F,F,F,C,C,C,C,C,C,C,C,C,C,C,C,C,C,C,C,C,C,C,C,C,C,C,C,C
ME 562,,,,,,,,,,,,,,,,,,,,,,,,,,,,F,F,F,F,F,F,F,F,F,F,F,F,C,C,C,C,C,C,,,,,,,,,,,,,,,,,,,
ME 58000,,,,,,,,,,,,,,,,,,,,,,,,,,,,F,F,F,F,F,F,F,F,F,,,,,,,,,,,,,,,,,,,,,,,,,,,,
ME 58001,,,,,,,,,,,,,,,,,,,,,,,,,,,,F,F,F,F,F,F,F,F,F,F,F,F,C,C,C,C,C,C,C,C,C,C,C,C,C,,,,,,,,,,,,
ME 58002,,,,,,,,,,,,,,,,,,,,,,,,,,,,F,F,F,F,F,F,F,F,F,F,F,F,C,C,C,C,C,C,C,C,C,C,C,C,C,C,C,C,C,C,C,C,C,C,C,C,C
ME 58003,,,,,,,,,,,,,,,,,,,,,,,,,,,,F,F,F,F,F,F,F,F,F,F,F,F,C,C,C,C,C,C,C,C,C,C,C,C,C,,,,,,,,,,,,
ME 58004,,,,,,,,,,,,,,,,,,,,,,,,,,,,F,F,F,F,F,F,F,F,F,F,F,F,C,C,C,,,,,,,,,,,,,,,,,,,,,,
ME 58005,,,,,,,,,,,,,,,,,,,,,,,,,,,,F,F,F,F,F,F,F,F,F,F,F,F,C,C,C,C,C,C,C,C,C,C,C,C,C,,,,,,,,,,,,
ME 58006,,,,,,,,,,,,,,,,,,,,,,,,,,,,F,F,F,F,F,F,F,F,F,F,F,F,C,C,C,C,C,C,C,C,C,C,C,C,C,C,C,C,C,C,C,C,C,C,C,C,C
ME 58007,,,,,,,,,,,,,,,,,,,,,,,,,,,,F,F,F,F,F,F,F,F,F,F,F,F,C,C,C,C,C,C,C,C,C,C,C,C,C,C,C,C,C,C,C,C,C,C,C,C,C
ME 58008,,,,,,,,,,,,,,,,,,,,,,,,,,,,F,F,F,F,F,F,F,F,F,F,F,F,C,C,C,C,C,C,C,C,C,C,C,C,C,C,C,C,C,C,C,C,C,C,C,C,C
ME 582,,,,,,,,,,,,,,,,,,,,,,,,,,,,F,F,F,F,F,F,,,,,,,,,,,,,,,,,,,,,,,,,,,,,,,
ME 583,,,,,,,,,,,,,,,,,,,,,,,,,,,,F,F,F,F,F,F,,,,,,,,,,,,,,,,,,,,,,,,,,,,,,,
ME 609,,,,,,,,,,,,,,,,,,,,,,,,,,,,F,F,F,F,F,F,F,F,F,F,F,F,C,C,C,C,C,C,C,C,C,C,C,C,C,,,,,,,,,,,,
ME 68000,,,,,,,,,,,,,,,,,,,,,,,,,,,,F,F,F,F,F,F,F,F,F,F,F,F,C,C,C,C,C,C,C,C,C,C,C,C,C,,,,,,,,,,,,
ME 68001,,,,,,,,,,,,,,,,,,,,,,,,,,,,F,F,F,F,F,F,F,F,F,F,F,F,C,C,C,C,C,C,C,C,C,C,C,C,C,,,,,,,,,,,,
ME 682,,,,,,,,,,,,,,,,,,,,,,,,,,,,F,F,F,F,F,F,,,,,,,,,,,,,,,,,,,,,,,,,,,,,,,
ME 683,,,,,,,,,,,,,,,,,,,,,,,,,,,,F,F,F,F,F,F,,,,,,,,,,,,,,,,,,,,,,,,,,,,,,,
ME 684,,,,,,,,,,,,,,,,,,,,,,,,,,,,F,F,F,F,F,F,F,F,F,F,F,F,C,C,C,C,C,C,C,C,C,C,C,C,C,,,,,,,,,,,,
MFE 751,,,,,,,,,,,,,,,,,,,,,,,,,,,,F,F,F,F,F,F,F,F,F,F,F,F,C,C,C,C,C,C,C,C,C,C,C,C,C,C,C,C,C,C,C,C,C,C,C,C,C
MFE 752,,,,,,,,,,,,,,,,,,,,,,,,,,,,F,F,F,F,F,F,F,F,F,F,F,F,C,C,C,C,C,C,C,C,C,C,C,C,C,C,C,C,C,C,C,C,C,C,C,C,C
MFG 511,,,,,,,,,,,,,,,,,,,,,,,,,,,,F,F,F,F,F,F,F,F,F,F,F,F,C,C,C,C,C,C,C,C,C,C,C,C,C,C,C,C,C,C,C,C,C,C,C,C,C
MFG 512,,,,,,,,,,,,,,,,,,,,,,,,,,,,F,F,F,F,F,F,F,F,F,F,F,F,C,C,C,C,C,C,C,C,C,C,C,C,C,C,C,C,C,C,C,C,C,C,C,C,C
MFG 513,,,,,,,,,,,,,,,,,,,,,,,,,,,,F,F,F,F,F,F,F,F,F,F,F,F,C,C,C,C,C,C,C,C,C,C,C,C,C,C,C,C,C,C,C,C,C,C,C,C,C
MFG 516,,,,,,,,,,,,,,,,,,,,,,,,,,,,F,F,F,F,F,F,F,F,F,F,F,F,C,C,C,C,C,C,C,C,C,C,C,C,C,C,C,C,C,C,C,C,C,C,C,C,C
MFG 563,,,,,,,,,,,,,,,,,,,,,,,,,,,,F,F,F,F,F,F,F,F,F,F,F,F,C,C,C,C,C,C,C,C,C,C,C,C,C,C,C,C,C,C,C,C,C,C,C,C,C
MFG 565,,,,,,,,,,,,,,,,,,,,,,,,,,,,F,F,F,F,F,F,F,F,F,F,F,F,C,C,C,C,C,C,C,C,C,C,C,C,C,C,C,C,C,C,C,C,C,C,C,C,C
MFG 566,,,,,,,,,,,,,,,,,,,,,,,,,,,,F,F,F,F,F,F,F,F,F,F,F,F,C,C,C,C,C,C,C,C,C,C,C,C,C,C,C,C,C,C,C,C,C,C,C,C,C
MFG 568,,,,,,,,,,,,,,,,,,,,,,,,,,,,F,F,F,F,F,F,F,F,F,F,F,F,C,C,C,C,C,C,C,C,C,C,C,C,C,C,C,C,C,C,C,C,C,C,C,C,C
MFG 58000,,,,,,,,,,,,,,,,,,,,,,,,,,,,F,F,F,F,F,F,F,F,F,F,F,F,C,C,C,C,C,C,C,C,C,C,,,,,,,,,,,,,,,
MFG 58002,,,,,,,,,,,,,,,,,,,,,,,,,,,,F,F,F,F,F,F,F,F,F,F,F,F,C,C,C,C,C,C,C,C,C,C,C,C,C,C,C,C,C,C,C,C,C,C,C,C,C
MFG 5801,,,,,,,,,,,,,,,,,,,,,,,,,,,,F,F,F,F,F,F,F,F,F,F,F,F,,,,,,,,,,,,,,,,,,,,,,,,,
MFIN 501,,,,,,,,,,,,,,,,,,,,,,,,,,,,F,F,F,F,F,F,F,F,F,F,F,F,C,C,C,C,C,C,C,C,C,C,C,C,C,C,C,C,C,C,C,C,C,C,C,C,C
MFIN 506,,,,,,,,,,,,,,,,,,,,,,,,,,,,F,F,F,F,F,F,F,F,F,F,F,F,C,C,C,C,C,C,C,C,C,C,C,C,C,C,C,C,C,C,C,C,C,C,C,C,C
MFIN 510,,,,,,,,,,,,,,,,,,,,,,,,,,,,F,F,F,F,F,F,F,F,F,F,F,F,C,C,C,C,C,C,C,C,C,C,C,C,C,C,C,C,C,C,C,C,C,C,C,C,C
MFIN 511,,,,,,,,,,,,,,,,,,,,,,,,,,,,F,F,F,F,F,F,F,F,F,F,F,F,C,C,C,C,C,C,C,C,C,C,C,C,C,C,C,C,C,C,C,C,C,C,C,C,C
MFIN 512,,,,,,,,,,,,,,,,,,,,,,,,,,,,F,F,F,F,F,F,F,F,F,F,F,F,C,C,C,C,C,C,C,C,C,C,C,C,C,C,C,C,C,C,C,C,C,C,C,C,C
MFIN 513,,,,,,,,,,,,,,,,,,,,,,,,,,,,F,F,F,F,F,F,F,F,F,F,F,F,C,C,C,C,C,C,C,C,C,C,C,C,C,C,C,C,C,C,C,C,C,C,C,C,C
MFIN 516,,,,,,,,,,,,,,,,,,,,,,,,,,,,F,F,F,F,F,F,F,F,F,F,F,F,C,C,C,C,C,C,C,C,C,C,C,C,C,C,C,C,C,C,C,C,C,C,C,C,C
MFIN 521,,,,,,,,,,,,,,,,,,,,,,,,,,,,F,F,F,F,F,F,F,F,F,F,F,F,C,C,C,C,C,C,C,C,C,C,C,C,C,C,C,C,C,C,C,C,C,C,C,C,C
MFIN 522,,,,,,,,,,,,,,,,,,,,,,,,,,,,F,F,F,F,F,F,F,F,F,F,F,F,C,C,C,C,C,C,C,C,C,C,C,C,C,C,C,C,C,C,C,C,C,C,C,C,C
MFIN 526,,,,,,,,,,,,,,,,,,,,,,,,,,,,F,F,F,F,F,F,F,F,F,F,F,F,C,C,C,C,C,C,C,C,C,C,C,C,C,C,C,C,C,C,C,C,C,C,C,C,C
MFIN 531,,,,,,,,,,,,,,,,,,,,,,,,,,,,F,F,F,F,F,F,F,F,F,F,F,F,C,C,C,C,C,C,C,C,C,C,C,C,C,C,C,C,C,C,C,C,C,C,C,C,C
MFIN 532,,,,,,,,,,,,,,,,,,,,,,,,,,,,F,F,F,F,F,F,F,F,F,F,F,F,C,C,C,C,C,C,,,,,,,,,,,,,,,,,,,
MFIN 535,,,,,,,,,,,,,,,,,,,,,,,,,,,,F,F,F,F,F,F,F,F,F,F,F,F,C,C,C,C,C,C,C,C,C,C,C,C,C,C,C,C,C,C,C,C,C,C,C,C,C
MGMT 500,,,,,,,,,,,,,,,,,,,,,,,,,,,,F,F,F,F,F,F,F,F,F,F,F,F,C,C,C,C,C,C,C,C,C,C,C,C,C,C,C,C,C,C,C,C,C,C,C,C,C
MGMT 503,,,,,,,,,,,,,,,,,,,,,,,,,,,,F,F,F,F,F,F,F,F,F,F,F,F,C,C,C,C,C,C,C,C,C,C,C,C,C,C,C,C,C,C,C,C,C,C,C,C,C
MGMT 504,,,,,,,,,,,,,,,,,,,,,,,,,,,,F,F,F,F,F,F,F,F,F,F,F,F,C,C,C,C,C,C,C,C,C,C,C,C,C,C,C,C,C,C,,,,,,,
MGMT 505,,,,,,,,,,,,,,,,,,,,,,,,,,,,F,F,F,F,F,F,F,F,F,F,F,F,C,C,C,C,C,C,C,C,C,C,C,C,C,C,C,C,C,C,C,C,C,C,C,C,C
MGMT 510,,,,,,,,,,,,,,,,,,,,,,,,,,,,F,F,F,F,F,F,F,F,F,F,F,F,C,C,C,C,C,C,C,C,C,C,C,C,C,C,C,C,C,C,C,C,C,C,C,C,C
MGMT 513,,,,,,,,,,,,,,,,,,,,,,,,,,,,F,F,F,F,F,F,F,F,F,F,F,F,C,C,C,C,C,C,C,C,C,C,C,C,C,C,C,C,C,C,C,C,C,C,C,C,C
MGMT 514,,,,,,,,,,,,,,,,,,,,,,,,,,,,F,F,F,F,F,F,F,F,F,F,F,F,C,C,C,C,C,C,C,C,C,C,C,C,C,C,C,C,C,C,C,C,C,C,C,C,C
MGMT 515,,,,,,,,,,,,,,,,,,,,,,,,,,,,F,F,F,F,F,F,F,F,F,F,F,F,C,C,C,C,C,C,C,C,C,C,C,C,C,C,C,C,C,C,C,C,C,C,C,C,C
MGMT 541,,,,,,,,,,,,,,,,,,,,,,,,,,,,F,F,F,F,F,F,F,F,F,F,F,F,C,C,C,C,C,C,C,C,C,C,C,C,C,C,C,C,C,C,C,C,C,C,C,C,C
MGMT 550,,,,,,,,,,,,,,,,,,,,,,,,,,,,F,F,F,F,F,F,F,F,F,F,F,F,C,C,C,C,C,C,C,C,C,C,,,,,,,,,,,,,,,
MGMT 551,,,,,,,,,,,,,,,,,,,,,,,,,,,,F,F,F,F,F,F,F,F,F,F,F,F,C,C,C,C,C,C,C,C,C,C,C,C,C,C,C,C,C,C,C,C,C,C,C,C,C
MGMT 580,,,,,,,,,,,,,,,,,,,,,,,,,,,,F,F,F,F,F,F,F,F,F,F,F,F,C,C,C,C,C,C,C,C,C,C,C,C,C,C,C,C,C,C,C,C,C,C,C,C,C
MGMT 581,,,,,,,,,,,,,,,,,,,,,,,,,,,,F,F,F,F,F,F,F,F,F,F,F,F,C,C,C,C,C,C,C,C,C,C,C,C,C,C,C,C,C,C,C,C,C,C,C,C,C
MGMT 590,,,,,,,,,,,,,,,,,,,,,,,,,,,,F,F,F,F,F,F,F,F,F,F,F,F,C,C,C,C,C,C,C,C,C,C,,,,,,,,,,,,,,,
MGMT 595,,,,,,,,,,,,,,,,,,,,,,,,,,,,F,F,F,F,F,F,F,F,F,F,F,F,C,C,C,C,C,C,C,C,C,C,C,C,C,C,C,C,C,C,C,C,C,C,C,C,C
MGMT 601,,,,,,,,,,,,,,,,,,,,,,,,,,,,F,F,F,F,F,F,F,F,F,F,F,F,C,C,C,C,C,C,C,C,C,C,C,C,C,C,C,C,C,C,C,C,C,C,C,C,C
MGMT 817,,,,,,,,,,,,,,,,,,,,,,,,,,,,F,F,F,F,F,F,F,F,F,F,F,F,C,C,C,C,C,C,C,C,C,C,C,C,C,C,C,C,C,C,C,C,C,C,C,C,C
MIM 830,,,,,,,,,,,,,,,,,,,,,,,,,,,,F,F,F,F,F,F,F,F,F,F,F,F,C,C,C,C,C,C,C,C,C,C,C,C,C,C,C,C,C,C,C,C,C,C,C,C,C
MKTG 507,,,,,,,,,,,,,,,,,,,,,,,,,,,,F,F,F,F,F,F,F,F,F,F,F,F,C,C,C,C,C,C,C,C,C,C,C,C,C,C,C,C,C,C,C,C,C,C,C,C,C
MKTG 529,,,,,,,,,,,,,,,,,,,,,,,,,,,,F,F,F,F,F,F,F,F,F,F,F,F,C,C,C,C,C,C,C,C,C,C,C,C,C,C,C,C,C,C,C,C,C,C,C,C,C
MKTG 530,,,,,,,,,,,,,,,,,,,,,,,,,,,,F,F,F,F,F,F,F,F,F,F,F,F,C,C,C,C,C,C,C,C,C,C,C,C,C,C,C,C,C,C,C,C,C,C,C,C,C
MKTG 551,,,,,,,,,,,,,,,,,,,,,,,,,,,,F,F,F,F,F,F,F,F,F,F,F,F,C,C,C,C,C,C,C,C,C,C,,,,,,,,,,,,,,,
MKTG 601,,,,,,,,,,,,,,,,,,,,,,,,,,,,F,F,F,F,F,F,F,F,F,F,F,F,C,C,C,C,C,C,C,C,C,C,C,C,C,C,C,C,C,C,C,C,C,C,C,C,C
MKTG 602,,,,,,,,,,,,,,,,,,,,,,,,,,,,F,F,F,F,F,F,F,F,F,F,F,F,C,C,C,C,C,C,C,C,C,C,C,C,C,C,C,C,C,C,C,C,C,C,C,C,C
MKTG 603,,,,,,,,,,,,,,,,,,,,,,,,,,,,F,F,F,F,F,F,F,F,F,F,F,F,C,C,C,C,C,C,C,C,C,C,C,C,C,C,C,C,C,C,C,C,C,C,C,C,C
MKTG 631,,,,,,,,,,,,,,,,,,,,,,,,,,,,F,F,F,F,F,F,F,F,F,F,F,F,C,C,C,C,C,C,C,C,C,C,C,C,C,C,C,C,C,C,C,C,C,C,C,C,C
MKTG 690,,,,,,,,,,,,,,,,,,,,,,,,,,,,F,F,F,F,F,F,F,F,F,F,F,F,C,C,C,C,C,C,C,C,C,C,C,C,C,C,C,C,C,C,C,C,C,C,C,C,C
MKTG 811,,,,,,,,,,,,,,,,,,,,,,,,,,,,F,F,F,F,F,F,F,F,F,F,F,F,C,C,C,C,C,C,C,C,C,C,C,C,C,C,C,C,C,C,C,C,C,C,C,C,C
MKTG 826,,,,,,,,,,,,,,,,,,,,,,,,,,,,F,F,F,F,F,F,F,F,F,F,F,F,C,C,C,C,C,C,C,C,C,C,C,C,C,C,C,C,C,C,C,C,C,C,C,C,C
MRES 500,,,,,,,,,,,,,,,,,,,,,,,,,,,,F,F,F,F,F,F,F,F,F,F,F,F,C,C,C,C,C,C,C,C,C,C,C,C,C,C,C,C,C,C,C,C,C,C,C,C,C
MRES 502,,,,,,,,,,,,,,,,,,,,,,,,,,,,F,F,F,F,F,F,F,F,F,F,F,F,C,C,C,C,C,C,C,C,C,C,C,C,C,C,C,C,C,C,C,C,C,C,C,C,C
MRES 503,,,,,,,,,,,,,,,,,,,,,,,,,,,,F,F,F,F,F,F,F,F,F,F,F,F,C,C,C,C,C,C,C,C,C,C,C,C,C,C,C,C,C,C,C,C,C,C,C,C,C
MRES 505,,,,,,,,,,,,,,,,,,,,,,,,,,,,F,F,F,F,F,F,F,F,F,F,F,F,C,C,C,C,C,C,C,C,C,C,C,C,C,C,C,C,C,C,C,C,C,C,C,C,C
MRES 590,,,,,,,,,,,,,,,,,,,,,,,,,,,,F,F,F,F,F,F,F,F,F,F,F,F,C,C,C,C,C,C,C,C,C,C,C,C,C,C,C,C,C,C,C,C,C,C,C,C,C
MRES 599,,,,,,,,,,,,,,,,,,,,,,,,,,,,F,F,F,F,F,F,F,F,F,F,F,F,C,C,C,C,C,C,C,C,C,C,C,C,C,C,C,C,C,C,C,C,C,C,C,C,C
MRES 600,,,,,,,,,,,,,,,,,,,,,,,,,,,,F,F,F,F,F,F,F,F,F,F,F,F,C,C,C,C,C,C,C,C,C,C,C,C,C,C,C,C,C,C,C,C,C,C,C,C,C
MRES 601,,,,,,,,,,,,,,,,,,,,,,,,,,,,F,F,F,F,F,F,F,F,F,F,F,F,R,R,R,R,R,R,R,R,R,R,R,R,R,R,R,R,R,R,R,R,R,R,R,R,R
MRES 611,,,,,,,,,,,,,,,,,,,,,,,,,,,,F,F,F,F,F,F,F,F,F,F,F,F,C,C,C,C,C,C,C,C,C,C,C,C,C,C,C,C,C,C,C,C,C,C,C,C,C
MRES 699,,,,,,,,,,,,,,,,,,,,,,,,,,,,F,F,F,F,F,F,F,F,F,F,F,F,C,C,C,C,C,C,C,C,C,C,C,C,C,C,C,C,C,C,C,C,C,C,C,C,C
NS 566,,,,,,,,,,,,,,,,,,,,,,,,,,,,F,F,F,F,F,F,F,F,F,F,,,,,,,,,,,,,,,,,,,,,,,,,,,
OPIM 501,,,,,,,,,,,,,,,,,,,,,,,,,,,,F,F,F,F,F,F,F,F,F,F,F,F,C,C,C,C,C,C,C,C,C,C,C,C,C,C,C,C,C,C,C,C,C,C,C,C,C
OPIM 506,,,,,,,,,,,,,,,,,,,,,,,,,,,,F,F,F,F,F,F,F,F,F,F,F,F,C,C,C,C,C,C,C,C,C,C,C,C,C,C,C,C,C,C,C,C,C,C,C,C,C
OPIM 508,,,,,,,,,,,,,,,,,,,,,,,,,,,,F,F,F,F,F,F,F,F,F,F,F,F,C,C,C,C,C,C,C,C,C,C,C,C,C,C,C,C,C,C,C,C,C,C,C,C,C
OPIM 523,,,,,,,,,,,,,,,,,,,,,,,,,,,,F,F,F,F,F,F,F,F,F,F,F,F,C,C,C,C,C,C,C,C,C,C,C,C,C,C,C,C,C,C,C,C,C,C,C,C,C
OPIM 532,,,,,,,,,,,,,,,,,,,,,,,,,,,,F,F,F,F,F,F,F,F,F,F,F,F,C,C,C,C,C,C,C,C,C,C,C,C,C,C,C,C,C,C,C,C,C,C,C,C,C
OPIM 552,,,,,,,,,,,,,,,,,,,,,,,,,,,,F,F,F,F,F,F,F,F,F,F,F,F,C,C,C,C,C,C,C,C,C,C,C,C,C,C,C,C,C,C,C,C,C,C,C,C,C
OPIM 555,,,,,,,,,,,,,,,,,,,,,,,,,,,,F,F,F,F,F,F,F,F,F,F,F,F,C,C,C,C,C,C,C,C,C,C,C,C,C,C,C,C,C,C,C,C,C,C,C,C,C
OPIM 556,,,,,,,,,,,,,,,,,,,,,,,,,,,,F,F,F,F,F,F,F,F,F,F,F,F,C,C,C,C,C,C,C,C,C,C,C,C,C,C,C,C,C,C,C,C,C,C,C,C,C
OPIM 603,,,,,,,,,,,,,,,,,,,,,,,,,,,,F,F,F,F,F,F,F,F,F,F,F,F,C,C,C,C,C,C,C,C,C,C,C,C,C,C,C,C,C,C,C,C,C,C,C,C,C
OPIM 652,,,,,,,,,,,,,,,,,,,,,,,,,,,,F,F,F,F,F,F,F,F,F,F,F,F,C,C,C,C,C,C,C,C,C,C,C,C,C,C,C,C,C,C,C,C,C,C,C,C,C
ORG 501,,,,,,,,,,,,,,,,,,,,,,,,,,,,F,F,F,F,F,F,F,F,F,F,F,F,C,C,C,C,C,C,C,C,C,C,C,C,C,C,C,C,C,C,C,C,C,C,C,C,C
ORG 551,,,,,,,,,,,,,,,,,,,,,,,,,,,,F,F,F,F,F,F,F,F,F,F,F,F,C,C,C,C,C,C,C,C,C,C,C,C,C,C,C,C,C,C,C,C,C,C,C,C,C
ORG 601,,,,,,,,,,,,,,,,,,,,,,,,,,,,F,F,F,F,F,F,F,F,F,F,F,F,C,C,C,C,C,C,C,C,C,C,C,C,C,C,C,C,C,C,C,C,C,C,C,C,C
ORG 612,,,,,,,,,,,,,,,,,,,,,,,,,,,,F,F,F,F,F,F,F,F,F,F,F,F,,,,,,,,,,,,,,,,,,,,,,,,,
ORG 613,,,,,,,,,,,,,,,,,,,,,,,,,,,,F,F,F,F,F,F,F,F,F,F,F,F,,,,,,,,,,,,,,,,,,,,,,,,,
ORG 614,,,,,,,,,,,,,,,,,,,,,,,,,,,,F,F,F,F,F,F,F,F,F,F,F,F,C,C,C,C,C,C,C,C,C,C,C,C,C,C,C,C,C,C,C,C,C,C,C,C,C
ORG 615,,,,,,,,,,,,,,,,,,,,,,,,,,,,F,F,F,F,F,F,F,F,F,F,F,F,C,C,C,C,C,C,C,C,C,C,C,C,C,C,C,C,C,C,C,C,C,C,C,C,C
ORG 627,,,,,,,,,,,,,,,,,,,,,,,,,,,,F,F,F,F,F,F,F,F,F,F,F,F,C,C,C,C,C,C,C,C,C,C,C,C,C,C,C,C,C,C,C,C,C,C,C,C,C
ORG 628,,,,,,,,,,,,,,,,,,,,,,,,,,,,F,F,F,F,F,F,F,F,F,F,F,F,C,C,C,C,C,C,C,C,C,C,C,C,C,C,C,C,C,C,C,C,C,C,C,C,C
ORG 629,,,,,,,,,,,,,,,,,,,,,,,,,,,,F,F,F,F,F,F,F,F,F,F,F,F,C,C,C,C,C,C,C,C,C,C,C,C,C,C,C,C,C,C,C,C,C,C,C,C,C
ORG 630,,,,,,,,,,,,,,,,,,,,,,,,,,,,F,F,F,F,F,F,F,F,F,F,F,F,C,C,C,C,C,C,C,C,C,C,C,C,C,C,C,C,C,C,C,C,C,C,C,C,C
ORG 631,,,,,,,,,,,,,,,,,,,,,,,,,,,,F,F,F,F,F,F,F,F,F,F,F,F,C,C,C,C,C,C,C,C,C,C,C,C,C,C,C,C,C,C,C,C,C,C,C,C,C
ORG 632,,,,,,,,,,,,,,,,,,,,,,,,,,,,F,F,F,F,F,F,F,F,F,F,F,F,C,C,C,C,C,C,C,C,C,C,C,C,C,C,C,C,C,C,C,C,C,C,C,C,C
ORG 690,,,,,,,,,,,,,,,,,,,,,,,,,,,,F,F,F,F,F,F,F,F,F,F,F,F,C,C,C,C,C,C,C,C,C,C,C,C,C,C,C,C,C,C,C,C,C,C,C,C,C
PHIL 501,,,,,,,,,,,,,,,,,,,,,,,,,,,,F,F,F,F,F,F,F,F,F,F,F,F,C,C,C,C,C,C,C,C,C,C,C,C,C,C,C,C,C,C,C,C,C,C,C,C,C
PHIL 522,,,,,,,,,,,,,,,,,,,,,,,,,,,,F,F,F,F,F,F,F,F,F,F,F,F,C,C,C,C,C,C,C,C,C,C,C,C,C,C,C,C,C,C,C,C,C,C,C,C,C
PHIL 550,,,,,,,,,,,,,,,,,,,,,,,,,,,,F,F,F,F,F,F,F,F,F,F,F,F,C,C,C,C,C,C,C,C,C,C,C,C,C,C,C,C,C,C,C,C,C,C,C,C,C
PHIL 560,,,,,,,,,,,,,,,,,,,,,,,,,,,,F,F,F,F,F,F,F,F,F,F,F,F,C,C,C,C,C,C,C,C,C,C,C,C,C,C,C,C,C,C,C,C,C,C,C,C,C
PHIL 570,,,,,,,,,,,,,,,,,,,,,,,,,,,,F,F,F,F,F,F,F,F,F,F,F,F,C,C,C,C,C,C,C,C,C,C,C,C,C,C,C,C,C,C,C,C,C,C,C,C,C
PHYS 501,,,,,,,,,,,,,,,,,,,,,,,,,,,,F,F,F,F,F,F,F,F,F,F,F,F,C,C,C,C,C,C,C,C,C,C,C,C,C,C,C,C,C,C,C,C,C,C,C,C,C
PHYS 511,,,,,,,,,,,,,,,,,,,,,,,,,,,,F,F,F,F,F,F,F,F,F,F,F,F,C,C,C,C,C,C,C,C,C,C,C,C,C,C,C,C,C,C,C,C,C,C,C,C,C
PHYS 512,,,,,,,,,,,,,,,,,,,,,,,,,,,,F,F,F,F,F,F,F,F,F,F,F,F,C,C,C,C,C,C,C,C,C,,,,,,,,,,,,,,,,
PHYS 531,,,,,,,,,,,,,,,,,,,,,,,,,,,,F,F,F,F,F,F,F,F,F,F,F,F,C,C,C,C,C,C,C,C,C,C,C,C,C,C,C,C,C,C,C,C,C,C,C,C,C
PHYS 532,,,,,,,,,,,,,,,,,,,,,,,,,,,,F,F,F,F,F,F,F,F,F,F,F,F,C,C,C,C,C,C,C,C,C,C,C,C,C,C,C,C,C,C,C,C,C,C,C,C,C
PHYS 538,,,,,,,,,,,,,,,,,,,,,,,,,,,,F,F,F,F,F,F,F,,,,,,,,,,,,,,,,,,,,,,,,,,,,,,
PHYS 541,,,,,,,,,,,,,,,,,,,,,,,,,,,,F,F,F,F,F,F,F,F,F,F,F,F,C,C,C,C,C,C,C,C,C,C,C,C,C,C,C,C,C,C,C,C,C,C,C,C,C
PHYS 548,,,,,,,,,,,,,,,,,,,,,,,,,,,,F,F,F,F,F,F,F,F,F,F,F,F,C,C,C,C,C,C,C,C,C,C,C,C,C,C,C,C,C,C,C,C,C,C,C,C,C
PHYS 550,,,,,,,,,,,,,,,,,,,,,,,,,,,,F,F,F,F,F,F,F,F,F,F,F,F,C,C,C,C,C,C,C,C,C,C,C,C,C,C,C,C,C,C,C,C,C,C,C,C,C
PHYS 555,,,,,,,,,,,,,,,,,,,,,,,,,,,,F,F,F,F,F,F,F,F,F,F,F,F,C,C,C,C,C,C,C,C,C,C,C,C,C,C,C,C,C,C,C,C,C,C,C,C,C
PHYS 561,,,,,,,,,,,,,,,,,,,,,,,,,,,,F,F,F,F,F,F,F,F,F,F,F,F,C,C,C,C,C,C,C,C,C,C,C,C,C,C,C,C,C,C,C,C,C,C,C,C,C
PHYS 566,,,,,,,,,,,,,,,,,,,,,,,,,,,,F,F,F,F,F,F,F,F,F,F,F,F,C,C,C,C,C,C,C,C,C,C,C,C,C,C,C,C,C,C,C,C,C,C,C,C,C
PHYS 581,,,,,,,,,,,,,,,,,,,,,,,,,,,,F,F,F,F,F,F,,,,,,,,,,,,,,,,,,,,,,,,,,,,,,,
PHYS 584,,,,,,,,,,,,,,,,,,,,,,,,,,,,F,F,F,F,F,F,F,F,F,F,F,F,C,C,C,C,C,C,C,C,C,C,C,C,C,C,C,C,C,C,C,C,C,C,C,C,C
PHYS 591,,,,,,,,,,,,,,,,,,,,,,,,,,,,F,F,F,F,F,F,F,F,F,F,F,F,C,C,C,C,C,C,C,C,C,C,C,C,C,C,C,C,C,C,C,C,C,C,C,C,C
PHYS 592,,,,,,,,,,,,,,,,,,,,,,,,,,,,F,F,F,F,F,F,F,F,F,,,,,,,,,,,,,,,,,,,,,,,,,,,,
PHYS 611,,,,,,,,,,,,,,,,,,,,,,,,,,,,F,F,F,F,F,F,F,F,F,F,F,F,C,C,C,C,C,C,C,C,C,C,C,C,C,C,,,,,,,,,,,
PHYS 614,,,,,,,,,,,,,,,,,,,,,,,,,,,,F,F,F,F,F,F,F,F,F,F,F,F,C,C,C,C,,,,,,,,,,,,,,,,,,,,,
PHYS 617,,,,,,,,,,,,,,,,,,,,,,,,,,,,F,F,F,F,F,F,F,F,F,F,F,F,C,C,C,C,C,C,C,C,C,C,C,C,C,C,C,C,C,C,C,C,C,C,C,C,C
PHYS 618,,,,,,,,,,,,,,,,,,,,,,,,,,,,F,F,F,F,F,F,F,F,F,F,F,F,C,C,C,C,C,C,C,C,C,C,C,C,C,C,,,,,,,,,,,
POLS 502,,,,,,,,,,,,,,,,,,,,,,,,,,,,F,F,F,F,F,F,F,F,F,F,F,F,C,C,C,C,C,C,C,C,C,C,C,C,C,C,C,C,C,C,C,C,C,C,C,C,C
POLS 503,,,,,,,,,,,,,,,,,,,,,,,,,,,,F,F,F,F,F,F,F,F,F,F,F,F,C,C,C,C,C,C,C,C,C,C,C,C,C,C,C,C,C,C,C,C,C,C,C,C,C
POLS 504,,,,,,,,,,,,,,,,,,,,,,,,,,,,F,F,F,F,F,F,F,F,F,F,F,F,C,C,C,C,C,C,C,C,C,C,C,C,C,C,C,C,C,C,C,C,C,C,C,C,C
POLS 505,,,,,,,,,,,,,,,,,,,,,,,,,,,,F,F,F,F,F,F,,,,,,,,,,,,,,,,,,,,,,,,,,,,,,,
POLS 507,,,,,,,,,,,,,,,,,,,,,,,,,,,,F,F,F,F,F,F,F,F,F,F,F,F,C,C,C,C,C,C,C,C,C,C,C,C,C,C,C,C,C,C,C,C,C,C,C,C,C
POLS 508,,,,,,,,,,,,,,,,,,,,,,,,,,,,F,F,F,F,F,F,F,F,F,F,F,F,C,C,C,C,C,C,C,C,C,C,C,C,C,C,C,C,C,C,C,C,C,C,C,C,C
POLS 510,,,,,,,,,,,,,,,,,,,,,,,,,,,,F,F,F,F,F,F,F,F,F,F,F,F,C,C,C,C,C,C,C,C,C,C,C,C,C,C,C,C,C,C,C,C,C,C,C,C,C
POLS 513,,,,,,,,,,,,,,,,,,,,,,,,,,,,F,F,F,F,F,F,F,F,F,F,F,F,C,C,C,C,C,C,C,C,C,C,C,C,C,C,C,C,C,C,C,C,C,C,C,C,C
POLS 522,,,,,,,,,,,,,,,,,,,,,,,,,,,,F,F,F,F,F,F,F,F,F,F,F,F,C,C,C,C,C,C,C,C,C,C,C,C,C,C,C,C,C,C,C,C,C,C,C,C,C
POLS 523,,,,,,,,,,,,,,,,,,,,,,,,,,,,F,F,F,F,F,F,F,F,F,F,F,F,C,C,C,C,C,C,C,C,C,C,C,C,C,C,C,C,C,C,C,C,C,C,C,C,C
POLS 529,,,,,,,,,,,,,,,,,,,,,,,,,,,,F,F,F,F,F,F,F,F,F,F,F,F,C,C,C,C,C,C,C,C,C,C,C,C,C,C,C,C,C,C,C,C,C,C,C,C,C
POLS 530,,,,,,,,,,,,,,,,,,,,,,,,,,,,F,F,F,F,F,F,F,F,F,F,F,F,C,C,C,C,C,C,C,C,C,C,C,C,C,C,C,C,C,C,C,C,C,C,C,C,C
POLS 531,,,,,,,,,,,,,,,,,,,,,,,,,,,,F,F,F,F,F,F,F,F,F,F,F,F,C,C,C,C,C,C,C,C,C,C,C,C,C,C,C,C,C,C,C,C,C,C,C,C,C
POLS 532,,,,,,,,,,,,,,,,,,,,,,,,,,,,F,F,F,F,F,F,F,F,F,F,F,F,C,C,C,C,C,C,C,C,C,C,C,C,C,C,C,C,C,C,C,C,C,C,C,C,C
POLS 534,,,,,,,,,,,,,,,,,,,,,,,,,,,,F,F,F,F,F,F,F,F,F,F,F,F,C,C,C,C,C,C,C,C,C,C,C,C,C,C,C,C,C,C,C,C,C,C,C,C,C
POLS 535,,,,,,,,,,,,,,,,,,,,,,,,,,,,F,F,F,F,F,F,F,F,F,F,F,F,C,C,C,C,C,C,C,C,C,C,C,C,C,C,C,C,C,C,C,C,C,C,C,C,C
POLS 536,,,,,,,,,,,,,,,,,,,,,,,,,,,,F,F,F,F,F,F,F,F,F,F,F,F,C,C,C,C,C,C,C,C,C,C,C,C,C,C,C,C,C,C,C,C,C,C,C,C,C
POLS 537,,,,,,,,,,,,,,,,,,,,,,,,,,,,F,F,F,F,F,F,F,F,F,F,F,F,C,C,C,C,C,C,C,C,C,C,C,C,C,C,C,C,C,C,C,C,C,C,C,C,C
POLS 539,,,,,,,,,,,,,,,,,,,,,,,,,,,,F,F,F,F,F,F,F,F,F,F,F,F,C,C,C,C,C,C,C,C,C,C,C,C,C,C,C,C,C,C,C,C,C,C,C,C,C
POLS 540,,,,,,,,,,,,,,,,,,,,,,,,,,,,F,F,F,F,F,F,F,F,F,F,F,F,C,C,C,C,C,C,C,C,C,C,C,C,C,C,C,C,C,C,C,C,C,C,C,C,C
POLS 541,,,,,,,,,,,,,,,,,,,,,,,,,,,,F,F,F,F,F,F,F,F,F,,,,,,,,,,,,,,,,,,,,,,,,,,,,
POLS 543,,,,,,,,,,,,,,,,,,,,,,,,,,,,F,F,F,F,F,F,F,F,F,F,F,F,C,C,C,C,C,C,,,,,,,,,,,,,,,,,,,
POLS 546,,,,,,,,,,,,,,,,,,,,,,,,,,,,F,F,F,F,F,F,F,F,F,F,F,F,C,C,C,C,C,C,C,C,C,C,C,C,C,C,C,C,C,C,C,C,C,C,C,C,C
POLS 548,,,,,,,,,,,,,,,,,,,,,,,,,,,,F,F,F,F,F,F,F,F,F,F,F,F,C,C,C,C,C,C,C,C,C,C,C,C,C,C,C,C,C,C,C,C,C,C,C,C,C
POLS 549,,,,,,,,,,,,,,,,,,,,,,,,,,,,F,F,F,F,F,F,F,F,F,F,F,F,C,C,C,C,C,C,C,C,C,C,C,C,C,C,C,C,C,C,C,C,C,C,C,C,C
POLS 550,,,,,,,,,,,,,,,,,,,,,,,,,,,,F,F,F,F,F,F,F,F,F,F,F,F,C,C,C,C,C,C,C,C,C,C,C,C,C,C,C,C,C,C,C,C,C,C,C,C,C
POLS 553,,,,,,,,,,,,,,,,,,,,,,,,,,,,F,F,F,F,F,F,F,F,F,F,F,F,C,C,C,C,C,C,C,C,C,C,C,C,C,C,C,C,C,C,C,C,C,C,C,C,C
POLS 554,,,,,,,,,,,,,,,,,,,,,,,,,,,,F,F,F,F,F,F,F,F,F,F,F,F,C,C,C,C,C,C,C,C,C,C,C,C,C,C,C,C,C,C,C,C,C,C,C,C,C
POLS 555,,,,,,,,,,,,,,,,,,,,,,,,,,,,F,F,F,F,F,F,F,F,F,F,F,F,C,C,C,C,C,C,C,C,C,C,C,C,C,C,C,C,C,C,C,C,C,C,C,C,C
POLS 557,,,,,,,,,,,,,,,,,,,,,,,,,,,,F,F,F,F,F,F,F,F,F,F,F,F,C,C,C,C,C,C,C,C,C,C,C,C,C,C,C,C,C,C,C,C,C,C,C,C,C
POLS 563,,,,,,,,,,,,,,,,,,,,,,,,,,,,F,F,F,F,F,F,F,F,F,F,F,F,C,C,C,C,,,,,,,,,,,,,,,,,,,,,
POLS 564,,,,,,,,,,,,,,,,,,,,,,,,,,,,F,F,F,F,F,F,F,F,F,F,F,F,C,C,C,C,C,C,C,C,C,C,C,C,C,C,C,C,C,C,C,C,C,C,C,C,C
POLS 565,,,,,,,,,,,,,,,,,,,,,,,,,,,,F,F,F,F,F,F,F,F,F,F,F,F,C,C,C,C,C,C,C,C,C,C,C,C,C,C,C,C,C,C,C,C,C,C,C,C,C
POLS 566,,,,,,,,,,,,,,,,,,,,,,,,,,,,F,F,F,F,F,F,F,F,F,F,F,F,C,C,C,C,C,C,C,C,C,C,C,C,C,C,C,C,C,C,C,C,C,C,C,C,C
POLS 580,,,,,,,,,,,,,,,,,,,,,,,,,,,,F,F,F,F,F,F,F,F,F,F,F,F,C,C,C,C,C,C,C,C,C,C,C,C,C,C,C,C,C,C,C,C,C,C,C,C,C
POLS 581,,,,,,,,,,,,,,,,,,,,,,,,,,,,F,F,F,F,F,F,F,F,F,F,F,F,C,C,C,C,C,C,C,C,C,C,C,C,C,C,C,C,C,C,C,C,C,C,C,C,C
POLS 582,,,,,,,,,,,,,,,,,,,,,,,,,,,,F,F,F,F,F,F,F,F,F,F,F,F,C,C,C,C,C,C,C,C,C,C,C,C,C,C,C,C,C,C,C,C,C,C,C,C,C
POLS 583,,,,,,,,,,,,,,,,,,,,,,,,,,,,F,F,F,F,F,F,F,F,F,F,F,F,C,C,C,C,C,C,C,C,C,C,C,C,C,C,C,C,C,C,C,C,C,C,C,C,C
POLS 589,,,,,,,,,,,,,,,,,,,,,,,,,,,,F,F,F,F,F,F,F,F,F,F,F,F,C,C,C,C,C,C,C,C,C,C,C,C,C,C,C,C,C,C,C,C,C,C,C,C,C
POLS 592,,,,,,,,,,,,,,,,,,,,,,,,,,,,F,F,F,F,F,F,F,F,F,F,F,F,C,C,C,C,C,C,C,C,C,C,C,C,C,C,C,C,C,C,C,C,C,C,C,C,C
POLS 594,,,,,,,,,,,,,,,,,,,,,,,,,,,,F,F,F,F,F,F,F,F,F,F,F,F,C,C,C,C,C,C,C,C,C,C,C,C,C,C,C,C,C,C,C,C,C,C,C,C,C
POLS 596,,,,,,,,,,,,,,,,,,,,,,,,,,,,F,F,F,F,F,F,F,F,F,F,F,F,C,C,C,C,C,C,C,C,C,C,C,C,C,C,C,C,C,C,C,C,C,C,C,C,C
POLS 598,,,,,,,,,,,,,,,,,,,,,,,,,,,,F,F,F,F,F,F,F,F,F,F,F,F,C,C,C,C,C,C,C,C,C,C,C,C,C,C,C,C,C,C,C,C,C,C,C,C,C
POLS 600,,,,,,,,,,,,,,,,,,,,,,,,,,,,F,F,F,F,F,F,F,F,F,F,F,F,C,C,C,C,C,C,C,C,C,C,C,C,C,C,C,C,C,C,C,C,C,C,C,C,C
POLS 601,,,,,,,,,,,,,,,,,,,,,,,,,,,,F,F,F,F,F,F,F,F,F,F,F,F,C,C,C,C,C,C,C,C,C,C,C,C,C,C,C,C,C,C,C,C,C,C,C,C,C
POLS 620,,,,,,,,,,,,,,,,,,,,,,,,,,,,F,F,F,F,F,F,F,F,F,F,F,F,C,C,C,C,C,C,C,C,C,C,C,C,C,C,C,C,C,C,C,C,C,C,C,C,C
POLS 630,,,,,,,,,,,,,,,,,,,,,,,,,,,,F,F,F,F,F,F,F,F,F,F,F,F,C,C,C,C,C,C,C,C,C,C,C,C,C,C,C,C,C,C,C,C,C,C,C,C,C
POLS 640,,,,,,,,,,,,,,,,,,,,,,,,,,,,F,F,F,F,F,F,F,F,F,F,F,F,C,C,C,C,C,C,C,C,C,C,C,C,C,C,C,C,C,C,C,C,C,C,C,C,C
POLS 650,,,,,,,,,,,,,,,,,,,,,,,,,,,,F,F,F,F,F,F,F,F,F,F,F,F,C,C,C,C,C,C,C,C,C,C,C,C,C,C,C,C,C,C,C,C,C,C,C,C,C
POLS 700B,,,,,,,,,,,,,,,,,,,,,,,,,,,,F,F,F,F,F,F,F,F,F,F,F,F,C,C,C,C,C,C,C,C,C,C,C,C,C,C,C,C,C,C,C,C,C,C,C,C,C
POLS 700C,,,,,,,,,,,,,,,,,,,,,,,,,,,,F,F,F,F,F,F,F,F,F,F,F,F,C,C,C,C,C,C,C,C,C,C,C,C,C,C,C,C,C,C,C,C,C,C,C,C,C
POLS 700FT,,,,,,,,,,,,,,,,,,,,,,,,,,,,F,F,F,F,F,F,F,F,F,F,F,F,C,C,C,C,C,C,C,C,C,C,C,C,C,C,C,C,C,C,C,C,C,C,C,C,C
POLS 700I,,,,,,,,,,,,,,,,,,,,,,,,,,,,F,F,F,F,F,F,F,F,F,F,F,F,C,C,C,C,C,C,C,C,C,C,C,C,C,C,C,C,C,C,C,C,C,C,C,C,C
POLS 700P,,,,,,,,,,,,,,,,,,,,,,,,,,,,F,F,F,F,F,F,F,F,F,F,F,F,C,C,C,C,C,C,C,C,C,C,C,C,C,C,C,C,C,C,C,C,C,C,C,C,C
POLS 700R,,,,,,,,,,,,,,,,,,,,,,,,,,,,F,F,F,F,F,F,F,F,F,F,F,F,C,C,C,C,C,C,C,C,C,C,C,C,C,C,C,C,C,C,C,C,C,C,C,C,C
POLS 700T,,,,,,,,,,,,,,,,,,,,,,,,,,,,F,F,F,F,F,F,F,F,F,F,F,F,C,C,C,C,C,C,C,C,C,C,C,C,C,C,C,C,C,C,C,C,C,C,C,C,C
POLS 700TR,,,,,,,,,,,,,,,,,,,,,,,,,,,,F,F,F,F,F,F,F,F,F,F,F,F,C,C,C,C,C,C,C,C,C,C,C,C,C,C,C,C,C,C,C,C,C,C,C,C,C
POLS 790,,,,,,,,,,,,,,,,,,,,,,,,,,,,F,F,F,F,F,F,F,F,F,F,F,F,C,C,C,C,C,C,C,C,C,C,C,C,C,C,C,C,C,C,C,C,C,C,C,C,C
POLS 791,,,,,,,,,,,,,,,,,,,,,,,,,,,,F,F,F,F,F,F,F,F,F,F,F,F,C,C,C,C,C,C,C,C,C,C,C,C,C,C,C,C,C,C,C,C,C,C,C,C,C
POLS 792,,,,,,,,,,,,,,,,,,,,,,,,,,,,F,F,F,F,F,F,F,F,F,F,F,F,C,C,C,C,C,C,C,C,C,C,C,C,C,C,C,C,C,C,C,C,C,C,C,C,C
PROJ 501,,,,,,,,,,,,,,,,,,,,,,,,,,,,F,F,F,F,F,F,F,F,F,F,F,F,C,C,C,C,C,C,C,C,C,C,C,C,C,C,C,C,C,C,C,C,C,C,C,C,C
PSY 501,,,,,,,,,,,,,,,,,,,,,,,,,,,,F,F,F,F,F,F,F,F,F,F,F,F,C,C,C,C,C,C,C,C,C,C,C,C,C,C,C,C,C,C,C,C,C,C,C,C,C
PSY 502,,,,,,,,,,,,,,,,,,,,,,,,,,,,F,F,F,F,F,F,F,F,F,F,F,F,C,C,C,C,C,C,C,C,C,C,C,C,C,C,C,C,C,C,C,C,C,C,C,C,C
PSY 503,,,,,,,,,,,,,,,,,,,,,,,,,,,,F,F,F,F,F,F,F,F,F,F,F,F,C,C,C,C,C,C,C,C,C,C,C,C,C,C,C,C,C,C,C,C,C,C,C,C,C
PSY 505,,,,,,,,,,,,,,,,,,,,,,,,,,,,F,F,F,F,F,F,F,F,F,F,F,F,C,C,C,C,C,C,,,,,,,,,,,,,,,,,,,
PSY 507,,,,,,,,,,,,,,,,,,,,,,,,,,,,F,F,F,F,F,F,F,F,F,F,F,F,C,C,C,C,C,C,C,C,C,C,C,C,C,C,C,C,C,C,C,C,C,C,C,C,C
PSY 510,,,,,,,,,,,,,,,,,,,,,,,,,,,,F,F,F,F,F,F,F,F,F,F,F,F,C,C,C,C,C,C,C,C,C,C,C,C,C,C,C,,,,,,,,,,
PSY 511,,,,,,,,,,,,,,,,,,,,,,,,,,,,F,F,F,F,F,F,F,F,F,F,F,F,C,C,C,C,C,C,C,C,C,C,C,C,C,C,C,C,C,C,C,C,C,C,C,C,C
PSY 512,,,,,,,,,,,,,,,,,,,,,,,,,,,,F,F,F,F,F,F,F,F,F,F,F,F,C,C,C,C,C,C,C,C,C,C,C,C,C,C,C,C,C,C,C,C,C,C,C,C,C
PSY 514,,,,,,,,,,,,,,,,,,,,,,,,,,,,F,F,F,F,F,F,F,F,F,F,F,F,C,C,C,C,C,C,C,C,C,C,C,C,C,C,C,C,C,C,C,C,C,C,C,C,C
PSY 515,,,,,,,,,,,,,,,,,,,,,,,,,,,,F,F,F,F,F,F,F,F,F,F,F,F,C,C,C,C,C,C,C,C,C,C,C,C,C,C,C,C,C,C,C,C,C,C,C,C,C
PSY 516,,,,,,,,,,,,,,,,,,,,,,,,,,,,F,F,F,F,F,F,F,F,F,F,F,F,C,C,C,C,C,C,C,C,C,C,C,C,C,C,C,C,C,C,C,C,C,C,C,C,C
PSY 518,,,,,,,,,,,,,,,,,,,,,,,,,,,,F,F,F,F,F,F,F,F,F,F,F,F,C,C,C,C,C,C,C,C,C,C,C,C,C,C,C,C,C,C,C,C,C,C,C,C,C
PSY 521,,,,,,,,,,,,,,,,,,,,,,,,,,,,F,F,F,F,F,F,F,F,F,F,F,F,C,C,C,C,C,C,C,C,C,C,C,C,C,C,C,C,C,C,C,C,C,C,C,C,C
PSY 522,,,,,,,,,,,,,,,,,,,,,,,,,,,,F,F,F,F,F,F,F,F,F,F,F,F,C,C,C,C,C,C,C,C,C,C,C,C,C,C,C,C,C,C,C,C,C,C,C,C,C
PSY 524,,,,,,,,,,,,,,,,,,,,,,,,,,,,F,F,F,F,F,F,F,F,F,F,F,F,C,C,C,C,C,C,C,C,C,C,C,C,C,C,C,C,C,C,C,C,C,C,C,C,C
PSY 540,,,,,,,,,,,,,,,,,,,,,,,,,,,,F,F,F,F,F,F,F,F,F,F,F,F,C,C,C,C,C,C,C,C,C,C,C,C,C,C,C,C,C,C,C,C,C,C,C,C,C
PSY 542,,,,,,,,,,,,,,,,,,,,,,,,,,,,F,F,F,F,F,F,F,F,F,F,F,F,C,C,C,C,C,C,C,C,C,,,,,,,,,,,,,,,,
PSY 543,,,,,,,,,,,,,,,,,,,,,,,,,,,,F,F,F,F,F,F,F,F,F,F,F,F,C,C,C,C,C,C,C,C,C,C,C,C,C,C,C,C,C,C,C,C,C,C,C,C,C
PSY 544,,,,,,,,,,,,,,,,,,,,,,,,,,,,F,F,F,F,F,F,F,F,F,F,F,F,C,C,C,C,C,C,C,C,C,C,C,C,C,C,C,C,C,C,C,C,C,C,C,C,C
PSY 545,,,,,,,,,,,,,,,,,,,,,,,,,,,,F,F,F,F,F,F,F,F,F,F,F,F,C,C,C,C,C,C,C,C,C,C,C,C,C,C,C,C,C,C,C,C,C,C,C,C,C
PSY 552,,,,,,,,,,,,,,,,,,,,,,,,,,,,F,F,F,F,F,F,F,F,F,F,F,F,C,C,C,C,C,C,C,C,C,C,C,C,C,C,C,C,C,C,C,C,C,C,C,C,C
PSY 567,,,,,,,,,,,,,,,,,,,,,,,,,,,,F,F,F,F,F,F,F,F,F,F,F,F,C,C,C,C,C,C,C,C,C,C,C,C,C,C,C,C,C,C,C,C,C,C,C,C,C
PSY 569,,,,,,,,,,,,,,,,,,,,,,,,,,,,F,F,F,F,F,F,F,F,F,F,F,F,C,C,C,C,C,C,C,C,C,C,C,C,C,C,C,C,C,C,C,C,C,C,C,C,C
PSY 580,,,,,,,,,,,,,,,,,,,,,,,,,,,,F,F,F,F,F,F,F,F,F,F,F,F,C,C,C,C,C,C,C,C,C,C,,,,,,,,,,,,,,,
PSY 581,,,,,,,,,,,,,,,,,,,,,,,,,,,,F,F,F,F,F,F,F,F,F,F,F,F,C,C,C,C,C,C,C,C,C,C,C,C,C,C,C,C,C,C,C,C,C,C,C,C,C
PSY 590,,,,,,,,,,,,,,,,,,,,,,,,,,,,F,F,F,F,F,F,F,F,F,F,F,F,C,C,C,C,C,C,C,C,C,C,C,C,C,C,C,C,C,C,C,C,C,C,C,C,C
PSY 595,,,,,,,,,,,,,,,,,,,,,,,,,,,,F,F,F,F,F,F,F,F,F,F,F,F,C,C,C,C,C,C,C,C,C,C,C,C,C,C,C,C,C,C,C,C,C,C,C,C,C
PSY 599,,,,,,,,,,,,,,,,,,,,,,,,,,,,F,F,F,F,F,F,F,F,F,F,F,F,C,C,C,C,C,C,C,C,C,C,C,C,C,C,C,C,C,C,C,C,C,C,C,C,C
PSY 620,,,,,,,,,,,,,,,,,,,,,,,,,,,,F,F,F,F,F,F,F,F,F,F,F,F,C,C,C,C,C,C,C,C,C,C,C,C,C,C,C,C,C,C,C,C,C,C,C,C,C
PSY 622,,,,,,,,,,,,,,,,,,,,,,,,,,,,F,F,F,F,F,F,F,F,F,F,F,F,C,C,C,C,C,C,C,C,C,C,C,C,C,C,C,C,C,C,C,C,C,C,C,C,C
PSY 690,,,,,,,,,,,,,,,,,,,,,,,,,,,,F,F,F,F,F,F,F,F,F,F,F,F,C,C,C,C,C,C,C,C,C,C,C,C,C,C,C,C,C,C,C,C,C,C,C,C,C
PUBL 500,,,,,,,,,,,,,,,,,,,,,,,,,,,,F,F,F,F,F,F,F,F,F,F,F,F,C,C,C,C,C,C,C,C,C,C,C,C,C,C,C,C,C,,,,,,,,
PUBL 501,,,,,,,,,,,,,,,,,,,,,,,,,,,,F,F,F,F,F,F,F,F,F,F,F,F,C,C,C,C,C,C,C,C,C,C,C,C,C,C,C,C,C,,,,,,,,
PUBL 503,,,,,,,,,,,,,,,,,,,,,,,,,,,,F,F,F,F,F,F,F,F,F,F,F,F,C,C,C,C,C,C,C,C,C,C,C,C,C,C,C,C,C,,,,,,,,
PUBL 504,,,,,,,,,,,,,,,,,,,,,,,,,,,,F,F,F,F,F,F,F,F,F,F,F,F,C,C,C,C,C,C,C,C,C,C,C,C,C,C,C,C,C,,,,,,,,
PUBL 550,,,,,,,,,,,,,,,,,,,,,,,,,,,,F,F,F,F,F,F,F,F,F,F,F,F,C,C,C,C,C,C,C,C,C,C,C,C,C,C,C,C,C,,,,,,,,
SEC 530,,,,,,,,,,,,,,,,,,,,,,,,,,,,F,F,F,F,F,F,F,F,F,F,F,F,C,C,C,C,C,C,C,C,C,C,C,C,C,C,C,C,C,C,C,C,C,C,C,C,C
SEC 531,,,,,,,,,,,,,,,,,,,,,,,,,,,,F,F,F,F,F,F,F,F,F,F,F,F,C,C,C,C,C,C,C,C,C,C,C,C,C,,,,,,,,,,,,
SEC 532,,,,,,,,,,,,,,,,,,,,,,,,,,,,F,F,F,F,F,F,F,F,F,F,F,F,C,C,C,C,C,C,C,C,C,C,C,C,C,C,C,C,C,C,C,C,C,C,C,C,C
SEC 533,,,,,,,,,,,,,,,,,,,,,,,,,,,,F,F,F,F,F,F,F,F,F,F,F,F,C,C,C,C,C,C,C,C,C,C,C,C,C,,,,,,,,,,,,
SEC 534,,,,,,,,,,,,,,,,,,,,,,,,,,,,F,F,F,F,F,F,F,F,F,F,F,F,C,C,C,C,C,C,C,C,C,C,C,C,C,C,C,C,C,C,C,C,C,C,C,C,C
SEC 535,,,,,,,,,,,,,,,,,,,,,,,,,,,,F,F,F,F,F,F,F,F,F,F,F,F,C,C,C,C,C,C,C,C,C,C,C,C,C,,,,,,,,,,,,
SEC 537,,,,,,,,,,,,,,,,,,,,,,,,,,,,F,F,F,F,F,F,F,F,F,F,F,F,C,C,C,C,C,C,C,C,C,C,C,C,C,C,C,C,C,C,C,C,C,C,C,C,C
SEC 540,,,,,,,,,,,,,,,,,,,,,,,,,,,,F,F,F,F,F,F,F,F,F,F,F,F,C,C,C,C,C,C,C,C,C,C,C,C,C,C,C,C,C,C,C,C,C,C,C,C,C
SEC 58006,,,,,,,,,,,,,,,,,,,,,,,,,,,,F,F,F,F,F,F,F,F,F,F,F,F,C,C,C,C,C,C,C,C,C,C,C,C,C,C,C,C,C,C,C,C,C,C,C,C,C
SEC 592,,,,,,,,,,,,,,,,,,,,,,,,,,,,F,F,F,F,F,F,F,F,F,F,F,F,C,C,C,C,C,C,C,C,C,C,C,C,C,C,C,C,C,C,C,C,C,C,C,C,C
SOC 501,,,,,,,,,,,,,,,,,,,,,,,,,,,,F,F,F,F,F,F,F,F,F,F,F,F,C,C,C,C,C,C,C,C,C,C,C,C,C,C,C,C,C,C,C,C,C,C,C,C,C
SOC 502,,,,,,,,,,,,,,,,,,,,,,,,,,,,F,F,F,F,F,F,F,F,F,,,,,,,,,,,,,,,,,,,,,,,,,,,,
SOC 508,,,,,,,,,,,,,,,,,,,,,,,,,,,,F,F,F,F,F,F,F,F,F,F,F,F,C,C,C,C,C,C,C,C,C,C,C,C,C,C,C,C,C,C,C,C,C,C,C,C,C
SOC 513,,,,,,,,,,,,,,,,,,,,,,,,,,,,F,F,F,F,F,F,F,F,F,F,F,F,C,C,C,C,C,C,C,,,,,,,,,,,,,,,,,,
SOC 520,,,,,,,,,,,,,,,,,,,,,,,,,,,,F,F,F,F,F,F,F,F,F,F,F,F,C,C,C,C,C,C,C,C,C,C,C,C,C,C,C,C,C,C,C,C,C,C,C,C,C
SOC 521,,,,,,,,,,,,,,,,,,,,,,,,,,,,F,F,F,F,F,F,F,F,F,F,F,F,,,,,,,,,,,,,,,,,,,,,,,,,
SOC 525,,,,,,,,,,,,,,,,,,,,,,,,,,,,F,F,F,F,F,F,F,F,F,F,F,F,C,C,C,C,C,C,C,C,C,C,C,C,C,C,C,C,C,C,C,C,C,C,C,C,C
SOC 526,,,,,,,,,,,,,,,,,,,,,,,,,,,,F,F,F,F,F,F,F,F,F,F,F,F,C,C,C,C,C,C,C,C,C,C,C,C,C,C,C,C,C,C,,,,,,,
SOC 532,,,,,,,,,,,,,,,,,,,,,,,,,,,,F,F,F,F,F,F,F,F,F,F,F,F,C,C,C,C,C,C,C,C,C,C,C,C,C,C,C,C,C,C,C,C,C,C,C,C,C
SPS 500,,,,,,,,,,,,,,,,,,,,,,,,,,,,F,F,F,F,F,F,F,F,F,F,F,F,C,C,C,C,C,C,C,C,C,C,C,C,C,C,C,C,C,C,C,C,C,C,C,C,C
SPS 501,,,,,,,,,,,,,,,,,,,,,,,,,,,,F,F,F,F,F,F,F,F,F,F,F,F,C,C,C,C,C,C,C,C,C,C,C,C,C,C,C,C,C,C,C,C,C,C,C,C,C
SPS 502,,,,,,,,,,,,,,,,,,,,,,,,,,,,F,F,F,F,F,F,F,F,F,F,F,F,C,C,C,C,C,C,C,C,C,C,C,C,C,C,C,C,C,C,C,C,C,C,C,C,C
TS 509,,,,,,,,,,,,,,,,,,,,,,,,,,,,F,F,F,F,F,F,F,F,F,F,F,F,C,C,C,C,C,C,C,C,C,C,C,C,C,C,C,C,C,C,C,C,C,C,C,C,C
TS 515,,,,,,,,,,,,,,,,,,,,,,,,,,,,F,F,F,F,F,F,F,F,F,F,F,F,C,C,C,C,C,C,C,C,C,C,C,C,C,C,C,C,C,C,C,C,C,C,C,C,C
TS 520,,,,,,,,,,,,,,,,,,,,,,,,,,,,F,F,F,F,F,F,F,F,F,F,F,F,C,C,C,C,C,C,C,C,C,C,C,C,C,C,C,C,C,C,C,C,C,C,C,C,C
TS 521,,,,,,,,,,,,,,,,,,,,,,,,,,,,F,F,F,F,F,F,F,F,F,F,F,F,C,C,C,C,C,C,C,C,C,C,C,C,C,C,C,C,C,C,C,C,C,C,C,C,C
TS 550,,,,,,,,,,,,,,,,,,,,,,,,,,,,F,F,F,F,F,F,F,F,F,F,F,F,C,C,C,C,C,C,C,C,C,C,C,C,C,C,C,C,C,C,C,C,C,C,C,C,C
TS 551,,,,,,,,,,,,,,,,,,,,,,,,,,,,F,F,F,F,F,F,F,F,F,F,F,F,C,C,C,C,C,C,C,C,C,C,C,C,C,C,C,C,C,C,C,C,C,C,C,C,C
TS 552,,,,,,,,,,,,,,,,,,,,,,,,,,,,F,F,F,F,F,F,F,F,F,F,F,F,C,C,C,C,C,C,C,C,C,C,C,C,C,C,C,C,C,C,C,C,C,C,C,C,C
TS 555,,,,,,,,,,,,,,,,,,,,,,,,,,,,F,F,F,F,F,F,F,F,F,F,F,F,C,C,C,C,C,C,C,C,C,C,C,C,C,C,C,C,C,C,C,C,C,C,C,C,C
TS 590,,,,,,,,,,,,,,,,,,,,,,,,,,,,F,F,F,F,F,F,F,F,F,F,F,F,C,C,C,C,C,C,C,C,C,C,C,C,C,C,C,C,C,C,C,C,C,C,C,C,C
VA 500,,,,,,,,,,,,,,,,,,,,,,,,,,,,F,F,F,F,F,F,F,F,F,F,F,F,,,,,,,,,,,,,,,,,,,,,,,,,
VA 501,,,,,,,,,,,,,,,,,,,,,,,,,,,,F,F,F,F,F,F,F,F,F,F,F,F,C,C,C,C,C,C,C,C,C,C,C,C,C,C,C,C,C,C,C,C,C,C,C,C,C
VA 502,,,,,,,,,,,,,,,,,,,,,,,,,,,,F,F,F,F,F,F,F,F,F,F,F,F,C,C,C,C,C,C,C,C,C,C,C,C,C,C,C,C,C,C,C,C,C,C,C,C,C
VA 503,,,,,,,,,,,,,,,,,,,,,,,,,,,,F,F,F,F,F,F,F,F,F,F,F,F,C,C,C,C,C,C,C,C,C,C,C,C,C,C,C,C,C,C,C,C,C,C,C,C,C
VA 504,,,,,,,,,,,,,,,,,,,,,,,,,,,,F,F,F,F,F,F,F,F,F,F,F,F,C,C,C,C,C,C,C,C,C,C,C,C,C,C,C,C,C,C,C,C,C,C,C,C,C
VA 505,,,,,,,,,,,,,,,,,,,,,,,,,,,,F,F,F,F,F,F,F,F,F,F,F,F,C,C,C,C,C,C,C,C,C,C,C,C,C,C,C,C,C,C,C,C,C,C,C,C,C
VA 515,,,,,,,,,,,,,,,,,,,,,,,,,,,,F,F,F,F,F,F,F,F,F,F,F,F,C,C,C,C,C,C,C,C,C,C,C,C,C,C,C,C,C,C,C,C,C,C,C,C,C
VA 520,,,,,,,,,,,,,,,,,,,,,,,,,,,,F,F,F,F,F,F,F,F,F,F,F,F,C,C,C,C,C,C,C,C,C,C,C,C,C,C,C,C,C,C,C,C,C,C,C,C,C
VA 521,,,,,,,,,,,,,,,,,,,,,,,,,,,,F,F,F,F,F,F,F,F,F,F,F,F,,,,,,,,,,,,,,,,,,,,,,,,,
VA 524,,,,,,,,,,,,,,,,,,,,,,,,,,,,F,F,F,F,F,F,F,F,F,F,F,F,,,,,,,,,,,,,,,,,,,,,,,,,
VA 529,,,,,,,,,,,,,,,,,,,,,,,,,,,,F,F,F,F,F,F,F,F,F,F,F,F,C,C,C,C,C,C,C,C,C,C,C,C,C,C,C,C,C,C,C,C,C,C,C,C,C
VA 530,,,,,,,,,,,,,,,,,,,,,,,,,,,,F,F,F,F,F,F,F,F,F,F,F,F,C,C,C,C,C,C,C,C,C,C,C,C,C,C,C,C,C,C,C,C,C,C,C,C,C
VA 533,,,,,,,,,,,,,,,,,,,,,,,,,,,,F,F,F,F,F,F,F,F,F,F,F,F,C,C,C,C,C,C,C,C,C,C,C,C,C,C,C,C,C,C,C,C,C,C,C,C,C
VA 534,,,,,,,,,,,,,,,,,,,,,,,,,,,,F,F,F,F,F,F,F,F,F,F,F,F,C,C,C,C,C,C,C,C,C,C,C,C,C,C,C,C,C,C,C,C,C,C,C,C,C
VA 537,,,,,,,,,,,,,,,,,,,,,,,,,,,,F,F,F,F,F,F,F,F,F,F,F,F,C,C,C,C,C,C,C,C,C,C,C,C,C,C,C,C,C,C,C,C,C,C,C,C,C
VA 538,,,,,,,,,,,,,,,,,,,,,,,,,,,,F,F,F,F,F,F,F,F,F,F,F,F,C,C,C,C,C,C,C,C,C,C,C,C,C,C,C,C,C,C,C,C,C,C,C,C,C
VA 539,,,,,,,,,,,,,,,,,,,,,,,,,,,,F,F,F,F,F,F,F,F,F,F,F,F,C,C,C,C,C,C,C,C,C,C,C,C,C,C,C,C,C,C,C,C,C,C,C,C,C
VA 542,,,,,,,,,,,,,,,,,,,,,,,,,,,,F,F,F,F,F,F,F,F,F,F,F,F,C,,,,,,,,,,,,,,,,,,,,,,,,
VA 544,,,,,,,,,,,,,,,,,,,,,,,,,,,,F,F,F,F,F,F,F,F,F,F,F,F,,,,,,,,,,,,,,,,,,,,,,,,,
VA 545,,,,,,,,,,,,,,,,,,,,,,,,,,,,F,F,F,F,F,F,F,F,F,F,F,F,C,C,C,C,C,C,C,C,C,C,C,C,C,C,C,C,C,C,C,C,C,C,C,C,C
VA 546,,,,,,,,,,,,,,,,,,,,,,,,,,,,F,F,F,F,F,F,F,F,F,F,F,F,C,C,C,C,C,C,C,C,C,C,C,C,,,,,,,,,,,,,
VA 547,,,,,,,,,,,,,,,,,,,,,,,,,,,,F,F,F,F,F,F,F,F,F,F,F,F,C,C,C,C,C,C,C,C,C,C,C,C,C,C,C,C,C,C,C,C,C,C,C,C,C
VA 548,,,,,,,,,,,,,,,,,,,,,,,,,,,,F,F,F,F,F,F,F,F,F,F,F,F,C,C,C,C,C,C,C,C,C,C,C,C,C,C,C,C,C,C,C,C,C,C,C,C,C
VA 549,,,,,,,,,,,,,,,,,,,,,,,,,,,,F,F,F,F,F,F,F,F,F,F,F,F,,,,,,,,,,,,,,,,,,,,,,,,,
VA 550,,,,,,,,,,,,,,,,,,,,,,,,,,,,F,F,F,F,F,F,F,F,F,F,F,F,C,C,C,C,C,C,C,C,C,,,,,,,,,,,,,,,,
VA 553,,,,,,,,,,,,,,,,,,,,,,,,,,,,F,F,F,F,F,F,F,F,F,F,F,F,C,C,C,C,C,C,C,C,C,C,C,C,C,C,C,C,C,C,C,C,C,C,C,C,C
VA 554,,,,,,,,,,,,,,,,,,,,,,,,,,,,F,F,F,F,F,F,F,F,F,F,F,F,C,C,C,C,C,C,C,C,C,C,C,C,C,C,C,C,C,C,C,C,C,C,C,C,C
VA 555,,,,,,,,,,,,,,,,,,,,,,,,,,,,F,F,F,F,F,F,F,F,F,F,F,F,C,C,C,C,C,C,C,C,C,C,C,C,C,C,C,C,C,C,C,C,C,C,C,C,C
VA 565,,,,,,,,,,,,,,,,,,,,,,,,,,,,F,F,F,F,F,F,F,F,F,F,F,F,C,C,C,C,C,C,C,C,C,C,C,C,C,C,C,C,C,C,C,C,C,C,C,C,C
VA 571,,,,,,,,,,,,,,,,,,,,,,,,,,,,F,F,F,F,F,F,F,F,F,F,F,F,C,,,,,,,,,,,,,,,,,,,,,,,,
VA 580,,,,,,,,,,,,,,,,,,,,,,,,,,,,F,F,F,F,F,F,F,F,F,F,F,F,C,C,C,C,C,C,C,C,C,C,C,C,C,C,C,C,C,C,C,C,C,C,C,C,C
VA 581,,,,,,,,,,,,,,,,,,,,,,,,,,,,F,F,F,F,F,F,F,F,F,F,F,F,C,C,C,C,C,C,C,C,C,C,C,C,C,C,C,C,C,,,,,,,,
VA 582,,,,,,,,,,,,,,,,,,,,,,,,,,,,F,F,F,F,F,F,F,F,F,F,F,F,C,C,C,C,C,C,C,C,C,C,C,C,C,C,C,C,C,,,,,,,,
VIS 508,,,,,,,,,,,,,,,,,,,,,,,,,,,,F,F,F,F,F,F,F,F,F,F,F,F,C,C,C,C,C,C,C,C,C,C,C,C,C,C,C,C,C,,,,,,,,
VIS 510,,,,,,,,,,,,,,,,,,,,,,,,,,,,F,F,F,F,F,F,F,F,F,F,F,F,C,C,C,C,C,C,C,C,C,C,C,C,C,C,C,C,C,,,,,,,,
VIS 512,,,,,,,,,,,,,,,,,,,,,,,,,,,,F,F,F,F,F,F,F,F,F,F,F,F,C,C,C,C,C,C,C,C,C,C,C,C,C,C,C,C,C,,,,,,,,
XM 590,,,,,,,,,,,,,,,,,,,,,,,,,,,,F,F,F,F,F,F,F,F,F,F,F,F,C,C,C,C,C,C,C,C,C,C,C,C,C,C,C,C,C,C,C,C,C,C,C,C,C
XM 591,,,,,,,,,,,,,,,,,,,,,,,,,,,,F,F,F,F,F,F,F,F,F,F,F,F,C,C,C,C,C,C,C,C,C,C,C,C,C,C,C,C,C,C,C,C,C,C,C,C,C
FIN 610,,,,,,,,,,,,,,,,,,,,,,,,,,,,,,,,,,,,,,,,R,R,R,R,R,R,R,R,R,R,R,R,R,R,R,R,R,R,R,R,R,R,R,R,R
BAN 500,,,,,,,,,,,,,,,,,,,,,,,,,,,,,,,,,,,,,,,,C,C,C,C,C,C,C,C,C,C,C,C,C,C,C,C,C,C,C,C,C,C,C,C,C
BAN 502,,,,,,,,,,,,,,,,,,,,,,,,,,,,,,,,,,,,,,,,C,C,C,C,C,C,C,C,C,C,C,C,C,C,C,C,C,C,C,C,C,C,C,C,C
BAN 503,,,,,,,,,,,,,,,,,,,,,,,,,,,,,,,,,,,,,,,,C,C,C,C,C,C,C,C,C,C,C,C,C,C,C,C,C,C,C,C,C,C,C,C,C
BAN 504,,,,,,,,,,,,,,,,,,,,,,,,,,,,,,,,,,,,,,,,C,C,C,C,C,C,C,C,C,C,C,C,C,C,C,C,C,C,C,C,C,C,C,C,C
BAN 505,,,,,,,,,,,,,,,,,,,,,,,,,,,,,,,,,,,,,,,,C,C,C,C,C,C,C,C,C,C,C,C,C,C,C,C,C,C,C,C,C,C,C,C,C
BAN 520,,,,,,,,,,,,,,,,,,,,,,,,,,,,,,,,,,,,,,,,C,C,C,C,C,C,C,C,C,C,C,C,C,C,C,C,C,C,C,C,C,C,C,C,C
BAN 521,,,,,,,,,,,,,,,,,,,,,,,,,,,,,,,,,,,,,,,,C,C,C,C,C,C,C,C,C,C,C,C,C,C,C,C,C,C,C,C,C,C,C,C,C
BAN 522,,,,,,,,,,,,,,,,,,,,,,,,,,,,,,,,,,,,,,,,C,C,C,C,C,C,C,C,C,C,C,C,C,C,C,C,C,C,C,C,C,C,C,C,C
BAN 523,,,,,,,,,,,,,,,,,,,,,,,,,,,,,,,,,,,,,,,,C,C,C,C,C,C,C,C,C,C,C,C,C,C,C,C,C,C,C,C,C,C,C,C,C
BAN 524,,,,,,,,,,,,,,,,,,,,,,,,,,,,,,,,,,,,,,,,C,C,C,C,C,C,C,C,C,C,C,C,C,C,C,C,C,C,C,C,C,C,C,C,C
BAN 525,,,,,,,,,,,,,,,,,,,,,,,,,,,,,,,,,,,,,,,,C,C,C,C,C,C,C,C,C,C,C,C,C,C,C,C,C,C,C,C,C,C,C,C,C
BAN 526,,,,,,,,,,,,,,,,,,,,,,,,,,,,,,,,,,,,,,,,C,C,C,C,C,C,C,C,C,C,C,C,C,C,C,C,C,C,C,C,C,C,C,C,C
BAN 528,,,,,,,,,,,,,,,,,,,,,,,,,,,,,,,,,,,,,,,,C,C,C,C,C,C,C,C,C,C,C,C,C,C,C,C,C,C,C,C,C,C,C,C,C
BAN 529,,,,,,,,,,,,,,,,,,,,,,,,,,,,,,,,,,,,,,,,C,C,C,C,C,C,C,C,C,C,C,C,C,C,C,C,C,C,C,C,C,C,C,C,C
BAN 531,,,,,,,,,,,,,,,,,,,,,,,,,,,,,,,,,,,,,,,,C,C,C,C,C,C,C,C,C,C,C,C,C,C,C,C,C,C,C,C,C,C,C,C,C
BAN 532,,,,,,,,,,,,,,,,,,,,,,,,,,,,,,,,,,,,,,,,C,C,C,C,C,C,C,C,C,C,C,C,C,C,C,C,C,C,C,C,C,C,C,C,C
BAN 533,,,,,,,,,,,,,,,,,,,,,,,,,,,,,,,,,,,,,,,,C,C,C,C,C,C,C,C,C,C,C,C,C,C,C,C,C,C,C,C,C,C,C,C,C
BAN 535,,,,,,,,,,,,,,,,,,,,,,,,,,,,,,,,,,,,,,,,C,C,C,C,C,C,C,C,C,C,C,C,C,C,C,C,C,C,C,C,C,C,C,C,C
BAN 537,,,,,,,,,,,,,,,,,,,,,,,,,,,,,,,,,,,,,,,,C,C,C,C,C,C,C,C,C,C,C,C,C,C,C,C,C,C,C,C,C,C,C,C,C
BAN 539,,,,,,,,,,,,,,,,,,,,,,,,,,,,,,,,,,,,,,,,C,C,C,C,C,C,C,C,C,C,C,C,C,C,C,C,C,C,C,C,C,C,C,C,C
BAN 600,,,,,,,,,,,,,,,,,,,,,,,,,,,,,,,,,,,,,,,,C,C,C,C,C,C,C,C,C,C,C,C,C,C,C,C,C,C,C,C,C,C,C,C,C
BAN 601,,,,,,,,,,,,,,,,,,,,,,,,,,,,,,,,,,,,,,,,C,C,C,C,C,C,C,C,C,C,C,C,C,C,C,C,C,C,C,C,C,C,C,C,C
FIN 556,,,,,,,,,,,,,,,,,,,,,,,,,,,,,,,,,,,,,,,,C,C,C,C,C,C,C,C,C,C,C,C,C,C,C,C,C,C,C,C,C,C,C,C,C
FIN 958,,,,,,,,,,,,,,,,,,,,,,,,,,,,,,,,,,,,,,,,C,C,C,C,C,C,C,C,C,C,C,C,C,C,C,C,C,C,C,C,C,C,C,C,C
GR 500M,,,,,,,,,,,,,,,,,,,,,,,,,,,,,,,,,,,,,,,,C,C,C,C,C,C,C,C,C,C,C,C,C,C,C,C,C,C,C,C,C,C,C,C,C
MGMT 517,,,,,,,,,,,,,,,,,,,,,,,,,,,,,,,,,,,,,,,,C,C,C,C,C,C,C,C,C,C,C,C,C,C,C,C,C,C,C,C,C,C,C,C,C
OPIM 557,,,,,,,,,,,,,,,,,,,,,,,,,,,,,,,,,,,,,,,,C,C,C,C,C,C,C,C,C,C,C,C,C,C,C,C,C,C,C,C,C,C,C,C,C